attendance_id,employee_id,attendance_month,month_start_date,working_days,days_present,days_absent,annual_leave_days,sick_leave_days,unpaid_leave_days,other_leave_days,total_leave_days,late_arrivals,early_departures,overtime_hours,attendance_rate_pct
ATT-000001,EMP-0001,2025-01,1/1/2025,22,22,0,0,0,0,0,0,0,0,0,100
ATT-000002,EMP-0003,2025-01,1/1/2025,22,22,0,0,0,0,0,0,3,0,2.5,100
ATT-000003,EMP-0005,2025-01,1/1/2025,22,22,0,0,0,0,0,0,3,0,0,100
ATT-000004,EMP-0006,2025-01,1/1/2025,22,22,0,0,0,0,0,0,0,0,0,100
ATT-000005,EMP-0008,2025-01,1/1/2025,22,22,0,0,0,0,0,0,0,0,20.5,100
ATT-000006,EMP-0009,2025-01,1/1/2025,22,22,0,0,0,0,0,0,1,0,25.5,100
ATT-000007,EMP-0010,2025-01,1/1/2025,22,22,0,0,0,0,0,0,0,0,0,100
ATT-000008,EMP-0014,2025-01,1/1/2025,22,22,0,0,0,0,0,0,0,0,0,100
ATT-000009,EMP-0015,2025-01,1/1/2025,22,22,0,0,0,0,0,0,6,0,23,100
ATT-000010,EMP-0016,2025-01,1/1/2025,22,14,0,8,0,0,0,8,0,2,0,63.64
ATT-000011,EMP-0017,2025-01,1/1/2025,22,20,2,0,0,0,0,0,0,1,18.5,90.91
ATT-000012,EMP-0018,2025-01,1/1/2025,22,22,0,0,0,0,0,0,2,0,0,100
ATT-000013,EMP-0019,2025-01,1/1/2025,22,21,0,0,0,0,1,1,0,0,0,95.45
ATT-000014,EMP-0020,2025-01,1/1/2025,22,22,0,0,0,0,0,0,0,0,11.5,100
ATT-000015,EMP-0021,2025-01,1/1/2025,22,19,0,0,3,0,0,3,0,0,23.5,86.36
ATT-000016,EMP-0022,2025-01,1/1/2025,22,22,0,0,0,0,0,0,3,0,4.5,100
ATT-000017,EMP-0023,2025-01,1/1/2025,22,22,0,0,0,0,0,0,6,0,0,100
ATT-000018,EMP-0024,2025-01,1/1/2025,22,22,0,0,0,0,0,0,5,0,0,100
ATT-000019,EMP-0025,2025-01,1/1/2025,22,22,0,0,0,0,0,0,5,2,0,100
ATT-000020,EMP-0026,2025-01,1/1/2025,22,22,0,0,0,0,0,0,1,0,9.5,100
ATT-000021,EMP-0027,2025-01,1/1/2025,22,21,0,1,0,0,0,1,0,0,22.5,95.45
ATT-000022,EMP-0028,2025-01,1/1/2025,22,22,0,0,0,0,0,0,3,0,25.5,100
ATT-000023,EMP-0029,2025-01,1/1/2025,22,22,0,0,0,0,0,0,1,0,17.5,100
ATT-000024,EMP-0030,2025-01,1/1/2025,22,22,0,0,0,0,0,0,0,0,14,100
ATT-000025,EMP-0031,2025-01,1/1/2025,22,19,0,3,0,0,0,3,0,0,10.5,86.36
ATT-000026,EMP-0032,2025-01,1/1/2025,22,13,0,9,0,0,0,9,5,0,2.5,59.09
ATT-000027,EMP-0034,2025-01,1/1/2025,22,22,0,0,0,0,0,0,2,0,12,100
ATT-000028,EMP-0035,2025-01,1/1/2025,22,21,1,0,0,0,0,0,6,0,0,95.45
ATT-000029,EMP-0036,2025-01,1/1/2025,22,22,0,0,0,0,0,0,0,0,0,100
ATT-000030,EMP-0037,2025-01,1/1/2025,22,22,0,0,0,0,0,0,1,2,18,100
ATT-000031,EMP-0038,2025-01,1/1/2025,22,22,0,0,0,0,0,0,0,2,0,100
ATT-000032,EMP-0039,2025-01,1/1/2025,22,22,0,0,0,0,0,0,3,1,21.5,100
ATT-000033,EMP-0040,2025-01,1/1/2025,22,19,0,0,3,0,0,3,0,0,0,86.36
ATT-000034,EMP-0041,2025-01,1/1/2025,22,22,0,0,0,0,0,0,0,0,5.5,100
ATT-000035,EMP-0042,2025-01,1/1/2025,22,22,0,0,0,0,0,0,0,0,6,100
ATT-000036,EMP-0043,2025-01,1/1/2025,22,22,0,0,0,0,0,0,6,0,0,100
ATT-000037,EMP-0044,2025-01,1/1/2025,22,22,0,0,0,0,0,0,0,0,18.5,100
ATT-000038,EMP-0045,2025-01,1/1/2025,22,22,0,0,0,0,0,0,0,0,15.5,100
ATT-000039,EMP-0046,2025-01,1/1/2025,22,20,0,0,0,2,0,2,0,1,8,90.91
ATT-000040,EMP-0047,2025-01,1/1/2025,22,22,0,0,0,0,0,0,0,0,21,100
ATT-000041,EMP-0048,2025-01,1/1/2025,22,22,0,0,0,0,0,0,5,3,0,100
ATT-000042,EMP-0049,2025-01,1/1/2025,22,22,0,0,0,0,0,0,3,0,0,100
ATT-000043,EMP-0050,2025-01,1/1/2025,22,18,0,0,0,4,0,4,0,0,14.5,81.82
ATT-000044,EMP-0051,2025-01,1/1/2025,22,18,0,4,0,0,0,4,0,0,23.5,81.82
ATT-000045,EMP-0052,2025-01,1/1/2025,22,22,0,0,0,0,0,0,0,0,5,100
ATT-000046,EMP-0053,2025-01,1/1/2025,22,22,0,0,0,0,0,0,2,0,12,100
ATT-000047,EMP-0055,2025-01,1/1/2025,22,18,0,4,0,0,0,4,0,0,16.5,81.82
ATT-000048,EMP-0056,2025-01,1/1/2025,22,18,0,4,0,0,0,4,0,0,3,81.82
ATT-000049,EMP-0057,2025-01,1/1/2025,22,18,0,4,0,0,0,4,5,0,23.5,81.82
ATT-000050,EMP-0058,2025-01,1/1/2025,22,22,0,0,0,0,0,0,4,0,0,100
ATT-000051,EMP-0059,2025-01,1/1/2025,22,17,2,0,0,0,3,3,1,2,14,77.27
ATT-000052,EMP-0060,2025-01,1/1/2025,22,21,1,0,0,0,0,0,5,0,0,95.45
ATT-000053,EMP-0061,2025-01,1/1/2025,22,17,0,5,0,0,0,5,5,4,0,77.27
ATT-000054,EMP-0062,2025-01,1/1/2025,22,12,0,10,0,0,0,10,2,0,25.5,54.55
ATT-000055,EMP-0064,2025-01,1/1/2025,22,22,0,0,0,0,0,0,0,0,22.5,100
ATT-000056,EMP-0065,2025-01,1/1/2025,22,22,0,0,0,0,0,0,5,0,0,100
ATT-000057,EMP-0066,2025-01,1/1/2025,22,15,0,7,0,0,0,7,0,0,0,68.18
ATT-000058,EMP-0067,2025-01,1/1/2025,22,22,0,0,0,0,0,0,0,0,8,100
ATT-000059,EMP-0068,2025-01,1/1/2025,22,21,0,1,0,0,0,1,0,0,13.5,95.45
ATT-000060,EMP-0069,2025-01,1/1/2025,22,15,0,4,0,0,3,7,0,0,0,68.18
ATT-000061,EMP-0070,2025-01,1/1/2025,22,22,0,0,0,0,0,0,0,0,11,100
ATT-000062,EMP-0071,2025-01,1/1/2025,22,22,0,0,0,0,0,0,3,0,15,100
ATT-000063,EMP-0072,2025-01,1/1/2025,22,20,0,0,0,0,2,2,3,0,0,90.91
ATT-000064,EMP-0073,2025-01,1/1/2025,22,19,0,0,0,0,3,3,6,4,0,86.36
ATT-000065,EMP-0074,2025-01,1/1/2025,22,22,0,0,0,0,0,0,3,2,0,100
ATT-000066,EMP-0079,2025-01,1/1/2025,22,22,0,0,0,0,0,0,6,0,9.5,100
ATT-000067,EMP-0080,2025-01,1/1/2025,22,22,0,0,0,0,0,0,0,0,0,100
ATT-000068,EMP-0082,2025-01,1/1/2025,22,18,0,0,2,0,2,4,0,0,0,81.82
ATT-000069,EMP-0083,2025-01,1/1/2025,22,22,0,0,0,0,0,0,0,0,2,100
ATT-000070,EMP-0084,2025-01,1/1/2025,22,22,0,0,0,0,0,0,0,0,0,100
ATT-000071,EMP-0085,2025-01,1/1/2025,22,22,0,0,0,0,0,0,0,2,13,100
ATT-000072,EMP-0086,2025-01,1/1/2025,22,22,0,0,0,0,0,0,0,0,0,100
ATT-000073,EMP-0087,2025-01,1/1/2025,22,22,0,0,0,0,0,0,0,0,0,100
ATT-000074,EMP-0088,2025-01,1/1/2025,22,22,0,0,0,0,0,0,5,0,0,100
ATT-000075,EMP-0089,2025-01,1/1/2025,22,18,0,0,0,4,0,4,2,1,0,81.82
ATT-000076,EMP-0092,2025-01,1/1/2025,22,21,0,0,0,0,1,1,2,0,14.5,95.45
ATT-000077,EMP-0093,2025-01,1/1/2025,22,22,0,0,0,0,0,0,0,0,4,100
ATT-000078,EMP-0095,2025-01,1/1/2025,22,22,0,0,0,0,0,0,0,0,8,100
ATT-000079,EMP-0097,2025-01,1/1/2025,22,22,0,0,0,0,0,0,0,0,9.5,100
ATT-000080,EMP-0098,2025-01,1/1/2025,22,21,1,0,0,0,0,0,1,0,13,95.45
ATT-000081,EMP-0099,2025-01,1/1/2025,22,22,0,0,0,0,0,0,0,3,0,100
ATT-000082,EMP-0100,2025-01,1/1/2025,22,20,0,0,2,0,0,2,0,0,0,90.91
ATT-000083,EMP-0101,2025-01,1/1/2025,22,22,0,0,0,0,0,0,0,0,20.5,100
ATT-000084,EMP-0102,2025-01,1/1/2025,22,22,0,0,0,0,0,0,4,0,12.5,100
ATT-000085,EMP-0103,2025-01,1/1/2025,22,22,0,0,0,0,0,0,0,1,15,100
ATT-000086,EMP-0104,2025-01,1/1/2025,22,22,0,0,0,0,0,0,5,0,22,100
ATT-000087,EMP-0105,2025-01,1/1/2025,22,22,0,0,0,0,0,0,5,0,0,100
ATT-000088,EMP-0106,2025-01,1/1/2025,22,21,1,0,0,0,0,0,0,0,0,95.45
ATT-000089,EMP-0107,2025-01,1/1/2025,22,19,0,2,0,0,1,3,3,0,0,86.36
ATT-000090,EMP-0108,2025-01,1/1/2025,22,22,0,0,0,0,0,0,0,0,24.5,100
ATT-000091,EMP-0112,2025-01,1/1/2025,22,22,0,0,0,0,0,0,4,2,20,100
ATT-000092,EMP-0113,2025-01,1/1/2025,22,20,0,0,0,2,0,2,0,0,17,90.91
ATT-000093,EMP-0114,2025-01,1/1/2025,22,22,0,0,0,0,0,0,0,0,3,100
ATT-000094,EMP-0116,2025-01,1/1/2025,22,20,2,0,0,0,0,0,1,0,0,90.91
ATT-000095,EMP-0117,2025-01,1/1/2025,22,20,0,0,0,2,0,2,0,0,0,90.91
ATT-000096,EMP-0118,2025-01,1/1/2025,22,19,0,0,3,0,0,3,1,2,23,86.36
ATT-000097,EMP-0119,2025-01,1/1/2025,22,21,0,0,1,0,0,1,0,0,2.5,95.45
ATT-000098,EMP-0120,2025-01,1/1/2025,22,16,1,4,1,0,0,5,3,0,0,72.73
ATT-000099,EMP-0121,2025-01,1/1/2025,22,12,0,9,0,0,1,10,0,4,20.5,54.55
ATT-000100,EMP-0122,2025-01,1/1/2025,22,22,0,0,0,0,0,0,3,2,0,100
ATT-000101,EMP-0123,2025-01,1/1/2025,22,22,0,0,0,0,0,0,0,0,0,100
ATT-000102,EMP-0124,2025-01,1/1/2025,22,19,0,3,0,0,0,3,6,0,0,86.36
ATT-000103,EMP-0126,2025-01,1/1/2025,22,15,0,7,0,0,0,7,2,0,6.5,68.18
ATT-000104,EMP-0127,2025-01,1/1/2025,22,22,0,0,0,0,0,0,0,1,3,100
ATT-000105,EMP-0129,2025-01,1/1/2025,22,22,0,0,0,0,0,0,0,0,17.5,100
ATT-000106,EMP-0130,2025-01,1/1/2025,22,22,0,0,0,0,0,0,6,0,5.5,100
ATT-000107,EMP-0131,2025-01,1/1/2025,22,20,0,0,2,0,0,2,0,0,0,90.91
ATT-000108,EMP-0132,2025-01,1/1/2025,22,22,0,0,0,0,0,0,0,0,3.5,100
ATT-000109,EMP-0133,2025-01,1/1/2025,22,20,0,0,2,0,0,2,0,0,15,90.91
ATT-000110,EMP-0134,2025-01,1/1/2025,22,19,0,3,0,0,0,3,0,0,17.5,86.36
ATT-000111,EMP-0135,2025-01,1/1/2025,22,19,1,2,0,0,0,2,6,0,11,86.36
ATT-000112,EMP-0136,2025-01,1/1/2025,22,21,1,0,0,0,0,0,0,0,0,95.45
ATT-000113,EMP-0137,2025-01,1/1/2025,22,22,0,0,0,0,0,0,6,0,0,100
ATT-000114,EMP-0138,2025-01,1/1/2025,22,22,0,0,0,0,0,0,3,0,24.5,100
ATT-000115,EMP-0139,2025-01,1/1/2025,22,20,0,0,0,0,2,2,0,3,0,90.91
ATT-000116,EMP-0140,2025-01,1/1/2025,22,22,0,0,0,0,0,0,0,0,0,100
ATT-000117,EMP-0141,2025-01,1/1/2025,22,22,0,0,0,0,0,0,0,0,0,100
ATT-000118,EMP-0142,2025-01,1/1/2025,22,20,2,0,0,0,0,0,0,0,0,90.91
ATT-000119,EMP-0146,2025-01,1/1/2025,22,21,0,0,0,0,1,1,6,0,9,95.45
ATT-000120,EMP-0148,2025-01,1/1/2025,22,22,0,0,0,0,0,0,2,0,10,100
ATT-000121,EMP-0149,2025-01,1/1/2025,22,14,0,8,0,0,0,8,0,0,18,63.64
ATT-000122,EMP-0150,2025-01,1/1/2025,22,22,0,0,0,0,0,0,3,0,0,100
ATT-000123,EMP-0151,2025-01,1/1/2025,22,22,0,0,0,0,0,0,0,0,0,100
ATT-000124,EMP-0152,2025-01,1/1/2025,22,22,0,0,0,0,0,0,4,0,0,100
ATT-000125,EMP-0153,2025-01,1/1/2025,22,22,0,0,0,0,0,0,0,0,20,100
ATT-000126,EMP-0155,2025-01,1/1/2025,22,22,0,0,0,0,0,0,3,0,0,100
ATT-000127,EMP-0157,2025-01,1/1/2025,22,18,0,4,0,0,0,4,0,0,6,81.82
ATT-000128,EMP-0158,2025-01,1/1/2025,22,22,0,0,0,0,0,0,5,0,25.5,100
ATT-000129,EMP-0159,2025-01,1/1/2025,22,22,0,0,0,0,0,0,1,0,0,100
ATT-000130,EMP-0160,2025-01,1/1/2025,22,22,0,0,0,0,0,0,0,4,0,100
ATT-000131,EMP-0161,2025-01,1/1/2025,22,21,1,0,0,0,0,0,0,0,0,95.45
ATT-000132,EMP-0162,2025-01,1/1/2025,22,22,0,0,0,0,0,0,2,0,0,100
ATT-000133,EMP-0163,2025-01,1/1/2025,22,22,0,0,0,0,0,0,0,0,19.5,100
ATT-000134,EMP-0164,2025-01,1/1/2025,22,22,0,0,0,0,0,0,4,0,16.5,100
ATT-000135,EMP-0167,2025-01,1/1/2025,22,20,0,0,2,0,0,2,5,0,3,90.91
ATT-000136,EMP-0168,2025-01,1/1/2025,22,21,0,0,1,0,0,1,6,4,19.5,95.45
ATT-000137,EMP-0169,2025-01,1/1/2025,22,20,2,0,0,0,0,0,0,0,10,90.91
ATT-000138,EMP-0170,2025-01,1/1/2025,22,20,2,0,0,0,0,0,0,1,19.5,90.91
ATT-000139,EMP-0171,2025-01,1/1/2025,22,22,0,0,0,0,0,0,4,0,0,100
ATT-000140,EMP-0172,2025-01,1/1/2025,22,22,0,0,0,0,0,0,0,0,17,100
ATT-000141,EMP-0173,2025-01,1/1/2025,22,22,0,0,0,0,0,0,5,2,15.5,100
ATT-000142,EMP-0174,2025-01,1/1/2025,22,19,0,0,3,0,0,3,0,3,21,86.36
ATT-000143,EMP-0175,2025-01,1/1/2025,22,20,2,0,0,0,0,0,0,0,0,90.91
ATT-000144,EMP-0176,2025-01,1/1/2025,22,13,0,5,0,4,0,9,2,0,0,59.09
ATT-000145,EMP-0177,2025-01,1/1/2025,22,14,0,8,0,0,0,8,0,0,0,63.64
ATT-000146,EMP-0178,2025-01,1/1/2025,22,16,0,6,0,0,0,6,0,0,15.5,72.73
ATT-000147,EMP-0179,2025-01,1/1/2025,22,21,0,0,0,0,1,1,0,1,8,95.45
ATT-000148,EMP-0180,2025-01,1/1/2025,22,17,0,5,0,0,0,5,6,4,0,77.27
ATT-000149,EMP-0182,2025-01,1/1/2025,22,22,0,0,0,0,0,0,0,0,0,100
ATT-000150,EMP-0183,2025-01,1/1/2025,22,16,0,3,3,0,0,6,6,2,5,72.73
ATT-000151,EMP-0184,2025-01,1/1/2025,22,22,0,0,0,0,0,0,0,0,20.5,100
ATT-000152,EMP-0186,2025-01,1/1/2025,22,22,0,0,0,0,0,0,0,0,20,100
ATT-000153,EMP-0187,2025-01,1/1/2025,22,22,0,0,0,0,0,0,0,0,0,100
ATT-000154,EMP-0188,2025-01,1/1/2025,22,22,0,0,0,0,0,0,1,0,0,100
ATT-000155,EMP-0189,2025-01,1/1/2025,22,21,0,0,1,0,0,1,0,0,0,95.45
ATT-000156,EMP-0190,2025-01,1/1/2025,22,16,0,0,3,3,0,6,0,0,16.5,72.73
ATT-000157,EMP-0191,2025-01,1/1/2025,22,22,0,0,0,0,0,0,0,0,8.5,100
ATT-000158,EMP-0193,2025-01,1/1/2025,22,22,0,0,0,0,0,0,0,0,23.5,100
ATT-000159,EMP-0194,2025-01,1/1/2025,22,18,1,3,0,0,0,3,0,0,0,81.82
ATT-000160,EMP-0195,2025-01,1/1/2025,22,22,0,0,0,0,0,0,0,0,6.5,100
ATT-000161,EMP-0196,2025-01,1/1/2025,22,22,0,0,0,0,0,0,0,0,0,100
ATT-000162,EMP-0197,2025-01,1/1/2025,22,14,0,8,0,0,0,8,0,0,8,63.64
ATT-000163,EMP-0198,2025-01,1/1/2025,22,20,2,0,0,0,0,0,0,0,3,90.91
ATT-000164,EMP-0199,2025-01,1/1/2025,22,22,0,0,0,0,0,0,1,3,15,100
ATT-000165,EMP-0200,2025-01,1/1/2025,22,19,0,3,0,0,0,3,0,0,13,86.36
ATT-000166,EMP-0201,2025-01,1/1/2025,22,22,0,0,0,0,0,0,3,0,0,100
ATT-000167,EMP-0202,2025-01,1/1/2025,22,21,0,0,0,0,1,1,4,0,16,95.45
ATT-000168,EMP-0203,2025-01,1/1/2025,22,22,0,0,0,0,0,0,0,0,0,100
ATT-000169,EMP-0204,2025-01,1/1/2025,22,22,0,0,0,0,0,0,0,0,3,100
ATT-000170,EMP-0209,2025-01,1/1/2025,22,22,0,0,0,0,0,0,4,0,12,100
ATT-000171,EMP-0210,2025-01,1/1/2025,22,19,0,0,0,0,3,3,0,0,0,86.36
ATT-000172,EMP-0211,2025-01,1/1/2025,22,22,0,0,0,0,0,0,0,0,0,100
ATT-000173,EMP-0212,2025-01,1/1/2025,22,22,0,0,0,0,0,0,0,0,0,100
ATT-000174,EMP-0213,2025-01,1/1/2025,22,22,0,0,0,0,0,0,2,0,13.5,100
ATT-000175,EMP-0214,2025-01,1/1/2025,22,22,0,0,0,0,0,0,0,4,9.5,100
ATT-000176,EMP-0215,2025-01,1/1/2025,22,22,0,0,0,0,0,0,0,0,24,100
ATT-000177,EMP-0216,2025-01,1/1/2025,22,22,0,0,0,0,0,0,0,0,4,100
ATT-000178,EMP-0217,2025-01,1/1/2025,22,20,0,0,0,0,2,2,0,0,4.5,90.91
ATT-000179,EMP-0219,2025-01,1/1/2025,22,20,0,0,2,0,0,2,0,0,19.5,90.91
ATT-000180,EMP-0220,2025-01,1/1/2025,22,22,0,0,0,0,0,0,2,0,15,100
ATT-000181,EMP-0221,2025-01,1/1/2025,22,22,0,0,0,0,0,0,0,0,0,100
ATT-000182,EMP-0222,2025-01,1/1/2025,22,18,0,0,0,4,0,4,0,0,18,81.82
ATT-000183,EMP-0223,2025-01,1/1/2025,22,22,0,0,0,0,0,0,0,0,0,100
ATT-000184,EMP-0226,2025-01,1/1/2025,22,22,0,0,0,0,0,0,0,0,9.5,100
ATT-000185,EMP-0227,2025-01,1/1/2025,22,22,0,0,0,0,0,0,0,0,21.5,100
ATT-000186,EMP-0228,2025-01,1/1/2025,22,22,0,0,0,0,0,0,0,4,20,100
ATT-000187,EMP-0229,2025-01,1/1/2025,22,18,0,4,0,0,0,4,0,0,3.5,81.82
ATT-000188,EMP-0231,2025-01,1/1/2025,22,21,0,0,0,0,1,1,0,0,21.5,95.45
ATT-000189,EMP-0232,2025-01,1/1/2025,22,22,0,0,0,0,0,0,0,4,0,100
ATT-000190,EMP-0235,2025-01,1/1/2025,22,20,0,0,2,0,0,2,1,3,10,90.91
ATT-000191,EMP-0236,2025-01,1/1/2025,22,22,0,0,0,0,0,0,0,0,0,100
ATT-000192,EMP-0237,2025-01,1/1/2025,22,20,0,2,0,0,0,2,1,3,21.5,90.91
ATT-000193,EMP-0238,2025-01,1/1/2025,22,22,0,0,0,0,0,0,0,0,0,100
ATT-000194,EMP-0239,2025-01,1/1/2025,22,20,0,0,2,0,0,2,3,0,19,90.91
ATT-000195,EMP-0240,2025-01,1/1/2025,22,22,0,0,0,0,0,0,0,0,5,100
ATT-000196,EMP-0241,2025-01,1/1/2025,22,21,0,0,1,0,0,1,5,0,4,95.45
ATT-000197,EMP-0242,2025-01,1/1/2025,22,22,0,0,0,0,0,0,1,0,21,100
ATT-000198,EMP-0243,2025-01,1/1/2025,22,22,0,0,0,0,0,0,0,0,19,100
ATT-000199,EMP-0244,2025-01,1/1/2025,22,22,0,0,0,0,0,0,2,0,5,100
ATT-000200,EMP-0245,2025-01,1/1/2025,22,22,0,0,0,0,0,0,0,3,15.5,100
ATT-000201,EMP-0246,2025-01,1/1/2025,22,21,0,1,0,0,0,1,0,0,0,95.45
ATT-000202,EMP-0247,2025-01,1/1/2025,22,19,1,0,0,0,2,2,0,0,20.5,86.36
ATT-000203,EMP-0248,2025-01,1/1/2025,22,22,0,0,0,0,0,0,0,0,8,100
ATT-000204,EMP-0250,2025-01,1/1/2025,22,21,1,0,0,0,0,0,0,0,19,95.45
ATT-000205,EMP-0252,2025-01,1/1/2025,22,22,0,0,0,0,0,0,0,0,15,100
ATT-000206,EMP-0254,2025-01,1/1/2025,22,22,0,0,0,0,0,0,2,0,0,100
ATT-000207,EMP-0256,2025-01,1/1/2025,22,21,0,0,1,0,0,1,0,4,0,95.45
ATT-000208,EMP-0257,2025-01,1/1/2025,22,22,0,0,0,0,0,0,0,3,13,100
ATT-000209,EMP-0258,2025-01,1/1/2025,22,19,0,3,0,0,0,3,0,0,11.5,86.36
ATT-000210,EMP-0260,2025-01,1/1/2025,22,22,0,0,0,0,0,0,2,0,0,100
ATT-000211,EMP-0261,2025-01,1/1/2025,22,22,0,0,0,0,0,0,0,0,24,100
ATT-000212,EMP-0262,2025-01,1/1/2025,22,21,1,0,0,0,0,0,0,2,5.5,95.45
ATT-000213,EMP-0263,2025-01,1/1/2025,22,22,0,0,0,0,0,0,0,0,0,100
ATT-000214,EMP-0264,2025-01,1/1/2025,22,21,0,0,0,1,0,1,0,0,0,95.45
ATT-000215,EMP-0265,2025-01,1/1/2025,22,18,0,4,0,0,0,4,0,0,0,81.82
ATT-000216,EMP-0266,2025-01,1/1/2025,22,14,0,8,0,0,0,8,4,0,24,63.64
ATT-000217,EMP-0267,2025-01,1/1/2025,22,20,0,0,2,0,0,2,2,0,22.5,90.91
ATT-000218,EMP-0268,2025-01,1/1/2025,22,22,0,0,0,0,0,0,0,1,12.5,100
ATT-000219,EMP-0269,2025-01,1/1/2025,22,20,2,0,0,0,0,0,6,0,0,90.91
ATT-000220,EMP-0272,2025-01,1/1/2025,22,22,0,0,0,0,0,0,0,0,24.5,100
ATT-000221,EMP-0273,2025-01,1/1/2025,22,14,0,8,0,0,0,8,0,4,10,63.64
ATT-000222,EMP-0274,2025-01,1/1/2025,22,22,0,0,0,0,0,0,6,1,22,100
ATT-000223,EMP-0275,2025-01,1/1/2025,22,22,0,0,0,0,0,0,0,0,22.5,100
ATT-000224,EMP-0277,2025-01,1/1/2025,22,22,0,0,0,0,0,0,0,2,0,100
ATT-000225,EMP-0278,2025-01,1/1/2025,22,22,0,0,0,0,0,0,0,0,0,100
ATT-000226,EMP-0279,2025-01,1/1/2025,22,22,0,0,0,0,0,0,1,0,17,100
ATT-000227,EMP-0280,2025-01,1/1/2025,22,20,0,0,0,2,0,2,0,0,5.5,90.91
ATT-000228,EMP-0281,2025-01,1/1/2025,22,19,0,0,0,3,0,3,0,2,21,86.36
ATT-000229,EMP-0282,2025-01,1/1/2025,22,21,0,0,0,1,0,1,0,4,12.5,95.45
ATT-000230,EMP-0283,2025-01,1/1/2025,22,22,0,0,0,0,0,0,2,0,0,100
ATT-000231,EMP-0286,2025-01,1/1/2025,22,22,0,0,0,0,0,0,0,3,0,100
ATT-000232,EMP-0287,2025-01,1/1/2025,22,21,1,0,0,0,0,0,5,2,0,95.45
ATT-000233,EMP-0288,2025-01,1/1/2025,22,17,0,5,0,0,0,5,0,1,0,77.27
ATT-000234,EMP-0289,2025-01,1/1/2025,22,19,0,3,0,0,0,3,6,4,5.5,86.36
ATT-000235,EMP-0291,2025-01,1/1/2025,22,22,0,0,0,0,0,0,0,0,0,100
ATT-000236,EMP-0292,2025-01,1/1/2025,22,21,1,0,0,0,0,0,0,0,2,95.45
ATT-000237,EMP-0293,2025-01,1/1/2025,22,19,0,3,0,0,0,3,0,0,0,86.36
ATT-000238,EMP-0294,2025-01,1/1/2025,22,22,0,0,0,0,0,0,0,0,0,100
ATT-000239,EMP-0295,2025-01,1/1/2025,22,22,0,0,0,0,0,0,1,0,18.5,100
ATT-000240,EMP-0296,2025-01,1/1/2025,22,16,0,6,0,0,0,6,3,0,14.5,72.73
ATT-000241,EMP-0297,2025-01,1/1/2025,22,22,0,0,0,0,0,0,0,0,0,100
ATT-000242,EMP-0300,2025-01,1/1/2025,22,21,0,0,1,0,0,1,0,0,18.5,95.45
ATT-000243,EMP-0303,2025-01,1/1/2025,22,15,1,6,0,0,0,6,0,1,6,68.18
ATT-000244,EMP-0304,2025-01,1/1/2025,22,21,0,0,1,0,0,1,0,0,6,95.45
ATT-000245,EMP-0305,2025-01,1/1/2025,22,21,1,0,0,0,0,0,0,0,0,95.45
ATT-000246,EMP-0306,2025-01,1/1/2025,22,22,0,0,0,0,0,0,5,0,6.5,100
ATT-000247,EMP-0307,2025-01,1/1/2025,22,22,0,0,0,0,0,0,2,0,0,100
ATT-000248,EMP-0308,2025-01,1/1/2025,22,20,0,0,0,0,2,2,5,2,0,90.91
ATT-000249,EMP-0309,2025-01,1/1/2025,22,12,0,10,0,0,0,10,0,3,6,54.55
ATT-000250,EMP-0311,2025-01,1/1/2025,22,15,0,7,0,0,0,7,0,0,22.5,68.18
ATT-000251,EMP-0312,2025-01,1/1/2025,22,22,0,0,0,0,0,0,5,1,5,100
ATT-000252,EMP-0313,2025-01,1/1/2025,22,18,0,0,0,4,0,4,2,0,0,81.82
ATT-000253,EMP-0314,2025-01,1/1/2025,22,20,0,2,0,0,0,2,0,0,2,90.91
ATT-000254,EMP-0315,2025-01,1/1/2025,22,22,0,0,0,0,0,0,0,2,0,100
ATT-000255,EMP-0316,2025-01,1/1/2025,22,10,1,9,0,2,0,11,0,0,0,45.45
ATT-000256,EMP-0318,2025-01,1/1/2025,22,22,0,0,0,0,0,0,2,0,13.5,100
ATT-000257,EMP-0320,2025-01,1/1/2025,22,22,0,0,0,0,0,0,0,1,0,100
ATT-000258,EMP-0321,2025-01,1/1/2025,22,17,0,5,0,0,0,5,0,0,0,77.27
ATT-000259,EMP-0322,2025-01,1/1/2025,22,20,0,2,0,0,0,2,3,0,0,90.91
ATT-000260,EMP-0324,2025-01,1/1/2025,22,22,0,0,0,0,0,0,3,0,5,100
ATT-000261,EMP-0325,2025-01,1/1/2025,22,22,0,0,0,0,0,0,0,0,4,100
ATT-000262,EMP-0326,2025-01,1/1/2025,22,21,0,0,1,0,0,1,2,4,9,95.45
ATT-000263,EMP-0327,2025-01,1/1/2025,22,22,0,0,0,0,0,0,0,0,25.5,100
ATT-000264,EMP-0328,2025-01,1/1/2025,22,22,0,0,0,0,0,0,0,0,20.5,100
ATT-000265,EMP-0329,2025-01,1/1/2025,22,14,0,8,0,0,0,8,0,4,0,63.64
ATT-000266,EMP-0331,2025-01,1/1/2025,22,16,0,6,0,0,0,6,6,0,3.5,72.73
ATT-000267,EMP-0332,2025-01,1/1/2025,22,22,0,0,0,0,0,0,6,0,15,100
ATT-000268,EMP-0333,2025-01,1/1/2025,22,22,0,0,0,0,0,0,0,3,0,100
ATT-000269,EMP-0334,2025-01,1/1/2025,22,18,0,0,0,4,0,4,2,0,0,81.82
ATT-000270,EMP-0335,2025-01,1/1/2025,22,22,0,0,0,0,0,0,0,0,0,100
ATT-000271,EMP-0336,2025-01,1/1/2025,22,12,0,10,0,0,0,10,0,0,16,54.55
ATT-000272,EMP-0337,2025-01,1/1/2025,22,21,0,0,0,1,0,1,4,4,11.5,95.45
ATT-000273,EMP-0338,2025-01,1/1/2025,22,13,0,8,0,1,0,9,0,2,10,59.09
ATT-000274,EMP-0339,2025-01,1/1/2025,22,21,1,0,0,0,0,0,0,0,0,95.45
ATT-000275,EMP-0340,2025-01,1/1/2025,22,22,0,0,0,0,0,0,4,4,0,100
ATT-000276,EMP-0341,2025-01,1/1/2025,22,22,0,0,0,0,0,0,0,1,12.5,100
ATT-000277,EMP-0342,2025-01,1/1/2025,22,12,2,8,0,0,0,8,1,1,0,54.55
ATT-000278,EMP-0343,2025-01,1/1/2025,22,22,0,0,0,0,0,0,0,0,0,100
ATT-000279,EMP-0344,2025-01,1/1/2025,22,22,0,0,0,0,0,0,3,0,0,100
ATT-000280,EMP-0345,2025-01,1/1/2025,22,16,0,6,0,0,0,6,6,0,0,72.73
ATT-000281,EMP-0347,2025-01,1/1/2025,22,22,0,0,0,0,0,0,0,0,10.5,100
ATT-000282,EMP-0349,2025-01,1/1/2025,22,21,0,1,0,0,0,1,0,0,21,95.45
ATT-000283,EMP-0350,2025-01,1/1/2025,22,20,2,0,0,0,0,0,4,0,14.5,90.91
ATT-000284,EMP-0351,2025-01,1/1/2025,22,22,0,0,0,0,0,0,0,0,0,100
ATT-000285,EMP-0352,2025-01,1/1/2025,22,19,0,0,0,0,3,3,0,0,2.5,86.36
ATT-000286,EMP-0353,2025-01,1/1/2025,22,22,0,0,0,0,0,0,1,0,11.5,100
ATT-000287,EMP-0354,2025-01,1/1/2025,22,22,0,0,0,0,0,0,0,0,0,100
ATT-000288,EMP-0355,2025-01,1/1/2025,22,22,0,0,0,0,0,0,0,0,9,100
ATT-000289,EMP-0356,2025-01,1/1/2025,22,22,0,0,0,0,0,0,0,0,3,100
ATT-000290,EMP-0357,2025-01,1/1/2025,22,22,0,0,0,0,0,0,0,0,0,100
ATT-000291,EMP-0359,2025-01,1/1/2025,22,22,0,0,0,0,0,0,4,0,17.5,100
ATT-000292,EMP-0360,2025-01,1/1/2025,22,22,0,0,0,0,0,0,4,1,0,100
ATT-000293,EMP-0361,2025-01,1/1/2025,22,22,0,0,0,0,0,0,0,1,0,100
ATT-000294,EMP-0362,2025-01,1/1/2025,22,22,0,0,0,0,0,0,0,2,0,100
ATT-000295,EMP-0363,2025-01,1/1/2025,22,22,0,0,0,0,0,0,0,0,0,100
ATT-000296,EMP-0364,2025-01,1/1/2025,22,22,0,0,0,0,0,0,5,0,24.5,100
ATT-000297,EMP-0366,2025-01,1/1/2025,22,22,0,0,0,0,0,0,0,0,8.5,100
ATT-000298,EMP-0368,2025-01,1/1/2025,22,15,0,7,0,0,0,7,4,0,0,68.18
ATT-000299,EMP-0369,2025-01,1/1/2025,22,13,0,9,0,0,0,9,0,0,4.5,59.09
ATT-000300,EMP-0370,2025-01,1/1/2025,22,22,0,0,0,0,0,0,3,0,12,100
ATT-000301,EMP-0372,2025-01,1/1/2025,22,22,0,0,0,0,0,0,4,0,24.5,100
ATT-000302,EMP-0373,2025-01,1/1/2025,22,18,0,4,0,0,0,4,0,2,0,81.82
ATT-000303,EMP-0374,2025-01,1/1/2025,22,22,0,0,0,0,0,0,0,0,7,100
ATT-000304,EMP-0375,2025-01,1/1/2025,22,17,0,0,1,4,0,5,0,0,24.5,77.27
ATT-000305,EMP-0376,2025-01,1/1/2025,22,17,0,5,0,0,0,5,0,0,0,77.27
ATT-000306,EMP-0377,2025-01,1/1/2025,22,20,2,0,0,0,0,0,0,0,17.5,90.91
ATT-000307,EMP-0378,2025-01,1/1/2025,22,20,0,2,0,0,0,2,0,0,9.5,90.91
ATT-000308,EMP-0379,2025-01,1/1/2025,22,19,0,0,3,0,0,3,0,0,0,86.36
ATT-000309,EMP-0381,2025-01,1/1/2025,22,22,0,0,0,0,0,0,3,0,18.5,100
ATT-000310,EMP-0382,2025-01,1/1/2025,22,20,0,0,1,0,1,2,0,0,15.5,90.91
ATT-000311,EMP-0383,2025-01,1/1/2025,22,17,0,2,3,0,0,5,4,4,7,77.27
ATT-000312,EMP-0384,2025-01,1/1/2025,22,22,0,0,0,0,0,0,3,0,12.5,100
ATT-000313,EMP-0385,2025-01,1/1/2025,22,21,1,0,0,0,0,0,0,0,25,95.45
ATT-000314,EMP-0387,2025-01,1/1/2025,22,22,0,0,0,0,0,0,6,1,0,100
ATT-000315,EMP-0388,2025-01,1/1/2025,22,22,0,0,0,0,0,0,0,1,0,100
ATT-000316,EMP-0389,2025-01,1/1/2025,22,14,0,8,0,0,0,8,0,0,13,63.64
ATT-000317,EMP-0390,2025-01,1/1/2025,22,19,0,3,0,0,0,3,0,3,0,86.36
ATT-000318,EMP-0391,2025-01,1/1/2025,22,22,0,0,0,0,0,0,0,0,0,100
ATT-000319,EMP-0393,2025-01,1/1/2025,22,22,0,0,0,0,0,0,0,0,8.5,100
ATT-000320,EMP-0394,2025-01,1/1/2025,22,14,0,8,0,0,0,8,0,0,2,63.64
ATT-000321,EMP-0395,2025-01,1/1/2025,22,22,0,0,0,0,0,0,0,0,0,100
ATT-000322,EMP-0398,2025-01,1/1/2025,22,18,0,4,0,0,0,4,6,0,21.5,81.82
ATT-000323,EMP-0399,2025-01,1/1/2025,22,22,0,0,0,0,0,0,0,0,4.5,100
ATT-000324,EMP-0400,2025-01,1/1/2025,22,15,0,7,0,0,0,7,0,0,0,68.18
ATT-000325,EMP-0402,2025-01,1/1/2025,22,22,0,0,0,0,0,0,6,0,4,100
ATT-000326,EMP-0403,2025-01,1/1/2025,22,22,0,0,0,0,0,0,0,2,2.5,100
ATT-000327,EMP-0405,2025-01,1/1/2025,22,12,0,10,0,0,0,10,0,0,6.5,54.55
ATT-000328,EMP-0406,2025-01,1/1/2025,22,21,0,0,1,0,0,1,2,0,10.5,95.45
ATT-000329,EMP-0407,2025-01,1/1/2025,22,22,0,0,0,0,0,0,0,0,0,100
ATT-000330,EMP-0409,2025-01,1/1/2025,22,22,0,0,0,0,0,0,0,0,21,100
ATT-000331,EMP-0410,2025-01,1/1/2025,22,22,0,0,0,0,0,0,0,0,0,100
ATT-000332,EMP-0411,2025-01,1/1/2025,22,22,0,0,0,0,0,0,0,0,16,100
ATT-000333,EMP-0412,2025-01,1/1/2025,22,22,0,0,0,0,0,0,0,0,12.5,100
ATT-000334,EMP-0413,2025-01,1/1/2025,22,22,0,0,0,0,0,0,0,0,7.5,100
ATT-000335,EMP-0414,2025-01,1/1/2025,22,22,0,0,0,0,0,0,0,0,5.5,100
ATT-000336,EMP-0415,2025-01,1/1/2025,22,22,0,0,0,0,0,0,0,0,10,100
ATT-000337,EMP-0416,2025-01,1/1/2025,22,22,0,0,0,0,0,0,0,0,6.5,100
ATT-000338,EMP-0417,2025-01,1/1/2025,22,20,0,0,0,0,2,2,6,0,22.5,90.91
ATT-000339,EMP-0420,2025-01,1/1/2025,22,15,0,6,1,0,0,7,5,0,13.5,68.18
ATT-000340,EMP-0421,2025-01,1/1/2025,22,17,0,0,3,2,0,5,0,0,5.5,77.27
ATT-000341,EMP-0422,2025-01,1/1/2025,22,15,1,0,3,0,3,6,3,0,5,68.18
ATT-000342,EMP-0423,2025-01,1/1/2025,22,22,0,0,0,0,0,0,0,0,0,100
ATT-000343,EMP-0424,2025-01,1/1/2025,22,22,0,0,0,0,0,0,3,0,0,100
ATT-000344,EMP-0425,2025-01,1/1/2025,22,22,0,0,0,0,0,0,2,0,0,100
ATT-000345,EMP-0426,2025-01,1/1/2025,22,19,0,0,0,3,0,3,1,0,0,86.36
ATT-000346,EMP-0427,2025-01,1/1/2025,22,19,1,2,0,0,0,2,0,0,0,86.36
ATT-000347,EMP-0428,2025-01,1/1/2025,22,22,0,0,0,0,0,0,0,2,25.5,100
ATT-000348,EMP-0429,2025-01,1/1/2025,22,21,1,0,0,0,0,0,0,0,21,95.45
ATT-000349,EMP-0430,2025-01,1/1/2025,22,12,0,10,0,0,0,10,2,4,22,54.55
ATT-000350,EMP-0432,2025-01,1/1/2025,22,21,0,0,0,0,1,1,0,0,7.5,95.45
ATT-000351,EMP-0433,2025-01,1/1/2025,22,22,0,0,0,0,0,0,0,0,0,100
ATT-000352,EMP-0434,2025-01,1/1/2025,22,20,0,0,2,0,0,2,5,0,9,90.91
ATT-000353,EMP-0435,2025-01,1/1/2025,22,22,0,0,0,0,0,0,0,4,0,100
ATT-000354,EMP-0436,2025-01,1/1/2025,22,21,1,0,0,0,0,0,0,0,0,95.45
ATT-000355,EMP-0438,2025-01,1/1/2025,22,20,2,0,0,0,0,0,2,0,0,90.91
ATT-000356,EMP-0439,2025-01,1/1/2025,22,22,0,0,0,0,0,0,0,4,8.5,100
ATT-000357,EMP-0440,2025-01,1/1/2025,22,21,0,0,0,1,0,1,1,0,0,95.45
ATT-000358,EMP-0441,2025-01,1/1/2025,22,22,0,0,0,0,0,0,0,3,15,100
ATT-000359,EMP-0442,2025-01,1/1/2025,22,19,1,0,2,0,0,2,0,0,23,86.36
ATT-000360,EMP-0443,2025-01,1/1/2025,22,22,0,0,0,0,0,0,0,0,0,100
ATT-000361,EMP-0444,2025-01,1/1/2025,22,22,0,0,0,0,0,0,0,1,16,100
ATT-000362,EMP-0445,2025-01,1/1/2025,22,20,2,0,0,0,0,0,0,0,0,90.91
ATT-000363,EMP-0446,2025-01,1/1/2025,22,22,0,0,0,0,0,0,0,4,21.5,100
ATT-000364,EMP-0449,2025-01,1/1/2025,22,21,1,0,0,0,0,0,0,0,12,95.45
ATT-000365,EMP-0450,2025-01,1/1/2025,22,22,0,0,0,0,0,0,0,0,17.5,100
ATT-000366,EMP-0451,2025-01,1/1/2025,22,10,2,10,0,0,0,10,0,0,0,45.45
ATT-000367,EMP-0452,2025-01,1/1/2025,22,20,2,0,0,0,0,0,4,4,3.5,90.91
ATT-000368,EMP-0453,2025-01,1/1/2025,22,22,0,0,0,0,0,0,0,0,0,100
ATT-000369,EMP-0454,2025-01,1/1/2025,22,14,1,7,0,0,0,7,0,0,6,63.64
ATT-000370,EMP-0455,2025-01,1/1/2025,22,22,0,0,0,0,0,0,2,0,0,100
ATT-000371,EMP-0457,2025-01,1/1/2025,22,22,0,0,0,0,0,0,0,0,0,100
ATT-000372,EMP-0458,2025-01,1/1/2025,22,21,1,0,0,0,0,0,4,0,6.5,95.45
ATT-000373,EMP-0459,2025-01,1/1/2025,22,12,0,10,0,0,0,10,1,0,0,54.55
ATT-000374,EMP-0460,2025-01,1/1/2025,22,22,0,0,0,0,0,0,1,0,9,100
ATT-000375,EMP-0461,2025-01,1/1/2025,22,22,0,0,0,0,0,0,0,0,23,100
ATT-000376,EMP-0462,2025-01,1/1/2025,22,20,1,0,1,0,0,1,0,0,0,90.91
ATT-000377,EMP-0463,2025-01,1/1/2025,22,21,0,0,0,0,1,1,4,0,0,95.45
ATT-000378,EMP-0464,2025-01,1/1/2025,22,22,0,0,0,0,0,0,0,0,16,100
ATT-000379,EMP-0465,2025-01,1/1/2025,22,22,0,0,0,0,0,0,0,0,13,100
ATT-000380,EMP-0466,2025-01,1/1/2025,22,14,0,8,0,0,0,8,0,0,16.5,63.64
ATT-000381,EMP-0467,2025-01,1/1/2025,22,19,0,0,3,0,0,3,6,0,10.5,86.36
ATT-000382,EMP-0468,2025-01,1/1/2025,22,22,0,0,0,0,0,0,0,0,0,100
ATT-000383,EMP-0469,2025-01,1/1/2025,22,19,0,0,0,0,3,3,0,0,0,86.36
ATT-000384,EMP-0470,2025-01,1/1/2025,22,17,0,5,0,0,0,5,5,0,0,77.27
ATT-000385,EMP-0471,2025-01,1/1/2025,22,21,0,0,0,1,0,1,0,0,0,95.45
ATT-000386,EMP-0472,2025-01,1/1/2025,22,21,0,0,1,0,0,1,0,0,0,95.45
ATT-000387,EMP-0473,2025-01,1/1/2025,22,21,0,1,0,0,0,1,0,0,0,95.45
ATT-000388,EMP-0474,2025-01,1/1/2025,22,22,0,0,0,0,0,0,0,0,21,100
ATT-000389,EMP-0475,2025-01,1/1/2025,22,20,2,0,0,0,0,0,0,0,0,90.91
ATT-000390,EMP-0476,2025-01,1/1/2025,22,19,0,0,3,0,0,3,0,0,4,86.36
ATT-000391,EMP-0478,2025-01,1/1/2025,22,15,0,7,0,0,0,7,0,0,7,68.18
ATT-000392,EMP-0480,2025-01,1/1/2025,22,22,0,0,0,0,0,0,0,0,0,100
ATT-000393,EMP-0481,2025-01,1/1/2025,22,21,1,0,0,0,0,0,0,0,22,95.45
ATT-000394,EMP-0482,2025-01,1/1/2025,22,22,0,0,0,0,0,0,0,0,12,100
ATT-000395,EMP-0483,2025-01,1/1/2025,22,22,0,0,0,0,0,0,0,0,11.5,100
ATT-000396,EMP-0484,2025-01,1/1/2025,22,22,0,0,0,0,0,0,0,1,22,100
ATT-000397,EMP-0485,2025-01,1/1/2025,22,14,0,8,0,0,0,8,0,1,7,63.64
ATT-000398,EMP-0486,2025-01,1/1/2025,22,22,0,0,0,0,0,0,3,0,0,100
ATT-000399,EMP-0487,2025-01,1/1/2025,22,22,0,0,0,0,0,0,0,0,20.5,100
ATT-000400,EMP-0488,2025-01,1/1/2025,22,22,0,0,0,0,0,0,2,0,0,100
ATT-000401,EMP-0489,2025-01,1/1/2025,22,22,0,0,0,0,0,0,2,0,0,100
ATT-000402,EMP-0491,2025-01,1/1/2025,22,22,0,0,0,0,0,0,0,0,0,100
ATT-000403,EMP-0492,2025-01,1/1/2025,22,22,0,0,0,0,0,0,6,4,0,100
ATT-000404,EMP-0493,2025-01,1/1/2025,22,22,0,0,0,0,0,0,0,0,17.5,100
ATT-000405,EMP-0494,2025-01,1/1/2025,22,22,0,0,0,0,0,0,0,0,6,100
ATT-000406,EMP-0495,2025-01,1/1/2025,22,21,0,0,1,0,0,1,0,0,3,95.45
ATT-000407,EMP-0497,2025-01,1/1/2025,22,22,0,0,0,0,0,0,5,0,19.5,100
ATT-000408,EMP-0498,2025-01,1/1/2025,22,21,1,0,0,0,0,0,3,0,0,95.45
ATT-000409,EMP-0499,2025-01,1/1/2025,22,20,0,0,0,0,2,2,0,0,5.5,90.91
ATT-000410,EMP-0500,2025-01,1/1/2025,22,19,0,0,3,0,0,3,0,2,0,86.36
ATT-000411,EMP-0001,2025-02,1/2/2025,20,20,0,0,0,0,0,0,0,2,0,100
ATT-000412,EMP-0003,2025-02,1/2/2025,20,17,2,0,0,1,0,1,0,0,18,85
ATT-000413,EMP-0005,2025-02,1/2/2025,20,20,0,0,0,0,0,0,0,0,0,100
ATT-000414,EMP-0006,2025-02,1/2/2025,20,20,0,0,0,0,0,0,0,4,10,100
ATT-000415,EMP-0008,2025-02,1/2/2025,20,20,0,0,0,0,0,0,5,0,0,100
ATT-000416,EMP-0009,2025-02,1/2/2025,20,15,0,5,0,0,0,5,0,0,0,75
ATT-000417,EMP-0010,2025-02,1/2/2025,20,20,0,0,0,0,0,0,5,0,0,100
ATT-000418,EMP-0014,2025-02,1/2/2025,20,20,0,0,0,0,0,0,5,0,0,100
ATT-000419,EMP-0015,2025-02,1/2/2025,20,17,0,0,3,0,0,3,0,0,16,85
ATT-000420,EMP-0016,2025-02,1/2/2025,20,20,0,0,0,0,0,0,4,0,0,100
ATT-000421,EMP-0017,2025-02,1/2/2025,20,19,0,0,0,0,1,1,0,0,15.5,95
ATT-000422,EMP-0018,2025-02,1/2/2025,20,20,0,0,0,0,0,0,0,0,0,100
ATT-000423,EMP-0019,2025-02,1/2/2025,20,20,0,0,0,0,0,0,0,0,0,100
ATT-000424,EMP-0020,2025-02,1/2/2025,20,20,0,0,0,0,0,0,2,0,0,100
ATT-000425,EMP-0021,2025-02,1/2/2025,20,20,0,0,0,0,0,0,0,0,0,100
ATT-000426,EMP-0022,2025-02,1/2/2025,20,15,2,0,3,0,0,3,0,2,12,75
ATT-000427,EMP-0023,2025-02,1/2/2025,20,20,0,0,0,0,0,0,5,0,0,100
ATT-000428,EMP-0024,2025-02,1/2/2025,20,20,0,0,0,0,0,0,3,0,0,100
ATT-000429,EMP-0025,2025-02,1/2/2025,20,14,2,4,0,0,0,4,0,0,20,70
ATT-000430,EMP-0026,2025-02,1/2/2025,20,20,0,0,0,0,0,0,0,0,15,100
ATT-000431,EMP-0027,2025-02,1/2/2025,20,20,0,0,0,0,0,0,2,0,0,100
ATT-000432,EMP-0028,2025-02,1/2/2025,20,18,0,0,2,0,0,2,3,0,25.5,90
ATT-000433,EMP-0029,2025-02,1/2/2025,20,20,0,0,0,0,0,0,6,0,0,100
ATT-000434,EMP-0030,2025-02,1/2/2025,20,15,0,5,0,0,0,5,0,0,0,75
ATT-000435,EMP-0031,2025-02,1/2/2025,20,20,0,0,0,0,0,0,1,3,5.5,100
ATT-000436,EMP-0032,2025-02,1/2/2025,20,18,2,0,0,0,0,0,0,4,0,90
ATT-000437,EMP-0034,2025-02,1/2/2025,20,17,0,3,0,0,0,3,0,0,0,85
ATT-000438,EMP-0035,2025-02,1/2/2025,20,11,1,4,0,4,0,8,0,1,0,55
ATT-000439,EMP-0036,2025-02,1/2/2025,20,20,0,0,0,0,0,0,0,0,5,100
ATT-000440,EMP-0037,2025-02,1/2/2025,20,18,2,0,0,0,0,0,0,0,24.5,90
ATT-000441,EMP-0038,2025-02,1/2/2025,20,20,0,0,0,0,0,0,0,0,0,100
ATT-000442,EMP-0039,2025-02,1/2/2025,20,20,0,0,0,0,0,0,0,3,21,100
ATT-000443,EMP-0040,2025-02,1/2/2025,20,17,0,0,3,0,0,3,5,0,0,85
ATT-000444,EMP-0041,2025-02,1/2/2025,20,20,0,0,0,0,0,0,3,0,0,100
ATT-000445,EMP-0042,2025-02,1/2/2025,20,10,1,9,0,0,0,9,4,1,3,50
ATT-000446,EMP-0043,2025-02,1/2/2025,20,20,0,0,0,0,0,0,6,0,0,100
ATT-000447,EMP-0044,2025-02,1/2/2025,20,20,0,0,0,0,0,0,0,0,0,100
ATT-000448,EMP-0045,2025-02,1/2/2025,20,20,0,0,0,0,0,0,0,0,12.5,100
ATT-000449,EMP-0046,2025-02,1/2/2025,20,20,0,0,0,0,0,0,0,0,0,100
ATT-000450,EMP-0047,2025-02,1/2/2025,20,19,1,0,0,0,0,0,0,0,19,95
ATT-000451,EMP-0048,2025-02,1/2/2025,20,20,0,0,0,0,0,0,3,0,0,100
ATT-000452,EMP-0049,2025-02,1/2/2025,20,14,0,6,0,0,0,6,0,0,0,70
ATT-000453,EMP-0050,2025-02,1/2/2025,20,20,0,0,0,0,0,0,0,0,0,100
ATT-000454,EMP-0051,2025-02,1/2/2025,20,20,0,0,0,0,0,0,0,0,0,100
ATT-000455,EMP-0052,2025-02,1/2/2025,20,18,2,0,0,0,0,0,3,3,0,90
ATT-000456,EMP-0053,2025-02,1/2/2025,20,20,0,0,0,0,0,0,4,0,23,100
ATT-000457,EMP-0055,2025-02,1/2/2025,20,16,0,4,0,0,0,4,6,0,0,80
ATT-000458,EMP-0056,2025-02,1/2/2025,20,20,0,0,0,0,0,0,4,0,0,100
ATT-000459,EMP-0057,2025-02,1/2/2025,20,17,0,0,0,0,3,3,0,0,0,85
ATT-000460,EMP-0058,2025-02,1/2/2025,20,20,0,0,0,0,0,0,3,0,0,100
ATT-000461,EMP-0059,2025-02,1/2/2025,20,18,2,0,0,0,0,0,0,0,3,90
ATT-000462,EMP-0060,2025-02,1/2/2025,20,20,0,0,0,0,0,0,0,0,0,100
ATT-000463,EMP-0061,2025-02,1/2/2025,20,20,0,0,0,0,0,0,0,0,0,100
ATT-000464,EMP-0062,2025-02,1/2/2025,20,19,1,0,0,0,0,0,6,0,0,95
ATT-000465,EMP-0064,2025-02,1/2/2025,20,20,0,0,0,0,0,0,0,0,0,100
ATT-000466,EMP-0065,2025-02,1/2/2025,20,20,0,0,0,0,0,0,0,2,0,100
ATT-000467,EMP-0066,2025-02,1/2/2025,20,20,0,0,0,0,0,0,0,1,0,100
ATT-000468,EMP-0067,2025-02,1/2/2025,20,20,0,0,0,0,0,0,0,0,0,100
ATT-000469,EMP-0068,2025-02,1/2/2025,20,18,0,0,2,0,0,2,0,0,0,90
ATT-000470,EMP-0069,2025-02,1/2/2025,20,20,0,0,0,0,0,0,2,0,0,100
ATT-000471,EMP-0070,2025-02,1/2/2025,20,20,0,0,0,0,0,0,6,3,13.5,100
ATT-000472,EMP-0071,2025-02,1/2/2025,20,20,0,0,0,0,0,0,1,0,25.5,100
ATT-000473,EMP-0072,2025-02,1/2/2025,20,20,0,0,0,0,0,0,3,0,20.5,100
ATT-000474,EMP-0073,2025-02,1/2/2025,20,20,0,0,0,0,0,0,0,0,0,100
ATT-000475,EMP-0074,2025-02,1/2/2025,20,20,0,0,0,0,0,0,0,0,0,100
ATT-000476,EMP-0079,2025-02,1/2/2025,20,20,0,0,0,0,0,0,1,0,17.5,100
ATT-000477,EMP-0080,2025-02,1/2/2025,20,20,0,0,0,0,0,0,4,0,19.5,100
ATT-000478,EMP-0082,2025-02,1/2/2025,20,17,0,0,3,0,0,3,0,0,0,85
ATT-000479,EMP-0083,2025-02,1/2/2025,20,20,0,0,0,0,0,0,5,0,0,100
ATT-000480,EMP-0084,2025-02,1/2/2025,20,18,0,0,2,0,0,2,4,0,24,90
ATT-000481,EMP-0085,2025-02,1/2/2025,20,20,0,0,0,0,0,0,0,0,17.5,100
ATT-000482,EMP-0086,2025-02,1/2/2025,20,20,0,0,0,0,0,0,4,0,0,100
ATT-000483,EMP-0087,2025-02,1/2/2025,20,20,0,0,0,0,0,0,0,0,0,100
ATT-000484,EMP-0088,2025-02,1/2/2025,20,16,0,4,0,0,0,4,3,0,0,80
ATT-000485,EMP-0089,2025-02,1/2/2025,20,20,0,0,0,0,0,0,0,0,0,100
ATT-000486,EMP-0092,2025-02,1/2/2025,20,14,0,1,2,0,3,6,6,0,25.5,70
ATT-000487,EMP-0093,2025-02,1/2/2025,20,20,0,0,0,0,0,0,0,0,0,100
ATT-000488,EMP-0095,2025-02,1/2/2025,20,14,0,6,0,0,0,6,0,1,17,70
ATT-000489,EMP-0097,2025-02,1/2/2025,20,17,0,0,3,0,0,3,0,1,0,85
ATT-000490,EMP-0098,2025-02,1/2/2025,20,20,0,0,0,0,0,0,0,0,0,100
ATT-000491,EMP-0099,2025-02,1/2/2025,20,20,0,0,0,0,0,0,3,0,0,100
ATT-000492,EMP-0100,2025-02,1/2/2025,20,11,0,9,0,0,0,9,6,0,0,55
ATT-000493,EMP-0101,2025-02,1/2/2025,20,20,0,0,0,0,0,0,3,0,0,100
ATT-000494,EMP-0102,2025-02,1/2/2025,20,20,0,0,0,0,0,0,0,1,0,100
ATT-000495,EMP-0103,2025-02,1/2/2025,20,18,0,0,0,0,2,2,6,0,0,90
ATT-000496,EMP-0104,2025-02,1/2/2025,20,18,0,0,2,0,0,2,0,0,8.5,90
ATT-000497,EMP-0105,2025-02,1/2/2025,20,20,0,0,0,0,0,0,0,0,4.5,100
ATT-000498,EMP-0106,2025-02,1/2/2025,20,20,0,0,0,0,0,0,3,2,0,100
ATT-000499,EMP-0107,2025-02,1/2/2025,20,20,0,0,0,0,0,0,0,0,0,100
ATT-000500,EMP-0108,2025-02,1/2/2025,20,20,0,0,0,0,0,0,4,0,0,100
ATT-000501,EMP-0112,2025-02,1/2/2025,20,20,0,0,0,0,0,0,0,0,0,100
ATT-000502,EMP-0113,2025-02,1/2/2025,20,18,2,0,0,0,0,0,3,0,0,90
ATT-000503,EMP-0114,2025-02,1/2/2025,20,20,0,0,0,0,0,0,6,0,8.5,100
ATT-000504,EMP-0116,2025-02,1/2/2025,20,20,0,0,0,0,0,0,0,0,0,100
ATT-000505,EMP-0117,2025-02,1/2/2025,20,18,2,0,0,0,0,0,0,0,0,90
ATT-000506,EMP-0118,2025-02,1/2/2025,20,18,0,2,0,0,0,2,0,0,8,90
ATT-000507,EMP-0119,2025-02,1/2/2025,20,20,0,0,0,0,0,0,0,0,0,100
ATT-000508,EMP-0120,2025-02,1/2/2025,20,20,0,0,0,0,0,0,0,0,0,100
ATT-000509,EMP-0121,2025-02,1/2/2025,20,20,0,0,0,0,0,0,0,0,0,100
ATT-000510,EMP-0122,2025-02,1/2/2025,20,20,0,0,0,0,0,0,3,0,0,100
ATT-000511,EMP-0123,2025-02,1/2/2025,20,20,0,0,0,0,0,0,6,0,0,100
ATT-000512,EMP-0124,2025-02,1/2/2025,20,20,0,0,0,0,0,0,0,2,0,100
ATT-000513,EMP-0126,2025-02,1/2/2025,20,20,0,0,0,0,0,0,6,0,0,100
ATT-000514,EMP-0127,2025-02,1/2/2025,20,20,0,0,0,0,0,0,0,0,21.5,100
ATT-000515,EMP-0129,2025-02,1/2/2025,20,20,0,0,0,0,0,0,0,4,0,100
ATT-000516,EMP-0130,2025-02,1/2/2025,20,17,0,3,0,0,0,3,0,0,5.5,85
ATT-000517,EMP-0131,2025-02,1/2/2025,20,20,0,0,0,0,0,0,6,0,0,100
ATT-000518,EMP-0132,2025-02,1/2/2025,20,18,2,0,0,0,0,0,1,0,20.5,90
ATT-000519,EMP-0133,2025-02,1/2/2025,20,20,0,0,0,0,0,0,0,4,0,100
ATT-000520,EMP-0134,2025-02,1/2/2025,20,20,0,0,0,0,0,0,0,1,0,100
ATT-000521,EMP-0135,2025-02,1/2/2025,20,12,0,8,0,0,0,8,1,2,20,60
ATT-000522,EMP-0136,2025-02,1/2/2025,20,20,0,0,0,0,0,0,0,0,0,100
ATT-000523,EMP-0137,2025-02,1/2/2025,20,20,0,0,0,0,0,0,0,0,0,100
ATT-000524,EMP-0138,2025-02,1/2/2025,20,19,0,1,0,0,0,1,0,0,0,95
ATT-000525,EMP-0139,2025-02,1/2/2025,20,18,2,0,0,0,0,0,0,0,24.5,90
ATT-000526,EMP-0140,2025-02,1/2/2025,20,20,0,0,0,0,0,0,0,3,0,100
ATT-000527,EMP-0141,2025-02,1/2/2025,20,15,0,4,0,1,0,5,0,0,17,75
ATT-000528,EMP-0142,2025-02,1/2/2025,20,20,0,0,0,0,0,0,0,0,0,100
ATT-000529,EMP-0146,2025-02,1/2/2025,20,17,0,0,0,0,3,3,0,0,0,85
ATT-000530,EMP-0148,2025-02,1/2/2025,20,20,0,0,0,0,0,0,0,0,23,100
ATT-000531,EMP-0149,2025-02,1/2/2025,20,19,1,0,0,0,0,0,0,0,0,95
ATT-000532,EMP-0150,2025-02,1/2/2025,20,20,0,0,0,0,0,0,0,0,0,100
ATT-000533,EMP-0151,2025-02,1/2/2025,20,18,2,0,0,0,0,0,0,0,0,90
ATT-000534,EMP-0152,2025-02,1/2/2025,20,9,0,8,3,0,0,11,0,0,0,45
ATT-000535,EMP-0153,2025-02,1/2/2025,20,20,0,0,0,0,0,0,5,0,0,100
ATT-000536,EMP-0155,2025-02,1/2/2025,20,20,0,0,0,0,0,0,3,0,0,100
ATT-000537,EMP-0157,2025-02,1/2/2025,20,20,0,0,0,0,0,0,0,0,9,100
ATT-000538,EMP-0158,2025-02,1/2/2025,20,17,1,0,2,0,0,2,0,0,14,85
ATT-000539,EMP-0159,2025-02,1/2/2025,20,20,0,0,0,0,0,0,0,0,13.5,100
ATT-000540,EMP-0160,2025-02,1/2/2025,20,20,0,0,0,0,0,0,0,3,0,100
ATT-000541,EMP-0161,2025-02,1/2/2025,20,17,0,0,0,3,0,3,1,0,0,85
ATT-000542,EMP-0162,2025-02,1/2/2025,20,20,0,0,0,0,0,0,0,0,9,100
ATT-000543,EMP-0163,2025-02,1/2/2025,20,5,2,10,0,0,3,13,2,0,0,25
ATT-000544,EMP-0164,2025-02,1/2/2025,20,20,0,0,0,0,0,0,3,0,23,100
ATT-000545,EMP-0167,2025-02,1/2/2025,20,20,0,0,0,0,0,0,6,0,23.5,100
ATT-000546,EMP-0168,2025-02,1/2/2025,20,8,0,10,2,0,0,12,0,0,0,40
ATT-000547,EMP-0169,2025-02,1/2/2025,20,20,0,0,0,0,0,0,0,0,0,100
ATT-000548,EMP-0170,2025-02,1/2/2025,20,16,0,4,0,0,0,4,0,0,12.5,80
ATT-000549,EMP-0171,2025-02,1/2/2025,20,12,0,8,0,0,0,8,0,0,21,60
ATT-000550,EMP-0172,2025-02,1/2/2025,20,20,0,0,0,0,0,0,1,0,5.5,100
ATT-000551,EMP-0173,2025-02,1/2/2025,20,20,0,0,0,0,0,0,0,0,21,100
ATT-000552,EMP-0174,2025-02,1/2/2025,20,20,0,0,0,0,0,0,0,1,16.5,100
ATT-000553,EMP-0175,2025-02,1/2/2025,20,18,2,0,0,0,0,0,0,0,3,90
ATT-000554,EMP-0176,2025-02,1/2/2025,20,20,0,0,0,0,0,0,0,0,0,100
ATT-000555,EMP-0177,2025-02,1/2/2025,20,18,2,0,0,0,0,0,0,2,14.5,90
ATT-000556,EMP-0178,2025-02,1/2/2025,20,20,0,0,0,0,0,0,0,0,6.5,100
ATT-000557,EMP-0179,2025-02,1/2/2025,20,20,0,0,0,0,0,0,0,3,0,100
ATT-000558,EMP-0180,2025-02,1/2/2025,20,19,1,0,0,0,0,0,0,0,0,95
ATT-000559,EMP-0182,2025-02,1/2/2025,20,20,0,0,0,0,0,0,3,3,0,100
ATT-000560,EMP-0183,2025-02,1/2/2025,20,18,2,0,0,0,0,0,0,0,15.5,90
ATT-000561,EMP-0184,2025-02,1/2/2025,20,20,0,0,0,0,0,0,0,2,0,100
ATT-000562,EMP-0186,2025-02,1/2/2025,20,20,0,0,0,0,0,0,6,1,15,100
ATT-000563,EMP-0187,2025-02,1/2/2025,20,20,0,0,0,0,0,0,1,0,17,100
ATT-000564,EMP-0188,2025-02,1/2/2025,20,19,0,0,1,0,0,1,0,0,0,95
ATT-000565,EMP-0189,2025-02,1/2/2025,20,20,0,0,0,0,0,0,0,0,21.5,100
ATT-000566,EMP-0190,2025-02,1/2/2025,20,20,0,0,0,0,0,0,0,0,0,100
ATT-000567,EMP-0191,2025-02,1/2/2025,20,20,0,0,0,0,0,0,0,0,0,100
ATT-000568,EMP-0193,2025-02,1/2/2025,20,20,0,0,0,0,0,0,0,0,0,100
ATT-000569,EMP-0194,2025-02,1/2/2025,20,20,0,0,0,0,0,0,0,0,0,100
ATT-000570,EMP-0195,2025-02,1/2/2025,20,20,0,0,0,0,0,0,1,0,0,100
ATT-000571,EMP-0196,2025-02,1/2/2025,20,20,0,0,0,0,0,0,0,0,6.5,100
ATT-000572,EMP-0197,2025-02,1/2/2025,20,20,0,0,0,0,0,0,0,4,0,100
ATT-000573,EMP-0198,2025-02,1/2/2025,20,20,0,0,0,0,0,0,0,0,0,100
ATT-000574,EMP-0199,2025-02,1/2/2025,20,20,0,0,0,0,0,0,3,1,2,100
ATT-000575,EMP-0200,2025-02,1/2/2025,20,14,0,6,0,0,0,6,0,0,0,70
ATT-000576,EMP-0201,2025-02,1/2/2025,20,10,0,9,1,0,0,10,3,0,0,50
ATT-000577,EMP-0202,2025-02,1/2/2025,20,20,0,0,0,0,0,0,4,2,4.5,100
ATT-000578,EMP-0203,2025-02,1/2/2025,20,20,0,0,0,0,0,0,0,0,6,100
ATT-000579,EMP-0204,2025-02,1/2/2025,20,20,0,0,0,0,0,0,5,0,0,100
ATT-000580,EMP-0209,2025-02,1/2/2025,20,20,0,0,0,0,0,0,0,0,0,100
ATT-000581,EMP-0210,2025-02,1/2/2025,20,20,0,0,0,0,0,0,0,0,0,100
ATT-000582,EMP-0211,2025-02,1/2/2025,20,20,0,0,0,0,0,0,0,0,0,100
ATT-000583,EMP-0212,2025-02,1/2/2025,20,20,0,0,0,0,0,0,0,0,3,100
ATT-000584,EMP-0213,2025-02,1/2/2025,20,20,0,0,0,0,0,0,0,0,0,100
ATT-000585,EMP-0214,2025-02,1/2/2025,20,20,0,0,0,0,0,0,0,4,0,100
ATT-000586,EMP-0215,2025-02,1/2/2025,20,20,0,0,0,0,0,0,2,4,23,100
ATT-000587,EMP-0216,2025-02,1/2/2025,20,19,0,0,1,0,0,1,0,0,0,95
ATT-000588,EMP-0217,2025-02,1/2/2025,20,13,0,7,0,0,0,7,5,0,0,65
ATT-000589,EMP-0219,2025-02,1/2/2025,20,19,1,0,0,0,0,0,0,0,0,95
ATT-000590,EMP-0220,2025-02,1/2/2025,20,20,0,0,0,0,0,0,3,0,15,100
ATT-000591,EMP-0221,2025-02,1/2/2025,20,20,0,0,0,0,0,0,0,0,0,100
ATT-000592,EMP-0222,2025-02,1/2/2025,20,20,0,0,0,0,0,0,0,0,0,100
ATT-000593,EMP-0223,2025-02,1/2/2025,20,20,0,0,0,0,0,0,3,0,0,100
ATT-000594,EMP-0226,2025-02,1/2/2025,20,20,0,0,0,0,0,0,0,0,0,100
ATT-000595,EMP-0227,2025-02,1/2/2025,20,19,0,0,0,1,0,1,0,0,0,95
ATT-000596,EMP-0228,2025-02,1/2/2025,20,20,0,0,0,0,0,0,0,0,0,100
ATT-000597,EMP-0229,2025-02,1/2/2025,20,20,0,0,0,0,0,0,0,0,0,100
ATT-000598,EMP-0231,2025-02,1/2/2025,20,18,2,0,0,0,0,0,0,0,0,90
ATT-000599,EMP-0232,2025-02,1/2/2025,20,20,0,0,0,0,0,0,1,0,5.5,100
ATT-000600,EMP-0235,2025-02,1/2/2025,20,20,0,0,0,0,0,0,0,0,0,100
ATT-000601,EMP-0236,2025-02,1/2/2025,20,20,0,0,0,0,0,0,0,0,21.5,100
ATT-000602,EMP-0237,2025-02,1/2/2025,20,20,0,0,0,0,0,0,0,0,22.5,100
ATT-000603,EMP-0238,2025-02,1/2/2025,20,17,0,3,0,0,0,3,0,0,0,85
ATT-000604,EMP-0239,2025-02,1/2/2025,20,20,0,0,0,0,0,0,0,0,0,100
ATT-000605,EMP-0240,2025-02,1/2/2025,20,18,2,0,0,0,0,0,0,0,0,90
ATT-000606,EMP-0241,2025-02,1/2/2025,20,20,0,0,0,0,0,0,6,0,0,100
ATT-000607,EMP-0242,2025-02,1/2/2025,20,16,0,0,0,4,0,4,0,0,23.5,80
ATT-000608,EMP-0243,2025-02,1/2/2025,20,18,0,0,0,0,2,2,0,0,0,90
ATT-000609,EMP-0244,2025-02,1/2/2025,20,20,0,0,0,0,0,0,0,1,0,100
ATT-000610,EMP-0245,2025-02,1/2/2025,20,18,2,0,0,0,0,0,0,0,23,90
ATT-000611,EMP-0246,2025-02,1/2/2025,20,20,0,0,0,0,0,0,4,3,0,100
ATT-000612,EMP-0247,2025-02,1/2/2025,20,20,0,0,0,0,0,0,4,0,14.5,100
ATT-000613,EMP-0248,2025-02,1/2/2025,20,19,0,1,0,0,0,1,0,0,8,95
ATT-000614,EMP-0250,2025-02,1/2/2025,20,10,0,10,0,0,0,10,0,0,0,50
ATT-000615,EMP-0252,2025-02,1/2/2025,20,20,0,0,0,0,0,0,0,0,0,100
ATT-000616,EMP-0254,2025-02,1/2/2025,20,20,0,0,0,0,0,0,4,4,0,100
ATT-000617,EMP-0256,2025-02,1/2/2025,20,16,0,4,0,0,0,4,0,0,0,80
ATT-000618,EMP-0257,2025-02,1/2/2025,20,13,2,4,1,0,0,5,2,0,0,65
ATT-000619,EMP-0258,2025-02,1/2/2025,20,17,0,0,0,3,0,3,0,0,17.5,85
ATT-000620,EMP-0260,2025-02,1/2/2025,20,18,2,0,0,0,0,0,0,0,0,90
ATT-000621,EMP-0261,2025-02,1/2/2025,20,16,1,0,0,3,0,3,4,0,15,80
ATT-000622,EMP-0262,2025-02,1/2/2025,20,20,0,0,0,0,0,0,0,4,0,100
ATT-000623,EMP-0263,2025-02,1/2/2025,20,11,2,7,0,0,0,7,0,2,21,55
ATT-000624,EMP-0264,2025-02,1/2/2025,20,20,0,0,0,0,0,0,0,2,0,100
ATT-000625,EMP-0265,2025-02,1/2/2025,20,20,0,0,0,0,0,0,3,0,0,100
ATT-000626,EMP-0266,2025-02,1/2/2025,20,18,0,0,0,2,0,2,0,0,8.5,90
ATT-000627,EMP-0267,2025-02,1/2/2025,20,19,1,0,0,0,0,0,0,3,0,95
ATT-000628,EMP-0268,2025-02,1/2/2025,20,19,1,0,0,0,0,0,0,0,0,95
ATT-000629,EMP-0269,2025-02,1/2/2025,20,20,0,0,0,0,0,0,2,1,0,100
ATT-000630,EMP-0272,2025-02,1/2/2025,20,20,0,0,0,0,0,0,5,0,0,100
ATT-000631,EMP-0273,2025-02,1/2/2025,20,13,0,7,0,0,0,7,3,0,6.5,65
ATT-000632,EMP-0274,2025-02,1/2/2025,20,14,0,6,0,0,0,6,0,0,0,70
ATT-000633,EMP-0275,2025-02,1/2/2025,20,11,1,8,0,0,0,8,0,0,13,55
ATT-000634,EMP-0277,2025-02,1/2/2025,20,20,0,0,0,0,0,0,1,3,0,100
ATT-000635,EMP-0278,2025-02,1/2/2025,20,20,0,0,0,0,0,0,1,0,14.5,100
ATT-000636,EMP-0279,2025-02,1/2/2025,20,20,0,0,0,0,0,0,6,0,23,100
ATT-000637,EMP-0280,2025-02,1/2/2025,20,15,0,5,0,0,0,5,1,0,17,75
ATT-000638,EMP-0281,2025-02,1/2/2025,20,18,0,0,2,0,0,2,6,0,0,90
ATT-000639,EMP-0282,2025-02,1/2/2025,20,20,0,0,0,0,0,0,3,0,0,100
ATT-000640,EMP-0283,2025-02,1/2/2025,20,19,0,0,1,0,0,1,3,0,0,95
ATT-000641,EMP-0286,2025-02,1/2/2025,20,20,0,0,0,0,0,0,0,0,0,100
ATT-000642,EMP-0287,2025-02,1/2/2025,20,11,0,9,0,0,0,9,2,3,19,55
ATT-000643,EMP-0288,2025-02,1/2/2025,20,18,2,0,0,0,0,0,0,0,0,90
ATT-000644,EMP-0289,2025-02,1/2/2025,20,8,0,10,2,0,0,12,0,0,0,40
ATT-000645,EMP-0290,2025-02,1/2/2025,20,20,0,0,0,0,0,0,2,0,0,100
ATT-000646,EMP-0291,2025-02,1/2/2025,20,20,0,0,0,0,0,0,6,0,0,100
ATT-000647,EMP-0292,2025-02,1/2/2025,20,20,0,0,0,0,0,0,0,0,0,100
ATT-000648,EMP-0293,2025-02,1/2/2025,20,20,0,0,0,0,0,0,0,0,20.5,100
ATT-000649,EMP-0294,2025-02,1/2/2025,20,20,0,0,0,0,0,0,0,0,0,100
ATT-000650,EMP-0295,2025-02,1/2/2025,20,18,0,0,2,0,0,2,0,0,0,90
ATT-000651,EMP-0296,2025-02,1/2/2025,20,20,0,0,0,0,0,0,3,0,0,100
ATT-000652,EMP-0297,2025-02,1/2/2025,20,20,0,0,0,0,0,0,0,1,0,100
ATT-000653,EMP-0300,2025-02,1/2/2025,20,15,0,5,0,0,0,5,0,0,0,75
ATT-000654,EMP-0303,2025-02,1/2/2025,20,20,0,0,0,0,0,0,6,0,0,100
ATT-000655,EMP-0304,2025-02,1/2/2025,20,12,0,8,0,0,0,8,0,0,0,60
ATT-000656,EMP-0305,2025-02,1/2/2025,20,20,0,0,0,0,0,0,0,0,0,100
ATT-000657,EMP-0306,2025-02,1/2/2025,20,20,0,0,0,0,0,0,0,0,8,100
ATT-000658,EMP-0307,2025-02,1/2/2025,20,20,0,0,0,0,0,0,0,0,0,100
ATT-000659,EMP-0308,2025-02,1/2/2025,20,18,2,0,0,0,0,0,0,0,0,90
ATT-000660,EMP-0309,2025-02,1/2/2025,20,20,0,0,0,0,0,0,0,3,13.5,100
ATT-000661,EMP-0310,2025-02,1/2/2025,20,20,0,0,0,0,0,0,0,0,19,100
ATT-000662,EMP-0311,2025-02,1/2/2025,20,20,0,0,0,0,0,0,0,0,14,100
ATT-000663,EMP-0312,2025-02,1/2/2025,20,20,0,0,0,0,0,0,0,0,0,100
ATT-000664,EMP-0313,2025-02,1/2/2025,20,20,0,0,0,0,0,0,0,0,0,100
ATT-000665,EMP-0314,2025-02,1/2/2025,20,20,0,0,0,0,0,0,0,0,0,100
ATT-000666,EMP-0315,2025-02,1/2/2025,20,10,0,10,0,0,0,10,0,0,10,50
ATT-000667,EMP-0316,2025-02,1/2/2025,20,18,2,0,0,0,0,0,2,0,0,90
ATT-000668,EMP-0318,2025-02,1/2/2025,20,20,0,0,0,0,0,0,0,0,0,100
ATT-000669,EMP-0320,2025-02,1/2/2025,20,19,1,0,0,0,0,0,0,1,20.5,95
ATT-000670,EMP-0321,2025-02,1/2/2025,20,20,0,0,0,0,0,0,0,0,0,100
ATT-000671,EMP-0322,2025-02,1/2/2025,20,20,0,0,0,0,0,0,5,0,4,100
ATT-000672,EMP-0324,2025-02,1/2/2025,20,20,0,0,0,0,0,0,0,3,0,100
ATT-000673,EMP-0325,2025-02,1/2/2025,20,18,2,0,0,0,0,0,0,0,0,90
ATT-000674,EMP-0326,2025-02,1/2/2025,20,20,0,0,0,0,0,0,0,0,0,100
ATT-000675,EMP-0327,2025-02,1/2/2025,20,15,0,5,0,0,0,5,0,0,25.5,75
ATT-000676,EMP-0328,2025-02,1/2/2025,20,11,0,9,0,0,0,9,0,0,16,55
ATT-000677,EMP-0329,2025-02,1/2/2025,20,20,0,0,0,0,0,0,2,0,9.5,100
ATT-000678,EMP-0331,2025-02,1/2/2025,20,20,0,0,0,0,0,0,0,4,25.5,100
ATT-000679,EMP-0332,2025-02,1/2/2025,20,19,0,1,0,0,0,1,0,0,0,95
ATT-000680,EMP-0333,2025-02,1/2/2025,20,19,0,0,1,0,0,1,4,0,26,95
ATT-000681,EMP-0334,2025-02,1/2/2025,20,20,0,0,0,0,0,0,0,0,0,100
ATT-000682,EMP-0335,2025-02,1/2/2025,20,19,0,0,0,0,1,1,2,0,0,95
ATT-000683,EMP-0336,2025-02,1/2/2025,20,20,0,0,0,0,0,0,0,0,0,100
ATT-000684,EMP-0337,2025-02,1/2/2025,20,20,0,0,0,0,0,0,0,0,0,100
ATT-000685,EMP-0338,2025-02,1/2/2025,20,20,0,0,0,0,0,0,1,0,0,100
ATT-000686,EMP-0339,2025-02,1/2/2025,20,20,0,0,0,0,0,0,5,0,0,100
ATT-000687,EMP-0340,2025-02,1/2/2025,20,20,0,0,0,0,0,0,0,0,0,100
ATT-000688,EMP-0341,2025-02,1/2/2025,20,18,0,0,2,0,0,2,0,0,0,90
ATT-000689,EMP-0342,2025-02,1/2/2025,20,20,0,0,0,0,0,0,0,0,0,100
ATT-000690,EMP-0343,2025-02,1/2/2025,20,20,0,0,0,0,0,0,4,0,0,100
ATT-000691,EMP-0344,2025-02,1/2/2025,20,20,0,0,0,0,0,0,0,3,0,100
ATT-000692,EMP-0345,2025-02,1/2/2025,20,20,0,0,0,0,0,0,1,0,0,100
ATT-000693,EMP-0347,2025-02,1/2/2025,20,20,0,0,0,0,0,0,3,0,19,100
ATT-000694,EMP-0349,2025-02,1/2/2025,20,19,0,0,1,0,0,1,2,0,0,95
ATT-000695,EMP-0350,2025-02,1/2/2025,20,20,0,0,0,0,0,0,0,0,0,100
ATT-000696,EMP-0351,2025-02,1/2/2025,20,19,1,0,0,0,0,0,5,0,11,95
ATT-000697,EMP-0352,2025-02,1/2/2025,20,20,0,0,0,0,0,0,0,0,6.5,100
ATT-000698,EMP-0353,2025-02,1/2/2025,20,19,1,0,0,0,0,0,0,0,19.5,95
ATT-000699,EMP-0354,2025-02,1/2/2025,20,14,0,4,2,0,0,6,0,2,5.5,70
ATT-000700,EMP-0355,2025-02,1/2/2025,20,20,0,0,0,0,0,0,0,0,0,100
ATT-000701,EMP-0356,2025-02,1/2/2025,20,19,1,0,0,0,0,0,0,0,2,95
ATT-000702,EMP-0357,2025-02,1/2/2025,20,20,0,0,0,0,0,0,0,0,0,100
ATT-000703,EMP-0359,2025-02,1/2/2025,20,20,0,0,0,0,0,0,0,3,0,100
ATT-000704,EMP-0360,2025-02,1/2/2025,20,20,0,0,0,0,0,0,0,3,15,100
ATT-000705,EMP-0361,2025-02,1/2/2025,20,17,0,3,0,0,0,3,6,0,0,85
ATT-000706,EMP-0362,2025-02,1/2/2025,20,13,0,7,0,0,0,7,0,0,0,65
ATT-000707,EMP-0363,2025-02,1/2/2025,20,20,0,0,0,0,0,0,0,0,0,100
ATT-000708,EMP-0364,2025-02,1/2/2025,20,20,0,0,0,0,0,0,0,0,10,100
ATT-000709,EMP-0366,2025-02,1/2/2025,20,20,0,0,0,0,0,0,0,0,15.5,100
ATT-000710,EMP-0368,2025-02,1/2/2025,20,20,0,0,0,0,0,0,3,0,0,100
ATT-000711,EMP-0369,2025-02,1/2/2025,20,19,1,0,0,0,0,0,0,0,0,95
ATT-000712,EMP-0370,2025-02,1/2/2025,20,20,0,0,0,0,0,0,0,0,0,100
ATT-000713,EMP-0372,2025-02,1/2/2025,20,20,0,0,0,0,0,0,3,0,6,100
ATT-000714,EMP-0373,2025-02,1/2/2025,20,20,0,0,0,0,0,0,0,0,0,100
ATT-000715,EMP-0374,2025-02,1/2/2025,20,19,0,0,1,0,0,1,5,0,0,95
ATT-000716,EMP-0375,2025-02,1/2/2025,20,12,0,8,0,0,0,8,0,2,0,60
ATT-000717,EMP-0376,2025-02,1/2/2025,20,20,0,0,0,0,0,0,0,0,0,100
ATT-000718,EMP-0377,2025-02,1/2/2025,20,19,0,0,1,0,0,1,0,2,0,95
ATT-000719,EMP-0378,2025-02,1/2/2025,20,20,0,0,0,0,0,0,3,0,0,100
ATT-000720,EMP-0379,2025-02,1/2/2025,20,16,0,4,0,0,0,4,6,0,0,80
ATT-000721,EMP-0381,2025-02,1/2/2025,20,20,0,0,0,0,0,0,0,0,12.5,100
ATT-000722,EMP-0382,2025-02,1/2/2025,20,20,0,0,0,0,0,0,0,1,0,100
ATT-000723,EMP-0383,2025-02,1/2/2025,20,20,0,0,0,0,0,0,0,1,0,100
ATT-000724,EMP-0384,2025-02,1/2/2025,20,20,0,0,0,0,0,0,5,1,10,100
ATT-000725,EMP-0385,2025-02,1/2/2025,20,20,0,0,0,0,0,0,0,0,0,100
ATT-000726,EMP-0387,2025-02,1/2/2025,20,11,0,9,0,0,0,9,0,0,0,55
ATT-000727,EMP-0388,2025-02,1/2/2025,20,20,0,0,0,0,0,0,0,0,0,100
ATT-000728,EMP-0389,2025-02,1/2/2025,20,20,0,0,0,0,0,0,0,0,0,100
ATT-000729,EMP-0390,2025-02,1/2/2025,20,20,0,0,0,0,0,0,0,1,11.5,100
ATT-000730,EMP-0391,2025-02,1/2/2025,20,20,0,0,0,0,0,0,0,0,0,100
ATT-000731,EMP-0393,2025-02,1/2/2025,20,20,0,0,0,0,0,0,0,2,19.5,100
ATT-000732,EMP-0394,2025-02,1/2/2025,20,18,0,2,0,0,0,2,0,0,0,90
ATT-000733,EMP-0395,2025-02,1/2/2025,20,20,0,0,0,0,0,0,0,0,0,100
ATT-000734,EMP-0398,2025-02,1/2/2025,20,20,0,0,0,0,0,0,0,0,0,100
ATT-000735,EMP-0399,2025-02,1/2/2025,20,20,0,0,0,0,0,0,0,1,13.5,100
ATT-000736,EMP-0400,2025-02,1/2/2025,20,20,0,0,0,0,0,0,0,0,17,100
ATT-000737,EMP-0402,2025-02,1/2/2025,20,20,0,0,0,0,0,0,1,0,19.5,100
ATT-000738,EMP-0403,2025-02,1/2/2025,20,20,0,0,0,0,0,0,5,3,0,100
ATT-000739,EMP-0405,2025-02,1/2/2025,20,20,0,0,0,0,0,0,0,0,16,100
ATT-000740,EMP-0406,2025-02,1/2/2025,20,20,0,0,0,0,0,0,0,0,18,100
ATT-000741,EMP-0407,2025-02,1/2/2025,20,20,0,0,0,0,0,0,0,0,0,100
ATT-000742,EMP-0409,2025-02,1/2/2025,20,20,0,0,0,0,0,0,5,0,0,100
ATT-000743,EMP-0410,2025-02,1/2/2025,20,20,0,0,0,0,0,0,0,2,14,100
ATT-000744,EMP-0411,2025-02,1/2/2025,20,19,0,0,1,0,0,1,6,0,19,95
ATT-000745,EMP-0412,2025-02,1/2/2025,20,20,0,0,0,0,0,0,5,0,0,100
ATT-000746,EMP-0413,2025-02,1/2/2025,20,20,0,0,0,0,0,0,5,3,0,100
ATT-000747,EMP-0414,2025-02,1/2/2025,20,20,0,0,0,0,0,0,2,0,0,100
ATT-000748,EMP-0415,2025-02,1/2/2025,20,20,0,0,0,0,0,0,6,4,3,100
ATT-000749,EMP-0416,2025-02,1/2/2025,20,19,1,0,0,0,0,0,0,2,22.5,95
ATT-000750,EMP-0417,2025-02,1/2/2025,20,10,0,10,0,0,0,10,0,0,16.5,50
ATT-000751,EMP-0420,2025-02,1/2/2025,20,17,0,0,3,0,0,3,5,0,11.5,85
ATT-000752,EMP-0421,2025-02,1/2/2025,20,20,0,0,0,0,0,0,0,0,0,100
ATT-000753,EMP-0422,2025-02,1/2/2025,20,19,0,0,1,0,0,1,4,0,0,95
ATT-000754,EMP-0423,2025-02,1/2/2025,20,19,1,0,0,0,0,0,0,0,16,95
ATT-000755,EMP-0424,2025-02,1/2/2025,20,19,1,0,0,0,0,0,5,0,24.5,95
ATT-000756,EMP-0425,2025-02,1/2/2025,20,20,0,0,0,0,0,0,0,0,11.5,100
ATT-000757,EMP-0426,2025-02,1/2/2025,20,20,0,0,0,0,0,0,0,0,0,100
ATT-000758,EMP-0427,2025-02,1/2/2025,20,17,0,0,3,0,0,3,6,4,24.5,85
ATT-000759,EMP-0428,2025-02,1/2/2025,20,20,0,0,0,0,0,0,4,0,0,100
ATT-000760,EMP-0429,2025-02,1/2/2025,20,20,0,0,0,0,0,0,3,0,0,100
ATT-000761,EMP-0430,2025-02,1/2/2025,20,20,0,0,0,0,0,0,0,0,0,100
ATT-000762,EMP-0431,2025-02,1/2/2025,20,17,2,0,1,0,0,1,0,1,16,85
ATT-000763,EMP-0432,2025-02,1/2/2025,20,20,0,0,0,0,0,0,2,0,0,100
ATT-000764,EMP-0433,2025-02,1/2/2025,20,20,0,0,0,0,0,0,0,3,22,100
ATT-000765,EMP-0434,2025-02,1/2/2025,20,18,2,0,0,0,0,0,0,0,0,90
ATT-000766,EMP-0435,2025-02,1/2/2025,20,11,0,9,0,0,0,9,0,2,12.5,55
ATT-000767,EMP-0436,2025-02,1/2/2025,20,20,0,0,0,0,0,0,0,2,0,100
ATT-000768,EMP-0438,2025-02,1/2/2025,20,18,0,0,0,0,2,2,0,4,3.5,90
ATT-000769,EMP-0439,2025-02,1/2/2025,20,20,0,0,0,0,0,0,0,0,0,100
ATT-000770,EMP-0440,2025-02,1/2/2025,20,18,0,0,0,0,2,2,0,0,0,90
ATT-000771,EMP-0441,2025-02,1/2/2025,20,16,0,0,0,4,0,4,0,0,17.5,80
ATT-000772,EMP-0442,2025-02,1/2/2025,20,20,0,0,0,0,0,0,0,0,0,100
ATT-000773,EMP-0443,2025-02,1/2/2025,20,20,0,0,0,0,0,0,5,4,0,100
ATT-000774,EMP-0444,2025-02,1/2/2025,20,20,0,0,0,0,0,0,5,4,19.5,100
ATT-000775,EMP-0445,2025-02,1/2/2025,20,20,0,0,0,0,0,0,5,1,22,100
ATT-000776,EMP-0446,2025-02,1/2/2025,20,18,2,0,0,0,0,0,6,0,0,90
ATT-000777,EMP-0449,2025-02,1/2/2025,20,19,0,1,0,0,0,1,0,0,4.5,95
ATT-000778,EMP-0450,2025-02,1/2/2025,20,20,0,0,0,0,0,0,0,0,18.5,100
ATT-000779,EMP-0451,2025-02,1/2/2025,20,20,0,0,0,0,0,0,0,4,0,100
ATT-000780,EMP-0452,2025-02,1/2/2025,20,16,0,4,0,0,0,4,0,0,6.5,80
ATT-000781,EMP-0453,2025-02,1/2/2025,20,20,0,0,0,0,0,0,0,0,0,100
ATT-000782,EMP-0454,2025-02,1/2/2025,20,20,0,0,0,0,0,0,0,0,0,100
ATT-000783,EMP-0455,2025-02,1/2/2025,20,20,0,0,0,0,0,0,1,0,22,100
ATT-000784,EMP-0457,2025-02,1/2/2025,20,20,0,0,0,0,0,0,0,0,0,100
ATT-000785,EMP-0458,2025-02,1/2/2025,20,20,0,0,0,0,0,0,5,3,20,100
ATT-000786,EMP-0459,2025-02,1/2/2025,20,20,0,0,0,0,0,0,0,0,0,100
ATT-000787,EMP-0460,2025-02,1/2/2025,20,20,0,0,0,0,0,0,3,0,0,100
ATT-000788,EMP-0461,2025-02,1/2/2025,20,20,0,0,0,0,0,0,0,4,0,100
ATT-000789,EMP-0462,2025-02,1/2/2025,20,17,0,0,3,0,0,3,0,0,6,85
ATT-000790,EMP-0463,2025-02,1/2/2025,20,20,0,0,0,0,0,0,2,3,20.5,100
ATT-000791,EMP-0464,2025-02,1/2/2025,20,18,2,0,0,0,0,0,0,1,0,90
ATT-000792,EMP-0465,2025-02,1/2/2025,20,20,0,0,0,0,0,0,4,0,0,100
ATT-000793,EMP-0466,2025-02,1/2/2025,20,20,0,0,0,0,0,0,0,0,0,100
ATT-000794,EMP-0467,2025-02,1/2/2025,20,20,0,0,0,0,0,0,0,0,0,100
ATT-000795,EMP-0468,2025-02,1/2/2025,20,20,0,0,0,0,0,0,4,0,24,100
ATT-000796,EMP-0469,2025-02,1/2/2025,20,20,0,0,0,0,0,0,3,0,15,100
ATT-000797,EMP-0470,2025-02,1/2/2025,20,14,2,4,0,0,0,4,0,3,0,70
ATT-000798,EMP-0471,2025-02,1/2/2025,20,20,0,0,0,0,0,0,0,0,0,100
ATT-000799,EMP-0472,2025-02,1/2/2025,20,20,0,0,0,0,0,0,0,0,0,100
ATT-000800,EMP-0473,2025-02,1/2/2025,20,18,2,0,0,0,0,0,0,4,0,90
ATT-000801,EMP-0474,2025-02,1/2/2025,20,17,1,0,2,0,0,2,6,1,0,85
ATT-000802,EMP-0475,2025-02,1/2/2025,20,20,0,0,0,0,0,0,0,0,0,100
ATT-000803,EMP-0476,2025-02,1/2/2025,20,19,0,0,1,0,0,1,0,0,9,95
ATT-000804,EMP-0478,2025-02,1/2/2025,20,20,0,0,0,0,0,0,2,2,0,100
ATT-000805,EMP-0480,2025-02,1/2/2025,20,20,0,0,0,0,0,0,3,0,0,100
ATT-000806,EMP-0481,2025-02,1/2/2025,20,18,0,0,0,0,2,2,0,4,0,90
ATT-000807,EMP-0482,2025-02,1/2/2025,20,20,0,0,0,0,0,0,0,1,10,100
ATT-000808,EMP-0483,2025-02,1/2/2025,20,20,0,0,0,0,0,0,5,0,19.5,100
ATT-000809,EMP-0484,2025-02,1/2/2025,20,15,0,5,0,0,0,5,0,0,6,75
ATT-000810,EMP-0485,2025-02,1/2/2025,20,20,0,0,0,0,0,0,0,0,0,100
ATT-000811,EMP-0486,2025-02,1/2/2025,20,20,0,0,0,0,0,0,2,4,21,100
ATT-000812,EMP-0487,2025-02,1/2/2025,20,18,2,0,0,0,0,0,1,0,16.5,90
ATT-000813,EMP-0488,2025-02,1/2/2025,20,17,0,0,3,0,0,3,0,0,25.5,85
ATT-000814,EMP-0489,2025-02,1/2/2025,20,20,0,0,0,0,0,0,3,0,8.5,100
ATT-000815,EMP-0491,2025-02,1/2/2025,20,19,0,0,0,1,0,1,4,4,0,95
ATT-000816,EMP-0492,2025-02,1/2/2025,20,14,0,6,0,0,0,6,2,0,0,70
ATT-000817,EMP-0493,2025-02,1/2/2025,20,16,0,4,0,0,0,4,2,2,0,80
ATT-000818,EMP-0494,2025-02,1/2/2025,20,20,0,0,0,0,0,0,1,0,0,100
ATT-000819,EMP-0495,2025-02,1/2/2025,20,17,0,0,3,0,0,3,0,0,0,85
ATT-000820,EMP-0497,2025-02,1/2/2025,20,18,2,0,0,0,0,0,4,0,19.5,90
ATT-000821,EMP-0498,2025-02,1/2/2025,20,20,0,0,0,0,0,0,0,4,0,100
ATT-000822,EMP-0499,2025-02,1/2/2025,20,18,0,2,0,0,0,2,0,0,0,90
ATT-000823,EMP-0500,2025-02,1/2/2025,20,19,0,1,0,0,0,1,0,2,0,95
ATT-000824,EMP-0001,2025-03,1/3/2025,18,14,0,4,0,0,0,4,6,0,0,77.78
ATT-000825,EMP-0003,2025-03,1/3/2025,18,8,0,10,0,0,0,10,1,0,7.5,44.44
ATT-000826,EMP-0005,2025-03,1/3/2025,18,16,0,2,0,0,0,2,0,0,9.5,88.89
ATT-000827,EMP-0006,2025-03,1/3/2025,18,18,0,0,0,0,0,0,2,0,0,100
ATT-000828,EMP-0008,2025-03,1/3/2025,18,16,0,0,0,0,2,2,0,0,0,88.89
ATT-000829,EMP-0009,2025-03,1/3/2025,18,10,0,8,0,0,0,8,0,0,0,55.56
ATT-000830,EMP-0010,2025-03,1/3/2025,18,18,0,0,0,0,0,0,0,0,0,100
ATT-000831,EMP-0014,2025-03,1/3/2025,18,12,0,6,0,0,0,6,5,0,0,66.67
ATT-000832,EMP-0015,2025-03,1/3/2025,18,16,0,0,2,0,0,2,0,0,0,88.89
ATT-000833,EMP-0016,2025-03,1/3/2025,18,18,0,0,0,0,0,0,0,1,0,100
ATT-000834,EMP-0017,2025-03,1/3/2025,18,14,0,4,0,0,0,4,2,4,12,77.78
ATT-000835,EMP-0018,2025-03,1/3/2025,18,18,0,0,0,0,0,0,4,0,23,100
ATT-000836,EMP-0019,2025-03,1/3/2025,18,18,0,0,0,0,0,0,0,0,0,100
ATT-000837,EMP-0020,2025-03,1/3/2025,18,12,0,6,0,0,0,6,4,0,0,66.67
ATT-000838,EMP-0021,2025-03,1/3/2025,18,13,0,5,0,0,0,5,5,1,20.5,72.22
ATT-000839,EMP-0022,2025-03,1/3/2025,18,18,0,0,0,0,0,0,2,4,0,100
ATT-000840,EMP-0023,2025-03,1/3/2025,18,16,0,0,2,0,0,2,6,0,0,88.89
ATT-000841,EMP-0024,2025-03,1/3/2025,18,11,1,6,0,0,0,6,0,1,0,61.11
ATT-000842,EMP-0025,2025-03,1/3/2025,18,18,0,0,0,0,0,0,0,0,0,100
ATT-000843,EMP-0026,2025-03,1/3/2025,18,18,0,0,0,0,0,0,0,0,17.5,100
ATT-000844,EMP-0027,2025-03,1/3/2025,18,18,0,0,0,0,0,0,0,0,0,100
ATT-000845,EMP-0028,2025-03,1/3/2025,18,15,0,0,3,0,0,3,1,0,2.5,83.33
ATT-000846,EMP-0029,2025-03,1/3/2025,18,18,0,0,0,0,0,0,0,0,0,100
ATT-000847,EMP-0030,2025-03,1/3/2025,18,18,0,0,0,0,0,0,0,0,0,100
ATT-000848,EMP-0031,2025-03,1/3/2025,18,15,0,3,0,0,0,3,3,0,0,83.33
ATT-000849,EMP-0032,2025-03,1/3/2025,18,18,0,0,0,0,0,0,0,3,0,100
ATT-000850,EMP-0034,2025-03,1/3/2025,18,11,0,7,0,0,0,7,0,4,26,61.11
ATT-000851,EMP-0035,2025-03,1/3/2025,18,10,0,8,0,0,0,8,0,0,0,55.56
ATT-000852,EMP-0036,2025-03,1/3/2025,18,17,1,0,0,0,0,0,0,0,0,94.44
ATT-000853,EMP-0037,2025-03,1/3/2025,18,9,0,9,0,0,0,9,0,0,11,50
ATT-000854,EMP-0038,2025-03,1/3/2025,18,12,0,6,0,0,0,6,3,4,0,66.67
ATT-000855,EMP-0039,2025-03,1/3/2025,18,13,0,5,0,0,0,5,0,0,0,72.22
ATT-000856,EMP-0040,2025-03,1/3/2025,18,15,0,3,0,0,0,3,3,1,0,83.33
ATT-000857,EMP-0041,2025-03,1/3/2025,18,18,0,0,0,0,0,0,0,3,0,100
ATT-000858,EMP-0042,2025-03,1/3/2025,18,18,0,0,0,0,0,0,0,0,0,100
ATT-000859,EMP-0043,2025-03,1/3/2025,18,18,0,0,0,0,0,0,0,0,6.5,100
ATT-000860,EMP-0044,2025-03,1/3/2025,18,10,0,8,0,0,0,8,2,4,23,55.56
ATT-000861,EMP-0045,2025-03,1/3/2025,18,15,0,0,3,0,0,3,0,0,23,83.33
ATT-000862,EMP-0046,2025-03,1/3/2025,18,18,0,0,0,0,0,0,2,0,0,100
ATT-000863,EMP-0047,2025-03,1/3/2025,18,16,0,0,2,0,0,2,0,0,0,88.89
ATT-000864,EMP-0048,2025-03,1/3/2025,18,18,0,0,0,0,0,0,1,0,0,100
ATT-000865,EMP-0049,2025-03,1/3/2025,18,11,0,7,0,0,0,7,0,0,0,61.11
ATT-000866,EMP-0050,2025-03,1/3/2025,18,17,0,0,0,1,0,1,0,0,0,94.44
ATT-000867,EMP-0051,2025-03,1/3/2025,18,18,0,0,0,0,0,0,0,0,20.5,100
ATT-000868,EMP-0052,2025-03,1/3/2025,18,18,0,0,0,0,0,0,0,0,0,100
ATT-000869,EMP-0053,2025-03,1/3/2025,18,15,0,3,0,0,0,3,0,0,0,83.33
ATT-000870,EMP-0055,2025-03,1/3/2025,18,18,0,0,0,0,0,0,0,3,17,100
ATT-000871,EMP-0056,2025-03,1/3/2025,18,18,0,0,0,0,0,0,0,3,22,100
ATT-000872,EMP-0057,2025-03,1/3/2025,18,18,0,0,0,0,0,0,6,0,13,100
ATT-000873,EMP-0058,2025-03,1/3/2025,18,13,0,5,0,0,0,5,1,0,0,72.22
ATT-000874,EMP-0059,2025-03,1/3/2025,18,18,0,0,0,0,0,0,0,0,15.5,100
ATT-000875,EMP-0060,2025-03,1/3/2025,18,15,0,3,0,0,0,3,0,3,16.5,83.33
ATT-000876,EMP-0061,2025-03,1/3/2025,18,11,0,7,0,0,0,7,0,0,3.5,61.11
ATT-000877,EMP-0062,2025-03,1/3/2025,18,8,0,10,0,0,0,10,2,0,0,44.44
ATT-000878,EMP-0064,2025-03,1/3/2025,18,18,0,0,0,0,0,0,0,1,0,100
ATT-000879,EMP-0065,2025-03,1/3/2025,18,10,0,8,0,0,0,8,0,1,0,55.56
ATT-000880,EMP-0066,2025-03,1/3/2025,18,18,0,0,0,0,0,0,3,0,0,100
ATT-000881,EMP-0067,2025-03,1/3/2025,18,18,0,0,0,0,0,0,0,0,0,100
ATT-000882,EMP-0068,2025-03,1/3/2025,18,15,2,0,0,0,1,1,0,0,0,83.33
ATT-000883,EMP-0069,2025-03,1/3/2025,18,18,0,0,0,0,0,0,0,3,0,100
ATT-000884,EMP-0070,2025-03,1/3/2025,18,18,0,0,0,0,0,0,0,0,0,100
ATT-000885,EMP-0071,2025-03,1/3/2025,18,15,2,0,1,0,0,1,4,0,0,83.33
ATT-000886,EMP-0072,2025-03,1/3/2025,18,18,0,0,0,0,0,0,1,0,0,100
ATT-000887,EMP-0073,2025-03,1/3/2025,18,18,0,0,0,0,0,0,1,0,0,100
ATT-000888,EMP-0074,2025-03,1/3/2025,18,18,0,0,0,0,0,0,0,0,0,100
ATT-000889,EMP-0079,2025-03,1/3/2025,18,8,0,9,1,0,0,10,0,0,24,44.44
ATT-000890,EMP-0080,2025-03,1/3/2025,18,18,0,0,0,0,0,0,6,0,18,100
ATT-000891,EMP-0082,2025-03,1/3/2025,18,18,0,0,0,0,0,0,6,0,0,100
ATT-000892,EMP-0083,2025-03,1/3/2025,18,17,1,0,0,0,0,0,0,0,19.5,94.44
ATT-000893,EMP-0084,2025-03,1/3/2025,18,16,2,0,0,0,0,0,5,0,0,88.89
ATT-000894,EMP-0085,2025-03,1/3/2025,18,18,0,0,0,0,0,0,0,0,21,100
ATT-000895,EMP-0086,2025-03,1/3/2025,18,13,0,5,0,0,0,5,2,0,0,72.22
ATT-000896,EMP-0087,2025-03,1/3/2025,18,12,0,6,0,0,0,6,3,0,0,66.67
ATT-000897,EMP-0088,2025-03,1/3/2025,18,18,0,0,0,0,0,0,0,0,0,100
ATT-000898,EMP-0089,2025-03,1/3/2025,18,13,0,2,0,3,0,5,2,0,0,72.22
ATT-000899,EMP-0092,2025-03,1/3/2025,18,18,0,0,0,0,0,0,0,3,0,100
ATT-000900,EMP-0093,2025-03,1/3/2025,18,16,1,1,0,0,0,1,0,0,22,88.89
ATT-000901,EMP-0095,2025-03,1/3/2025,18,15,0,2,0,0,1,3,0,0,18,83.33
ATT-000902,EMP-0097,2025-03,1/3/2025,18,18,0,0,0,0,0,0,0,0,15.5,100
ATT-000903,EMP-0098,2025-03,1/3/2025,18,18,0,0,0,0,0,0,0,0,12,100
ATT-000904,EMP-0099,2025-03,1/3/2025,18,18,0,0,0,0,0,0,2,0,0,100
ATT-000905,EMP-0100,2025-03,1/3/2025,18,17,1,0,0,0,0,0,0,0,8.5,94.44
ATT-000906,EMP-0102,2025-03,1/3/2025,18,12,0,6,0,0,0,6,3,0,0,66.67
ATT-000907,EMP-0103,2025-03,1/3/2025,18,18,0,0,0,0,0,0,2,0,0,100
ATT-000908,EMP-0104,2025-03,1/3/2025,18,15,0,3,0,0,0,3,0,4,0,83.33
ATT-000909,EMP-0105,2025-03,1/3/2025,18,8,0,10,0,0,0,10,5,0,21,44.44
ATT-000910,EMP-0106,2025-03,1/3/2025,18,18,0,0,0,0,0,0,0,0,0,100
ATT-000911,EMP-0107,2025-03,1/3/2025,18,18,0,0,0,0,0,0,0,0,0,100
ATT-000912,EMP-0108,2025-03,1/3/2025,18,13,0,5,0,0,0,5,0,0,0,72.22
ATT-000913,EMP-0112,2025-03,1/3/2025,18,18,0,0,0,0,0,0,0,0,0,100
ATT-000914,EMP-0113,2025-03,1/3/2025,18,18,0,0,0,0,0,0,2,0,14,100
ATT-000915,EMP-0114,2025-03,1/3/2025,18,18,0,0,0,0,0,0,0,0,0,100
ATT-000916,EMP-0116,2025-03,1/3/2025,18,18,0,0,0,0,0,0,3,0,0,100
ATT-000917,EMP-0117,2025-03,1/3/2025,18,18,0,0,0,0,0,0,0,0,0,100
ATT-000918,EMP-0118,2025-03,1/3/2025,18,14,0,4,0,0,0,4,0,3,10.5,77.78
ATT-000919,EMP-0119,2025-03,1/3/2025,18,15,0,0,0,0,3,3,1,0,6.5,83.33
ATT-000920,EMP-0120,2025-03,1/3/2025,18,18,0,0,0,0,0,0,1,0,0,100
ATT-000921,EMP-0121,2025-03,1/3/2025,18,17,0,1,0,0,0,1,0,0,14,94.44
ATT-000922,EMP-0122,2025-03,1/3/2025,18,15,0,0,3,0,0,3,0,0,0,83.33
ATT-000923,EMP-0123,2025-03,1/3/2025,18,8,0,10,0,0,0,10,0,0,0,44.44
ATT-000924,EMP-0124,2025-03,1/3/2025,18,10,0,8,0,0,0,8,0,0,0,55.56
ATT-000925,EMP-0126,2025-03,1/3/2025,18,18,0,0,0,0,0,0,0,0,23,100
ATT-000926,EMP-0127,2025-03,1/3/2025,18,18,0,0,0,0,0,0,0,1,0,100
ATT-000927,EMP-0129,2025-03,1/3/2025,18,18,0,0,0,0,0,0,0,0,25,100
ATT-000928,EMP-0130,2025-03,1/3/2025,18,16,2,0,0,0,0,0,0,0,0,88.89
ATT-000929,EMP-0131,2025-03,1/3/2025,18,15,1,0,2,0,0,2,4,0,0,83.33
ATT-000930,EMP-0132,2025-03,1/3/2025,18,18,0,0,0,0,0,0,6,0,19.5,100
ATT-000931,EMP-0133,2025-03,1/3/2025,18,15,2,1,0,0,0,1,4,0,0,83.33
ATT-000932,EMP-0134,2025-03,1/3/2025,18,18,0,0,0,0,0,0,0,0,21,100
ATT-000933,EMP-0135,2025-03,1/3/2025,18,18,0,0,0,0,0,0,3,0,7,100
ATT-000934,EMP-0136,2025-03,1/3/2025,18,15,2,1,0,0,0,1,0,0,0,83.33
ATT-000935,EMP-0137,2025-03,1/3/2025,18,18,0,0,0,0,0,0,0,0,0,100
ATT-000936,EMP-0138,2025-03,1/3/2025,18,18,0,0,0,0,0,0,2,0,16,100
ATT-000937,EMP-0139,2025-03,1/3/2025,18,17,0,0,1,0,0,1,0,0,0,94.44
ATT-000938,EMP-0140,2025-03,1/3/2025,18,18,0,0,0,0,0,0,0,1,13.5,100
ATT-000939,EMP-0141,2025-03,1/3/2025,18,15,0,3,0,0,0,3,5,0,0,83.33
ATT-000940,EMP-0142,2025-03,1/3/2025,18,18,0,0,0,0,0,0,0,0,0,100
ATT-000941,EMP-0145,2025-03,1/3/2025,18,10,0,8,0,0,0,8,2,0,0,55.56
ATT-000942,EMP-0146,2025-03,1/3/2025,18,18,0,0,0,0,0,0,5,2,0,100
ATT-000943,EMP-0148,2025-03,1/3/2025,18,18,0,0,0,0,0,0,6,0,18,100
ATT-000944,EMP-0149,2025-03,1/3/2025,18,18,0,0,0,0,0,0,0,1,12.5,100
ATT-000945,EMP-0150,2025-03,1/3/2025,18,18,0,0,0,0,0,0,0,0,4,100
ATT-000946,EMP-0151,2025-03,1/3/2025,18,15,0,3,0,0,0,3,0,0,0,83.33
ATT-000947,EMP-0152,2025-03,1/3/2025,18,18,0,0,0,0,0,0,0,0,5,100
ATT-000948,EMP-0153,2025-03,1/3/2025,18,18,0,0,0,0,0,0,0,0,11,100
ATT-000949,EMP-0155,2025-03,1/3/2025,18,18,0,0,0,0,0,0,2,0,0,100
ATT-000950,EMP-0157,2025-03,1/3/2025,18,16,2,0,0,0,0,0,0,0,0,88.89
ATT-000951,EMP-0158,2025-03,1/3/2025,18,18,0,0,0,0,0,0,0,1,0,100
ATT-000952,EMP-0159,2025-03,1/3/2025,18,18,0,0,0,0,0,0,0,0,11.5,100
ATT-000953,EMP-0160,2025-03,1/3/2025,18,13,0,5,0,0,0,5,0,2,0,72.22
ATT-000954,EMP-0161,2025-03,1/3/2025,18,18,0,0,0,0,0,0,0,0,0,100
ATT-000955,EMP-0162,2025-03,1/3/2025,18,18,0,0,0,0,0,0,0,1,14.5,100
ATT-000956,EMP-0163,2025-03,1/3/2025,18,11,0,6,0,0,1,7,4,0,0,61.11
ATT-000957,EMP-0164,2025-03,1/3/2025,18,17,0,0,0,0,1,1,3,0,0,94.44
ATT-000958,EMP-0165,2025-03,1/3/2025,18,18,0,0,0,0,0,0,0,0,2.5,100
ATT-000959,EMP-0167,2025-03,1/3/2025,18,18,0,0,0,0,0,0,1,4,10,100
ATT-000960,EMP-0168,2025-03,1/3/2025,18,17,1,0,0,0,0,0,0,0,3,94.44
ATT-000961,EMP-0169,2025-03,1/3/2025,18,13,0,4,0,0,1,5,0,0,0,72.22
ATT-000962,EMP-0170,2025-03,1/3/2025,18,18,0,0,0,0,0,0,0,4,0,100
ATT-000963,EMP-0171,2025-03,1/3/2025,18,12,0,6,0,0,0,6,0,0,25.5,66.67
ATT-000964,EMP-0172,2025-03,1/3/2025,18,10,0,8,0,0,0,8,0,2,0,55.56
ATT-000965,EMP-0173,2025-03,1/3/2025,18,18,0,0,0,0,0,0,0,0,0,100
ATT-000966,EMP-0174,2025-03,1/3/2025,18,10,0,8,0,0,0,8,0,0,0,55.56
ATT-000967,EMP-0175,2025-03,1/3/2025,18,14,0,4,0,0,0,4,0,0,20,77.78
ATT-000968,EMP-0176,2025-03,1/3/2025,18,18,0,0,0,0,0,0,1,0,0,100
ATT-000969,EMP-0177,2025-03,1/3/2025,18,18,0,0,0,0,0,0,0,0,0,100
ATT-000970,EMP-0178,2025-03,1/3/2025,18,18,0,0,0,0,0,0,0,0,0,100
ATT-000971,EMP-0179,2025-03,1/3/2025,18,18,0,0,0,0,0,0,0,3,0,100
ATT-000972,EMP-0180,2025-03,1/3/2025,18,13,0,5,0,0,0,5,0,0,22.5,72.22
ATT-000973,EMP-0182,2025-03,1/3/2025,18,11,0,7,0,0,0,7,5,0,0,61.11
ATT-000974,EMP-0183,2025-03,1/3/2025,18,18,0,0,0,0,0,0,4,0,0,100
ATT-000975,EMP-0184,2025-03,1/3/2025,18,18,0,0,0,0,0,0,5,0,0,100
ATT-000976,EMP-0186,2025-03,1/3/2025,18,11,0,5,0,2,0,7,5,0,25.5,61.11
ATT-000977,EMP-0187,2025-03,1/3/2025,18,18,0,0,0,0,0,0,0,2,0,100
ATT-000978,EMP-0188,2025-03,1/3/2025,18,18,0,0,0,0,0,0,0,0,13,100
ATT-000979,EMP-0189,2025-03,1/3/2025,18,18,0,0,0,0,0,0,1,0,24.5,100
ATT-000980,EMP-0190,2025-03,1/3/2025,18,18,0,0,0,0,0,0,0,1,0,100
ATT-000981,EMP-0191,2025-03,1/3/2025,18,18,0,0,0,0,0,0,0,0,0,100
ATT-000982,EMP-0193,2025-03,1/3/2025,18,18,0,0,0,0,0,0,0,2,0,100
ATT-000983,EMP-0194,2025-03,1/3/2025,18,17,0,0,0,0,1,1,4,0,19.5,94.44
ATT-000984,EMP-0195,2025-03,1/3/2025,18,18,0,0,0,0,0,0,4,0,18.5,100
ATT-000985,EMP-0196,2025-03,1/3/2025,18,16,0,2,0,0,0,2,0,0,0,88.89
ATT-000986,EMP-0197,2025-03,1/3/2025,18,18,0,0,0,0,0,0,4,0,0,100
ATT-000987,EMP-0198,2025-03,1/3/2025,18,18,0,0,0,0,0,0,0,0,0,100
ATT-000988,EMP-0199,2025-03,1/3/2025,18,13,1,0,0,4,0,4,3,0,0,72.22
ATT-000989,EMP-0200,2025-03,1/3/2025,18,18,0,0,0,0,0,0,1,0,19,100
ATT-000990,EMP-0201,2025-03,1/3/2025,18,14,2,0,2,0,0,2,1,0,0,77.78
ATT-000991,EMP-0202,2025-03,1/3/2025,18,18,0,0,0,0,0,0,0,0,0,100
ATT-000992,EMP-0203,2025-03,1/3/2025,18,10,2,6,0,0,0,6,0,0,17,55.56
ATT-000993,EMP-0204,2025-03,1/3/2025,18,14,2,0,2,0,0,2,1,0,0,77.78
ATT-000994,EMP-0209,2025-03,1/3/2025,18,18,0,0,0,0,0,0,0,0,12.5,100
ATT-000995,EMP-0210,2025-03,1/3/2025,18,14,0,4,0,0,0,4,6,0,15,77.78
ATT-000996,EMP-0211,2025-03,1/3/2025,18,17,1,0,0,0,0,0,3,0,6.5,94.44
ATT-000997,EMP-0212,2025-03,1/3/2025,18,15,2,1,0,0,0,1,6,0,0,83.33
ATT-000998,EMP-0213,2025-03,1/3/2025,18,18,0,0,0,0,0,0,1,0,0,100
ATT-000999,EMP-0214,2025-03,1/3/2025,18,18,0,0,0,0,0,0,6,0,17,100
ATT-001000,EMP-0215,2025-03,1/3/2025,18,15,0,3,0,0,0,3,5,4,23.5,83.33
ATT-001001,EMP-0216,2025-03,1/3/2025,18,11,2,5,0,0,0,5,6,0,0,61.11
ATT-001002,EMP-0217,2025-03,1/3/2025,18,12,0,6,0,0,0,6,0,1,0,66.67
ATT-001003,EMP-0219,2025-03,1/3/2025,18,18,0,0,0,0,0,0,5,0,0,100
ATT-001004,EMP-0220,2025-03,1/3/2025,18,18,0,0,0,0,0,0,0,0,0,100
ATT-001005,EMP-0221,2025-03,1/3/2025,18,17,0,0,0,1,0,1,0,0,0,94.44
ATT-001006,EMP-0222,2025-03,1/3/2025,18,15,0,3,0,0,0,3,0,0,0,83.33
ATT-001007,EMP-0223,2025-03,1/3/2025,18,16,2,0,0,0,0,0,0,0,0,88.89
ATT-001008,EMP-0226,2025-03,1/3/2025,18,12,0,0,3,3,0,6,4,0,0,66.67
ATT-001009,EMP-0227,2025-03,1/3/2025,18,14,0,0,0,4,0,4,6,0,10,77.78
ATT-001010,EMP-0228,2025-03,1/3/2025,18,16,0,2,0,0,0,2,0,0,14.5,88.89
ATT-001011,EMP-0229,2025-03,1/3/2025,18,18,0,0,0,0,0,0,1,3,0,100
ATT-001012,EMP-0231,2025-03,1/3/2025,18,18,0,0,0,0,0,0,0,0,25.5,100
ATT-001013,EMP-0232,2025-03,1/3/2025,18,18,0,0,0,0,0,0,2,0,0,100
ATT-001014,EMP-0235,2025-03,1/3/2025,18,18,0,0,0,0,0,0,0,4,0,100
ATT-001015,EMP-0236,2025-03,1/3/2025,18,18,0,0,0,0,0,0,0,0,0,100
ATT-001016,EMP-0237,2025-03,1/3/2025,18,17,0,0,1,0,0,1,2,0,0,94.44
ATT-001017,EMP-0238,2025-03,1/3/2025,18,18,0,0,0,0,0,0,0,0,6,100
ATT-001018,EMP-0239,2025-03,1/3/2025,18,18,0,0,0,0,0,0,2,0,0,100
ATT-001019,EMP-0240,2025-03,1/3/2025,18,12,0,6,0,0,0,6,1,0,0,66.67
ATT-001020,EMP-0241,2025-03,1/3/2025,18,10,0,8,0,0,0,8,0,0,4,55.56
ATT-001021,EMP-0242,2025-03,1/3/2025,18,12,0,6,0,0,0,6,0,0,8,66.67
ATT-001022,EMP-0243,2025-03,1/3/2025,18,18,0,0,0,0,0,0,3,2,0,100
ATT-001023,EMP-0244,2025-03,1/3/2025,18,16,2,0,0,0,0,0,0,0,0,88.89
ATT-001024,EMP-0245,2025-03,1/3/2025,18,16,2,0,0,0,0,0,0,0,3,88.89
ATT-001025,EMP-0246,2025-03,1/3/2025,18,18,0,0,0,0,0,0,1,0,15,100
ATT-001026,EMP-0247,2025-03,1/3/2025,18,18,0,0,0,0,0,0,0,4,0,100
ATT-001027,EMP-0248,2025-03,1/3/2025,18,18,0,0,0,0,0,0,6,0,23,100
ATT-001028,EMP-0249,2025-03,1/3/2025,18,15,0,0,3,0,0,3,0,0,22.5,83.33
ATT-001029,EMP-0250,2025-03,1/3/2025,18,18,0,0,0,0,0,0,0,4,0,100
ATT-001030,EMP-0252,2025-03,1/3/2025,18,10,0,8,0,0,0,8,3,0,0,55.56
ATT-001031,EMP-0254,2025-03,1/3/2025,18,18,0,0,0,0,0,0,0,0,0,100
ATT-001032,EMP-0256,2025-03,1/3/2025,18,16,0,0,2,0,0,2,0,0,0,88.89
ATT-001033,EMP-0257,2025-03,1/3/2025,18,18,0,0,0,0,0,0,0,0,0,100
ATT-001034,EMP-0258,2025-03,1/3/2025,18,17,1,0,0,0,0,0,0,0,0,94.44
ATT-001035,EMP-0260,2025-03,1/3/2025,18,8,0,10,0,0,0,10,0,0,0,44.44
ATT-001036,EMP-0261,2025-03,1/3/2025,18,15,0,0,3,0,0,3,0,0,0,83.33
ATT-001037,EMP-0262,2025-03,1/3/2025,18,18,0,0,0,0,0,0,0,1,0,100
ATT-001038,EMP-0263,2025-03,1/3/2025,18,11,0,5,0,2,0,7,6,0,8.5,61.11
ATT-001039,EMP-0264,2025-03,1/3/2025,18,17,0,0,0,1,0,1,0,0,0,94.44
ATT-001040,EMP-0265,2025-03,1/3/2025,18,16,0,0,0,0,2,2,3,1,0,88.89
ATT-001041,EMP-0266,2025-03,1/3/2025,18,8,0,10,0,0,0,10,0,0,15,44.44
ATT-001042,EMP-0267,2025-03,1/3/2025,18,18,0,0,0,0,0,0,0,0,6,100
ATT-001043,EMP-0268,2025-03,1/3/2025,18,18,0,0,0,0,0,0,0,0,0,100
ATT-001044,EMP-0269,2025-03,1/3/2025,18,17,0,0,0,1,0,1,2,0,0,94.44
ATT-001045,EMP-0272,2025-03,1/3/2025,18,18,0,0,0,0,0,0,0,0,14.5,100
ATT-001046,EMP-0273,2025-03,1/3/2025,18,18,0,0,0,0,0,0,0,0,15.5,100
ATT-001047,EMP-0274,2025-03,1/3/2025,18,18,0,0,0,0,0,0,5,0,0,100
ATT-001048,EMP-0275,2025-03,1/3/2025,18,9,0,9,0,0,0,9,0,0,7,50
ATT-001049,EMP-0277,2025-03,1/3/2025,18,18,0,0,0,0,0,0,6,0,0,100
ATT-001050,EMP-0278,2025-03,1/3/2025,18,18,0,0,0,0,0,0,4,0,0,100
ATT-001051,EMP-0279,2025-03,1/3/2025,18,18,0,0,0,0,0,0,0,0,0,100
ATT-001052,EMP-0280,2025-03,1/3/2025,18,17,1,0,0,0,0,0,0,4,0,94.44
ATT-001053,EMP-0281,2025-03,1/3/2025,18,18,0,0,0,0,0,0,0,3,0,100
ATT-001054,EMP-0282,2025-03,1/3/2025,18,18,0,0,0,0,0,0,0,0,2.5,100
ATT-001055,EMP-0283,2025-03,1/3/2025,18,18,0,0,0,0,0,0,0,0,0,100
ATT-001056,EMP-0286,2025-03,1/3/2025,18,16,0,2,0,0,0,2,5,0,16.5,88.89
ATT-001057,EMP-0287,2025-03,1/3/2025,18,18,0,0,0,0,0,0,0,0,0,100
ATT-001058,EMP-0288,2025-03,1/3/2025,18,9,0,9,0,0,0,9,3,0,0,50
ATT-001059,EMP-0289,2025-03,1/3/2025,18,18,0,0,0,0,0,0,6,0,0,100
ATT-001060,EMP-0290,2025-03,1/3/2025,18,17,0,1,0,0,0,1,0,0,0,94.44
ATT-001061,EMP-0291,2025-03,1/3/2025,18,16,0,0,0,2,0,2,3,0,0,88.89
ATT-001062,EMP-0292,2025-03,1/3/2025,18,18,0,0,0,0,0,0,0,0,18.5,100
ATT-001063,EMP-0293,2025-03,1/3/2025,18,18,0,0,0,0,0,0,0,0,21,100
ATT-001064,EMP-0294,2025-03,1/3/2025,18,18,0,0,0,0,0,0,0,0,6,100
ATT-001065,EMP-0295,2025-03,1/3/2025,18,18,0,0,0,0,0,0,0,2,0,100
ATT-001066,EMP-0296,2025-03,1/3/2025,18,15,0,3,0,0,0,3,0,0,21,83.33
ATT-001067,EMP-0297,2025-03,1/3/2025,18,17,0,1,0,0,0,1,0,0,0,94.44
ATT-001068,EMP-0300,2025-03,1/3/2025,18,18,0,0,0,0,0,0,0,4,6,100
ATT-001069,EMP-0303,2025-03,1/3/2025,18,18,0,0,0,0,0,0,0,0,0,100
ATT-001070,EMP-0304,2025-03,1/3/2025,18,18,0,0,0,0,0,0,0,0,2,100
ATT-001071,EMP-0305,2025-03,1/3/2025,18,17,0,1,0,0,0,1,0,0,2.5,94.44
ATT-001072,EMP-0306,2025-03,1/3/2025,18,17,0,0,0,1,0,1,0,1,2.5,94.44
ATT-001073,EMP-0307,2025-03,1/3/2025,18,14,2,0,2,0,0,2,0,0,0,77.78
ATT-001074,EMP-0308,2025-03,1/3/2025,18,15,0,0,3,0,0,3,0,0,0,83.33
ATT-001075,EMP-0309,2025-03,1/3/2025,18,16,0,0,0,0,2,2,0,2,0,88.89
ATT-001076,EMP-0310,2025-03,1/3/2025,18,16,0,2,0,0,0,2,0,0,20,88.89
ATT-001077,EMP-0311,2025-03,1/3/2025,18,15,0,3,0,0,0,3,0,0,5.5,83.33
ATT-001078,EMP-0312,2025-03,1/3/2025,18,14,0,4,0,0,0,4,0,0,18,77.78
ATT-001079,EMP-0313,2025-03,1/3/2025,18,18,0,0,0,0,0,0,0,0,7.5,100
ATT-001080,EMP-0314,2025-03,1/3/2025,18,18,0,0,0,0,0,0,5,0,0,100
ATT-001081,EMP-0315,2025-03,1/3/2025,18,18,0,0,0,0,0,0,4,0,6,100
ATT-001082,EMP-0316,2025-03,1/3/2025,18,18,0,0,0,0,0,0,0,4,0,100
ATT-001083,EMP-0318,2025-03,1/3/2025,18,16,2,0,0,0,0,0,1,0,22.5,88.89
ATT-001084,EMP-0320,2025-03,1/3/2025,18,18,0,0,0,0,0,0,0,0,7,100
ATT-001085,EMP-0321,2025-03,1/3/2025,18,18,0,0,0,0,0,0,0,3,0,100
ATT-001086,EMP-0322,2025-03,1/3/2025,18,14,2,2,0,0,0,2,0,0,0,77.78
ATT-001087,EMP-0324,2025-03,1/3/2025,18,11,0,6,1,0,0,7,5,1,0,61.11
ATT-001088,EMP-0325,2025-03,1/3/2025,18,17,0,1,0,0,0,1,0,2,12.5,94.44
ATT-001089,EMP-0326,2025-03,1/3/2025,18,18,0,0,0,0,0,0,3,0,0,100
ATT-001090,EMP-0327,2025-03,1/3/2025,18,18,0,0,0,0,0,0,0,0,9,100
ATT-001091,EMP-0328,2025-03,1/3/2025,18,11,0,7,0,0,0,7,2,0,0,61.11
ATT-001092,EMP-0329,2025-03,1/3/2025,18,17,0,0,0,0,1,1,2,0,0,94.44
ATT-001093,EMP-0331,2025-03,1/3/2025,18,18,0,0,0,0,0,0,0,2,3.5,100
ATT-001094,EMP-0332,2025-03,1/3/2025,18,10,0,8,0,0,0,8,3,0,0,55.56
ATT-001095,EMP-0333,2025-03,1/3/2025,18,17,0,0,0,1,0,1,0,0,0,94.44
ATT-001096,EMP-0334,2025-03,1/3/2025,18,18,0,0,0,0,0,0,0,3,14,100
ATT-001097,EMP-0335,2025-03,1/3/2025,18,13,0,5,0,0,0,5,0,0,20.5,72.22
ATT-001098,EMP-0336,2025-03,1/3/2025,18,18,0,0,0,0,0,0,0,2,0,100
ATT-001099,EMP-0337,2025-03,1/3/2025,18,16,0,0,2,0,0,2,0,4,5,88.89
ATT-001100,EMP-0338,2025-03,1/3/2025,18,8,0,10,0,0,0,10,0,0,6,44.44
ATT-001101,EMP-0339,2025-03,1/3/2025,18,15,0,0,3,0,0,3,0,0,13,83.33
ATT-001102,EMP-0340,2025-03,1/3/2025,18,18,0,0,0,0,0,0,2,0,0,100
ATT-001103,EMP-0341,2025-03,1/3/2025,18,18,0,0,0,0,0,0,0,0,0,100
ATT-001104,EMP-0342,2025-03,1/3/2025,18,18,0,0,0,0,0,0,5,0,0,100
ATT-001105,EMP-0343,2025-03,1/3/2025,18,18,0,0,0,0,0,0,0,0,0,100
ATT-001106,EMP-0344,2025-03,1/3/2025,18,18,0,0,0,0,0,0,1,0,0,100
ATT-001107,EMP-0345,2025-03,1/3/2025,18,18,0,0,0,0,0,0,0,0,0,100
ATT-001108,EMP-0347,2025-03,1/3/2025,18,18,0,0,0,0,0,0,0,0,26,100
ATT-001109,EMP-0349,2025-03,1/3/2025,18,18,0,0,0,0,0,0,0,0,10.5,100
ATT-001110,EMP-0350,2025-03,1/3/2025,18,16,2,0,0,0,0,0,0,0,0,88.89
ATT-001111,EMP-0351,2025-03,1/3/2025,18,14,0,0,0,4,0,4,0,0,0,77.78
ATT-001112,EMP-0352,2025-03,1/3/2025,18,18,0,0,0,0,0,0,0,0,0,100
ATT-001113,EMP-0353,2025-03,1/3/2025,18,15,0,3,0,0,0,3,0,0,0,83.33
ATT-001114,EMP-0354,2025-03,1/3/2025,18,13,1,4,0,0,0,4,4,0,18,72.22
ATT-001115,EMP-0355,2025-03,1/3/2025,18,18,0,0,0,0,0,0,0,0,0,100
ATT-001116,EMP-0356,2025-03,1/3/2025,18,15,0,0,0,3,0,3,0,4,0,83.33
ATT-001117,EMP-0357,2025-03,1/3/2025,18,18,0,0,0,0,0,0,4,0,0,100
ATT-001118,EMP-0359,2025-03,1/3/2025,18,18,0,0,0,0,0,0,1,3,0,100
ATT-001119,EMP-0360,2025-03,1/3/2025,18,10,0,8,0,0,0,8,0,0,0,55.56
ATT-001120,EMP-0361,2025-03,1/3/2025,18,18,0,0,0,0,0,0,0,4,0,100
ATT-001121,EMP-0362,2025-03,1/3/2025,18,18,0,0,0,0,0,0,0,0,20.5,100
ATT-001122,EMP-0363,2025-03,1/3/2025,18,17,0,0,1,0,0,1,0,2,14.5,94.44
ATT-001123,EMP-0364,2025-03,1/3/2025,18,10,2,4,0,2,0,6,6,0,0,55.56
ATT-001124,EMP-0366,2025-03,1/3/2025,18,11,0,7,0,0,0,7,0,0,19,61.11
ATT-001125,EMP-0368,2025-03,1/3/2025,18,10,0,8,0,0,0,8,0,0,0,55.56
ATT-001126,EMP-0369,2025-03,1/3/2025,18,18,0,0,0,0,0,0,2,0,14,100
ATT-001127,EMP-0370,2025-03,1/3/2025,18,17,0,0,0,1,0,1,0,0,10.5,94.44
ATT-001128,EMP-0372,2025-03,1/3/2025,18,17,0,0,1,0,0,1,0,0,9,94.44
ATT-001129,EMP-0373,2025-03,1/3/2025,18,17,1,0,0,0,0,0,0,0,0,94.44
ATT-001130,EMP-0374,2025-03,1/3/2025,18,12,0,6,0,0,0,6,6,0,0,66.67
ATT-001131,EMP-0375,2025-03,1/3/2025,18,17,1,0,0,0,0,0,0,0,5,94.44
ATT-001132,EMP-0376,2025-03,1/3/2025,18,9,2,4,3,0,0,7,3,3,0,50
ATT-001133,EMP-0377,2025-03,1/3/2025,18,18,0,0,0,0,0,0,0,0,21,100
ATT-001134,EMP-0378,2025-03,1/3/2025,18,16,2,0,0,0,0,0,0,0,0,88.89
ATT-001135,EMP-0379,2025-03,1/3/2025,18,15,0,0,3,0,0,3,4,4,10.5,83.33
ATT-001136,EMP-0381,2025-03,1/3/2025,18,18,0,0,0,0,0,0,1,0,21,100
ATT-001137,EMP-0382,2025-03,1/3/2025,18,18,0,0,0,0,0,0,0,0,0,100
ATT-001138,EMP-0383,2025-03,1/3/2025,18,15,0,3,0,0,0,3,0,0,22.5,83.33
ATT-001139,EMP-0384,2025-03,1/3/2025,18,18,0,0,0,0,0,0,6,1,0,100
ATT-001140,EMP-0385,2025-03,1/3/2025,18,15,0,2,0,1,0,3,0,0,0,83.33
ATT-001141,EMP-0387,2025-03,1/3/2025,18,18,0,0,0,0,0,0,0,4,0,100
ATT-001142,EMP-0388,2025-03,1/3/2025,18,18,0,0,0,0,0,0,0,0,0,100
ATT-001143,EMP-0389,2025-03,1/3/2025,18,18,0,0,0,0,0,0,4,3,0,100
ATT-001144,EMP-0390,2025-03,1/3/2025,18,11,0,4,3,0,0,7,5,0,0,61.11
ATT-001145,EMP-0391,2025-03,1/3/2025,18,18,0,0,0,0,0,0,0,0,0,100
ATT-001146,EMP-0393,2025-03,1/3/2025,18,14,0,4,0,0,0,4,0,0,2.5,77.78
ATT-001147,EMP-0394,2025-03,1/3/2025,18,18,0,0,0,0,0,0,0,0,0,100
ATT-001148,EMP-0395,2025-03,1/3/2025,18,18,0,0,0,0,0,0,2,2,0,100
ATT-001149,EMP-0398,2025-03,1/3/2025,18,18,0,0,0,0,0,0,0,0,20.5,100
ATT-001150,EMP-0399,2025-03,1/3/2025,18,18,0,0,0,0,0,0,0,0,0,100
ATT-001151,EMP-0400,2025-03,1/3/2025,18,18,0,0,0,0,0,0,3,0,0,100
ATT-001152,EMP-0402,2025-03,1/3/2025,18,18,0,0,0,0,0,0,0,0,5,100
ATT-001153,EMP-0403,2025-03,1/3/2025,18,16,0,2,0,0,0,2,4,0,0,88.89
ATT-001154,EMP-0405,2025-03,1/3/2025,18,16,0,2,0,0,0,2,0,0,0,88.89
ATT-001155,EMP-0406,2025-03,1/3/2025,18,11,1,6,0,0,0,6,0,0,0,61.11
ATT-001156,EMP-0407,2025-03,1/3/2025,18,11,0,7,0,0,0,7,0,0,25,61.11
ATT-001157,EMP-0409,2025-03,1/3/2025,18,18,0,0,0,0,0,0,2,0,2,100
ATT-001158,EMP-0410,2025-03,1/3/2025,18,18,0,0,0,0,0,0,0,0,22.5,100
ATT-001159,EMP-0411,2025-03,1/3/2025,18,17,1,0,0,0,0,0,5,0,13.5,94.44
ATT-001160,EMP-0412,2025-03,1/3/2025,18,8,0,10,0,0,0,10,1,0,19,44.44
ATT-001161,EMP-0413,2025-03,1/3/2025,18,18,0,0,0,0,0,0,3,0,20,100
ATT-001162,EMP-0414,2025-03,1/3/2025,18,14,0,4,0,0,0,4,0,4,16.5,77.78
ATT-001163,EMP-0415,2025-03,1/3/2025,18,13,0,5,0,0,0,5,3,0,0,72.22
ATT-001164,EMP-0416,2025-03,1/3/2025,18,13,0,3,2,0,0,5,0,0,20,72.22
ATT-001165,EMP-0417,2025-03,1/3/2025,18,18,0,0,0,0,0,0,0,2,11.5,100
ATT-001166,EMP-0420,2025-03,1/3/2025,18,18,0,0,0,0,0,0,0,3,0,100
ATT-001167,EMP-0421,2025-03,1/3/2025,18,9,0,9,0,0,0,9,0,2,0,50
ATT-001168,EMP-0422,2025-03,1/3/2025,18,18,0,0,0,0,0,0,6,0,19,100
ATT-001169,EMP-0423,2025-03,1/3/2025,18,18,0,0,0,0,0,0,4,2,22.5,100
ATT-001170,EMP-0424,2025-03,1/3/2025,18,13,2,3,0,0,0,3,0,0,12,72.22
ATT-001171,EMP-0425,2025-03,1/3/2025,18,18,0,0,0,0,0,0,0,0,0,100
ATT-001172,EMP-0426,2025-03,1/3/2025,18,18,0,0,0,0,0,0,0,0,0,100
ATT-001173,EMP-0427,2025-03,1/3/2025,18,18,0,0,0,0,0,0,1,2,0,100
ATT-001174,EMP-0428,2025-03,1/3/2025,18,17,0,0,0,0,1,1,0,0,4.5,94.44
ATT-001175,EMP-0429,2025-03,1/3/2025,18,18,0,0,0,0,0,0,5,0,0,100
ATT-001176,EMP-0430,2025-03,1/3/2025,18,18,0,0,0,0,0,0,0,0,19,100
ATT-001177,EMP-0431,2025-03,1/3/2025,18,18,0,0,0,0,0,0,0,0,0,100
ATT-001178,EMP-0432,2025-03,1/3/2025,18,18,0,0,0,0,0,0,0,0,0,100
ATT-001179,EMP-0433,2025-03,1/3/2025,18,18,0,0,0,0,0,0,5,0,0,100
ATT-001180,EMP-0434,2025-03,1/3/2025,18,18,0,0,0,0,0,0,0,0,12,100
ATT-001181,EMP-0435,2025-03,1/3/2025,18,14,0,3,0,1,0,4,0,0,0,77.78
ATT-001182,EMP-0436,2025-03,1/3/2025,18,15,0,0,0,0,3,3,0,0,0,83.33
ATT-001183,EMP-0438,2025-03,1/3/2025,18,8,0,10,0,0,0,10,0,0,19.5,44.44
ATT-001184,EMP-0439,2025-03,1/3/2025,18,18,0,0,0,0,0,0,0,0,0,100
ATT-001185,EMP-0440,2025-03,1/3/2025,18,18,0,0,0,0,0,0,0,0,0,100
ATT-001186,EMP-0441,2025-03,1/3/2025,18,18,0,0,0,0,0,0,1,0,5.5,100
ATT-001187,EMP-0442,2025-03,1/3/2025,18,18,0,0,0,0,0,0,3,0,19.5,100
ATT-001188,EMP-0443,2025-03,1/3/2025,18,18,0,0,0,0,0,0,6,3,3,100
ATT-001189,EMP-0444,2025-03,1/3/2025,18,17,0,1,0,0,0,1,0,0,0,94.44
ATT-001190,EMP-0445,2025-03,1/3/2025,18,18,0,0,0,0,0,0,3,0,0,100
ATT-001191,EMP-0446,2025-03,1/3/2025,18,16,0,2,0,0,0,2,0,0,0,88.89
ATT-001192,EMP-0449,2025-03,1/3/2025,18,8,0,10,0,0,0,10,0,0,4,44.44
ATT-001193,EMP-0450,2025-03,1/3/2025,18,11,0,7,0,0,0,7,5,0,0,61.11
ATT-001194,EMP-0451,2025-03,1/3/2025,18,18,0,0,0,0,0,0,0,0,0,100
ATT-001195,EMP-0452,2025-03,1/3/2025,18,14,0,1,3,0,0,4,6,2,3,77.78
ATT-001196,EMP-0453,2025-03,1/3/2025,18,17,0,1,0,0,0,1,0,0,20.5,94.44
ATT-001197,EMP-0454,2025-03,1/3/2025,18,18,0,0,0,0,0,0,0,0,0,100
ATT-001198,EMP-0455,2025-03,1/3/2025,18,18,0,0,0,0,0,0,6,0,0,100
ATT-001199,EMP-0457,2025-03,1/3/2025,18,9,0,9,0,0,0,9,0,0,0,50
ATT-001200,EMP-0458,2025-03,1/3/2025,18,18,0,0,0,0,0,0,0,0,0,100
ATT-001201,EMP-0459,2025-03,1/3/2025,18,18,0,0,0,0,0,0,6,0,9.5,100
ATT-001202,EMP-0460,2025-03,1/3/2025,18,18,0,0,0,0,0,0,0,0,0,100
ATT-001203,EMP-0461,2025-03,1/3/2025,18,14,0,0,0,4,0,4,0,0,0,77.78
ATT-001204,EMP-0462,2025-03,1/3/2025,18,8,0,10,0,0,0,10,0,0,0,44.44
ATT-001205,EMP-0463,2025-03,1/3/2025,18,16,0,0,2,0,0,2,0,0,0,88.89
ATT-001206,EMP-0464,2025-03,1/3/2025,18,18,0,0,0,0,0,0,5,0,0,100
ATT-001207,EMP-0465,2025-03,1/3/2025,18,18,0,0,0,0,0,0,0,0,0,100
ATT-001208,EMP-0466,2025-03,1/3/2025,18,18,0,0,0,0,0,0,0,1,21,100
ATT-001209,EMP-0467,2025-03,1/3/2025,18,10,0,8,0,0,0,8,4,0,0,55.56
ATT-001210,EMP-0468,2025-03,1/3/2025,18,18,0,0,0,0,0,0,0,0,0,100
ATT-001211,EMP-0469,2025-03,1/3/2025,18,18,0,0,0,0,0,0,0,4,0,100
ATT-001212,EMP-0470,2025-03,1/3/2025,18,12,0,6,0,0,0,6,4,3,0,66.67
ATT-001213,EMP-0471,2025-03,1/3/2025,18,14,0,0,3,0,1,4,0,2,0,77.78
ATT-001214,EMP-0472,2025-03,1/3/2025,18,8,1,9,0,0,0,9,0,0,0,44.44
ATT-001215,EMP-0473,2025-03,1/3/2025,18,16,2,0,0,0,0,0,0,0,0,88.89
ATT-001216,EMP-0474,2025-03,1/3/2025,18,16,2,0,0,0,0,0,2,0,0,88.89
ATT-001217,EMP-0475,2025-03,1/3/2025,18,18,0,0,0,0,0,0,0,0,0,100
ATT-001218,EMP-0476,2025-03,1/3/2025,18,18,0,0,0,0,0,0,0,3,0,100
ATT-001219,EMP-0478,2025-03,1/3/2025,18,15,0,0,3,0,0,3,2,0,0,83.33
ATT-001220,EMP-0480,2025-03,1/3/2025,18,16,2,0,0,0,0,0,1,0,0,88.89
ATT-001221,EMP-0481,2025-03,1/3/2025,18,18,0,0,0,0,0,0,1,2,0,100
ATT-001222,EMP-0482,2025-03,1/3/2025,18,11,0,7,0,0,0,7,0,0,6,61.11
ATT-001223,EMP-0483,2025-03,1/3/2025,18,18,0,0,0,0,0,0,0,0,0,100
ATT-001224,EMP-0484,2025-03,1/3/2025,18,12,0,6,0,0,0,6,1,4,24,66.67
ATT-001225,EMP-0485,2025-03,1/3/2025,18,17,0,1,0,0,0,1,0,0,0,94.44
ATT-001226,EMP-0486,2025-03,1/3/2025,18,16,0,0,2,0,0,2,0,0,0,88.89
ATT-001227,EMP-0487,2025-03,1/3/2025,18,18,0,0,0,0,0,0,0,0,7.5,100
ATT-001228,EMP-0488,2025-03,1/3/2025,18,17,0,1,0,0,0,1,0,0,19.5,94.44
ATT-001229,EMP-0489,2025-03,1/3/2025,18,18,0,0,0,0,0,0,0,3,15.5,100
ATT-001230,EMP-0490,2025-03,1/3/2025,18,16,2,0,0,0,0,0,4,0,0,88.89
ATT-001231,EMP-0491,2025-03,1/3/2025,18,12,0,6,0,0,0,6,0,3,0,66.67
ATT-001232,EMP-0492,2025-03,1/3/2025,18,17,1,0,0,0,0,0,6,0,0,94.44
ATT-001233,EMP-0493,2025-03,1/3/2025,18,11,0,7,0,0,0,7,0,0,7.5,61.11
ATT-001234,EMP-0494,2025-03,1/3/2025,18,18,0,0,0,0,0,0,6,0,0,100
ATT-001235,EMP-0495,2025-03,1/3/2025,18,8,0,10,0,0,0,10,0,1,0,44.44
ATT-001236,EMP-0497,2025-03,1/3/2025,18,17,0,0,0,1,0,1,0,0,0,94.44
ATT-001237,EMP-0498,2025-03,1/3/2025,18,18,0,0,0,0,0,0,4,1,25,100
ATT-001238,EMP-0499,2025-03,1/3/2025,18,18,0,0,0,0,0,0,3,0,0,100
ATT-001239,EMP-0500,2025-03,1/3/2025,18,18,0,0,0,0,0,0,0,0,0,100
ATT-001240,EMP-0001,2025-04,1/4/2025,22,22,0,0,0,0,0,0,0,0,0,100
ATT-001241,EMP-0003,2025-04,1/4/2025,22,22,0,0,0,0,0,0,0,4,19,100
ATT-001242,EMP-0005,2025-04,1/4/2025,22,22,0,0,0,0,0,0,0,0,14,100
ATT-001243,EMP-0006,2025-04,1/4/2025,22,22,0,0,0,0,0,0,4,0,8,100
ATT-001244,EMP-0008,2025-04,1/4/2025,22,19,0,3,0,0,0,3,0,0,0,86.36
ATT-001245,EMP-0009,2025-04,1/4/2025,22,20,0,0,0,2,0,2,0,0,19.5,90.91
ATT-001246,EMP-0010,2025-04,1/4/2025,22,22,0,0,0,0,0,0,0,0,0,100
ATT-001247,EMP-0014,2025-04,1/4/2025,22,22,0,0,0,0,0,0,0,0,8,100
ATT-001248,EMP-0015,2025-04,1/4/2025,22,22,0,0,0,0,0,0,0,0,13,100
ATT-001249,EMP-0016,2025-04,1/4/2025,22,15,0,7,0,0,0,7,4,0,17.5,68.18
ATT-001250,EMP-0017,2025-04,1/4/2025,22,22,0,0,0,0,0,0,0,2,0,100
ATT-001251,EMP-0018,2025-04,1/4/2025,22,22,0,0,0,0,0,0,0,1,11.5,100
ATT-001252,EMP-0019,2025-04,1/4/2025,22,22,0,0,0,0,0,0,2,0,0,100
ATT-001253,EMP-0020,2025-04,1/4/2025,22,22,0,0,0,0,0,0,0,2,0,100
ATT-001254,EMP-0021,2025-04,1/4/2025,22,22,0,0,0,0,0,0,0,0,0,100
ATT-001255,EMP-0022,2025-04,1/4/2025,22,22,0,0,0,0,0,0,0,4,15,100
ATT-001256,EMP-0023,2025-04,1/4/2025,22,20,0,0,2,0,0,2,5,0,0,90.91
ATT-001257,EMP-0024,2025-04,1/4/2025,22,20,0,0,2,0,0,2,0,0,0,90.91
ATT-001258,EMP-0025,2025-04,1/4/2025,22,22,0,0,0,0,0,0,0,0,7,100
ATT-001259,EMP-0026,2025-04,1/4/2025,22,21,1,0,0,0,0,0,2,0,0,95.45
ATT-001260,EMP-0027,2025-04,1/4/2025,22,13,0,9,0,0,0,9,0,0,4,59.09
ATT-001261,EMP-0028,2025-04,1/4/2025,22,22,0,0,0,0,0,0,0,0,20.5,100
ATT-001262,EMP-0029,2025-04,1/4/2025,22,22,0,0,0,0,0,0,0,0,0,100
ATT-001263,EMP-0030,2025-04,1/4/2025,22,22,0,0,0,0,0,0,4,0,0,100
ATT-001264,EMP-0031,2025-04,1/4/2025,22,22,0,0,0,0,0,0,0,0,18.5,100
ATT-001265,EMP-0032,2025-04,1/4/2025,22,19,0,3,0,0,0,3,0,0,21,86.36
ATT-001266,EMP-0034,2025-04,1/4/2025,22,21,0,0,0,0,1,1,0,0,2.5,95.45
ATT-001267,EMP-0035,2025-04,1/4/2025,22,19,0,3,0,0,0,3,0,0,18.5,86.36
ATT-001268,EMP-0036,2025-04,1/4/2025,22,22,0,0,0,0,0,0,0,2,0,100
ATT-001269,EMP-0037,2025-04,1/4/2025,22,22,0,0,0,0,0,0,0,0,23,100
ATT-001270,EMP-0038,2025-04,1/4/2025,22,22,0,0,0,0,0,0,0,2,0,100
ATT-001271,EMP-0039,2025-04,1/4/2025,22,21,0,0,0,0,1,1,3,0,0,95.45
ATT-001272,EMP-0040,2025-04,1/4/2025,22,22,0,0,0,0,0,0,4,0,0,100
ATT-001273,EMP-0041,2025-04,1/4/2025,22,22,0,0,0,0,0,0,2,3,0,100
ATT-001274,EMP-0042,2025-04,1/4/2025,22,14,0,8,0,0,0,8,3,0,0,63.64
ATT-001275,EMP-0043,2025-04,1/4/2025,22,19,0,3,0,0,0,3,3,0,0,86.36
ATT-001276,EMP-0044,2025-04,1/4/2025,22,22,0,0,0,0,0,0,0,0,20,100
ATT-001277,EMP-0045,2025-04,1/4/2025,22,22,0,0,0,0,0,0,6,3,0,100
ATT-001278,EMP-0046,2025-04,1/4/2025,22,22,0,0,0,0,0,0,0,0,14,100
ATT-001279,EMP-0047,2025-04,1/4/2025,22,22,0,0,0,0,0,0,0,3,0,100
ATT-001280,EMP-0048,2025-04,1/4/2025,22,22,0,0,0,0,0,0,0,0,0,100
ATT-001281,EMP-0049,2025-04,1/4/2025,22,22,0,0,0,0,0,0,5,0,0,100
ATT-001282,EMP-0050,2025-04,1/4/2025,22,13,0,9,0,0,0,9,0,0,0,59.09
ATT-001283,EMP-0051,2025-04,1/4/2025,22,22,0,0,0,0,0,0,0,0,0,100
ATT-001284,EMP-0052,2025-04,1/4/2025,22,22,0,0,0,0,0,0,0,0,19,100
ATT-001285,EMP-0053,2025-04,1/4/2025,22,14,0,8,0,0,0,8,0,0,25,63.64
ATT-001286,EMP-0055,2025-04,1/4/2025,22,22,0,0,0,0,0,0,0,0,9,100
ATT-001287,EMP-0056,2025-04,1/4/2025,22,20,2,0,0,0,0,0,2,4,0,90.91
ATT-001288,EMP-0057,2025-04,1/4/2025,22,22,0,0,0,0,0,0,0,2,21.5,100
ATT-001289,EMP-0058,2025-04,1/4/2025,22,22,0,0,0,0,0,0,0,0,12,100
ATT-001290,EMP-0059,2025-04,1/4/2025,22,22,0,0,0,0,0,0,0,0,22,100
ATT-001291,EMP-0060,2025-04,1/4/2025,22,22,0,0,0,0,0,0,0,0,20.5,100
ATT-001292,EMP-0061,2025-04,1/4/2025,22,22,0,0,0,0,0,0,0,0,0,100
ATT-001293,EMP-0062,2025-04,1/4/2025,22,22,0,0,0,0,0,0,0,0,24.5,100
ATT-001294,EMP-0064,2025-04,1/4/2025,22,20,0,0,0,0,2,2,0,2,0,90.91
ATT-001295,EMP-0065,2025-04,1/4/2025,22,19,0,0,1,0,2,3,0,0,0,86.36
ATT-001296,EMP-0066,2025-04,1/4/2025,22,22,0,0,0,0,0,0,0,0,8,100
ATT-001297,EMP-0067,2025-04,1/4/2025,22,22,0,0,0,0,0,0,0,0,0,100
ATT-001298,EMP-0068,2025-04,1/4/2025,22,22,0,0,0,0,0,0,5,0,0,100
ATT-001299,EMP-0069,2025-04,1/4/2025,22,22,0,0,0,0,0,0,0,0,0,100
ATT-001300,EMP-0070,2025-04,1/4/2025,22,22,0,0,0,0,0,0,0,4,9.5,100
ATT-001301,EMP-0071,2025-04,1/4/2025,22,22,0,0,0,0,0,0,0,0,17,100
ATT-001302,EMP-0072,2025-04,1/4/2025,22,22,0,0,0,0,0,0,2,0,0,100
ATT-001303,EMP-0073,2025-04,1/4/2025,22,22,0,0,0,0,0,0,3,4,0,100
ATT-001304,EMP-0074,2025-04,1/4/2025,22,22,0,0,0,0,0,0,1,0,0,100
ATT-001305,EMP-0079,2025-04,1/4/2025,22,19,0,0,3,0,0,3,0,0,0,86.36
ATT-001306,EMP-0080,2025-04,1/4/2025,22,22,0,0,0,0,0,0,6,0,20.5,100
ATT-001307,EMP-0082,2025-04,1/4/2025,22,19,0,0,3,0,0,3,0,0,0,86.36
ATT-001308,EMP-0083,2025-04,1/4/2025,22,22,0,0,0,0,0,0,0,0,3,100
ATT-001309,EMP-0084,2025-04,1/4/2025,22,22,0,0,0,0,0,0,2,0,0,100
ATT-001310,EMP-0085,2025-04,1/4/2025,22,22,0,0,0,0,0,0,0,0,2.5,100
ATT-001311,EMP-0086,2025-04,1/4/2025,22,22,0,0,0,0,0,0,0,0,25.5,100
ATT-001312,EMP-0087,2025-04,1/4/2025,22,20,1,0,1,0,0,1,0,0,0,90.91
ATT-001313,EMP-0088,2025-04,1/4/2025,22,22,0,0,0,0,0,0,0,0,0,100
ATT-001314,EMP-0089,2025-04,1/4/2025,22,22,0,0,0,0,0,0,0,4,0,100
ATT-001315,EMP-0092,2025-04,1/4/2025,22,22,0,0,0,0,0,0,0,0,0,100
ATT-001316,EMP-0093,2025-04,1/4/2025,22,22,0,0,0,0,0,0,4,2,25,100
ATT-001317,EMP-0095,2025-04,1/4/2025,22,22,0,0,0,0,0,0,0,0,21.5,100
ATT-001318,EMP-0097,2025-04,1/4/2025,22,22,0,0,0,0,0,0,0,3,11.5,100
ATT-001319,EMP-0098,2025-04,1/4/2025,22,22,0,0,0,0,0,0,0,0,4.5,100
ATT-001320,EMP-0099,2025-04,1/4/2025,22,22,0,0,0,0,0,0,1,0,7.5,100
ATT-001321,EMP-0100,2025-04,1/4/2025,22,22,0,0,0,0,0,0,0,0,0,100
ATT-001322,EMP-0102,2025-04,1/4/2025,22,22,0,0,0,0,0,0,0,2,0,100
ATT-001323,EMP-0103,2025-04,1/4/2025,22,22,0,0,0,0,0,0,0,0,0,100
ATT-001324,EMP-0104,2025-04,1/4/2025,22,22,0,0,0,0,0,0,0,0,0,100
ATT-001325,EMP-0105,2025-04,1/4/2025,22,22,0,0,0,0,0,0,0,3,24.5,100
ATT-001326,EMP-0106,2025-04,1/4/2025,22,22,0,0,0,0,0,0,0,0,0,100
ATT-001327,EMP-0107,2025-04,1/4/2025,22,22,0,0,0,0,0,0,0,0,0,100
ATT-001328,EMP-0108,2025-04,1/4/2025,22,21,1,0,0,0,0,0,5,4,11,95.45
ATT-001329,EMP-0112,2025-04,1/4/2025,22,21,0,1,0,0,0,1,0,0,0,95.45
ATT-001330,EMP-0113,2025-04,1/4/2025,22,22,0,0,0,0,0,0,5,0,4.5,100
ATT-001331,EMP-0114,2025-04,1/4/2025,22,20,2,0,0,0,0,0,2,3,0,90.91
ATT-001332,EMP-0116,2025-04,1/4/2025,22,22,0,0,0,0,0,0,6,0,0,100
ATT-001333,EMP-0117,2025-04,1/4/2025,22,20,0,0,2,0,0,2,3,4,0,90.91
ATT-001334,EMP-0118,2025-04,1/4/2025,22,22,0,0,0,0,0,0,0,0,0,100
ATT-001335,EMP-0119,2025-04,1/4/2025,22,22,0,0,0,0,0,0,4,2,22.5,100
ATT-001336,EMP-0120,2025-04,1/4/2025,22,20,2,0,0,0,0,0,0,0,20,90.91
ATT-001337,EMP-0121,2025-04,1/4/2025,22,19,0,3,0,0,0,3,0,3,10,86.36
ATT-001338,EMP-0122,2025-04,1/4/2025,22,19,0,0,0,0,3,3,1,0,10.5,86.36
ATT-001339,EMP-0123,2025-04,1/4/2025,22,21,1,0,0,0,0,0,1,0,0,95.45
ATT-001340,EMP-0124,2025-04,1/4/2025,22,22,0,0,0,0,0,0,0,2,0,100
ATT-001341,EMP-0126,2025-04,1/4/2025,22,22,0,0,0,0,0,0,0,0,0,100
ATT-001342,EMP-0127,2025-04,1/4/2025,22,22,0,0,0,0,0,0,6,0,0,100
ATT-001343,EMP-0129,2025-04,1/4/2025,22,22,0,0,0,0,0,0,5,0,0,100
ATT-001344,EMP-0130,2025-04,1/4/2025,22,21,0,0,1,0,0,1,0,0,0,95.45
ATT-001345,EMP-0131,2025-04,1/4/2025,22,20,2,0,0,0,0,0,0,0,0,90.91
ATT-001346,EMP-0132,2025-04,1/4/2025,22,22,0,0,0,0,0,0,1,0,6,100
ATT-001347,EMP-0133,2025-04,1/4/2025,22,19,0,0,3,0,0,3,0,2,0,86.36
ATT-001348,EMP-0134,2025-04,1/4/2025,22,22,0,0,0,0,0,0,0,0,0,100
ATT-001349,EMP-0135,2025-04,1/4/2025,22,22,0,0,0,0,0,0,0,0,0,100
ATT-001350,EMP-0136,2025-04,1/4/2025,22,11,0,10,1,0,0,11,0,0,0,50
ATT-001351,EMP-0137,2025-04,1/4/2025,22,15,0,7,0,0,0,7,0,2,0,68.18
ATT-001352,EMP-0138,2025-04,1/4/2025,22,22,0,0,0,0,0,0,3,0,0,100
ATT-001353,EMP-0139,2025-04,1/4/2025,22,22,0,0,0,0,0,0,4,0,8,100
ATT-001354,EMP-0140,2025-04,1/4/2025,22,22,0,0,0,0,0,0,0,0,0,100
ATT-001355,EMP-0141,2025-04,1/4/2025,22,19,0,0,0,0,3,3,4,0,17,86.36
ATT-001356,EMP-0142,2025-04,1/4/2025,22,22,0,0,0,0,0,0,0,3,18,100
ATT-001357,EMP-0145,2025-04,1/4/2025,22,22,0,0,0,0,0,0,6,0,24,100
ATT-001358,EMP-0146,2025-04,1/4/2025,22,22,0,0,0,0,0,0,0,0,0,100
ATT-001359,EMP-0148,2025-04,1/4/2025,22,22,0,0,0,0,0,0,0,0,0,100
ATT-001360,EMP-0149,2025-04,1/4/2025,22,20,0,0,2,0,0,2,2,0,25,90.91
ATT-001361,EMP-0150,2025-04,1/4/2025,22,22,0,0,0,0,0,0,0,3,0,100
ATT-001362,EMP-0151,2025-04,1/4/2025,22,22,0,0,0,0,0,0,0,0,19.5,100
ATT-001363,EMP-0152,2025-04,1/4/2025,22,22,0,0,0,0,0,0,0,0,25,100
ATT-001364,EMP-0153,2025-04,1/4/2025,22,22,0,0,0,0,0,0,2,0,0,100
ATT-001365,EMP-0155,2025-04,1/4/2025,22,22,0,0,0,0,0,0,0,0,0,100
ATT-001366,EMP-0157,2025-04,1/4/2025,22,22,0,0,0,0,0,0,0,0,23,100
ATT-001367,EMP-0158,2025-04,1/4/2025,22,22,0,0,0,0,0,0,0,4,15,100
ATT-001368,EMP-0159,2025-04,1/4/2025,22,20,0,0,2,0,0,2,6,0,0,90.91
ATT-001369,EMP-0160,2025-04,1/4/2025,22,21,0,0,0,1,0,1,0,0,0,95.45
ATT-001370,EMP-0161,2025-04,1/4/2025,22,22,0,0,0,0,0,0,0,0,0,100
ATT-001371,EMP-0162,2025-04,1/4/2025,22,22,0,0,0,0,0,0,0,0,0,100
ATT-001372,EMP-0163,2025-04,1/4/2025,22,22,0,0,0,0,0,0,0,0,0,100
ATT-001373,EMP-0164,2025-04,1/4/2025,22,22,0,0,0,0,0,0,3,3,0,100
ATT-001374,EMP-0165,2025-04,1/4/2025,22,22,0,0,0,0,0,0,0,0,18,100
ATT-001375,EMP-0167,2025-04,1/4/2025,22,21,0,0,1,0,0,1,0,2,4.5,95.45
ATT-001376,EMP-0168,2025-04,1/4/2025,22,22,0,0,0,0,0,0,6,0,5,100
ATT-001377,EMP-0169,2025-04,1/4/2025,22,12,0,10,0,0,0,10,0,0,0,54.55
ATT-001378,EMP-0170,2025-04,1/4/2025,22,20,2,0,0,0,0,0,3,0,12,90.91
ATT-001379,EMP-0171,2025-04,1/4/2025,22,22,0,0,0,0,0,0,0,0,15.5,100
ATT-001380,EMP-0172,2025-04,1/4/2025,22,22,0,0,0,0,0,0,0,4,5.5,100
ATT-001381,EMP-0173,2025-04,1/4/2025,22,22,0,0,0,0,0,0,1,0,8.5,100
ATT-001382,EMP-0174,2025-04,1/4/2025,22,14,0,8,0,0,0,8,0,2,0,63.64
ATT-001383,EMP-0175,2025-04,1/4/2025,22,22,0,0,0,0,0,0,0,0,7.5,100
ATT-001384,EMP-0176,2025-04,1/4/2025,22,22,0,0,0,0,0,0,3,1,0,100
ATT-001385,EMP-0177,2025-04,1/4/2025,22,22,0,0,0,0,0,0,0,0,13,100
ATT-001386,EMP-0178,2025-04,1/4/2025,22,22,0,0,0,0,0,0,0,0,3.5,100
ATT-001387,EMP-0179,2025-04,1/4/2025,22,22,0,0,0,0,0,0,1,0,24.5,100
ATT-001388,EMP-0180,2025-04,1/4/2025,22,22,0,0,0,0,0,0,6,0,12,100
ATT-001389,EMP-0182,2025-04,1/4/2025,22,22,0,0,0,0,0,0,5,1,0,100
ATT-001390,EMP-0183,2025-04,1/4/2025,22,20,2,0,0,0,0,0,0,0,0,90.91
ATT-001391,EMP-0184,2025-04,1/4/2025,22,22,0,0,0,0,0,0,0,0,22.5,100
ATT-001392,EMP-0186,2025-04,1/4/2025,22,20,0,2,0,0,0,2,0,0,0,90.91
ATT-001393,EMP-0187,2025-04,1/4/2025,22,22,0,0,0,0,0,0,5,1,0,100
ATT-001394,EMP-0188,2025-04,1/4/2025,22,22,0,0,0,0,0,0,0,0,8,100
ATT-001395,EMP-0189,2025-04,1/4/2025,22,20,2,0,0,0,0,0,0,3,8,90.91
ATT-001396,EMP-0190,2025-04,1/4/2025,22,22,0,0,0,0,0,0,0,0,0,100
ATT-001397,EMP-0191,2025-04,1/4/2025,22,22,0,0,0,0,0,0,5,0,20,100
ATT-001398,EMP-0193,2025-04,1/4/2025,22,22,0,0,0,0,0,0,5,0,0,100
ATT-001399,EMP-0194,2025-04,1/4/2025,22,22,0,0,0,0,0,0,0,0,0,100
ATT-001400,EMP-0195,2025-04,1/4/2025,22,22,0,0,0,0,0,0,0,0,4,100
ATT-001401,EMP-0196,2025-04,1/4/2025,22,17,0,5,0,0,0,5,0,0,9,77.27
ATT-001402,EMP-0197,2025-04,1/4/2025,22,22,0,0,0,0,0,0,0,0,3.5,100
ATT-001403,EMP-0198,2025-04,1/4/2025,22,22,0,0,0,0,0,0,0,0,0,100
ATT-001404,EMP-0199,2025-04,1/4/2025,22,13,0,9,0,0,0,9,0,0,14,59.09
ATT-001405,EMP-0200,2025-04,1/4/2025,22,22,0,0,0,0,0,0,0,3,0,100
ATT-001406,EMP-0201,2025-04,1/4/2025,22,22,0,0,0,0,0,0,6,0,0,100
ATT-001407,EMP-0202,2025-04,1/4/2025,22,22,0,0,0,0,0,0,0,0,0,100
ATT-001408,EMP-0203,2025-04,1/4/2025,22,22,0,0,0,0,0,0,6,0,17.5,100
ATT-001409,EMP-0204,2025-04,1/4/2025,22,22,0,0,0,0,0,0,1,2,0,100
ATT-001410,EMP-0207,2025-04,1/4/2025,22,22,0,0,0,0,0,0,0,0,9,100
ATT-001411,EMP-0209,2025-04,1/4/2025,22,22,0,0,0,0,0,0,0,0,4.5,100
ATT-001412,EMP-0210,2025-04,1/4/2025,22,10,2,10,0,0,0,10,1,0,0,45.45
ATT-001413,EMP-0211,2025-04,1/4/2025,22,20,0,2,0,0,0,2,3,0,0,90.91
ATT-001414,EMP-0212,2025-04,1/4/2025,22,20,0,2,0,0,0,2,0,0,0,90.91
ATT-001415,EMP-0213,2025-04,1/4/2025,22,22,0,0,0,0,0,0,0,0,7,100
ATT-001416,EMP-0214,2025-04,1/4/2025,22,21,1,0,0,0,0,0,3,2,0,95.45
ATT-001417,EMP-0215,2025-04,1/4/2025,22,22,0,0,0,0,0,0,0,0,0,100
ATT-001418,EMP-0216,2025-04,1/4/2025,22,22,0,0,0,0,0,0,0,0,23,100
ATT-001419,EMP-0217,2025-04,1/4/2025,22,22,0,0,0,0,0,0,0,0,10.5,100
ATT-001420,EMP-0219,2025-04,1/4/2025,22,22,0,0,0,0,0,0,0,2,0,100
ATT-001421,EMP-0220,2025-04,1/4/2025,22,22,0,0,0,0,0,0,0,0,0,100
ATT-001422,EMP-0221,2025-04,1/4/2025,22,22,0,0,0,0,0,0,4,0,0,100
ATT-001423,EMP-0222,2025-04,1/4/2025,22,22,0,0,0,0,0,0,2,0,26,100
ATT-001424,EMP-0223,2025-04,1/4/2025,22,22,0,0,0,0,0,0,1,0,0,100
ATT-001425,EMP-0226,2025-04,1/4/2025,22,22,0,0,0,0,0,0,6,0,0,100
ATT-001426,EMP-0227,2025-04,1/4/2025,22,21,1,0,0,0,0,0,0,0,2.5,95.45
ATT-001427,EMP-0228,2025-04,1/4/2025,22,22,0,0,0,0,0,0,0,0,0,100
ATT-001428,EMP-0229,2025-04,1/4/2025,22,22,0,0,0,0,0,0,0,2,0,100
ATT-001429,EMP-0231,2025-04,1/4/2025,22,22,0,0,0,0,0,0,0,0,0,100
ATT-001430,EMP-0232,2025-04,1/4/2025,22,22,0,0,0,0,0,0,0,0,0,100
ATT-001431,EMP-0236,2025-04,1/4/2025,22,19,0,0,0,0,3,3,0,0,21,86.36
ATT-001432,EMP-0237,2025-04,1/4/2025,22,22,0,0,0,0,0,0,1,0,8,100
ATT-001433,EMP-0238,2025-04,1/4/2025,22,22,0,0,0,0,0,0,2,0,19.5,100
ATT-001434,EMP-0239,2025-04,1/4/2025,22,22,0,0,0,0,0,0,0,0,0,100
ATT-001435,EMP-0240,2025-04,1/4/2025,22,22,0,0,0,0,0,0,4,0,0,100
ATT-001436,EMP-0241,2025-04,1/4/2025,22,22,0,0,0,0,0,0,0,0,5.5,100
ATT-001437,EMP-0242,2025-04,1/4/2025,22,22,0,0,0,0,0,0,0,0,7.5,100
ATT-001438,EMP-0243,2025-04,1/4/2025,22,22,0,0,0,0,0,0,3,0,15,100
ATT-001439,EMP-0244,2025-04,1/4/2025,22,20,0,0,0,2,0,2,2,0,6.5,90.91
ATT-001440,EMP-0245,2025-04,1/4/2025,22,17,0,5,0,0,0,5,0,2,0,77.27
ATT-001441,EMP-0246,2025-04,1/4/2025,22,20,0,0,0,0,2,2,0,0,13,90.91
ATT-001442,EMP-0247,2025-04,1/4/2025,22,11,0,8,0,3,0,11,0,0,18.5,50
ATT-001443,EMP-0248,2025-04,1/4/2025,22,22,0,0,0,0,0,0,0,0,0,100
ATT-001444,EMP-0249,2025-04,1/4/2025,22,14,0,7,1,0,0,8,3,0,0,63.64
ATT-001445,EMP-0250,2025-04,1/4/2025,22,22,0,0,0,0,0,0,0,1,17,100
ATT-001446,EMP-0252,2025-04,1/4/2025,22,19,0,3,0,0,0,3,0,0,0,86.36
ATT-001447,EMP-0254,2025-04,1/4/2025,22,22,0,0,0,0,0,0,2,0,0,100
ATT-001448,EMP-0256,2025-04,1/4/2025,22,22,0,0,0,0,0,0,6,2,8.5,100
ATT-001449,EMP-0257,2025-04,1/4/2025,22,22,0,0,0,0,0,0,0,0,25.5,100
ATT-001450,EMP-0258,2025-04,1/4/2025,22,22,0,0,0,0,0,0,0,0,0,100
ATT-001451,EMP-0260,2025-04,1/4/2025,22,22,0,0,0,0,0,0,0,1,0,100
ATT-001452,EMP-0261,2025-04,1/4/2025,22,21,0,0,1,0,0,1,0,0,0,95.45
ATT-001453,EMP-0262,2025-04,1/4/2025,22,22,0,0,0,0,0,0,0,0,0,100
ATT-001454,EMP-0263,2025-04,1/4/2025,22,18,0,4,0,0,0,4,5,0,0,81.82
ATT-001455,EMP-0264,2025-04,1/4/2025,22,22,0,0,0,0,0,0,0,0,0,100
ATT-001456,EMP-0265,2025-04,1/4/2025,22,22,0,0,0,0,0,0,0,0,25.5,100
ATT-001457,EMP-0266,2025-04,1/4/2025,22,22,0,0,0,0,0,0,0,0,0,100
ATT-001458,EMP-0267,2025-04,1/4/2025,22,21,0,0,0,0,1,1,0,0,0,95.45
ATT-001459,EMP-0268,2025-04,1/4/2025,22,22,0,0,0,0,0,0,0,0,18.5,100
ATT-001460,EMP-0269,2025-04,1/4/2025,22,20,2,0,0,0,0,0,0,0,0,90.91
ATT-001461,EMP-0272,2025-04,1/4/2025,22,16,0,6,0,0,0,6,0,0,0,72.73
ATT-001462,EMP-0273,2025-04,1/4/2025,22,16,0,6,0,0,0,6,0,0,0,72.73
ATT-001463,EMP-0274,2025-04,1/4/2025,22,22,0,0,0,0,0,0,0,0,0,100
ATT-001464,EMP-0275,2025-04,1/4/2025,22,22,0,0,0,0,0,0,5,0,15,100
ATT-001465,EMP-0277,2025-04,1/4/2025,22,22,0,0,0,0,0,0,0,0,0,100
ATT-001466,EMP-0278,2025-04,1/4/2025,22,17,0,2,3,0,0,5,0,0,3.5,77.27
ATT-001467,EMP-0279,2025-04,1/4/2025,22,22,0,0,0,0,0,0,3,0,0,100
ATT-001468,EMP-0280,2025-04,1/4/2025,22,22,0,0,0,0,0,0,0,0,20,100
ATT-001469,EMP-0281,2025-04,1/4/2025,22,21,1,0,0,0,0,0,0,4,0,95.45
ATT-001470,EMP-0282,2025-04,1/4/2025,22,22,0,0,0,0,0,0,0,0,0,100
ATT-001471,EMP-0283,2025-04,1/4/2025,22,22,0,0,0,0,0,0,0,0,0,100
ATT-001472,EMP-0286,2025-04,1/4/2025,22,20,0,0,0,2,0,2,0,0,0,90.91
ATT-001473,EMP-0287,2025-04,1/4/2025,22,22,0,0,0,0,0,0,4,0,16.5,100
ATT-001474,EMP-0288,2025-04,1/4/2025,22,20,0,0,2,0,0,2,0,0,0,90.91
ATT-001475,EMP-0289,2025-04,1/4/2025,22,22,0,0,0,0,0,0,0,0,0,100
ATT-001476,EMP-0290,2025-04,1/4/2025,22,20,2,0,0,0,0,0,2,0,18,90.91
ATT-001477,EMP-0291,2025-04,1/4/2025,22,22,0,0,0,0,0,0,0,0,0,100
ATT-001478,EMP-0292,2025-04,1/4/2025,22,22,0,0,0,0,0,0,6,0,0,100
ATT-001479,EMP-0293,2025-04,1/4/2025,22,22,0,0,0,0,0,0,0,0,0,100
ATT-001480,EMP-0294,2025-04,1/4/2025,22,22,0,0,0,0,0,0,5,0,15.5,100
ATT-001481,EMP-0295,2025-04,1/4/2025,22,19,0,3,0,0,0,3,0,0,0,86.36
ATT-001482,EMP-0296,2025-04,1/4/2025,22,22,0,0,0,0,0,0,6,0,0,100
ATT-001483,EMP-0297,2025-04,1/4/2025,22,22,0,0,0,0,0,0,2,0,0,100
ATT-001484,EMP-0300,2025-04,1/4/2025,22,22,0,0,0,0,0,0,1,0,0,100
ATT-001485,EMP-0303,2025-04,1/4/2025,22,22,0,0,0,0,0,0,0,4,24,100
ATT-001486,EMP-0304,2025-04,1/4/2025,22,22,0,0,0,0,0,0,1,0,5.5,100
ATT-001487,EMP-0305,2025-04,1/4/2025,22,21,0,1,0,0,0,1,0,1,0,95.45
ATT-001488,EMP-0306,2025-04,1/4/2025,22,12,1,9,0,0,0,9,0,3,22,54.55
ATT-001489,EMP-0307,2025-04,1/4/2025,22,20,0,0,2,0,0,2,0,0,0,90.91
ATT-001490,EMP-0308,2025-04,1/4/2025,22,18,0,4,0,0,0,4,0,0,0,81.82
ATT-001491,EMP-0309,2025-04,1/4/2025,22,22,0,0,0,0,0,0,0,1,11.5,100
ATT-001492,EMP-0310,2025-04,1/4/2025,22,22,0,0,0,0,0,0,1,0,10.5,100
ATT-001493,EMP-0311,2025-04,1/4/2025,22,21,0,0,1,0,0,1,0,0,0,95.45
ATT-001494,EMP-0312,2025-04,1/4/2025,22,22,0,0,0,0,0,0,0,0,6.5,100
ATT-001495,EMP-0313,2025-04,1/4/2025,22,22,0,0,0,0,0,0,0,0,0,100
ATT-001496,EMP-0314,2025-04,1/4/2025,22,22,0,0,0,0,0,0,4,4,0,100
ATT-001497,EMP-0315,2025-04,1/4/2025,22,18,0,4,0,0,0,4,0,0,0,81.82
ATT-001498,EMP-0316,2025-04,1/4/2025,22,21,1,0,0,0,0,0,0,4,0,95.45
ATT-001499,EMP-0318,2025-04,1/4/2025,22,22,0,0,0,0,0,0,0,2,14,100
ATT-001500,EMP-0320,2025-04,1/4/2025,22,21,0,0,1,0,0,1,0,0,0,95.45
ATT-001501,EMP-0321,2025-04,1/4/2025,22,22,0,0,0,0,0,0,0,0,0,100
ATT-001502,EMP-0322,2025-04,1/4/2025,22,22,0,0,0,0,0,0,0,0,0,100
ATT-001503,EMP-0324,2025-04,1/4/2025,22,20,0,2,0,0,0,2,0,0,0,90.91
ATT-001504,EMP-0325,2025-04,1/4/2025,22,22,0,0,0,0,0,0,1,0,0,100
ATT-001505,EMP-0326,2025-04,1/4/2025,22,15,0,7,0,0,0,7,0,0,0,68.18
ATT-001506,EMP-0327,2025-04,1/4/2025,22,22,0,0,0,0,0,0,0,0,6,100
ATT-001507,EMP-0328,2025-04,1/4/2025,22,20,2,0,0,0,0,0,5,0,0,90.91
ATT-001508,EMP-0329,2025-04,1/4/2025,22,22,0,0,0,0,0,0,3,0,18,100
ATT-001509,EMP-0331,2025-04,1/4/2025,22,22,0,0,0,0,0,0,6,0,0,100
ATT-001510,EMP-0332,2025-04,1/4/2025,22,20,1,0,0,1,0,1,3,0,0,90.91
ATT-001511,EMP-0333,2025-04,1/4/2025,22,22,0,0,0,0,0,0,0,0,0,100
ATT-001512,EMP-0334,2025-04,1/4/2025,22,21,1,0,0,0,0,0,2,2,0,95.45
ATT-001513,EMP-0335,2025-04,1/4/2025,22,22,0,0,0,0,0,0,0,0,0,100
ATT-001514,EMP-0336,2025-04,1/4/2025,22,19,0,0,3,0,0,3,0,4,0,86.36
ATT-001515,EMP-0337,2025-04,1/4/2025,22,22,0,0,0,0,0,0,5,0,18.5,100
ATT-001516,EMP-0338,2025-04,1/4/2025,22,22,0,0,0,0,0,0,0,0,22,100
ATT-001517,EMP-0339,2025-04,1/4/2025,22,22,0,0,0,0,0,0,6,2,14,100
ATT-001518,EMP-0340,2025-04,1/4/2025,22,21,0,0,0,0,1,1,0,0,0,95.45
ATT-001519,EMP-0341,2025-04,1/4/2025,22,22,0,0,0,0,0,0,0,0,0,100
ATT-001520,EMP-0342,2025-04,1/4/2025,22,22,0,0,0,0,0,0,0,0,0,100
ATT-001521,EMP-0343,2025-04,1/4/2025,22,13,0,9,0,0,0,9,0,0,10,59.09
ATT-001522,EMP-0344,2025-04,1/4/2025,22,22,0,0,0,0,0,0,0,4,0,100
ATT-001523,EMP-0347,2025-04,1/4/2025,22,13,0,9,0,0,0,9,0,0,0,59.09
ATT-001524,EMP-0349,2025-04,1/4/2025,22,19,2,0,1,0,0,1,0,0,0,86.36
ATT-001525,EMP-0350,2025-04,1/4/2025,22,21,1,0,0,0,0,0,0,0,24,95.45
ATT-001526,EMP-0351,2025-04,1/4/2025,22,15,0,7,0,0,0,7,0,1,20,68.18
ATT-001527,EMP-0352,2025-04,1/4/2025,22,22,0,0,0,0,0,0,2,0,23,100
ATT-001528,EMP-0353,2025-04,1/4/2025,22,22,0,0,0,0,0,0,0,0,0,100
ATT-001529,EMP-0354,2025-04,1/4/2025,22,22,0,0,0,0,0,0,0,1,14.5,100
ATT-001530,EMP-0355,2025-04,1/4/2025,22,22,0,0,0,0,0,0,6,0,10,100
ATT-001531,EMP-0356,2025-04,1/4/2025,22,19,0,0,3,0,0,3,3,0,0,86.36
ATT-001532,EMP-0357,2025-04,1/4/2025,22,22,0,0,0,0,0,0,2,0,14,100
ATT-001533,EMP-0359,2025-04,1/4/2025,22,22,0,0,0,0,0,0,2,0,15,100
ATT-001534,EMP-0360,2025-04,1/4/2025,22,22,0,0,0,0,0,0,6,1,0,100
ATT-001535,EMP-0361,2025-04,1/4/2025,22,22,0,0,0,0,0,0,1,0,0,100
ATT-001536,EMP-0362,2025-04,1/4/2025,22,9,1,8,0,4,0,12,0,0,5.5,40.91
ATT-001537,EMP-0363,2025-04,1/4/2025,22,18,0,4,0,0,0,4,0,3,14,81.82
ATT-001538,EMP-0364,2025-04,1/4/2025,22,12,0,10,0,0,0,10,4,0,4.5,54.55
ATT-001539,EMP-0366,2025-04,1/4/2025,22,22,0,0,0,0,0,0,0,0,17,100
ATT-001540,EMP-0368,2025-04,1/4/2025,22,20,2,0,0,0,0,0,0,0,0,90.91
ATT-001541,EMP-0369,2025-04,1/4/2025,22,22,0,0,0,0,0,0,0,1,22.5,100
ATT-001542,EMP-0370,2025-04,1/4/2025,22,22,0,0,0,0,0,0,4,0,0,100
ATT-001543,EMP-0372,2025-04,1/4/2025,22,22,0,0,0,0,0,0,0,0,22,100
ATT-001544,EMP-0373,2025-04,1/4/2025,22,22,0,0,0,0,0,0,0,0,0,100
ATT-001545,EMP-0374,2025-04,1/4/2025,22,22,0,0,0,0,0,0,0,0,0,100
ATT-001546,EMP-0375,2025-04,1/4/2025,22,22,0,0,0,0,0,0,0,2,0,100
ATT-001547,EMP-0376,2025-04,1/4/2025,22,20,0,2,0,0,0,2,0,0,0,90.91
ATT-001548,EMP-0377,2025-04,1/4/2025,22,19,0,3,0,0,0,3,2,0,6.5,86.36
ATT-001549,EMP-0378,2025-04,1/4/2025,22,22,0,0,0,0,0,0,0,0,0,100
ATT-001550,EMP-0379,2025-04,1/4/2025,22,22,0,0,0,0,0,0,0,0,0,100
ATT-001551,EMP-0381,2025-04,1/4/2025,22,13,0,9,0,0,0,9,4,0,0,59.09
ATT-001552,EMP-0382,2025-04,1/4/2025,22,22,0,0,0,0,0,0,0,0,6.5,100
ATT-001553,EMP-0383,2025-04,1/4/2025,22,15,0,7,0,0,0,7,2,0,4.5,68.18
ATT-001554,EMP-0384,2025-04,1/4/2025,22,22,0,0,0,0,0,0,4,0,19.5,100
ATT-001555,EMP-0385,2025-04,1/4/2025,22,22,0,0,0,0,0,0,1,0,25,100
ATT-001556,EMP-0387,2025-04,1/4/2025,22,22,0,0,0,0,0,0,0,0,0,100
ATT-001557,EMP-0388,2025-04,1/4/2025,22,22,0,0,0,0,0,0,0,1,3,100
ATT-001558,EMP-0389,2025-04,1/4/2025,22,16,0,6,0,0,0,6,4,4,0,72.73
ATT-001559,EMP-0390,2025-04,1/4/2025,22,13,0,9,0,0,0,9,3,0,2,59.09
ATT-001560,EMP-0391,2025-04,1/4/2025,22,16,0,6,0,0,0,6,0,0,0,72.73
ATT-001561,EMP-0393,2025-04,1/4/2025,22,22,0,0,0,0,0,0,0,0,0,100
ATT-001562,EMP-0394,2025-04,1/4/2025,22,22,0,0,0,0,0,0,0,0,26,100
ATT-001563,EMP-0395,2025-04,1/4/2025,22,22,0,0,0,0,0,0,0,0,0,100
ATT-001564,EMP-0398,2025-04,1/4/2025,22,22,0,0,0,0,0,0,0,0,26,100
ATT-001565,EMP-0399,2025-04,1/4/2025,22,21,0,0,1,0,0,1,0,0,0,95.45
ATT-001566,EMP-0400,2025-04,1/4/2025,22,14,0,8,0,0,0,8,0,0,0,63.64
ATT-001567,EMP-0402,2025-04,1/4/2025,22,22,0,0,0,0,0,0,0,0,0,100
ATT-001568,EMP-0403,2025-04,1/4/2025,22,19,0,0,2,0,1,3,0,0,22,86.36
ATT-001569,EMP-0405,2025-04,1/4/2025,22,19,0,0,3,0,0,3,0,0,0,86.36
ATT-001570,EMP-0406,2025-04,1/4/2025,22,22,0,0,0,0,0,0,0,1,0,100
ATT-001571,EMP-0407,2025-04,1/4/2025,22,21,1,0,0,0,0,0,2,0,15,95.45
ATT-001572,EMP-0409,2025-04,1/4/2025,22,22,0,0,0,0,0,0,0,0,0,100
ATT-001573,EMP-0410,2025-04,1/4/2025,22,22,0,0,0,0,0,0,0,0,16,100
ATT-001574,EMP-0411,2025-04,1/4/2025,22,22,0,0,0,0,0,0,6,0,6,100
ATT-001575,EMP-0412,2025-04,1/4/2025,22,22,0,0,0,0,0,0,1,0,5,100
ATT-001576,EMP-0413,2025-04,1/4/2025,22,22,0,0,0,0,0,0,0,0,20.5,100
ATT-001577,EMP-0414,2025-04,1/4/2025,22,12,0,10,0,0,0,10,4,2,0,54.55
ATT-001578,EMP-0415,2025-04,1/4/2025,22,22,0,0,0,0,0,0,0,0,0,100
ATT-001579,EMP-0416,2025-04,1/4/2025,22,22,0,0,0,0,0,0,0,0,15,100
ATT-001580,EMP-0417,2025-04,1/4/2025,22,15,0,7,0,0,0,7,0,0,13,68.18
ATT-001581,EMP-0419,2025-04,1/4/2025,22,22,0,0,0,0,0,0,2,4,0,100
ATT-001582,EMP-0420,2025-04,1/4/2025,22,22,0,0,0,0,0,0,0,0,20,100
ATT-001583,EMP-0421,2025-04,1/4/2025,22,22,0,0,0,0,0,0,2,0,8,100
ATT-001584,EMP-0422,2025-04,1/4/2025,22,20,2,0,0,0,0,0,0,0,0,90.91
ATT-001585,EMP-0423,2025-04,1/4/2025,22,19,0,0,3,0,0,3,4,0,10,86.36
ATT-001586,EMP-0424,2025-04,1/4/2025,22,22,0,0,0,0,0,0,1,3,0,100
ATT-001587,EMP-0425,2025-04,1/4/2025,22,22,0,0,0,0,0,0,0,0,0,100
ATT-001588,EMP-0426,2025-04,1/4/2025,22,22,0,0,0,0,0,0,0,0,0,100
ATT-001589,EMP-0427,2025-04,1/4/2025,22,19,0,0,3,0,0,3,1,2,12.5,86.36
ATT-001590,EMP-0428,2025-04,1/4/2025,22,16,0,6,0,0,0,6,1,1,0,72.73
ATT-001591,EMP-0429,2025-04,1/4/2025,22,22,0,0,0,0,0,0,0,0,0,100
ATT-001592,EMP-0430,2025-04,1/4/2025,22,22,0,0,0,0,0,0,0,0,23,100
ATT-001593,EMP-0431,2025-04,1/4/2025,22,22,0,0,0,0,0,0,0,0,15.5,100
ATT-001594,EMP-0432,2025-04,1/4/2025,22,22,0,0,0,0,0,0,0,0,18,100
ATT-001595,EMP-0433,2025-04,1/4/2025,22,12,0,10,0,0,0,10,0,0,0,54.55
ATT-001596,EMP-0434,2025-04,1/4/2025,22,22,0,0,0,0,0,0,0,0,0,100
ATT-001597,EMP-0435,2025-04,1/4/2025,22,13,0,9,0,0,0,9,0,0,15.5,59.09
ATT-001598,EMP-0436,2025-04,1/4/2025,22,22,0,0,0,0,0,0,0,0,5,100
ATT-001599,EMP-0438,2025-04,1/4/2025,22,22,0,0,0,0,0,0,5,0,0,100
ATT-001600,EMP-0439,2025-04,1/4/2025,22,21,0,0,0,0,1,1,0,0,0,95.45
ATT-001601,EMP-0440,2025-04,1/4/2025,22,22,0,0,0,0,0,0,1,4,20.5,100
ATT-001602,EMP-0441,2025-04,1/4/2025,22,20,0,0,0,2,0,2,0,0,9.5,90.91
ATT-001603,EMP-0442,2025-04,1/4/2025,22,20,0,0,0,0,2,2,0,0,3,90.91
ATT-001604,EMP-0443,2025-04,1/4/2025,22,22,0,0,0,0,0,0,0,3,0,100
ATT-001605,EMP-0444,2025-04,1/4/2025,22,22,0,0,0,0,0,0,0,1,0,100
ATT-001606,EMP-0445,2025-04,1/4/2025,22,22,0,0,0,0,0,0,0,0,9,100
ATT-001607,EMP-0446,2025-04,1/4/2025,22,17,0,5,0,0,0,5,0,0,0,77.27
ATT-001608,EMP-0449,2025-04,1/4/2025,22,22,0,0,0,0,0,0,0,0,25.5,100
ATT-001609,EMP-0450,2025-04,1/4/2025,22,22,0,0,0,0,0,0,0,0,7.5,100
ATT-001610,EMP-0451,2025-04,1/4/2025,22,22,0,0,0,0,0,0,0,0,0,100
ATT-001611,EMP-0452,2025-04,1/4/2025,22,22,0,0,0,0,0,0,0,0,24.5,100
ATT-001612,EMP-0453,2025-04,1/4/2025,22,15,0,5,2,0,0,7,0,0,0,68.18
ATT-001613,EMP-0454,2025-04,1/4/2025,22,22,0,0,0,0,0,0,3,0,0,100
ATT-001614,EMP-0455,2025-04,1/4/2025,22,19,0,3,0,0,0,3,2,0,0,86.36
ATT-001615,EMP-0457,2025-04,1/4/2025,22,14,0,8,0,0,0,8,5,0,0,63.64
ATT-001616,EMP-0458,2025-04,1/4/2025,22,19,0,3,0,0,0,3,4,1,0,86.36
ATT-001617,EMP-0459,2025-04,1/4/2025,22,22,0,0,0,0,0,0,5,0,0,100
ATT-001618,EMP-0460,2025-04,1/4/2025,22,22,0,0,0,0,0,0,2,0,4.5,100
ATT-001619,EMP-0461,2025-04,1/4/2025,22,22,0,0,0,0,0,0,0,0,8.5,100
ATT-001620,EMP-0462,2025-04,1/4/2025,22,17,0,5,0,0,0,5,1,1,12.5,77.27
ATT-001621,EMP-0463,2025-04,1/4/2025,22,20,0,0,2,0,0,2,5,0,0,90.91
ATT-001622,EMP-0464,2025-04,1/4/2025,22,20,0,0,2,0,0,2,0,0,0,90.91
ATT-001623,EMP-0465,2025-04,1/4/2025,22,14,1,7,0,0,0,7,0,0,0,63.64
ATT-001624,EMP-0466,2025-04,1/4/2025,22,21,0,1,0,0,0,1,0,0,0,95.45
ATT-001625,EMP-0467,2025-04,1/4/2025,22,22,0,0,0,0,0,0,0,0,0,100
ATT-001626,EMP-0468,2025-04,1/4/2025,22,20,2,0,0,0,0,0,0,0,0,90.91
ATT-001627,EMP-0469,2025-04,1/4/2025,22,16,0,6,0,0,0,6,3,0,5,72.73
ATT-001628,EMP-0470,2025-04,1/4/2025,22,22,0,0,0,0,0,0,3,0,12.5,100
ATT-001629,EMP-0471,2025-04,1/4/2025,22,22,0,0,0,0,0,0,0,0,0,100
ATT-001630,EMP-0472,2025-04,1/4/2025,22,22,0,0,0,0,0,0,3,0,0,100
ATT-001631,EMP-0473,2025-04,1/4/2025,22,22,0,0,0,0,0,0,0,0,0,100
ATT-001632,EMP-0474,2025-04,1/4/2025,22,22,0,0,0,0,0,0,0,0,0,100
ATT-001633,EMP-0475,2025-04,1/4/2025,22,22,0,0,0,0,0,0,3,0,0,100
ATT-001634,EMP-0476,2025-04,1/4/2025,22,22,0,0,0,0,0,0,0,0,0,100
ATT-001635,EMP-0478,2025-04,1/4/2025,22,15,0,7,0,0,0,7,5,0,0,68.18
ATT-001636,EMP-0480,2025-04,1/4/2025,22,21,1,0,0,0,0,0,3,0,0,95.45
ATT-001637,EMP-0481,2025-04,1/4/2025,22,22,0,0,0,0,0,0,0,0,0,100
ATT-001638,EMP-0482,2025-04,1/4/2025,22,20,0,0,2,0,0,2,0,0,0,90.91
ATT-001639,EMP-0483,2025-04,1/4/2025,22,22,0,0,0,0,0,0,0,0,24,100
ATT-001640,EMP-0484,2025-04,1/4/2025,22,22,0,0,0,0,0,0,3,0,12.5,100
ATT-001641,EMP-0485,2025-04,1/4/2025,22,22,0,0,0,0,0,0,0,3,2.5,100
ATT-001642,EMP-0486,2025-04,1/4/2025,22,22,0,0,0,0,0,0,1,0,12.5,100
ATT-001643,EMP-0487,2025-04,1/4/2025,22,22,0,0,0,0,0,0,0,0,0,100
ATT-001644,EMP-0488,2025-04,1/4/2025,22,22,0,0,0,0,0,0,4,0,0,100
ATT-001645,EMP-0489,2025-04,1/4/2025,22,22,0,0,0,0,0,0,0,0,9,100
ATT-001646,EMP-0490,2025-04,1/4/2025,22,22,0,0,0,0,0,0,0,0,0,100
ATT-001647,EMP-0491,2025-04,1/4/2025,22,14,0,8,0,0,0,8,0,0,0,63.64
ATT-001648,EMP-0492,2025-04,1/4/2025,22,12,0,10,0,0,0,10,0,0,0,54.55
ATT-001649,EMP-0493,2025-04,1/4/2025,22,22,0,0,0,0,0,0,0,0,0,100
ATT-001650,EMP-0494,2025-04,1/4/2025,22,20,2,0,0,0,0,0,1,0,21.5,90.91
ATT-001651,EMP-0495,2025-04,1/4/2025,22,22,0,0,0,0,0,0,1,0,7.5,100
ATT-001652,EMP-0497,2025-04,1/4/2025,22,12,0,10,0,0,0,10,0,2,0,54.55
ATT-001653,EMP-0498,2025-04,1/4/2025,22,22,0,0,0,0,0,0,0,0,0,100
ATT-001654,EMP-0499,2025-04,1/4/2025,22,22,0,0,0,0,0,0,0,0,0,100
ATT-001655,EMP-0500,2025-04,1/4/2025,22,16,0,6,0,0,0,6,0,0,0,72.73
ATT-001656,EMP-0001,2025-05,1/5/2025,21,19,2,0,0,0,0,0,0,4,0,90.48
ATT-001657,EMP-0003,2025-05,1/5/2025,21,21,0,0,0,0,0,0,0,0,0,100
ATT-001658,EMP-0005,2025-05,1/5/2025,21,19,2,0,0,0,0,0,0,0,25.5,90.48
ATT-001659,EMP-0006,2025-05,1/5/2025,21,21,0,0,0,0,0,0,4,2,23.5,100
ATT-001660,EMP-0007,2025-05,1/5/2025,21,20,1,0,0,0,0,0,0,0,0,95.24
ATT-001661,EMP-0008,2025-05,1/5/2025,21,21,0,0,0,0,0,0,3,0,0,100
ATT-001662,EMP-0009,2025-05,1/5/2025,21,21,0,0,0,0,0,0,0,0,0,100
ATT-001663,EMP-0010,2025-05,1/5/2025,21,21,0,0,0,0,0,0,0,3,0,100
ATT-001664,EMP-0014,2025-05,1/5/2025,21,21,0,0,0,0,0,0,4,0,5,100
ATT-001665,EMP-0015,2025-05,1/5/2025,21,21,0,0,0,0,0,0,0,2,0,100
ATT-001666,EMP-0016,2025-05,1/5/2025,21,19,0,0,0,2,0,2,0,0,21,90.48
ATT-001667,EMP-0017,2025-05,1/5/2025,21,17,0,0,0,4,0,4,0,0,8.5,80.95
ATT-001668,EMP-0018,2025-05,1/5/2025,21,21,0,0,0,0,0,0,0,0,15,100
ATT-001669,EMP-0019,2025-05,1/5/2025,21,18,0,0,3,0,0,3,0,0,9,85.71
ATT-001670,EMP-0020,2025-05,1/5/2025,21,21,0,0,0,0,0,0,1,4,12.5,100
ATT-001671,EMP-0021,2025-05,1/5/2025,21,21,0,0,0,0,0,0,2,0,18.5,100
ATT-001672,EMP-0022,2025-05,1/5/2025,21,21,0,0,0,0,0,0,0,0,3.5,100
ATT-001673,EMP-0023,2025-05,1/5/2025,21,21,0,0,0,0,0,0,0,0,0,100
ATT-001674,EMP-0024,2025-05,1/5/2025,21,21,0,0,0,0,0,0,0,0,0,100
ATT-001675,EMP-0025,2025-05,1/5/2025,21,21,0,0,0,0,0,0,1,1,22,100
ATT-001676,EMP-0026,2025-05,1/5/2025,21,21,0,0,0,0,0,0,4,0,19.5,100
ATT-001677,EMP-0027,2025-05,1/5/2025,21,21,0,0,0,0,0,0,0,0,0,100
ATT-001678,EMP-0028,2025-05,1/5/2025,21,13,0,8,0,0,0,8,3,0,0,61.9
ATT-001679,EMP-0029,2025-05,1/5/2025,21,19,0,0,2,0,0,2,5,0,0,90.48
ATT-001680,EMP-0030,2025-05,1/5/2025,21,21,0,0,0,0,0,0,0,0,14.5,100
ATT-001681,EMP-0031,2025-05,1/5/2025,21,20,1,0,0,0,0,0,0,3,0,95.24
ATT-001682,EMP-0032,2025-05,1/5/2025,21,21,0,0,0,0,0,0,0,0,0,100
ATT-001683,EMP-0034,2025-05,1/5/2025,21,12,0,9,0,0,0,9,4,0,0,57.14
ATT-001684,EMP-0035,2025-05,1/5/2025,21,21,0,0,0,0,0,0,6,4,0,100
ATT-001685,EMP-0036,2025-05,1/5/2025,21,21,0,0,0,0,0,0,2,0,26,100
ATT-001686,EMP-0037,2025-05,1/5/2025,21,21,0,0,0,0,0,0,4,3,0,100
ATT-001687,EMP-0038,2025-05,1/5/2025,21,21,0,0,0,0,0,0,3,0,12,100
ATT-001688,EMP-0039,2025-05,1/5/2025,21,21,0,0,0,0,0,0,0,3,0,100
ATT-001689,EMP-0040,2025-05,1/5/2025,21,17,0,4,0,0,0,4,0,0,0,80.95
ATT-001690,EMP-0041,2025-05,1/5/2025,21,16,0,5,0,0,0,5,0,0,0,76.19
ATT-001691,EMP-0042,2025-05,1/5/2025,21,19,1,0,1,0,0,1,6,0,19.5,90.48
ATT-001692,EMP-0043,2025-05,1/5/2025,21,21,0,0,0,0,0,0,0,0,0,100
ATT-001693,EMP-0044,2025-05,1/5/2025,21,18,1,0,2,0,0,2,0,0,21.5,85.71
ATT-001694,EMP-0045,2025-05,1/5/2025,21,21,0,0,0,0,0,0,0,0,0,100
ATT-001695,EMP-0046,2025-05,1/5/2025,21,21,0,0,0,0,0,0,3,2,0,100
ATT-001696,EMP-0047,2025-05,1/5/2025,21,20,1,0,0,0,0,0,3,0,4,95.24
ATT-001697,EMP-0048,2025-05,1/5/2025,21,16,2,0,3,0,0,3,0,0,0,76.19
ATT-001698,EMP-0049,2025-05,1/5/2025,21,20,1,0,0,0,0,0,0,4,0,95.24
ATT-001699,EMP-0050,2025-05,1/5/2025,21,21,0,0,0,0,0,0,0,0,5.5,100
ATT-001700,EMP-0051,2025-05,1/5/2025,21,21,0,0,0,0,0,0,1,0,0,100
ATT-001701,EMP-0052,2025-05,1/5/2025,21,17,0,4,0,0,0,4,0,0,16.5,80.95
ATT-001702,EMP-0053,2025-05,1/5/2025,21,21,0,0,0,0,0,0,0,4,0,100
ATT-001703,EMP-0055,2025-05,1/5/2025,21,19,2,0,0,0,0,0,0,0,0,90.48
ATT-001704,EMP-0056,2025-05,1/5/2025,21,21,0,0,0,0,0,0,0,0,16.5,100
ATT-001705,EMP-0057,2025-05,1/5/2025,21,21,0,0,0,0,0,0,0,4,21,100
ATT-001706,EMP-0058,2025-05,1/5/2025,21,21,0,0,0,0,0,0,0,0,18,100
ATT-001707,EMP-0059,2025-05,1/5/2025,21,19,0,0,0,2,0,2,0,0,9.5,90.48
ATT-001708,EMP-0060,2025-05,1/5/2025,21,19,0,0,2,0,0,2,0,0,18,90.48
ATT-001709,EMP-0061,2025-05,1/5/2025,21,19,2,0,0,0,0,0,0,1,0,90.48
ATT-001710,EMP-0062,2025-05,1/5/2025,21,21,0,0,0,0,0,0,3,0,25.5,100
ATT-001711,EMP-0064,2025-05,1/5/2025,21,19,0,0,0,2,0,2,0,0,18.5,90.48
ATT-001712,EMP-0065,2025-05,1/5/2025,21,19,0,0,2,0,0,2,0,1,0,90.48
ATT-001713,EMP-0066,2025-05,1/5/2025,21,15,0,6,0,0,0,6,0,0,0,71.43
ATT-001714,EMP-0067,2025-05,1/5/2025,21,21,0,0,0,0,0,0,0,0,0,100
ATT-001715,EMP-0068,2025-05,1/5/2025,21,12,1,8,0,0,0,8,0,2,0,57.14
ATT-001716,EMP-0069,2025-05,1/5/2025,21,21,0,0,0,0,0,0,0,0,0,100
ATT-001717,EMP-0070,2025-05,1/5/2025,21,21,0,0,0,0,0,0,6,1,16,100
ATT-001718,EMP-0071,2025-05,1/5/2025,21,21,0,0,0,0,0,0,2,0,8.5,100
ATT-001719,EMP-0072,2025-05,1/5/2025,21,21,0,0,0,0,0,0,0,0,0,100
ATT-001720,EMP-0073,2025-05,1/5/2025,21,21,0,0,0,0,0,0,0,0,0,100
ATT-001721,EMP-0074,2025-05,1/5/2025,21,21,0,0,0,0,0,0,0,0,19.5,100
ATT-001722,EMP-0079,2025-05,1/5/2025,21,12,0,7,2,0,0,9,1,0,8,57.14
ATT-001723,EMP-0080,2025-05,1/5/2025,21,21,0,0,0,0,0,0,0,0,0,100
ATT-001724,EMP-0082,2025-05,1/5/2025,21,18,1,2,0,0,0,2,0,0,0,85.71
ATT-001725,EMP-0083,2025-05,1/5/2025,21,21,0,0,0,0,0,0,3,0,8,100
ATT-001726,EMP-0084,2025-05,1/5/2025,21,13,0,8,0,0,0,8,0,4,0,61.9
ATT-001727,EMP-0085,2025-05,1/5/2025,21,19,2,0,0,0,0,0,2,0,0,90.48
ATT-001728,EMP-0086,2025-05,1/5/2025,21,21,0,0,0,0,0,0,0,3,0,100
ATT-001729,EMP-0087,2025-05,1/5/2025,21,21,0,0,0,0,0,0,0,0,0,100
ATT-001730,EMP-0088,2025-05,1/5/2025,21,21,0,0,0,0,0,0,0,0,0,100
ATT-001731,EMP-0089,2025-05,1/5/2025,21,21,0,0,0,0,0,0,0,3,0,100
ATT-001732,EMP-0092,2025-05,1/5/2025,21,20,1,0,0,0,0,0,0,0,5,95.24
ATT-001733,EMP-0093,2025-05,1/5/2025,21,21,0,0,0,0,0,0,0,0,21.5,100
ATT-001734,EMP-0095,2025-05,1/5/2025,21,18,0,0,0,0,3,3,2,0,8,85.71
ATT-001735,EMP-0097,2025-05,1/5/2025,21,21,0,0,0,0,0,0,0,0,3,100
ATT-001736,EMP-0098,2025-05,1/5/2025,21,21,0,0,0,0,0,0,0,0,26,100
ATT-001737,EMP-0099,2025-05,1/5/2025,21,19,0,0,2,0,0,2,0,0,0,90.48
ATT-001738,EMP-0100,2025-05,1/5/2025,21,21,0,0,0,0,0,0,0,0,0,100
ATT-001739,EMP-0102,2025-05,1/5/2025,21,21,0,0,0,0,0,0,6,0,0,100
ATT-001740,EMP-0103,2025-05,1/5/2025,21,19,0,0,0,2,0,2,0,0,0,90.48
ATT-001741,EMP-0104,2025-05,1/5/2025,21,21,0,0,0,0,0,0,0,4,0,100
ATT-001742,EMP-0105,2025-05,1/5/2025,21,21,0,0,0,0,0,0,0,3,25.5,100
ATT-001743,EMP-0106,2025-05,1/5/2025,21,20,1,0,0,0,0,0,1,0,0,95.24
ATT-001744,EMP-0107,2025-05,1/5/2025,21,21,0,0,0,0,0,0,0,1,0,100
ATT-001745,EMP-0108,2025-05,1/5/2025,21,21,0,0,0,0,0,0,0,3,0,100
ATT-001746,EMP-0112,2025-05,1/5/2025,21,21,0,0,0,0,0,0,0,0,17.5,100
ATT-001747,EMP-0113,2025-05,1/5/2025,21,14,0,7,0,0,0,7,0,4,18,66.67
ATT-001748,EMP-0114,2025-05,1/5/2025,21,21,0,0,0,0,0,0,4,2,7,100
ATT-001749,EMP-0116,2025-05,1/5/2025,21,13,0,8,0,0,0,8,2,3,15.5,61.9
ATT-001750,EMP-0117,2025-05,1/5/2025,21,21,0,0,0,0,0,0,0,2,0,100
ATT-001751,EMP-0118,2025-05,1/5/2025,21,21,0,0,0,0,0,0,1,3,0,100
ATT-001752,EMP-0119,2025-05,1/5/2025,21,21,0,0,0,0,0,0,0,1,0,100
ATT-001753,EMP-0120,2025-05,1/5/2025,21,21,0,0,0,0,0,0,0,0,7.5,100
ATT-001754,EMP-0121,2025-05,1/5/2025,21,21,0,0,0,0,0,0,0,0,9.5,100
ATT-001755,EMP-0122,2025-05,1/5/2025,21,21,0,0,0,0,0,0,2,0,12,100
ATT-001756,EMP-0123,2025-05,1/5/2025,21,21,0,0,0,0,0,0,0,0,0,100
ATT-001757,EMP-0124,2025-05,1/5/2025,21,21,0,0,0,0,0,0,0,0,0,100
ATT-001758,EMP-0126,2025-05,1/5/2025,21,20,1,0,0,0,0,0,2,0,11,95.24
ATT-001759,EMP-0127,2025-05,1/5/2025,21,18,0,3,0,0,0,3,0,2,7,85.71
ATT-001760,EMP-0129,2025-05,1/5/2025,21,18,0,0,3,0,0,3,0,0,0,85.71
ATT-001761,EMP-0130,2025-05,1/5/2025,21,19,0,0,2,0,0,2,0,0,0,90.48
ATT-001762,EMP-0131,2025-05,1/5/2025,21,19,1,0,0,1,0,1,0,0,0,90.48
ATT-001763,EMP-0132,2025-05,1/5/2025,21,21,0,0,0,0,0,0,1,0,0,100
ATT-001764,EMP-0133,2025-05,1/5/2025,21,19,2,0,0,0,0,0,0,1,0,90.48
ATT-001765,EMP-0134,2025-05,1/5/2025,21,12,0,9,0,0,0,9,1,0,0,57.14
ATT-001766,EMP-0135,2025-05,1/5/2025,21,21,0,0,0,0,0,0,0,2,25.5,100
ATT-001767,EMP-0136,2025-05,1/5/2025,21,21,0,0,0,0,0,0,0,0,20.5,100
ATT-001768,EMP-0137,2025-05,1/5/2025,21,21,0,0,0,0,0,0,0,0,0,100
ATT-001769,EMP-0138,2025-05,1/5/2025,21,18,0,0,3,0,0,3,0,0,0,85.71
ATT-001770,EMP-0139,2025-05,1/5/2025,21,15,0,6,0,0,0,6,0,0,15,71.43
ATT-001771,EMP-0140,2025-05,1/5/2025,21,21,0,0,0,0,0,0,5,0,15.5,100
ATT-001772,EMP-0141,2025-05,1/5/2025,21,21,0,0,0,0,0,0,2,0,0,100
ATT-001773,EMP-0142,2025-05,1/5/2025,21,21,0,0,0,0,0,0,0,0,0,100
ATT-001774,EMP-0145,2025-05,1/5/2025,21,21,0,0,0,0,0,0,4,0,0,100
ATT-001775,EMP-0146,2025-05,1/5/2025,21,21,0,0,0,0,0,0,0,0,4.5,100
ATT-001776,EMP-0148,2025-05,1/5/2025,21,21,0,0,0,0,0,0,0,4,0,100
ATT-001777,EMP-0149,2025-05,1/5/2025,21,21,0,0,0,0,0,0,0,0,9.5,100
ATT-001778,EMP-0150,2025-05,1/5/2025,21,21,0,0,0,0,0,0,1,4,0,100
ATT-001779,EMP-0151,2025-05,1/5/2025,21,21,0,0,0,0,0,0,0,2,7,100
ATT-001780,EMP-0152,2025-05,1/5/2025,21,21,0,0,0,0,0,0,4,3,0,100
ATT-001781,EMP-0153,2025-05,1/5/2025,21,19,2,0,0,0,0,0,0,0,0,90.48
ATT-001782,EMP-0155,2025-05,1/5/2025,21,21,0,0,0,0,0,0,3,0,0,100
ATT-001783,EMP-0157,2025-05,1/5/2025,21,21,0,0,0,0,0,0,0,0,21,100
ATT-001784,EMP-0158,2025-05,1/5/2025,21,21,0,0,0,0,0,0,3,1,0,100
ATT-001785,EMP-0159,2025-05,1/5/2025,21,17,0,0,3,1,0,4,0,0,0,80.95
ATT-001786,EMP-0160,2025-05,1/5/2025,21,20,1,0,0,0,0,0,0,2,0,95.24
ATT-001787,EMP-0161,2025-05,1/5/2025,21,19,1,1,0,0,0,1,5,3,0,90.48
ATT-001788,EMP-0162,2025-05,1/5/2025,21,21,0,0,0,0,0,0,0,0,10.5,100
ATT-001789,EMP-0163,2025-05,1/5/2025,21,21,0,0,0,0,0,0,0,0,0,100
ATT-001790,EMP-0164,2025-05,1/5/2025,21,21,0,0,0,0,0,0,0,0,19.5,100
ATT-001791,EMP-0165,2025-05,1/5/2025,21,21,0,0,0,0,0,0,0,0,0,100
ATT-001792,EMP-0167,2025-05,1/5/2025,21,12,2,6,1,0,0,7,0,0,15.5,57.14
ATT-001793,EMP-0168,2025-05,1/5/2025,21,21,0,0,0,0,0,0,0,0,0,100
ATT-001794,EMP-0169,2025-05,1/5/2025,21,21,0,0,0,0,0,0,0,0,0,100
ATT-001795,EMP-0170,2025-05,1/5/2025,21,18,2,1,0,0,0,1,0,4,4.5,85.71
ATT-001796,EMP-0171,2025-05,1/5/2025,21,21,0,0,0,0,0,0,1,2,0,100
ATT-001797,EMP-0172,2025-05,1/5/2025,21,21,0,0,0,0,0,0,5,0,0,100
ATT-001798,EMP-0173,2025-05,1/5/2025,21,21,0,0,0,0,0,0,0,1,20,100
ATT-001799,EMP-0174,2025-05,1/5/2025,21,21,0,0,0,0,0,0,5,0,7.5,100
ATT-001800,EMP-0175,2025-05,1/5/2025,21,21,0,0,0,0,0,0,0,0,17,100
ATT-001801,EMP-0176,2025-05,1/5/2025,21,21,0,0,0,0,0,0,5,0,0,100
ATT-001802,EMP-0177,2025-05,1/5/2025,21,21,0,0,0,0,0,0,0,0,0,100
ATT-001803,EMP-0178,2025-05,1/5/2025,21,11,2,8,0,0,0,8,0,0,0,52.38
ATT-001804,EMP-0179,2025-05,1/5/2025,21,18,0,0,3,0,0,3,0,0,0,85.71
ATT-001805,EMP-0180,2025-05,1/5/2025,21,20,0,1,0,0,0,1,4,0,0,95.24
ATT-001806,EMP-0182,2025-05,1/5/2025,21,21,0,0,0,0,0,0,5,2,0,100
ATT-001807,EMP-0183,2025-05,1/5/2025,21,20,0,0,1,0,0,1,0,1,25,95.24
ATT-001808,EMP-0184,2025-05,1/5/2025,21,21,0,0,0,0,0,0,3,0,0,100
ATT-001809,EMP-0186,2025-05,1/5/2025,21,12,0,9,0,0,0,9,0,0,3,57.14
ATT-001810,EMP-0187,2025-05,1/5/2025,21,17,0,0,0,4,0,4,2,3,13,80.95
ATT-001811,EMP-0188,2025-05,1/5/2025,21,18,0,3,0,0,0,3,0,2,3.5,85.71
ATT-001812,EMP-0189,2025-05,1/5/2025,21,21,0,0,0,0,0,0,0,2,6.5,100
ATT-001813,EMP-0190,2025-05,1/5/2025,21,17,0,4,0,0,0,4,0,0,20.5,80.95
ATT-001814,EMP-0191,2025-05,1/5/2025,21,21,0,0,0,0,0,0,0,0,6.5,100
ATT-001815,EMP-0193,2025-05,1/5/2025,21,18,0,0,0,3,0,3,0,0,10.5,85.71
ATT-001816,EMP-0194,2025-05,1/5/2025,21,21,0,0,0,0,0,0,0,0,0,100
ATT-001817,EMP-0195,2025-05,1/5/2025,21,21,0,0,0,0,0,0,4,0,13.5,100
ATT-001818,EMP-0196,2025-05,1/5/2025,21,21,0,0,0,0,0,0,0,1,20,100
ATT-001819,EMP-0197,2025-05,1/5/2025,21,21,0,0,0,0,0,0,0,0,0,100
ATT-001820,EMP-0198,2025-05,1/5/2025,21,21,0,0,0,0,0,0,3,2,0,100
ATT-001821,EMP-0199,2025-05,1/5/2025,21,19,2,0,0,0,0,0,4,2,17.5,90.48
ATT-001822,EMP-0200,2025-05,1/5/2025,21,19,2,0,0,0,0,0,0,0,17.5,90.48
ATT-001823,EMP-0201,2025-05,1/5/2025,21,21,0,0,0,0,0,0,0,0,0,100
ATT-001824,EMP-0202,2025-05,1/5/2025,21,21,0,0,0,0,0,0,0,0,0,100
ATT-001825,EMP-0203,2025-05,1/5/2025,21,21,0,0,0,0,0,0,0,0,4,100
ATT-001826,EMP-0204,2025-05,1/5/2025,21,21,0,0,0,0,0,0,0,0,0,100
ATT-001827,EMP-0207,2025-05,1/5/2025,21,21,0,0,0,0,0,0,0,0,0,100
ATT-001828,EMP-0209,2025-05,1/5/2025,21,15,0,6,0,0,0,6,0,0,0,71.43
ATT-001829,EMP-0210,2025-05,1/5/2025,21,21,0,0,0,0,0,0,0,2,0,100
ATT-001830,EMP-0211,2025-05,1/5/2025,21,17,1,0,2,0,1,3,0,4,0,80.95
ATT-001831,EMP-0212,2025-05,1/5/2025,21,21,0,0,0,0,0,0,0,0,7.5,100
ATT-001832,EMP-0213,2025-05,1/5/2025,21,21,0,0,0,0,0,0,0,0,3.5,100
ATT-001833,EMP-0214,2025-05,1/5/2025,21,21,0,0,0,0,0,0,0,1,0,100
ATT-001834,EMP-0215,2025-05,1/5/2025,21,21,0,0,0,0,0,0,0,0,13.5,100
ATT-001835,EMP-0216,2025-05,1/5/2025,21,21,0,0,0,0,0,0,0,3,10.5,100
ATT-001836,EMP-0217,2025-05,1/5/2025,21,21,0,0,0,0,0,0,0,0,0,100
ATT-001837,EMP-0219,2025-05,1/5/2025,21,21,0,0,0,0,0,0,0,0,0,100
ATT-001838,EMP-0220,2025-05,1/5/2025,21,21,0,0,0,0,0,0,0,0,0,100
ATT-001839,EMP-0221,2025-05,1/5/2025,21,21,0,0,0,0,0,0,0,3,0,100
ATT-001840,EMP-0222,2025-05,1/5/2025,21,21,0,0,0,0,0,0,3,0,4,100
ATT-001841,EMP-0223,2025-05,1/5/2025,21,17,2,0,2,0,0,2,3,0,8.5,80.95
ATT-001842,EMP-0226,2025-05,1/5/2025,21,17,1,0,3,0,0,3,0,0,23.5,80.95
ATT-001843,EMP-0227,2025-05,1/5/2025,21,21,0,0,0,0,0,0,3,0,15,100
ATT-001844,EMP-0228,2025-05,1/5/2025,21,19,0,2,0,0,0,2,6,0,7,90.48
ATT-001845,EMP-0229,2025-05,1/5/2025,21,21,0,0,0,0,0,0,4,0,0,100
ATT-001846,EMP-0231,2025-05,1/5/2025,21,21,0,0,0,0,0,0,0,0,0,100
ATT-001847,EMP-0232,2025-05,1/5/2025,21,21,0,0,0,0,0,0,4,0,0,100
ATT-001848,EMP-0236,2025-05,1/5/2025,21,14,0,7,0,0,0,7,4,0,0,66.67
ATT-001849,EMP-0237,2025-05,1/5/2025,21,21,0,0,0,0,0,0,1,0,13,100
ATT-001850,EMP-0238,2025-05,1/5/2025,21,21,0,0,0,0,0,0,0,0,12,100
ATT-001851,EMP-0239,2025-05,1/5/2025,21,21,0,0,0,0,0,0,0,0,0,100
ATT-001852,EMP-0240,2025-05,1/5/2025,21,21,0,0,0,0,0,0,0,0,0,100
ATT-001853,EMP-0241,2025-05,1/5/2025,21,18,0,3,0,0,0,3,0,0,0,85.71
ATT-001854,EMP-0242,2025-05,1/5/2025,21,21,0,0,0,0,0,0,0,0,0,100
ATT-001855,EMP-0243,2025-05,1/5/2025,21,21,0,0,0,0,0,0,0,0,0,100
ATT-001856,EMP-0244,2025-05,1/5/2025,21,21,0,0,0,0,0,0,0,0,0,100
ATT-001857,EMP-0245,2025-05,1/5/2025,21,19,0,0,2,0,0,2,0,0,6.5,90.48
ATT-001858,EMP-0246,2025-05,1/5/2025,21,21,0,0,0,0,0,0,3,0,17,100
ATT-001859,EMP-0247,2025-05,1/5/2025,21,21,0,0,0,0,0,0,0,0,7,100
ATT-001860,EMP-0248,2025-05,1/5/2025,21,19,0,0,0,0,2,2,5,0,0,90.48
ATT-001861,EMP-0249,2025-05,1/5/2025,21,20,1,0,0,0,0,0,1,0,0,95.24
ATT-001862,EMP-0250,2025-05,1/5/2025,21,21,0,0,0,0,0,0,0,0,0,100
ATT-001863,EMP-0252,2025-05,1/5/2025,21,19,0,0,0,2,0,2,4,0,20,90.48
ATT-001864,EMP-0254,2025-05,1/5/2025,21,21,0,0,0,0,0,0,0,0,12.5,100
ATT-001865,EMP-0256,2025-05,1/5/2025,21,19,0,0,0,0,2,2,0,0,8.5,90.48
ATT-001866,EMP-0257,2025-05,1/5/2025,21,19,2,0,0,0,0,0,0,2,0,90.48
ATT-001867,EMP-0258,2025-05,1/5/2025,21,21,0,0,0,0,0,0,0,0,14,100
ATT-001868,EMP-0260,2025-05,1/5/2025,21,21,0,0,0,0,0,0,5,0,0,100
ATT-001869,EMP-0261,2025-05,1/5/2025,21,13,0,8,0,0,0,8,4,0,0,61.9
ATT-001870,EMP-0262,2025-05,1/5/2025,21,21,0,0,0,0,0,0,0,0,10.5,100
ATT-001871,EMP-0263,2025-05,1/5/2025,21,21,0,0,0,0,0,0,0,4,0,100
ATT-001872,EMP-0264,2025-05,1/5/2025,21,21,0,0,0,0,0,0,6,0,0,100
ATT-001873,EMP-0265,2025-05,1/5/2025,21,19,0,0,2,0,0,2,1,0,9.5,90.48
ATT-001874,EMP-0266,2025-05,1/5/2025,21,21,0,0,0,0,0,0,5,4,5.5,100
ATT-001875,EMP-0267,2025-05,1/5/2025,21,15,0,6,0,0,0,6,0,0,0,71.43
ATT-001876,EMP-0268,2025-05,1/5/2025,21,21,0,0,0,0,0,0,6,0,5,100
ATT-001877,EMP-0269,2025-05,1/5/2025,21,21,0,0,0,0,0,0,0,0,0,100
ATT-001878,EMP-0272,2025-05,1/5/2025,21,21,0,0,0,0,0,0,5,0,17.5,100
ATT-001879,EMP-0273,2025-05,1/5/2025,21,21,0,0,0,0,0,0,0,0,10,100
ATT-001880,EMP-0274,2025-05,1/5/2025,21,21,0,0,0,0,0,0,5,0,8.5,100
ATT-001881,EMP-0275,2025-05,1/5/2025,21,20,0,0,1,0,0,1,0,0,0,95.24
ATT-001882,EMP-0277,2025-05,1/5/2025,21,21,0,0,0,0,0,0,4,0,0,100
ATT-001883,EMP-0278,2025-05,1/5/2025,21,21,0,0,0,0,0,0,0,0,0,100
ATT-001884,EMP-0279,2025-05,1/5/2025,21,21,0,0,0,0,0,0,0,0,2.5,100
ATT-001885,EMP-0280,2025-05,1/5/2025,21,21,0,0,0,0,0,0,0,2,8.5,100
ATT-001886,EMP-0281,2025-05,1/5/2025,21,21,0,0,0,0,0,0,0,0,0,100
ATT-001887,EMP-0282,2025-05,1/5/2025,21,21,0,0,0,0,0,0,2,1,13.5,100
ATT-001888,EMP-0283,2025-05,1/5/2025,21,21,0,0,0,0,0,0,1,0,25.5,100
ATT-001889,EMP-0286,2025-05,1/5/2025,21,12,0,9,0,0,0,9,0,1,0,57.14
ATT-001890,EMP-0287,2025-05,1/5/2025,21,20,0,0,1,0,0,1,0,0,6.5,95.24
ATT-001891,EMP-0288,2025-05,1/5/2025,21,19,0,0,2,0,0,2,1,0,0,90.48
ATT-001892,EMP-0289,2025-05,1/5/2025,21,21,0,0,0,0,0,0,3,0,21,100
ATT-001893,EMP-0290,2025-05,1/5/2025,21,21,0,0,0,0,0,0,0,4,0,100
ATT-001894,EMP-0291,2025-05,1/5/2025,21,21,0,0,0,0,0,0,0,2,0,100
ATT-001895,EMP-0292,2025-05,1/5/2025,21,21,0,0,0,0,0,0,0,0,0,100
ATT-001896,EMP-0293,2025-05,1/5/2025,21,21,0,0,0,0,0,0,0,0,0,100
ATT-001897,EMP-0294,2025-05,1/5/2025,21,21,0,0,0,0,0,0,5,1,0,100
ATT-001898,EMP-0295,2025-05,1/5/2025,21,21,0,0,0,0,0,0,0,0,0,100
ATT-001899,EMP-0296,2025-05,1/5/2025,21,21,0,0,0,0,0,0,0,0,0,100
ATT-001900,EMP-0297,2025-05,1/5/2025,21,18,0,3,0,0,0,3,0,0,7,85.71
ATT-001901,EMP-0300,2025-05,1/5/2025,21,21,0,0,0,0,0,0,0,0,0,100
ATT-001902,EMP-0303,2025-05,1/5/2025,21,13,0,6,2,0,0,8,0,0,0,61.9
ATT-001903,EMP-0304,2025-05,1/5/2025,21,21,0,0,0,0,0,0,0,0,9.5,100
ATT-001904,EMP-0305,2025-05,1/5/2025,21,21,0,0,0,0,0,0,2,0,23.5,100
ATT-001905,EMP-0306,2025-05,1/5/2025,21,21,0,0,0,0,0,0,0,0,0,100
ATT-001906,EMP-0307,2025-05,1/5/2025,21,16,0,4,1,0,0,5,0,0,17,76.19
ATT-001907,EMP-0308,2025-05,1/5/2025,21,19,1,0,1,0,0,1,0,2,13,90.48
ATT-001908,EMP-0309,2025-05,1/5/2025,21,20,0,0,0,0,1,1,0,0,25,95.24
ATT-001909,EMP-0310,2025-05,1/5/2025,21,21,0,0,0,0,0,0,0,0,0,100
ATT-001910,EMP-0311,2025-05,1/5/2025,21,21,0,0,0,0,0,0,2,2,0,100
ATT-001911,EMP-0312,2025-05,1/5/2025,21,19,1,0,1,0,0,1,0,0,25,90.48
ATT-001912,EMP-0313,2025-05,1/5/2025,21,21,0,0,0,0,0,0,2,0,9.5,100
ATT-001913,EMP-0314,2025-05,1/5/2025,21,21,0,0,0,0,0,0,0,4,17.5,100
ATT-001914,EMP-0315,2025-05,1/5/2025,21,19,2,0,0,0,0,0,0,0,0,90.48
ATT-001915,EMP-0316,2025-05,1/5/2025,21,14,1,6,0,0,0,6,4,0,7.5,66.67
ATT-001916,EMP-0318,2025-05,1/5/2025,21,15,0,6,0,0,0,6,0,0,0,71.43
ATT-001917,EMP-0320,2025-05,1/5/2025,21,21,0,0,0,0,0,0,0,0,0,100
ATT-001918,EMP-0321,2025-05,1/5/2025,21,21,0,0,0,0,0,0,3,0,0,100
ATT-001919,EMP-0322,2025-05,1/5/2025,21,20,1,0,0,0,0,0,6,4,0,95.24
ATT-001920,EMP-0324,2025-05,1/5/2025,21,21,0,0,0,0,0,0,0,0,23,100
ATT-001921,EMP-0325,2025-05,1/5/2025,21,21,0,0,0,0,0,0,3,0,14,100
ATT-001922,EMP-0326,2025-05,1/5/2025,21,21,0,0,0,0,0,0,0,0,0,100
ATT-001923,EMP-0327,2025-05,1/5/2025,21,21,0,0,0,0,0,0,0,1,0,100
ATT-001924,EMP-0328,2025-05,1/5/2025,21,21,0,0,0,0,0,0,6,0,0,100
ATT-001925,EMP-0329,2025-05,1/5/2025,21,21,0,0,0,0,0,0,0,0,3.5,100
ATT-001926,EMP-0331,2025-05,1/5/2025,21,21,0,0,0,0,0,0,2,0,0,100
ATT-001927,EMP-0332,2025-05,1/5/2025,21,20,1,0,0,0,0,0,0,3,0,95.24
ATT-001928,EMP-0333,2025-05,1/5/2025,21,21,0,0,0,0,0,0,0,0,0,100
ATT-001929,EMP-0334,2025-05,1/5/2025,21,20,1,0,0,0,0,0,0,0,0,95.24
ATT-001930,EMP-0335,2025-05,1/5/2025,21,21,0,0,0,0,0,0,0,0,0,100
ATT-001931,EMP-0336,2025-05,1/5/2025,21,21,0,0,0,0,0,0,1,0,0,100
ATT-001932,EMP-0337,2025-05,1/5/2025,21,21,0,0,0,0,0,0,0,1,0,100
ATT-001933,EMP-0338,2025-05,1/5/2025,21,19,2,0,0,0,0,0,6,0,0,90.48
ATT-001934,EMP-0339,2025-05,1/5/2025,21,19,0,0,0,0,2,2,0,0,0,90.48
ATT-001935,EMP-0340,2025-05,1/5/2025,21,20,0,0,0,1,0,1,3,1,15.5,95.24
ATT-001936,EMP-0341,2025-05,1/5/2025,21,21,0,0,0,0,0,0,0,0,0,100
ATT-001937,EMP-0342,2025-05,1/5/2025,21,21,0,0,0,0,0,0,3,2,6.5,100
ATT-001938,EMP-0343,2025-05,1/5/2025,21,21,0,0,0,0,0,0,4,0,0,100
ATT-001939,EMP-0344,2025-05,1/5/2025,21,21,0,0,0,0,0,0,1,0,0,100
ATT-001940,EMP-0347,2025-05,1/5/2025,21,21,0,0,0,0,0,0,0,0,0,100
ATT-001941,EMP-0349,2025-05,1/5/2025,21,20,1,0,0,0,0,0,0,0,19.5,95.24
ATT-001942,EMP-0350,2025-05,1/5/2025,21,21,0,0,0,0,0,0,0,0,11.5,100
ATT-001943,EMP-0351,2025-05,1/5/2025,21,21,0,0,0,0,0,0,4,0,18,100
ATT-001944,EMP-0352,2025-05,1/5/2025,21,18,0,0,0,3,0,3,0,0,14,85.71
ATT-001945,EMP-0353,2025-05,1/5/2025,21,18,0,3,0,0,0,3,0,0,0,85.71
ATT-001946,EMP-0354,2025-05,1/5/2025,21,20,1,0,0,0,0,0,5,0,0,95.24
ATT-001947,EMP-0355,2025-05,1/5/2025,21,21,0,0,0,0,0,0,0,0,0,100
ATT-001948,EMP-0356,2025-05,1/5/2025,21,21,0,0,0,0,0,0,0,0,0,100
ATT-001949,EMP-0357,2025-05,1/5/2025,21,21,0,0,0,0,0,0,0,2,25,100
ATT-001950,EMP-0359,2025-05,1/5/2025,21,21,0,0,0,0,0,0,0,0,0,100
ATT-001951,EMP-0360,2025-05,1/5/2025,21,21,0,0,0,0,0,0,4,0,19,100
ATT-001952,EMP-0361,2025-05,1/5/2025,21,21,0,0,0,0,0,0,2,0,0,100
ATT-001953,EMP-0362,2025-05,1/5/2025,21,21,0,0,0,0,0,0,3,4,0,100
ATT-001954,EMP-0363,2025-05,1/5/2025,21,20,1,0,0,0,0,0,0,0,0,95.24
ATT-001955,EMP-0364,2025-05,1/5/2025,21,14,0,7,0,0,0,7,0,0,20,66.67
ATT-001956,EMP-0366,2025-05,1/5/2025,21,12,0,9,0,0,0,9,4,0,0,57.14
ATT-001957,EMP-0368,2025-05,1/5/2025,21,21,0,0,0,0,0,0,0,0,0,100
ATT-001958,EMP-0369,2025-05,1/5/2025,21,21,0,0,0,0,0,0,0,0,20.5,100
ATT-001959,EMP-0370,2025-05,1/5/2025,21,19,0,0,0,0,2,2,2,0,0,90.48
ATT-001960,EMP-0372,2025-05,1/5/2025,21,21,0,0,0,0,0,0,0,0,0,100
ATT-001961,EMP-0373,2025-05,1/5/2025,21,21,0,0,0,0,0,0,5,1,0,100
ATT-001962,EMP-0374,2025-05,1/5/2025,21,21,0,0,0,0,0,0,0,0,15,100
ATT-001963,EMP-0375,2025-05,1/5/2025,21,21,0,0,0,0,0,0,4,0,0,100
ATT-001964,EMP-0376,2025-05,1/5/2025,21,21,0,0,0,0,0,0,0,0,0,100
ATT-001965,EMP-0377,2025-05,1/5/2025,21,19,0,0,0,0,2,2,0,2,0,90.48
ATT-001966,EMP-0378,2025-05,1/5/2025,21,21,0,0,0,0,0,0,0,0,13,100
ATT-001967,EMP-0379,2025-05,1/5/2025,21,18,1,2,0,0,0,2,6,1,25,85.71
ATT-001968,EMP-0381,2025-05,1/5/2025,21,18,1,0,2,0,0,2,3,0,0,85.71
ATT-001969,EMP-0382,2025-05,1/5/2025,21,17,1,0,0,0,3,3,5,0,4,80.95
ATT-001970,EMP-0383,2025-05,1/5/2025,21,21,0,0,0,0,0,0,3,0,0,100
ATT-001971,EMP-0384,2025-05,1/5/2025,21,20,0,1,0,0,0,1,0,0,2.5,95.24
ATT-001972,EMP-0385,2025-05,1/5/2025,21,21,0,0,0,0,0,0,0,0,8,100
ATT-001973,EMP-0387,2025-05,1/5/2025,21,21,0,0,0,0,0,0,0,0,0,100
ATT-001974,EMP-0388,2025-05,1/5/2025,21,21,0,0,0,0,0,0,5,0,0,100
ATT-001975,EMP-0389,2025-05,1/5/2025,21,15,1,5,0,0,0,5,1,0,18.5,71.43
ATT-001976,EMP-0390,2025-05,1/5/2025,21,21,0,0,0,0,0,0,0,0,0,100
ATT-001977,EMP-0391,2025-05,1/5/2025,21,16,0,1,0,4,0,5,0,0,11.5,76.19
ATT-001978,EMP-0392,2025-05,1/5/2025,21,21,0,0,0,0,0,0,0,0,21.5,100
ATT-001979,EMP-0393,2025-05,1/5/2025,21,21,0,0,0,0,0,0,0,0,24.5,100
ATT-001980,EMP-0394,2025-05,1/5/2025,21,21,0,0,0,0,0,0,0,0,0,100
ATT-001981,EMP-0395,2025-05,1/5/2025,21,19,2,0,0,0,0,0,0,0,0,90.48
ATT-001982,EMP-0398,2025-05,1/5/2025,21,21,0,0,0,0,0,0,0,0,0,100
ATT-001983,EMP-0399,2025-05,1/5/2025,21,11,0,10,0,0,0,10,0,0,19,52.38
ATT-001984,EMP-0400,2025-05,1/5/2025,21,15,0,6,0,0,0,6,0,0,25,71.43
ATT-001985,EMP-0402,2025-05,1/5/2025,21,21,0,0,0,0,0,0,5,3,0,100
ATT-001986,EMP-0403,2025-05,1/5/2025,21,21,0,0,0,0,0,0,0,0,0,100
ATT-001987,EMP-0405,2025-05,1/5/2025,21,21,0,0,0,0,0,0,2,1,5.5,100
ATT-001988,EMP-0406,2025-05,1/5/2025,21,21,0,0,0,0,0,0,0,0,0,100
ATT-001989,EMP-0407,2025-05,1/5/2025,21,20,0,0,1,0,0,1,0,0,0,95.24
ATT-001990,EMP-0409,2025-05,1/5/2025,21,21,0,0,0,0,0,0,0,0,0,100
ATT-001991,EMP-0410,2025-05,1/5/2025,21,21,0,0,0,0,0,0,0,0,3,100
ATT-001992,EMP-0411,2025-05,1/5/2025,21,21,0,0,0,0,0,0,0,0,0,100
ATT-001993,EMP-0412,2025-05,1/5/2025,21,21,0,0,0,0,0,0,0,0,21,100
ATT-001994,EMP-0413,2025-05,1/5/2025,21,21,0,0,0,0,0,0,6,0,0,100
ATT-001995,EMP-0414,2025-05,1/5/2025,21,21,0,0,0,0,0,0,2,0,0,100
ATT-001996,EMP-0415,2025-05,1/5/2025,21,21,0,0,0,0,0,0,0,0,0,100
ATT-001997,EMP-0416,2025-05,1/5/2025,21,21,0,0,0,0,0,0,0,0,23.5,100
ATT-001998,EMP-0417,2025-05,1/5/2025,21,19,2,0,0,0,0,0,0,0,0,90.48
ATT-001999,EMP-0419,2025-05,1/5/2025,21,19,0,0,0,2,0,2,0,2,0,90.48
ATT-002000,EMP-0420,2025-05,1/5/2025,21,14,0,7,0,0,0,7,4,0,17.5,66.67
ATT-002001,EMP-0421,2025-05,1/5/2025,21,13,1,7,0,0,0,7,2,0,11,61.9
ATT-002002,EMP-0422,2025-05,1/5/2025,21,12,0,9,0,0,0,9,6,0,19.5,57.14
ATT-002003,EMP-0423,2025-05,1/5/2025,21,21,0,0,0,0,0,0,0,0,0,100
ATT-002004,EMP-0424,2025-05,1/5/2025,21,16,0,5,0,0,0,5,0,0,0,76.19
ATT-002005,EMP-0425,2025-05,1/5/2025,21,17,0,4,0,0,0,4,0,0,9.5,80.95
ATT-002006,EMP-0426,2025-05,1/5/2025,21,21,0,0,0,0,0,0,4,0,0,100
ATT-002007,EMP-0427,2025-05,1/5/2025,21,17,1,0,3,0,0,3,0,3,3,80.95
ATT-002008,EMP-0428,2025-05,1/5/2025,21,17,0,2,0,2,0,4,0,0,0,80.95
ATT-002009,EMP-0429,2025-05,1/5/2025,21,21,0,0,0,0,0,0,1,0,0,100
ATT-002010,EMP-0430,2025-05,1/5/2025,21,21,0,0,0,0,0,0,0,0,13.5,100
ATT-002011,EMP-0431,2025-05,1/5/2025,21,21,0,0,0,0,0,0,1,0,11,100
ATT-002012,EMP-0432,2025-05,1/5/2025,21,21,0,0,0,0,0,0,0,0,0,100
ATT-002013,EMP-0433,2025-05,1/5/2025,21,20,1,0,0,0,0,0,0,0,0,95.24
ATT-002014,EMP-0434,2025-05,1/5/2025,21,21,0,0,0,0,0,0,0,0,0,100
ATT-002015,EMP-0435,2025-05,1/5/2025,21,21,0,0,0,0,0,0,4,0,0,100
ATT-002016,EMP-0436,2025-05,1/5/2025,21,21,0,0,0,0,0,0,0,0,0,100
ATT-002017,EMP-0438,2025-05,1/5/2025,21,18,0,0,3,0,0,3,0,0,0,85.71
ATT-002018,EMP-0439,2025-05,1/5/2025,21,9,0,10,2,0,0,12,0,3,0,42.86
ATT-002019,EMP-0440,2025-05,1/5/2025,21,16,0,5,0,0,0,5,0,2,0,76.19
ATT-002020,EMP-0441,2025-05,1/5/2025,21,21,0,0,0,0,0,0,0,0,0,100
ATT-002021,EMP-0442,2025-05,1/5/2025,21,21,0,0,0,0,0,0,0,0,0,100
ATT-002022,EMP-0443,2025-05,1/5/2025,21,21,0,0,0,0,0,0,5,3,0,100
ATT-002023,EMP-0444,2025-05,1/5/2025,21,18,0,0,3,0,0,3,5,2,17.5,85.71
ATT-002024,EMP-0445,2025-05,1/5/2025,21,21,0,0,0,0,0,0,4,0,4,100
ATT-002025,EMP-0446,2025-05,1/5/2025,21,18,0,0,3,0,0,3,0,0,0,85.71
ATT-002026,EMP-0448,2025-05,1/5/2025,21,21,0,0,0,0,0,0,0,0,3.5,100
ATT-002027,EMP-0449,2025-05,1/5/2025,21,19,0,0,0,0,2,2,0,2,0,90.48
ATT-002028,EMP-0450,2025-05,1/5/2025,21,19,0,0,2,0,0,2,0,0,0,90.48
ATT-002029,EMP-0451,2025-05,1/5/2025,21,21,0,0,0,0,0,0,5,1,0,100
ATT-002030,EMP-0452,2025-05,1/5/2025,21,21,0,0,0,0,0,0,0,1,0,100
ATT-002031,EMP-0453,2025-05,1/5/2025,21,21,0,0,0,0,0,0,6,0,15.5,100
ATT-002032,EMP-0454,2025-05,1/5/2025,21,21,0,0,0,0,0,0,0,0,0,100
ATT-002033,EMP-0455,2025-05,1/5/2025,21,21,0,0,0,0,0,0,4,0,17,100
ATT-002034,EMP-0457,2025-05,1/5/2025,21,21,0,0,0,0,0,0,0,0,0,100
ATT-002035,EMP-0458,2025-05,1/5/2025,21,10,0,10,1,0,0,11,0,0,24.5,47.62
ATT-002036,EMP-0459,2025-05,1/5/2025,21,21,0,0,0,0,0,0,0,4,0,100
ATT-002037,EMP-0460,2025-05,1/5/2025,21,21,0,0,0,0,0,0,0,3,0,100
ATT-002038,EMP-0461,2025-05,1/5/2025,21,21,0,0,0,0,0,0,5,0,0,100
ATT-002039,EMP-0462,2025-05,1/5/2025,21,19,0,0,2,0,0,2,4,0,23,90.48
ATT-002040,EMP-0463,2025-05,1/5/2025,21,21,0,0,0,0,0,0,0,0,21,100
ATT-002041,EMP-0464,2025-05,1/5/2025,21,19,0,2,0,0,0,2,0,0,14,90.48
ATT-002042,EMP-0465,2025-05,1/5/2025,21,20,0,0,0,1,0,1,0,0,16.5,95.24
ATT-002043,EMP-0466,2025-05,1/5/2025,21,21,0,0,0,0,0,0,0,0,21,100
ATT-002044,EMP-0467,2025-05,1/5/2025,21,21,0,0,0,0,0,0,0,3,0,100
ATT-002045,EMP-0468,2025-05,1/5/2025,21,17,0,4,0,0,0,4,0,0,7,80.95
ATT-002046,EMP-0469,2025-05,1/5/2025,21,12,0,9,0,0,0,9,0,0,8.5,57.14
ATT-002047,EMP-0470,2025-05,1/5/2025,21,21,0,0,0,0,0,0,3,0,0,100
ATT-002048,EMP-0471,2025-05,1/5/2025,21,18,0,0,3,0,0,3,2,0,0,85.71
ATT-002049,EMP-0472,2025-05,1/5/2025,21,21,0,0,0,0,0,0,3,0,0,100
ATT-002050,EMP-0473,2025-05,1/5/2025,21,21,0,0,0,0,0,0,1,0,0,100
ATT-002051,EMP-0474,2025-05,1/5/2025,21,21,0,0,0,0,0,0,0,0,0,100
ATT-002052,EMP-0475,2025-05,1/5/2025,21,21,0,0,0,0,0,0,0,0,0,100
ATT-002053,EMP-0476,2025-05,1/5/2025,21,21,0,0,0,0,0,0,0,0,0,100
ATT-002054,EMP-0478,2025-05,1/5/2025,21,21,0,0,0,0,0,0,0,0,0,100
ATT-002055,EMP-0480,2025-05,1/5/2025,21,17,2,0,0,0,2,2,0,0,0,80.95
ATT-002056,EMP-0481,2025-05,1/5/2025,21,21,0,0,0,0,0,0,1,0,19.5,100
ATT-002057,EMP-0482,2025-05,1/5/2025,21,21,0,0,0,0,0,0,0,3,0,100
ATT-002058,EMP-0483,2025-05,1/5/2025,21,21,0,0,0,0,0,0,3,0,0,100
ATT-002059,EMP-0484,2025-05,1/5/2025,21,19,0,0,2,0,0,2,0,0,0,90.48
ATT-002060,EMP-0485,2025-05,1/5/2025,21,19,2,0,0,0,0,0,0,3,0,90.48
ATT-002061,EMP-0487,2025-05,1/5/2025,21,21,0,0,0,0,0,0,0,0,24,100
ATT-002062,EMP-0488,2025-05,1/5/2025,21,21,0,0,0,0,0,0,0,0,0,100
ATT-002063,EMP-0489,2025-05,1/5/2025,21,19,2,0,0,0,0,0,0,0,8.5,90.48
ATT-002064,EMP-0490,2025-05,1/5/2025,21,18,0,0,3,0,0,3,5,0,0,85.71
ATT-002065,EMP-0491,2025-05,1/5/2025,21,21,0,0,0,0,0,0,0,0,0,100
ATT-002066,EMP-0492,2025-05,1/5/2025,21,17,0,4,0,0,0,4,0,0,0,80.95
ATT-002067,EMP-0493,2025-05,1/5/2025,21,21,0,0,0,0,0,0,0,0,0,100
ATT-002068,EMP-0494,2025-05,1/5/2025,21,21,0,0,0,0,0,0,0,0,0,100
ATT-002069,EMP-0495,2025-05,1/5/2025,21,12,0,9,0,0,0,9,0,0,0,57.14
ATT-002070,EMP-0497,2025-05,1/5/2025,21,21,0,0,0,0,0,0,0,0,0,100
ATT-002071,EMP-0498,2025-05,1/5/2025,21,20,0,0,0,1,0,1,0,0,0,95.24
ATT-002072,EMP-0499,2025-05,1/5/2025,21,21,0,0,0,0,0,0,4,0,0,100
ATT-002073,EMP-0500,2025-05,1/5/2025,21,21,0,0,0,0,0,0,0,0,0,100
ATT-002074,EMP-0001,2025-06,1/6/2025,18,18,0,0,0,0,0,0,0,0,0,100
ATT-002075,EMP-0003,2025-06,1/6/2025,18,18,0,0,0,0,0,0,0,0,0,100
ATT-002076,EMP-0005,2025-06,1/6/2025,18,18,0,0,0,0,0,0,0,3,0,100
ATT-002077,EMP-0006,2025-06,1/6/2025,18,16,0,0,2,0,0,2,6,0,0,88.89
ATT-002078,EMP-0007,2025-06,1/6/2025,18,18,0,0,0,0,0,0,5,3,2.5,100
ATT-002079,EMP-0008,2025-06,1/6/2025,18,18,0,0,0,0,0,0,0,0,0,100
ATT-002080,EMP-0009,2025-06,1/6/2025,18,18,0,0,0,0,0,0,0,0,6,100
ATT-002081,EMP-0010,2025-06,1/6/2025,18,8,0,10,0,0,0,10,3,0,0,44.44
ATT-002082,EMP-0014,2025-06,1/6/2025,18,18,0,0,0,0,0,0,5,0,0,100
ATT-002083,EMP-0015,2025-06,1/6/2025,18,18,0,0,0,0,0,0,1,0,10,100
ATT-002084,EMP-0016,2025-06,1/6/2025,18,18,0,0,0,0,0,0,0,0,0,100
ATT-002085,EMP-0017,2025-06,1/6/2025,18,14,0,4,0,0,0,4,0,3,0,77.78
ATT-002086,EMP-0018,2025-06,1/6/2025,18,18,0,0,0,0,0,0,0,0,14,100
ATT-002087,EMP-0019,2025-06,1/6/2025,18,15,0,0,3,0,0,3,0,0,0,83.33
ATT-002088,EMP-0020,2025-06,1/6/2025,18,18,0,0,0,0,0,0,2,0,24.5,100
ATT-002089,EMP-0021,2025-06,1/6/2025,18,18,0,0,0,0,0,0,2,0,0,100
ATT-002090,EMP-0022,2025-06,1/6/2025,18,12,0,6,0,0,0,6,4,0,18.5,66.67
ATT-002091,EMP-0023,2025-06,1/6/2025,18,18,0,0,0,0,0,0,0,0,0,100
ATT-002092,EMP-0024,2025-06,1/6/2025,18,8,0,10,0,0,0,10,0,3,0,44.44
ATT-002093,EMP-0025,2025-06,1/6/2025,18,18,0,0,0,0,0,0,0,4,10,100
ATT-002094,EMP-0026,2025-06,1/6/2025,18,10,0,8,0,0,0,8,4,0,0,55.56
ATT-002095,EMP-0027,2025-06,1/6/2025,18,17,0,0,1,0,0,1,1,0,0,94.44
ATT-002096,EMP-0028,2025-06,1/6/2025,18,18,0,0,0,0,0,0,0,0,0,100
ATT-002097,EMP-0029,2025-06,1/6/2025,18,18,0,0,0,0,0,0,6,0,21.5,100
ATT-002098,EMP-0030,2025-06,1/6/2025,18,18,0,0,0,0,0,0,0,3,0,100
ATT-002099,EMP-0031,2025-06,1/6/2025,18,16,2,0,0,0,0,0,0,0,0,88.89
ATT-002100,EMP-0032,2025-06,1/6/2025,18,18,0,0,0,0,0,0,0,0,20,100
ATT-002101,EMP-0034,2025-06,1/6/2025,18,16,0,1,1,0,0,2,0,0,17,88.89
ATT-002102,EMP-0035,2025-06,1/6/2025,18,18,0,0,0,0,0,0,0,0,19,100
ATT-002103,EMP-0036,2025-06,1/6/2025,18,18,0,0,0,0,0,0,0,0,0,100
ATT-002104,EMP-0037,2025-06,1/6/2025,18,18,0,0,0,0,0,0,6,3,0,100
ATT-002105,EMP-0038,2025-06,1/6/2025,18,18,0,0,0,0,0,0,0,1,0,100
ATT-002106,EMP-0039,2025-06,1/6/2025,18,18,0,0,0,0,0,0,0,0,7,100
ATT-002107,EMP-0040,2025-06,1/6/2025,18,14,0,4,0,0,0,4,6,0,0,77.78
ATT-002108,EMP-0041,2025-06,1/6/2025,18,10,0,8,0,0,0,8,0,0,21,55.56
ATT-002109,EMP-0042,2025-06,1/6/2025,18,18,0,0,0,0,0,0,6,0,22,100
ATT-002110,EMP-0043,2025-06,1/6/2025,18,12,0,6,0,0,0,6,0,0,20,66.67
ATT-002111,EMP-0044,2025-06,1/6/2025,18,18,0,0,0,0,0,0,0,3,0,100
ATT-002112,EMP-0045,2025-06,1/6/2025,18,16,0,0,2,0,0,2,0,4,22,88.89
ATT-002113,EMP-0046,2025-06,1/6/2025,18,18,0,0,0,0,0,0,0,0,25.5,100
ATT-002114,EMP-0047,2025-06,1/6/2025,18,18,0,0,0,0,0,0,0,0,8,100
ATT-002115,EMP-0048,2025-06,1/6/2025,18,16,0,0,0,0,2,2,0,2,0,88.89
ATT-002116,EMP-0049,2025-06,1/6/2025,18,18,0,0,0,0,0,0,0,0,0,100
ATT-002117,EMP-0050,2025-06,1/6/2025,18,18,0,0,0,0,0,0,1,0,18,100
ATT-002118,EMP-0051,2025-06,1/6/2025,18,18,0,0,0,0,0,0,0,0,25,100
ATT-002119,EMP-0052,2025-06,1/6/2025,18,18,0,0,0,0,0,0,0,0,6,100
ATT-002120,EMP-0053,2025-06,1/6/2025,18,18,0,0,0,0,0,0,0,0,4,100
ATT-002121,EMP-0055,2025-06,1/6/2025,18,16,0,0,2,0,0,2,0,3,0,88.89
ATT-002122,EMP-0056,2025-06,1/6/2025,18,18,0,0,0,0,0,0,6,0,17.5,100
ATT-002123,EMP-0057,2025-06,1/6/2025,18,18,0,0,0,0,0,0,0,0,0,100
ATT-002124,EMP-0058,2025-06,1/6/2025,18,12,0,4,2,0,0,6,0,0,0,66.67
ATT-002125,EMP-0059,2025-06,1/6/2025,18,18,0,0,0,0,0,0,2,2,19.5,100
ATT-002126,EMP-0060,2025-06,1/6/2025,18,18,0,0,0,0,0,0,0,2,0,100
ATT-002127,EMP-0061,2025-06,1/6/2025,18,9,2,5,2,0,0,7,0,0,14.5,50
ATT-002128,EMP-0062,2025-06,1/6/2025,18,18,0,0,0,0,0,0,0,0,20,100
ATT-002129,EMP-0064,2025-06,1/6/2025,18,13,0,5,0,0,0,5,2,0,0,72.22
ATT-002130,EMP-0065,2025-06,1/6/2025,18,18,0,0,0,0,0,0,0,0,0,100
ATT-002131,EMP-0066,2025-06,1/6/2025,18,9,0,9,0,0,0,9,1,0,0,50
ATT-002132,EMP-0067,2025-06,1/6/2025,18,16,1,0,1,0,0,1,0,0,12,88.89
ATT-002133,EMP-0068,2025-06,1/6/2025,18,17,0,0,1,0,0,1,0,1,13.5,94.44
ATT-002134,EMP-0069,2025-06,1/6/2025,18,18,0,0,0,0,0,0,0,0,0,100
ATT-002135,EMP-0070,2025-06,1/6/2025,18,16,0,0,2,0,0,2,0,2,0,88.89
ATT-002136,EMP-0071,2025-06,1/6/2025,18,18,0,0,0,0,0,0,0,0,14.5,100
ATT-002137,EMP-0072,2025-06,1/6/2025,18,18,0,0,0,0,0,0,3,0,9,100
ATT-002138,EMP-0073,2025-06,1/6/2025,18,18,0,0,0,0,0,0,0,0,0,100
ATT-002139,EMP-0074,2025-06,1/6/2025,18,18,0,0,0,0,0,0,5,4,0,100
ATT-002140,EMP-0077,2025-06,1/6/2025,18,12,0,6,0,0,0,6,0,0,16,66.67
ATT-002141,EMP-0079,2025-06,1/6/2025,18,18,0,0,0,0,0,0,0,1,4.5,100
ATT-002142,EMP-0080,2025-06,1/6/2025,18,18,0,0,0,0,0,0,0,0,5,100
ATT-002143,EMP-0081,2025-06,1/6/2025,18,11,0,6,1,0,0,7,0,0,0,61.11
ATT-002144,EMP-0082,2025-06,1/6/2025,18,13,0,4,1,0,0,5,2,0,0,72.22
ATT-002145,EMP-0083,2025-06,1/6/2025,18,18,0,0,0,0,0,0,6,4,22.5,100
ATT-002146,EMP-0084,2025-06,1/6/2025,18,10,0,8,0,0,0,8,0,0,0,55.56
ATT-002147,EMP-0085,2025-06,1/6/2025,18,18,0,0,0,0,0,0,2,0,11,100
ATT-002148,EMP-0086,2025-06,1/6/2025,18,13,0,0,1,4,0,5,0,0,0,72.22
ATT-002149,EMP-0087,2025-06,1/6/2025,18,17,0,1,0,0,0,1,0,4,0,94.44
ATT-002150,EMP-0088,2025-06,1/6/2025,18,15,0,0,3,0,0,3,3,0,0,83.33
ATT-002151,EMP-0089,2025-06,1/6/2025,18,18,0,0,0,0,0,0,0,3,0,100
ATT-002152,EMP-0092,2025-06,1/6/2025,18,17,0,1,0,0,0,1,5,0,0,94.44
ATT-002153,EMP-0093,2025-06,1/6/2025,18,18,0,0,0,0,0,0,0,0,0,100
ATT-002154,EMP-0095,2025-06,1/6/2025,18,18,0,0,0,0,0,0,0,0,7.5,100
ATT-002155,EMP-0097,2025-06,1/6/2025,18,9,0,9,0,0,0,9,5,2,0,50
ATT-002156,EMP-0098,2025-06,1/6/2025,18,18,0,0,0,0,0,0,0,0,17,100
ATT-002157,EMP-0099,2025-06,1/6/2025,18,18,0,0,0,0,0,0,4,3,23.5,100
ATT-002158,EMP-0100,2025-06,1/6/2025,18,10,0,8,0,0,0,8,0,0,24.5,55.56
ATT-002159,EMP-0102,2025-06,1/6/2025,18,18,0,0,0,0,0,0,0,3,6.5,100
ATT-002160,EMP-0103,2025-06,1/6/2025,18,18,0,0,0,0,0,0,5,0,24,100
ATT-002161,EMP-0104,2025-06,1/6/2025,18,18,0,0,0,0,0,0,0,0,24,100
ATT-002162,EMP-0105,2025-06,1/6/2025,18,18,0,0,0,0,0,0,3,0,0,100
ATT-002163,EMP-0106,2025-06,1/6/2025,18,18,0,0,0,0,0,0,0,0,0,100
ATT-002164,EMP-0107,2025-06,1/6/2025,18,16,2,0,0,0,0,0,0,0,0,88.89
ATT-002165,EMP-0108,2025-06,1/6/2025,18,11,0,7,0,0,0,7,0,0,0,61.11
ATT-002166,EMP-0112,2025-06,1/6/2025,18,18,0,0,0,0,0,0,0,2,8,100
ATT-002167,EMP-0113,2025-06,1/6/2025,18,18,0,0,0,0,0,0,0,0,0,100
ATT-002168,EMP-0114,2025-06,1/6/2025,18,13,0,5,0,0,0,5,0,0,11.5,72.22
ATT-002169,EMP-0116,2025-06,1/6/2025,18,18,0,0,0,0,0,0,0,0,5.5,100
ATT-002170,EMP-0117,2025-06,1/6/2025,18,15,0,0,3,0,0,3,0,1,0,83.33
ATT-002171,EMP-0118,2025-06,1/6/2025,18,18,0,0,0,0,0,0,0,1,0,100
ATT-002172,EMP-0119,2025-06,1/6/2025,18,18,0,0,0,0,0,0,0,0,7,100
ATT-002173,EMP-0120,2025-06,1/6/2025,18,15,0,3,0,0,0,3,3,3,4.5,83.33
ATT-002174,EMP-0121,2025-06,1/6/2025,18,18,0,0,0,0,0,0,0,0,0,100
ATT-002175,EMP-0122,2025-06,1/6/2025,18,18,0,0,0,0,0,0,0,0,15.5,100
ATT-002176,EMP-0123,2025-06,1/6/2025,18,8,0,10,0,0,0,10,5,0,0,44.44
ATT-002177,EMP-0124,2025-06,1/6/2025,18,16,2,0,0,0,0,0,6,0,0,88.89
ATT-002178,EMP-0126,2025-06,1/6/2025,18,16,2,0,0,0,0,0,0,0,6.5,88.89
ATT-002179,EMP-0127,2025-06,1/6/2025,18,16,0,0,2,0,0,2,0,0,22,88.89
ATT-002180,EMP-0129,2025-06,1/6/2025,18,18,0,0,0,0,0,0,0,0,0,100
ATT-002181,EMP-0130,2025-06,1/6/2025,18,18,0,0,0,0,0,0,6,0,0,100
ATT-002182,EMP-0131,2025-06,1/6/2025,18,18,0,0,0,0,0,0,4,0,0,100
ATT-002183,EMP-0132,2025-06,1/6/2025,18,18,0,0,0,0,0,0,0,0,0,100
ATT-002184,EMP-0133,2025-06,1/6/2025,18,18,0,0,0,0,0,0,4,0,0,100
ATT-002185,EMP-0134,2025-06,1/6/2025,18,13,0,5,0,0,0,5,0,0,0,72.22
ATT-002186,EMP-0135,2025-06,1/6/2025,18,18,0,0,0,0,0,0,0,0,0,100
ATT-002187,EMP-0136,2025-06,1/6/2025,18,16,2,0,0,0,0,0,6,1,18.5,88.89
ATT-002188,EMP-0137,2025-06,1/6/2025,18,18,0,0,0,0,0,0,0,0,0,100
ATT-002189,EMP-0138,2025-06,1/6/2025,18,16,0,0,2,0,0,2,0,0,0,88.89
ATT-002190,EMP-0140,2025-06,1/6/2025,18,18,0,0,0,0,0,0,2,0,25,100
ATT-002191,EMP-0141,2025-06,1/6/2025,18,18,0,0,0,0,0,0,2,0,0,100
ATT-002192,EMP-0142,2025-06,1/6/2025,18,17,0,1,0,0,0,1,5,2,7,94.44
ATT-002193,EMP-0145,2025-06,1/6/2025,18,18,0,0,0,0,0,0,6,0,14,100
ATT-002194,EMP-0146,2025-06,1/6/2025,18,10,0,8,0,0,0,8,0,0,0,55.56
ATT-002195,EMP-0148,2025-06,1/6/2025,18,18,0,0,0,0,0,0,5,0,0,100
ATT-002196,EMP-0149,2025-06,1/6/2025,18,18,0,0,0,0,0,0,0,0,7.5,100
ATT-002197,EMP-0150,2025-06,1/6/2025,18,18,0,0,0,0,0,0,6,0,22.5,100
ATT-002198,EMP-0151,2025-06,1/6/2025,18,18,0,0,0,0,0,0,0,0,0,100
ATT-002199,EMP-0152,2025-06,1/6/2025,18,17,0,0,0,1,0,1,5,0,9.5,94.44
ATT-002200,EMP-0153,2025-06,1/6/2025,18,18,0,0,0,0,0,0,0,0,19.5,100
ATT-002201,EMP-0155,2025-06,1/6/2025,18,18,0,0,0,0,0,0,0,0,0,100
ATT-002202,EMP-0157,2025-06,1/6/2025,18,18,0,0,0,0,0,0,4,0,18,100
ATT-002203,EMP-0158,2025-06,1/6/2025,18,18,0,0,0,0,0,0,3,0,0,100
ATT-002204,EMP-0159,2025-06,1/6/2025,18,18,0,0,0,0,0,0,0,0,0,100
ATT-002205,EMP-0160,2025-06,1/6/2025,18,18,0,0,0,0,0,0,0,0,0,100
ATT-002206,EMP-0161,2025-06,1/6/2025,18,18,0,0,0,0,0,0,0,2,0,100
ATT-002207,EMP-0162,2025-06,1/6/2025,18,18,0,0,0,0,0,0,0,1,24,100
ATT-002208,EMP-0163,2025-06,1/6/2025,18,18,0,0,0,0,0,0,0,0,0,100
ATT-002209,EMP-0164,2025-06,1/6/2025,18,18,0,0,0,0,0,0,0,0,0,100
ATT-002210,EMP-0165,2025-06,1/6/2025,18,17,0,1,0,0,0,1,0,3,19.5,94.44
ATT-002211,EMP-0167,2025-06,1/6/2025,18,14,0,4,0,0,0,4,0,0,20.5,77.78
ATT-002212,EMP-0168,2025-06,1/6/2025,18,18,0,0,0,0,0,0,0,0,0,100
ATT-002213,EMP-0169,2025-06,1/6/2025,18,18,0,0,0,0,0,0,0,0,0,100
ATT-002214,EMP-0170,2025-06,1/6/2025,18,18,0,0,0,0,0,0,0,0,22,100
ATT-002215,EMP-0171,2025-06,1/6/2025,18,18,0,0,0,0,0,0,0,0,8,100
ATT-002216,EMP-0172,2025-06,1/6/2025,18,15,0,3,0,0,0,3,2,0,0,83.33
ATT-002217,EMP-0173,2025-06,1/6/2025,18,18,0,0,0,0,0,0,2,0,0,100
ATT-002218,EMP-0174,2025-06,1/6/2025,18,18,0,0,0,0,0,0,0,4,8,100
ATT-002219,EMP-0175,2025-06,1/6/2025,18,18,0,0,0,0,0,0,0,4,0,100
ATT-002220,EMP-0176,2025-06,1/6/2025,18,18,0,0,0,0,0,0,2,0,15.5,100
ATT-002221,EMP-0177,2025-06,1/6/2025,18,12,0,6,0,0,0,6,0,0,0,66.67
ATT-002222,EMP-0178,2025-06,1/6/2025,18,18,0,0,0,0,0,0,0,0,0,100
ATT-002223,EMP-0179,2025-06,1/6/2025,18,18,0,0,0,0,0,0,0,0,24,100
ATT-002224,EMP-0180,2025-06,1/6/2025,18,15,0,0,3,0,0,3,3,0,0,83.33
ATT-002225,EMP-0182,2025-06,1/6/2025,18,8,0,9,1,0,0,10,0,0,0,44.44
ATT-002226,EMP-0183,2025-06,1/6/2025,18,18,0,0,0,0,0,0,3,0,0,100
ATT-002227,EMP-0184,2025-06,1/6/2025,18,18,0,0,0,0,0,0,1,0,0,100
ATT-002228,EMP-0186,2025-06,1/6/2025,18,17,0,1,0,0,0,1,0,0,0,94.44
ATT-002229,EMP-0187,2025-06,1/6/2025,18,17,1,0,0,0,0,0,4,1,0,94.44
ATT-002230,EMP-0188,2025-06,1/6/2025,18,13,0,5,0,0,0,5,0,3,0,72.22
ATT-002231,EMP-0189,2025-06,1/6/2025,18,13,0,5,0,0,0,5,0,3,0,72.22
ATT-002232,EMP-0190,2025-06,1/6/2025,18,18,0,0,0,0,0,0,5,0,0,100
ATT-002233,EMP-0191,2025-06,1/6/2025,18,17,0,0,0,0,1,1,4,0,0,94.44
ATT-002234,EMP-0193,2025-06,1/6/2025,18,18,0,0,0,0,0,0,0,3,0,100
ATT-002235,EMP-0194,2025-06,1/6/2025,18,10,0,8,0,0,0,8,1,2,0,55.56
ATT-002236,EMP-0195,2025-06,1/6/2025,18,18,0,0,0,0,0,0,0,0,0,100
ATT-002237,EMP-0196,2025-06,1/6/2025,18,13,0,5,0,0,0,5,4,0,3,72.22
ATT-002238,EMP-0197,2025-06,1/6/2025,18,12,0,6,0,0,0,6,0,0,11,66.67
ATT-002239,EMP-0198,2025-06,1/6/2025,18,6,0,9,0,0,3,12,3,0,0,33.33
ATT-002240,EMP-0199,2025-06,1/6/2025,18,16,0,0,2,0,0,2,3,0,23.5,88.89
ATT-002241,EMP-0200,2025-06,1/6/2025,18,18,0,0,0,0,0,0,5,0,7.5,100
ATT-002242,EMP-0201,2025-06,1/6/2025,18,18,0,0,0,0,0,0,4,0,0,100
ATT-002243,EMP-0202,2025-06,1/6/2025,18,18,0,0,0,0,0,0,0,0,0,100
ATT-002244,EMP-0203,2025-06,1/6/2025,18,13,0,5,0,0,0,5,2,0,0,72.22
ATT-002245,EMP-0205,2025-06,1/6/2025,18,17,0,1,0,0,0,1,0,0,21,94.44
ATT-002246,EMP-0207,2025-06,1/6/2025,18,18,0,0,0,0,0,0,0,0,0,100
ATT-002247,EMP-0209,2025-06,1/6/2025,18,17,1,0,0,0,0,0,0,0,4.5,94.44
ATT-002248,EMP-0210,2025-06,1/6/2025,18,8,0,10,0,0,0,10,0,4,0,44.44
ATT-002249,EMP-0211,2025-06,1/6/2025,18,18,0,0,0,0,0,0,2,0,0,100
ATT-002250,EMP-0212,2025-06,1/6/2025,18,18,0,0,0,0,0,0,4,0,0,100
ATT-002251,EMP-0213,2025-06,1/6/2025,18,18,0,0,0,0,0,0,0,0,0,100
ATT-002252,EMP-0214,2025-06,1/6/2025,18,18,0,0,0,0,0,0,0,0,0,100
ATT-002253,EMP-0215,2025-06,1/6/2025,18,11,0,7,0,0,0,7,0,0,0,61.11
ATT-002254,EMP-0216,2025-06,1/6/2025,18,15,0,3,0,0,0,3,4,0,2,83.33
ATT-002255,EMP-0217,2025-06,1/6/2025,18,15,0,0,3,0,0,3,4,0,0,83.33
ATT-002256,EMP-0219,2025-06,1/6/2025,18,12,0,6,0,0,0,6,2,2,3.5,66.67
ATT-002257,EMP-0220,2025-06,1/6/2025,18,14,0,4,0,0,0,4,0,2,16.5,77.78
ATT-002258,EMP-0221,2025-06,1/6/2025,18,18,0,0,0,0,0,0,0,1,0,100
ATT-002259,EMP-0222,2025-06,1/6/2025,18,15,0,3,0,0,0,3,0,0,0,83.33
ATT-002260,EMP-0223,2025-06,1/6/2025,18,10,0,8,0,0,0,8,3,0,0,55.56
ATT-002261,EMP-0225,2025-06,1/6/2025,18,18,0,0,0,0,0,0,3,0,24,100
ATT-002262,EMP-0226,2025-06,1/6/2025,18,16,1,1,0,0,0,1,2,0,0,88.89
ATT-002263,EMP-0227,2025-06,1/6/2025,18,16,2,0,0,0,0,0,0,0,0,88.89
ATT-002264,EMP-0228,2025-06,1/6/2025,18,16,0,0,2,0,0,2,0,0,3.5,88.89
ATT-002265,EMP-0229,2025-06,1/6/2025,18,18,0,0,0,0,0,0,3,0,0,100
ATT-002266,EMP-0230,2025-06,1/6/2025,18,18,0,0,0,0,0,0,5,0,0,100
ATT-002267,EMP-0231,2025-06,1/6/2025,18,18,0,0,0,0,0,0,0,0,5.5,100
ATT-002268,EMP-0232,2025-06,1/6/2025,18,15,0,3,0,0,0,3,0,0,0,83.33
ATT-002269,EMP-0236,2025-06,1/6/2025,18,18,0,0,0,0,0,0,4,0,9,100
ATT-002270,EMP-0237,2025-06,1/6/2025,18,18,0,0,0,0,0,0,4,0,20,100
ATT-002271,EMP-0238,2025-06,1/6/2025,18,18,0,0,0,0,0,0,0,0,16.5,100
ATT-002272,EMP-0239,2025-06,1/6/2025,18,18,0,0,0,0,0,0,0,0,0,100
ATT-002273,EMP-0240,2025-06,1/6/2025,18,15,0,0,0,0,3,3,0,0,2.5,83.33
ATT-002274,EMP-0241,2025-06,1/6/2025,18,15,0,3,0,0,0,3,0,0,11,83.33
ATT-002275,EMP-0242,2025-06,1/6/2025,18,12,0,6,0,0,0,6,0,0,0,66.67
ATT-002276,EMP-0243,2025-06,1/6/2025,18,16,0,2,0,0,0,2,4,0,0,88.89
ATT-002277,EMP-0244,2025-06,1/6/2025,18,18,0,0,0,0,0,0,0,1,0,100
ATT-002278,EMP-0245,2025-06,1/6/2025,18,8,0,10,0,0,0,10,0,0,25,44.44
ATT-002279,EMP-0246,2025-06,1/6/2025,18,18,0,0,0,0,0,0,0,0,23.5,100
ATT-002280,EMP-0247,2025-06,1/6/2025,18,8,0,10,0,0,0,10,0,0,18.5,44.44
ATT-002281,EMP-0248,2025-06,1/6/2025,18,11,0,7,0,0,0,7,0,0,12,61.11
ATT-002282,EMP-0249,2025-06,1/6/2025,18,18,0,0,0,0,0,0,0,0,0,100
ATT-002283,EMP-0250,2025-06,1/6/2025,18,18,0,0,0,0,0,0,0,0,0,100
ATT-002284,EMP-0252,2025-06,1/6/2025,18,13,0,4,1,0,0,5,0,0,0,72.22
ATT-002285,EMP-0254,2025-06,1/6/2025,18,17,1,0,0,0,0,0,4,0,0,94.44
ATT-002286,EMP-0256,2025-06,1/6/2025,18,15,0,0,3,0,0,3,6,0,12.5,83.33
ATT-002287,EMP-0257,2025-06,1/6/2025,18,18,0,0,0,0,0,0,5,0,0,100
ATT-002288,EMP-0258,2025-06,1/6/2025,18,18,0,0,0,0,0,0,0,0,6.5,100
ATT-002289,EMP-0260,2025-06,1/6/2025,18,18,0,0,0,0,0,0,0,0,0,100
ATT-002290,EMP-0261,2025-06,1/6/2025,18,9,0,9,0,0,0,9,0,0,23,50
ATT-002291,EMP-0262,2025-06,1/6/2025,18,18,0,0,0,0,0,0,0,0,7.5,100
ATT-002292,EMP-0263,2025-06,1/6/2025,18,18,0,0,0,0,0,0,3,0,0,100
ATT-002293,EMP-0264,2025-06,1/6/2025,18,18,0,0,0,0,0,0,0,0,18,100
ATT-002294,EMP-0265,2025-06,1/6/2025,18,18,0,0,0,0,0,0,1,0,19.5,100
ATT-002295,EMP-0266,2025-06,1/6/2025,18,13,0,5,0,0,0,5,0,3,21.5,72.22
ATT-002296,EMP-0267,2025-06,1/6/2025,18,18,0,0,0,0,0,0,0,2,10.5,100
ATT-002297,EMP-0268,2025-06,1/6/2025,18,17,0,0,0,1,0,1,0,0,0,94.44
ATT-002298,EMP-0269,2025-06,1/6/2025,18,18,0,0,0,0,0,0,0,0,4,100
ATT-002299,EMP-0272,2025-06,1/6/2025,18,18,0,0,0,0,0,0,0,0,16,100
ATT-002300,EMP-0273,2025-06,1/6/2025,18,15,0,0,0,0,3,3,1,0,0,83.33
ATT-002301,EMP-0274,2025-06,1/6/2025,18,18,0,0,0,0,0,0,6,0,19.5,100
ATT-002302,EMP-0275,2025-06,1/6/2025,18,13,0,5,0,0,0,5,1,0,25,72.22
ATT-002303,EMP-0277,2025-06,1/6/2025,18,9,1,8,0,0,0,8,0,0,0,50
ATT-002304,EMP-0278,2025-06,1/6/2025,18,18,0,0,0,0,0,0,4,0,0,100
ATT-002305,EMP-0279,2025-06,1/6/2025,18,18,0,0,0,0,0,0,0,0,4,100
ATT-002306,EMP-0280,2025-06,1/6/2025,18,18,0,0,0,0,0,0,0,0,17.5,100
ATT-002307,EMP-0281,2025-06,1/6/2025,18,14,0,0,0,4,0,4,0,3,19.5,77.78
ATT-002308,EMP-0282,2025-06,1/6/2025,18,18,0,0,0,0,0,0,0,0,0,100
ATT-002309,EMP-0283,2025-06,1/6/2025,18,18,0,0,0,0,0,0,4,0,0,100
ATT-002310,EMP-0286,2025-06,1/6/2025,18,16,0,0,0,0,2,2,0,0,10.5,88.89
ATT-002311,EMP-0287,2025-06,1/6/2025,18,16,0,0,2,0,0,2,0,0,0,88.89
ATT-002312,EMP-0288,2025-06,1/6/2025,18,18,0,0,0,0,0,0,6,0,0,100
ATT-002313,EMP-0289,2025-06,1/6/2025,18,18,0,0,0,0,0,0,0,0,0,100
ATT-002314,EMP-0290,2025-06,1/6/2025,18,18,0,0,0,0,0,0,1,0,0,100
ATT-002315,EMP-0291,2025-06,1/6/2025,18,17,0,0,0,0,1,1,2,0,0,94.44
ATT-002316,EMP-0292,2025-06,1/6/2025,18,18,0,0,0,0,0,0,0,0,10,100
ATT-002317,EMP-0293,2025-06,1/6/2025,18,18,0,0,0,0,0,0,0,0,0,100
ATT-002318,EMP-0294,2025-06,1/6/2025,18,10,0,8,0,0,0,8,0,1,5.5,55.56
ATT-002319,EMP-0295,2025-06,1/6/2025,18,15,0,0,3,0,0,3,0,0,0,83.33
ATT-002320,EMP-0296,2025-06,1/6/2025,18,8,0,10,0,0,0,10,0,0,22,44.44
ATT-002321,EMP-0297,2025-06,1/6/2025,18,18,0,0,0,0,0,0,3,3,24,100
ATT-002322,EMP-0300,2025-06,1/6/2025,18,17,0,0,0,1,0,1,0,0,0,94.44
ATT-002323,EMP-0301,2025-06,1/6/2025,18,13,0,5,0,0,0,5,3,0,0,72.22
ATT-002324,EMP-0303,2025-06,1/6/2025,18,18,0,0,0,0,0,0,0,0,0,100
ATT-002325,EMP-0304,2025-06,1/6/2025,18,18,0,0,0,0,0,0,3,0,0,100
ATT-002326,EMP-0305,2025-06,1/6/2025,18,9,1,8,0,0,0,8,0,0,0,50
ATT-002327,EMP-0306,2025-06,1/6/2025,18,15,0,0,3,0,0,3,0,0,7.5,83.33
ATT-002328,EMP-0307,2025-06,1/6/2025,18,16,0,0,2,0,0,2,1,0,0,88.89
ATT-002329,EMP-0308,2025-06,1/6/2025,18,10,0,8,0,0,0,8,0,0,2,55.56
ATT-002330,EMP-0309,2025-06,1/6/2025,18,12,0,6,0,0,0,6,2,4,0,66.67
ATT-002331,EMP-0310,2025-06,1/6/2025,18,18,0,0,0,0,0,0,1,0,21,100
ATT-002332,EMP-0311,2025-06,1/6/2025,18,18,0,0,0,0,0,0,0,4,0,100
ATT-002333,EMP-0312,2025-06,1/6/2025,18,18,0,0,0,0,0,0,0,3,0,100
ATT-002334,EMP-0313,2025-06,1/6/2025,18,18,0,0,0,0,0,0,0,0,22.5,100
ATT-002335,EMP-0314,2025-06,1/6/2025,18,18,0,0,0,0,0,0,0,0,3.5,100
ATT-002336,EMP-0315,2025-06,1/6/2025,18,11,0,7,0,0,0,7,0,0,3,61.11
ATT-002337,EMP-0316,2025-06,1/6/2025,18,8,0,10,0,0,0,10,0,0,0,44.44
ATT-002338,EMP-0318,2025-06,1/6/2025,18,14,0,4,0,0,0,4,2,0,0,77.78
ATT-002339,EMP-0320,2025-06,1/6/2025,18,15,0,3,0,0,0,3,0,0,13,83.33
ATT-002340,EMP-0321,2025-06,1/6/2025,18,8,0,10,0,0,0,10,0,3,0,44.44
ATT-002341,EMP-0322,2025-06,1/6/2025,18,14,0,4,0,0,0,4,0,0,15.5,77.78
ATT-002342,EMP-0324,2025-06,1/6/2025,18,9,0,9,0,0,0,9,0,0,0,50
ATT-002343,EMP-0325,2025-06,1/6/2025,18,13,0,5,0,0,0,5,0,4,0,72.22
ATT-002344,EMP-0326,2025-06,1/6/2025,18,12,1,5,0,0,0,5,3,1,0,66.67
ATT-002345,EMP-0327,2025-06,1/6/2025,18,18,0,0,0,0,0,0,5,0,20,100
ATT-002346,EMP-0328,2025-06,1/6/2025,18,18,0,0,0,0,0,0,4,0,0,100
ATT-002347,EMP-0329,2025-06,1/6/2025,18,17,1,0,0,0,0,0,0,0,0,94.44
ATT-002348,EMP-0331,2025-06,1/6/2025,18,18,0,0,0,0,0,0,0,0,25,100
ATT-002349,EMP-0332,2025-06,1/6/2025,18,17,1,0,0,0,0,0,0,0,22,94.44
ATT-002350,EMP-0333,2025-06,1/6/2025,18,18,0,0,0,0,0,0,0,0,0,100
ATT-002351,EMP-0334,2025-06,1/6/2025,18,18,0,0,0,0,0,0,0,0,2.5,100
ATT-002352,EMP-0335,2025-06,1/6/2025,18,18,0,0,0,0,0,0,0,0,18,100
ATT-002353,EMP-0336,2025-06,1/6/2025,18,17,1,0,0,0,0,0,0,0,19.5,94.44
ATT-002354,EMP-0337,2025-06,1/6/2025,18,18,0,0,0,0,0,0,0,0,10.5,100
ATT-002355,EMP-0338,2025-06,1/6/2025,18,16,2,0,0,0,0,0,1,0,0,88.89
ATT-002356,EMP-0339,2025-06,1/6/2025,18,10,0,8,0,0,0,8,0,0,6,55.56
ATT-002357,EMP-0340,2025-06,1/6/2025,18,18,0,0,0,0,0,0,5,0,0,100
ATT-002358,EMP-0341,2025-06,1/6/2025,18,17,0,0,1,0,0,1,0,0,0,94.44
ATT-002359,EMP-0342,2025-06,1/6/2025,18,18,0,0,0,0,0,0,0,0,0,100
ATT-002360,EMP-0343,2025-06,1/6/2025,18,18,0,0,0,0,0,0,5,0,8,100
ATT-002361,EMP-0344,2025-06,1/6/2025,18,17,0,1,0,0,0,1,0,0,23.5,94.44
ATT-002362,EMP-0347,2025-06,1/6/2025,18,18,0,0,0,0,0,0,6,0,0,100
ATT-002363,EMP-0349,2025-06,1/6/2025,18,11,0,7,0,0,0,7,0,0,8,61.11
ATT-002364,EMP-0350,2025-06,1/6/2025,18,11,2,5,0,0,0,5,0,0,0,61.11
ATT-002365,EMP-0351,2025-06,1/6/2025,18,14,0,0,0,4,0,4,0,0,11,77.78
ATT-002366,EMP-0352,2025-06,1/6/2025,18,17,0,0,1,0,0,1,2,0,25,94.44
ATT-002367,EMP-0353,2025-06,1/6/2025,18,18,0,0,0,0,0,0,0,0,0,100
ATT-002368,EMP-0354,2025-06,1/6/2025,18,18,0,0,0,0,0,0,0,0,0,100
ATT-002369,EMP-0355,2025-06,1/6/2025,18,9,0,9,0,0,0,9,1,0,0,50
ATT-002370,EMP-0356,2025-06,1/6/2025,18,12,0,6,0,0,0,6,4,0,0,66.67
ATT-002371,EMP-0357,2025-06,1/6/2025,18,18,0,0,0,0,0,0,4,0,22,100
ATT-002372,EMP-0359,2025-06,1/6/2025,18,18,0,0,0,0,0,0,0,0,11.5,100
ATT-002373,EMP-0360,2025-06,1/6/2025,18,17,0,0,1,0,0,1,6,0,4.5,94.44
ATT-002374,EMP-0361,2025-06,1/6/2025,18,18,0,0,0,0,0,0,0,0,0,100
ATT-002375,EMP-0362,2025-06,1/6/2025,18,5,0,7,2,4,0,13,0,0,0,27.78
ATT-002376,EMP-0363,2025-06,1/6/2025,18,12,0,6,0,0,0,6,6,3,14,66.67
ATT-002377,EMP-0364,2025-06,1/6/2025,18,12,1,5,0,0,0,5,0,0,22,66.67
ATT-002378,EMP-0366,2025-06,1/6/2025,18,12,0,6,0,0,0,6,0,0,0,66.67
ATT-002379,EMP-0368,2025-06,1/6/2025,18,18,0,0,0,0,0,0,0,0,0,100
ATT-002380,EMP-0369,2025-06,1/6/2025,18,18,0,0,0,0,0,0,0,0,0,100
ATT-002381,EMP-0370,2025-06,1/6/2025,18,16,0,0,0,0,2,2,0,0,18,88.89
ATT-002382,EMP-0372,2025-06,1/6/2025,18,18,0,0,0,0,0,0,0,0,0,100
ATT-002383,EMP-0373,2025-06,1/6/2025,18,9,0,9,0,0,0,9,0,0,0,50
ATT-002384,EMP-0374,2025-06,1/6/2025,18,18,0,0,0,0,0,0,5,0,0,100
ATT-002385,EMP-0375,2025-06,1/6/2025,18,15,0,0,0,0,3,3,0,0,23,83.33
ATT-002386,EMP-0376,2025-06,1/6/2025,18,18,0,0,0,0,0,0,4,0,0,100
ATT-002387,EMP-0377,2025-06,1/6/2025,18,16,0,0,0,0,2,2,0,0,15,88.89
ATT-002388,EMP-0378,2025-06,1/6/2025,18,8,0,10,0,0,0,10,0,3,0,44.44
ATT-002389,EMP-0379,2025-06,1/6/2025,18,18,0,0,0,0,0,0,0,0,0,100
ATT-002390,EMP-0381,2025-06,1/6/2025,18,17,0,0,0,0,1,1,0,3,0,94.44
ATT-002391,EMP-0382,2025-06,1/6/2025,18,16,0,2,0,0,0,2,0,0,21.5,88.89
ATT-002392,EMP-0383,2025-06,1/6/2025,18,18,0,0,0,0,0,0,0,3,0,100
ATT-002393,EMP-0384,2025-06,1/6/2025,18,18,0,0,0,0,0,0,0,0,0,100
ATT-002394,EMP-0385,2025-06,1/6/2025,18,18,0,0,0,0,0,0,0,0,0,100
ATT-002395,EMP-0387,2025-06,1/6/2025,18,18,0,0,0,0,0,0,0,1,22.5,100
ATT-002396,EMP-0388,2025-06,1/6/2025,18,5,0,10,3,0,0,13,0,0,4,27.78
ATT-002397,EMP-0389,2025-06,1/6/2025,18,18,0,0,0,0,0,0,0,0,0,100
ATT-002398,EMP-0390,2025-06,1/6/2025,18,18,0,0,0,0,0,0,0,0,9.5,100
ATT-002399,EMP-0391,2025-06,1/6/2025,18,18,0,0,0,0,0,0,1,0,18.5,100
ATT-002400,EMP-0392,2025-06,1/6/2025,18,18,0,0,0,0,0,0,3,0,0,100
ATT-002401,EMP-0393,2025-06,1/6/2025,18,18,0,0,0,0,0,0,0,0,0,100
ATT-002402,EMP-0394,2025-06,1/6/2025,18,12,0,6,0,0,0,6,1,2,0,66.67
ATT-002403,EMP-0395,2025-06,1/6/2025,18,18,0,0,0,0,0,0,3,2,0,100
ATT-002404,EMP-0398,2025-06,1/6/2025,18,18,0,0,0,0,0,0,0,3,13,100
ATT-002405,EMP-0399,2025-06,1/6/2025,18,18,0,0,0,0,0,0,0,0,18.5,100
ATT-002406,EMP-0400,2025-06,1/6/2025,18,18,0,0,0,0,0,0,0,0,0,100
ATT-002407,EMP-0402,2025-06,1/6/2025,18,18,0,0,0,0,0,0,0,0,0,100
ATT-002408,EMP-0403,2025-06,1/6/2025,18,14,0,4,0,0,0,4,3,0,0,77.78
ATT-002409,EMP-0405,2025-06,1/6/2025,18,16,0,0,0,0,2,2,1,0,0,88.89
ATT-002410,EMP-0406,2025-06,1/6/2025,18,18,0,0,0,0,0,0,0,0,0,100
ATT-002411,EMP-0407,2025-06,1/6/2025,18,12,0,3,0,0,3,6,3,1,0,66.67
ATT-002412,EMP-0409,2025-06,1/6/2025,18,18,0,0,0,0,0,0,0,0,12,100
ATT-002413,EMP-0410,2025-06,1/6/2025,18,15,0,3,0,0,0,3,0,0,0,83.33
ATT-002414,EMP-0411,2025-06,1/6/2025,18,18,0,0,0,0,0,0,4,0,19,100
ATT-002415,EMP-0412,2025-06,1/6/2025,18,18,0,0,0,0,0,0,0,0,0,100
ATT-002416,EMP-0413,2025-06,1/6/2025,18,15,0,3,0,0,0,3,0,0,0,83.33
ATT-002417,EMP-0414,2025-06,1/6/2025,18,17,0,0,0,0,1,1,5,2,0,94.44
ATT-002418,EMP-0415,2025-06,1/6/2025,18,16,0,0,2,0,0,2,0,4,0,88.89
ATT-002419,EMP-0416,2025-06,1/6/2025,18,18,0,0,0,0,0,0,0,1,0,100
ATT-002420,EMP-0417,2025-06,1/6/2025,18,16,0,0,2,0,0,2,0,0,10.5,88.89
ATT-002421,EMP-0419,2025-06,1/6/2025,18,18,0,0,0,0,0,0,0,0,4,100
ATT-002422,EMP-0420,2025-06,1/6/2025,18,17,0,1,0,0,0,1,5,0,0,94.44
ATT-002423,EMP-0421,2025-06,1/6/2025,18,18,0,0,0,0,0,0,0,0,0,100
ATT-002424,EMP-0422,2025-06,1/6/2025,18,18,0,0,0,0,0,0,0,3,20,100
ATT-002425,EMP-0423,2025-06,1/6/2025,18,18,0,0,0,0,0,0,0,0,15,100
ATT-002426,EMP-0424,2025-06,1/6/2025,18,18,0,0,0,0,0,0,0,0,15.5,100
ATT-002427,EMP-0425,2025-06,1/6/2025,18,18,0,0,0,0,0,0,0,0,13.5,100
ATT-002428,EMP-0426,2025-06,1/6/2025,18,13,0,5,0,0,0,5,0,0,0,72.22
ATT-002429,EMP-0427,2025-06,1/6/2025,18,7,1,10,0,0,0,10,0,0,20,38.89
ATT-002430,EMP-0428,2025-06,1/6/2025,18,18,0,0,0,0,0,0,1,0,0,100
ATT-002431,EMP-0429,2025-06,1/6/2025,18,18,0,0,0,0,0,0,0,0,0,100
ATT-002432,EMP-0430,2025-06,1/6/2025,18,18,0,0,0,0,0,0,0,0,11,100
ATT-002433,EMP-0431,2025-06,1/6/2025,18,11,0,7,0,0,0,7,0,0,16,61.11
ATT-002434,EMP-0432,2025-06,1/6/2025,18,18,0,0,0,0,0,0,0,0,23.5,100
ATT-002435,EMP-0433,2025-06,1/6/2025,18,18,0,0,0,0,0,0,5,0,24.5,100
ATT-002436,EMP-0434,2025-06,1/6/2025,18,13,0,5,0,0,0,5,0,0,20.5,72.22
ATT-002437,EMP-0435,2025-06,1/6/2025,18,14,0,4,0,0,0,4,0,0,14.5,77.78
ATT-002438,EMP-0436,2025-06,1/6/2025,18,18,0,0,0,0,0,0,0,0,0,100
ATT-002439,EMP-0438,2025-06,1/6/2025,18,10,0,5,3,0,0,8,4,0,0,55.56
ATT-002440,EMP-0439,2025-06,1/6/2025,18,18,0,0,0,0,0,0,0,0,20,100
ATT-002441,EMP-0440,2025-06,1/6/2025,18,16,2,0,0,0,0,0,0,0,12.5,88.89
ATT-002442,EMP-0441,2025-06,1/6/2025,18,18,0,0,0,0,0,0,0,0,0,100
ATT-002443,EMP-0442,2025-06,1/6/2025,18,18,0,0,0,0,0,0,0,0,0,100
ATT-002444,EMP-0443,2025-06,1/6/2025,18,8,0,10,0,0,0,10,1,0,0,44.44
ATT-002445,EMP-0444,2025-06,1/6/2025,18,18,0,0,0,0,0,0,0,0,6,100
ATT-002446,EMP-0445,2025-06,1/6/2025,18,17,1,0,0,0,0,0,0,0,0,94.44
ATT-002447,EMP-0446,2025-06,1/6/2025,18,14,0,4,0,0,0,4,0,0,9,77.78
ATT-002448,EMP-0448,2025-06,1/6/2025,18,18,0,0,0,0,0,0,0,0,0,100
ATT-002449,EMP-0449,2025-06,1/6/2025,18,10,0,8,0,0,0,8,4,0,13.5,55.56
ATT-002450,EMP-0450,2025-06,1/6/2025,18,16,0,0,2,0,0,2,0,0,0,88.89
ATT-002451,EMP-0451,2025-06,1/6/2025,18,18,0,0,0,0,0,0,0,0,0,100
ATT-002452,EMP-0452,2025-06,1/6/2025,18,18,0,0,0,0,0,0,1,0,0,100
ATT-002453,EMP-0453,2025-06,1/6/2025,18,15,1,0,2,0,0,2,5,0,21.5,83.33
ATT-002454,EMP-0454,2025-06,1/6/2025,18,16,2,0,0,0,0,0,0,0,9,88.89
ATT-002455,EMP-0455,2025-06,1/6/2025,18,18,0,0,0,0,0,0,0,0,18.5,100
ATT-002456,EMP-0457,2025-06,1/6/2025,18,17,1,0,0,0,0,0,6,0,7.5,94.44
ATT-002457,EMP-0458,2025-06,1/6/2025,18,16,2,0,0,0,0,0,0,0,0,88.89
ATT-002458,EMP-0459,2025-06,1/6/2025,18,8,0,10,0,0,0,10,0,3,0,44.44
ATT-002459,EMP-0460,2025-06,1/6/2025,18,18,0,0,0,0,0,0,0,0,9.5,100
ATT-002460,EMP-0461,2025-06,1/6/2025,18,18,0,0,0,0,0,0,0,0,15,100
ATT-002461,EMP-0462,2025-06,1/6/2025,18,11,0,7,0,0,0,7,1,0,0,61.11
ATT-002462,EMP-0463,2025-06,1/6/2025,18,18,0,0,0,0,0,0,4,0,0,100
ATT-002463,EMP-0464,2025-06,1/6/2025,18,18,0,0,0,0,0,0,0,0,17.5,100
ATT-002464,EMP-0465,2025-06,1/6/2025,18,18,0,0,0,0,0,0,1,0,0,100
ATT-002465,EMP-0466,2025-06,1/6/2025,18,17,0,0,1,0,0,1,0,1,15,94.44
ATT-002466,EMP-0467,2025-06,1/6/2025,18,18,0,0,0,0,0,0,0,0,23.5,100
ATT-002467,EMP-0468,2025-06,1/6/2025,18,18,0,0,0,0,0,0,3,0,24.5,100
ATT-002468,EMP-0469,2025-06,1/6/2025,18,18,0,0,0,0,0,0,6,1,0,100
ATT-002469,EMP-0470,2025-06,1/6/2025,18,18,0,0,0,0,0,0,0,0,4,100
ATT-002470,EMP-0471,2025-06,1/6/2025,18,18,0,0,0,0,0,0,0,0,0,100
ATT-002471,EMP-0472,2025-06,1/6/2025,18,16,0,0,2,0,0,2,0,0,20,88.89
ATT-002472,EMP-0473,2025-06,1/6/2025,18,18,0,0,0,0,0,0,0,0,22.5,100
ATT-002473,EMP-0474,2025-06,1/6/2025,18,14,0,4,0,0,0,4,2,0,0,77.78
ATT-002474,EMP-0475,2025-06,1/6/2025,18,16,2,0,0,0,0,0,0,0,0,88.89
ATT-002475,EMP-0476,2025-06,1/6/2025,18,10,0,8,0,0,0,8,4,0,17.5,55.56
ATT-002476,EMP-0478,2025-06,1/6/2025,18,6,0,10,2,0,0,12,0,0,13.5,33.33
ATT-002477,EMP-0480,2025-06,1/6/2025,18,15,0,3,0,0,0,3,2,0,0,83.33
ATT-002478,EMP-0481,2025-06,1/6/2025,18,18,0,0,0,0,0,0,3,0,0,100
ATT-002479,EMP-0482,2025-06,1/6/2025,18,15,0,3,0,0,0,3,0,4,0,83.33
ATT-002480,EMP-0483,2025-06,1/6/2025,18,18,0,0,0,0,0,0,0,0,0,100
ATT-002481,EMP-0484,2025-06,1/6/2025,18,8,0,10,0,0,0,10,0,0,4,44.44
ATT-002482,EMP-0485,2025-06,1/6/2025,18,12,0,6,0,0,0,6,3,0,11.5,66.67
ATT-002483,EMP-0487,2025-06,1/6/2025,18,9,0,9,0,0,0,9,5,0,7.5,50
ATT-002484,EMP-0488,2025-06,1/6/2025,18,9,0,9,0,0,0,9,0,0,0,50
ATT-002485,EMP-0489,2025-06,1/6/2025,18,17,0,0,0,1,0,1,0,0,0,94.44
ATT-002486,EMP-0490,2025-06,1/6/2025,18,14,0,1,3,0,0,4,0,0,0,77.78
ATT-002487,EMP-0491,2025-06,1/6/2025,18,18,0,0,0,0,0,0,2,0,0,100
ATT-002488,EMP-0492,2025-06,1/6/2025,18,18,0,0,0,0,0,0,0,0,0,100
ATT-002489,EMP-0493,2025-06,1/6/2025,18,18,0,0,0,0,0,0,0,2,0,100
ATT-002490,EMP-0494,2025-06,1/6/2025,18,18,0,0,0,0,0,0,3,0,0,100
ATT-002491,EMP-0495,2025-06,1/6/2025,18,16,0,2,0,0,0,2,3,0,10.5,88.89
ATT-002492,EMP-0497,2025-06,1/6/2025,18,18,0,0,0,0,0,0,5,0,0,100
ATT-002493,EMP-0498,2025-06,1/6/2025,18,17,1,0,0,0,0,0,0,0,0,94.44
ATT-002494,EMP-0499,2025-06,1/6/2025,18,18,0,0,0,0,0,0,0,0,17.5,100
ATT-002495,EMP-0500,2025-06,1/6/2025,18,11,0,7,0,0,0,7,0,0,0,61.11
ATT-002496,EMP-0001,2025-07,1/7/2025,23,23,0,0,0,0,0,0,0,3,0,100
ATT-002497,EMP-0003,2025-07,1/7/2025,23,23,0,0,0,0,0,0,6,0,0,100
ATT-002498,EMP-0004,2025-07,1/7/2025,23,22,0,0,0,1,0,1,2,0,0,95.65
ATT-002499,EMP-0005,2025-07,1/7/2025,23,13,1,7,2,0,0,9,2,1,24,56.52
ATT-002500,EMP-0006,2025-07,1/7/2025,23,23,0,0,0,0,0,0,1,0,23,100
ATT-002501,EMP-0007,2025-07,1/7/2025,23,21,0,0,2,0,0,2,0,0,4.5,91.3
ATT-002502,EMP-0008,2025-07,1/7/2025,23,20,0,3,0,0,0,3,4,0,11,86.96
ATT-002503,EMP-0009,2025-07,1/7/2025,23,22,0,0,1,0,0,1,5,0,9,95.65
ATT-002504,EMP-0010,2025-07,1/7/2025,23,18,0,5,0,0,0,5,0,0,0,78.26
ATT-002505,EMP-0014,2025-07,1/7/2025,23,23,0,0,0,0,0,0,0,0,0,100
ATT-002506,EMP-0015,2025-07,1/7/2025,23,22,1,0,0,0,0,0,2,0,0,95.65
ATT-002507,EMP-0016,2025-07,1/7/2025,23,17,0,6,0,0,0,6,6,0,0,73.91
ATT-002508,EMP-0017,2025-07,1/7/2025,23,20,0,0,3,0,0,3,0,0,9.5,86.96
ATT-002509,EMP-0018,2025-07,1/7/2025,23,21,2,0,0,0,0,0,0,0,0,91.3
ATT-002510,EMP-0019,2025-07,1/7/2025,23,21,0,0,0,2,0,2,0,0,0,91.3
ATT-002511,EMP-0020,2025-07,1/7/2025,23,23,0,0,0,0,0,0,0,0,21,100
ATT-002512,EMP-0021,2025-07,1/7/2025,23,23,0,0,0,0,0,0,3,1,0,100
ATT-002513,EMP-0022,2025-07,1/7/2025,23,22,1,0,0,0,0,0,0,0,4,95.65
ATT-002514,EMP-0023,2025-07,1/7/2025,23,23,0,0,0,0,0,0,4,0,2.5,100
ATT-002515,EMP-0024,2025-07,1/7/2025,23,23,0,0,0,0,0,0,0,0,0,100
ATT-002516,EMP-0025,2025-07,1/7/2025,23,23,0,0,0,0,0,0,0,0,4.5,100
ATT-002517,EMP-0026,2025-07,1/7/2025,23,23,0,0,0,0,0,0,0,0,6.5,100
ATT-002518,EMP-0027,2025-07,1/7/2025,23,23,0,0,0,0,0,0,0,0,0,100
ATT-002519,EMP-0028,2025-07,1/7/2025,23,20,0,3,0,0,0,3,0,0,10.5,86.96
ATT-002520,EMP-0029,2025-07,1/7/2025,23,23,0,0,0,0,0,0,0,0,0,100
ATT-002521,EMP-0030,2025-07,1/7/2025,23,23,0,0,0,0,0,0,4,0,0,100
ATT-002522,EMP-0031,2025-07,1/7/2025,23,23,0,0,0,0,0,0,6,0,0,100
ATT-002523,EMP-0032,2025-07,1/7/2025,23,23,0,0,0,0,0,0,2,1,0,100
ATT-002524,EMP-0034,2025-07,1/7/2025,23,23,0,0,0,0,0,0,0,0,0,100
ATT-002525,EMP-0035,2025-07,1/7/2025,23,23,0,0,0,0,0,0,3,0,0,100
ATT-002526,EMP-0036,2025-07,1/7/2025,23,20,0,0,0,0,3,3,3,0,0,86.96
ATT-002527,EMP-0037,2025-07,1/7/2025,23,23,0,0,0,0,0,0,0,0,22,100
ATT-002528,EMP-0038,2025-07,1/7/2025,23,22,1,0,0,0,0,0,0,0,4,95.65
ATT-002529,EMP-0039,2025-07,1/7/2025,23,23,0,0,0,0,0,0,0,0,0,100
ATT-002530,EMP-0040,2025-07,1/7/2025,23,11,0,10,2,0,0,12,0,0,0,47.83
ATT-002531,EMP-0041,2025-07,1/7/2025,23,22,0,0,1,0,0,1,0,0,0,95.65
ATT-002532,EMP-0042,2025-07,1/7/2025,23,23,0,0,0,0,0,0,5,0,6,100
ATT-002533,EMP-0043,2025-07,1/7/2025,23,22,1,0,0,0,0,0,4,0,0,95.65
ATT-002534,EMP-0044,2025-07,1/7/2025,23,23,0,0,0,0,0,0,3,0,8.5,100
ATT-002535,EMP-0045,2025-07,1/7/2025,23,20,0,0,3,0,0,3,1,4,0,86.96
ATT-002536,EMP-0046,2025-07,1/7/2025,23,22,1,0,0,0,0,0,0,0,0,95.65
ATT-002537,EMP-0047,2025-07,1/7/2025,23,23,0,0,0,0,0,0,0,0,0,100
ATT-002538,EMP-0048,2025-07,1/7/2025,23,16,0,7,0,0,0,7,0,4,0,69.57
ATT-002539,EMP-0049,2025-07,1/7/2025,23,22,0,1,0,0,0,1,5,0,12.5,95.65
ATT-002540,EMP-0050,2025-07,1/7/2025,23,23,0,0,0,0,0,0,0,0,20,100
ATT-002541,EMP-0051,2025-07,1/7/2025,23,21,2,0,0,0,0,0,0,0,3,91.3
ATT-002542,EMP-0052,2025-07,1/7/2025,23,23,0,0,0,0,0,0,0,0,17,100
ATT-002543,EMP-0053,2025-07,1/7/2025,23,19,0,4,0,0,0,4,0,0,0,82.61
ATT-002544,EMP-0055,2025-07,1/7/2025,23,20,0,3,0,0,0,3,0,0,0,86.96
ATT-002545,EMP-0057,2025-07,1/7/2025,23,23,0,0,0,0,0,0,0,4,3.5,100
ATT-002546,EMP-0058,2025-07,1/7/2025,23,23,0,0,0,0,0,0,4,0,0,100
ATT-002547,EMP-0059,2025-07,1/7/2025,23,23,0,0,0,0,0,0,0,0,0,100
ATT-002548,EMP-0060,2025-07,1/7/2025,23,23,0,0,0,0,0,0,4,0,7.5,100
ATT-002549,EMP-0061,2025-07,1/7/2025,23,23,0,0,0,0,0,0,0,0,21,100
ATT-002550,EMP-0062,2025-07,1/7/2025,23,23,0,0,0,0,0,0,0,0,13,100
ATT-002551,EMP-0064,2025-07,1/7/2025,23,23,0,0,0,0,0,0,0,2,0,100
ATT-002552,EMP-0065,2025-07,1/7/2025,23,22,0,0,0,0,1,1,0,0,0,95.65
ATT-002553,EMP-0066,2025-07,1/7/2025,23,23,0,0,0,0,0,0,0,0,0,100
ATT-002554,EMP-0067,2025-07,1/7/2025,23,22,0,0,1,0,0,1,0,0,0,95.65
ATT-002555,EMP-0068,2025-07,1/7/2025,23,23,0,0,0,0,0,0,0,0,0,100
ATT-002556,EMP-0069,2025-07,1/7/2025,23,23,0,0,0,0,0,0,0,0,0,100
ATT-002557,EMP-0070,2025-07,1/7/2025,23,15,0,8,0,0,0,8,3,0,5,65.22
ATT-002558,EMP-0071,2025-07,1/7/2025,23,23,0,0,0,0,0,0,3,0,0,100
ATT-002559,EMP-0072,2025-07,1/7/2025,23,19,0,4,0,0,0,4,0,3,0,82.61
ATT-002560,EMP-0073,2025-07,1/7/2025,23,23,0,0,0,0,0,0,0,0,0,100
ATT-002561,EMP-0074,2025-07,1/7/2025,23,23,0,0,0,0,0,0,0,0,0,100
ATT-002562,EMP-0077,2025-07,1/7/2025,23,22,0,0,0,0,1,1,0,4,0,95.65
ATT-002563,EMP-0079,2025-07,1/7/2025,23,23,0,0,0,0,0,0,6,0,15,100
ATT-002564,EMP-0080,2025-07,1/7/2025,23,23,0,0,0,0,0,0,0,0,24.5,100
ATT-002565,EMP-0081,2025-07,1/7/2025,23,23,0,0,0,0,0,0,0,0,0,100
ATT-002566,EMP-0082,2025-07,1/7/2025,23,23,0,0,0,0,0,0,0,0,0,100
ATT-002567,EMP-0083,2025-07,1/7/2025,23,22,0,0,1,0,0,1,0,4,0,95.65
ATT-002568,EMP-0084,2025-07,1/7/2025,23,19,2,2,0,0,0,2,2,0,19.5,82.61
ATT-002569,EMP-0085,2025-07,1/7/2025,23,23,0,0,0,0,0,0,2,0,0,100
ATT-002570,EMP-0086,2025-07,1/7/2025,23,21,0,0,1,0,1,2,0,0,0,91.3
ATT-002571,EMP-0087,2025-07,1/7/2025,23,23,0,0,0,0,0,0,0,0,0,100
ATT-002572,EMP-0088,2025-07,1/7/2025,23,23,0,0,0,0,0,0,0,0,0,100
ATT-002573,EMP-0089,2025-07,1/7/2025,23,23,0,0,0,0,0,0,0,0,0,100
ATT-002574,EMP-0092,2025-07,1/7/2025,23,23,0,0,0,0,0,0,0,0,24,100
ATT-002575,EMP-0093,2025-07,1/7/2025,23,17,0,6,0,0,0,6,0,2,0,73.91
ATT-002576,EMP-0095,2025-07,1/7/2025,23,21,0,2,0,0,0,2,0,0,20,91.3
ATT-002577,EMP-0097,2025-07,1/7/2025,23,23,0,0,0,0,0,0,0,0,21,100
ATT-002578,EMP-0098,2025-07,1/7/2025,23,22,0,0,0,0,1,1,0,0,8.5,95.65
ATT-002579,EMP-0099,2025-07,1/7/2025,23,23,0,0,0,0,0,0,0,0,0,100
ATT-002580,EMP-0100,2025-07,1/7/2025,23,21,2,0,0,0,0,0,4,0,0,91.3
ATT-002581,EMP-0102,2025-07,1/7/2025,23,20,0,0,3,0,0,3,0,0,19.5,86.96
ATT-002582,EMP-0103,2025-07,1/7/2025,23,23,0,0,0,0,0,0,0,3,0,100
ATT-002583,EMP-0104,2025-07,1/7/2025,23,23,0,0,0,0,0,0,0,3,0,100
ATT-002584,EMP-0105,2025-07,1/7/2025,23,18,2,3,0,0,0,3,3,0,14.5,78.26
ATT-002585,EMP-0106,2025-07,1/7/2025,23,23,0,0,0,0,0,0,0,0,0,100
ATT-002586,EMP-0107,2025-07,1/7/2025,23,12,0,8,0,0,3,11,2,3,0,52.17
ATT-002587,EMP-0108,2025-07,1/7/2025,23,23,0,0,0,0,0,0,3,0,6.5,100
ATT-002588,EMP-0112,2025-07,1/7/2025,23,21,0,2,0,0,0,2,0,2,0,91.3
ATT-002589,EMP-0113,2025-07,1/7/2025,23,14,0,9,0,0,0,9,0,0,0,60.87
ATT-002590,EMP-0114,2025-07,1/7/2025,23,13,0,10,0,0,0,10,3,0,12.5,56.52
ATT-002591,EMP-0116,2025-07,1/7/2025,23,23,0,0,0,0,0,0,4,0,15,100
ATT-002592,EMP-0117,2025-07,1/7/2025,23,23,0,0,0,0,0,0,0,0,0,100
ATT-002593,EMP-0118,2025-07,1/7/2025,23,21,0,2,0,0,0,2,0,4,0,91.3
ATT-002594,EMP-0119,2025-07,1/7/2025,23,21,0,0,2,0,0,2,0,0,9.5,91.3
ATT-002595,EMP-0120,2025-07,1/7/2025,23,21,0,2,0,0,0,2,2,0,6,91.3
ATT-002596,EMP-0121,2025-07,1/7/2025,23,23,0,0,0,0,0,0,0,0,0,100
ATT-002597,EMP-0122,2025-07,1/7/2025,23,23,0,0,0,0,0,0,1,1,7,100
ATT-002598,EMP-0123,2025-07,1/7/2025,23,23,0,0,0,0,0,0,0,0,0,100
ATT-002599,EMP-0124,2025-07,1/7/2025,23,13,0,10,0,0,0,10,3,4,0,56.52
ATT-002600,EMP-0126,2025-07,1/7/2025,23,21,0,2,0,0,0,2,3,0,17,91.3
ATT-002601,EMP-0127,2025-07,1/7/2025,23,23,0,0,0,0,0,0,0,0,0,100
ATT-002602,EMP-0129,2025-07,1/7/2025,23,18,0,5,0,0,0,5,0,0,3,78.26
ATT-002603,EMP-0130,2025-07,1/7/2025,23,23,0,0,0,0,0,0,2,0,3.5,100
ATT-002604,EMP-0131,2025-07,1/7/2025,23,22,1,0,0,0,0,0,3,2,0,95.65
ATT-002605,EMP-0132,2025-07,1/7/2025,23,23,0,0,0,0,0,0,2,0,0,100
ATT-002606,EMP-0133,2025-07,1/7/2025,23,23,0,0,0,0,0,0,1,0,0,100
ATT-002607,EMP-0134,2025-07,1/7/2025,23,19,0,4,0,0,0,4,0,0,13,82.61
ATT-002608,EMP-0135,2025-07,1/7/2025,23,23,0,0,0,0,0,0,2,3,0,100
ATT-002609,EMP-0136,2025-07,1/7/2025,23,23,0,0,0,0,0,0,0,0,3,100
ATT-002610,EMP-0137,2025-07,1/7/2025,23,23,0,0,0,0,0,0,3,2,0,100
ATT-002611,EMP-0138,2025-07,1/7/2025,23,22,1,0,0,0,0,0,0,0,2.5,95.65
ATT-002612,EMP-0140,2025-07,1/7/2025,23,21,0,2,0,0,0,2,3,1,0,91.3
ATT-002613,EMP-0141,2025-07,1/7/2025,23,23,0,0,0,0,0,0,4,0,0,100
ATT-002614,EMP-0142,2025-07,1/7/2025,23,14,0,9,0,0,0,9,6,0,0,60.87
ATT-002615,EMP-0145,2025-07,1/7/2025,23,23,0,0,0,0,0,0,0,0,10,100
ATT-002616,EMP-0146,2025-07,1/7/2025,23,23,0,0,0,0,0,0,5,0,0,100
ATT-002617,EMP-0148,2025-07,1/7/2025,23,23,0,0,0,0,0,0,0,0,23,100
ATT-002618,EMP-0149,2025-07,1/7/2025,23,22,1,0,0,0,0,0,0,0,0,95.65
ATT-002619,EMP-0150,2025-07,1/7/2025,23,23,0,0,0,0,0,0,0,1,0,100
ATT-002620,EMP-0151,2025-07,1/7/2025,23,23,0,0,0,0,0,0,3,0,0,100
ATT-002621,EMP-0152,2025-07,1/7/2025,23,23,0,0,0,0,0,0,0,0,0,100
ATT-002622,EMP-0153,2025-07,1/7/2025,23,23,0,0,0,0,0,0,3,0,0,100
ATT-002623,EMP-0155,2025-07,1/7/2025,23,22,1,0,0,0,0,0,0,3,0,95.65
ATT-002624,EMP-0157,2025-07,1/7/2025,23,22,1,0,0,0,0,0,0,0,0,95.65
ATT-002625,EMP-0158,2025-07,1/7/2025,23,22,0,0,1,0,0,1,0,2,17,95.65
ATT-002626,EMP-0159,2025-07,1/7/2025,23,23,0,0,0,0,0,0,0,0,10,100
ATT-002627,EMP-0160,2025-07,1/7/2025,23,23,0,0,0,0,0,0,6,0,0,100
ATT-002628,EMP-0161,2025-07,1/7/2025,23,14,0,9,0,0,0,9,0,1,0,60.87
ATT-002629,EMP-0162,2025-07,1/7/2025,23,23,0,0,0,0,0,0,0,0,2,100
ATT-002630,EMP-0163,2025-07,1/7/2025,23,23,0,0,0,0,0,0,0,0,20.5,100
ATT-002631,EMP-0164,2025-07,1/7/2025,23,23,0,0,0,0,0,0,0,1,0,100
ATT-002632,EMP-0165,2025-07,1/7/2025,23,23,0,0,0,0,0,0,0,0,0,100
ATT-002633,EMP-0167,2025-07,1/7/2025,23,17,0,2,0,4,0,6,0,0,0,73.91
ATT-002634,EMP-0168,2025-07,1/7/2025,23,23,0,0,0,0,0,0,6,0,0,100
ATT-002635,EMP-0169,2025-07,1/7/2025,23,23,0,0,0,0,0,0,0,0,0,100
ATT-002636,EMP-0170,2025-07,1/7/2025,23,23,0,0,0,0,0,0,0,0,24,100
ATT-002637,EMP-0171,2025-07,1/7/2025,23,23,0,0,0,0,0,0,4,0,0,100
ATT-002638,EMP-0172,2025-07,1/7/2025,23,14,0,9,0,0,0,9,0,0,20.5,60.87
ATT-002639,EMP-0173,2025-07,1/7/2025,23,23,0,0,0,0,0,0,5,0,2.5,100
ATT-002640,EMP-0174,2025-07,1/7/2025,23,23,0,0,0,0,0,0,0,0,0,100
ATT-002641,EMP-0175,2025-07,1/7/2025,23,23,0,0,0,0,0,0,5,0,0,100
ATT-002642,EMP-0176,2025-07,1/7/2025,23,16,0,5,2,0,0,7,1,0,0,69.57
ATT-002643,EMP-0177,2025-07,1/7/2025,23,23,0,0,0,0,0,0,0,0,0,100
ATT-002644,EMP-0178,2025-07,1/7/2025,23,23,0,0,0,0,0,0,0,0,19.5,100
ATT-002645,EMP-0179,2025-07,1/7/2025,23,22,1,0,0,0,0,0,4,0,0,95.65
ATT-002646,EMP-0180,2025-07,1/7/2025,23,23,0,0,0,0,0,0,3,0,5,100
ATT-002647,EMP-0182,2025-07,1/7/2025,23,23,0,0,0,0,0,0,0,0,0,100
ATT-002648,EMP-0183,2025-07,1/7/2025,23,20,0,3,0,0,0,3,0,0,16,86.96
ATT-002649,EMP-0184,2025-07,1/7/2025,23,13,0,10,0,0,0,10,4,0,0,56.52
ATT-002650,EMP-0186,2025-07,1/7/2025,23,23,0,0,0,0,0,0,0,0,0,100
ATT-002651,EMP-0187,2025-07,1/7/2025,23,23,0,0,0,0,0,0,0,0,0,100
ATT-002652,EMP-0188,2025-07,1/7/2025,23,23,0,0,0,0,0,0,4,3,0,100
ATT-002653,EMP-0189,2025-07,1/7/2025,23,18,0,5,0,0,0,5,0,0,0,78.26
ATT-002654,EMP-0190,2025-07,1/7/2025,23,16,1,6,0,0,0,6,1,0,20.5,69.57
ATT-002655,EMP-0191,2025-07,1/7/2025,23,23,0,0,0,0,0,0,3,0,0,100
ATT-002656,EMP-0193,2025-07,1/7/2025,23,23,0,0,0,0,0,0,1,0,0,100
ATT-002657,EMP-0194,2025-07,1/7/2025,23,23,0,0,0,0,0,0,0,0,21.5,100
ATT-002658,EMP-0195,2025-07,1/7/2025,23,23,0,0,0,0,0,0,0,0,0,100
ATT-002659,EMP-0196,2025-07,1/7/2025,23,23,0,0,0,0,0,0,0,0,0,100
ATT-002660,EMP-0197,2025-07,1/7/2025,23,23,0,0,0,0,0,0,5,2,0,100
ATT-002661,EMP-0198,2025-07,1/7/2025,23,23,0,0,0,0,0,0,0,0,0,100
ATT-002662,EMP-0199,2025-07,1/7/2025,23,23,0,0,0,0,0,0,0,0,18.5,100
ATT-002663,EMP-0200,2025-07,1/7/2025,23,23,0,0,0,0,0,0,0,0,14,100
ATT-002664,EMP-0201,2025-07,1/7/2025,23,23,0,0,0,0,0,0,0,0,0,100
ATT-002665,EMP-0202,2025-07,1/7/2025,23,23,0,0,0,0,0,0,0,0,20,100
ATT-002666,EMP-0203,2025-07,1/7/2025,23,21,0,2,0,0,0,2,0,0,0,91.3
ATT-002667,EMP-0205,2025-07,1/7/2025,23,22,1,0,0,0,0,0,4,2,0,95.65
ATT-002668,EMP-0207,2025-07,1/7/2025,23,17,0,6,0,0,0,6,0,3,26,73.91
ATT-002669,EMP-0209,2025-07,1/7/2025,23,23,0,0,0,0,0,0,0,0,0,100
ATT-002670,EMP-0210,2025-07,1/7/2025,23,15,0,5,0,0,3,8,1,0,23,65.22
ATT-002671,EMP-0211,2025-07,1/7/2025,23,14,0,9,0,0,0,9,1,0,0,60.87
ATT-002672,EMP-0212,2025-07,1/7/2025,23,23,0,0,0,0,0,0,0,0,0,100
ATT-002673,EMP-0213,2025-07,1/7/2025,23,15,0,8,0,0,0,8,5,0,11,65.22
ATT-002674,EMP-0214,2025-07,1/7/2025,23,23,0,0,0,0,0,0,0,0,0,100
ATT-002675,EMP-0215,2025-07,1/7/2025,23,15,0,8,0,0,0,8,0,0,0,65.22
ATT-002676,EMP-0216,2025-07,1/7/2025,23,23,0,0,0,0,0,0,0,0,0,100
ATT-002677,EMP-0217,2025-07,1/7/2025,23,18,0,2,0,0,3,5,4,0,0,78.26
ATT-002678,EMP-0218,2025-07,1/7/2025,23,23,0,0,0,0,0,0,5,1,0,100
ATT-002679,EMP-0219,2025-07,1/7/2025,23,19,1,3,0,0,0,3,0,4,0,82.61
ATT-002680,EMP-0220,2025-07,1/7/2025,23,23,0,0,0,0,0,0,3,0,12,100
ATT-002681,EMP-0221,2025-07,1/7/2025,23,23,0,0,0,0,0,0,0,0,0,100
ATT-002682,EMP-0222,2025-07,1/7/2025,23,23,0,0,0,0,0,0,3,0,0,100
ATT-002683,EMP-0223,2025-07,1/7/2025,23,19,2,0,0,0,2,2,0,4,0,82.61
ATT-002684,EMP-0225,2025-07,1/7/2025,23,21,0,0,2,0,0,2,1,0,3,91.3
ATT-002685,EMP-0226,2025-07,1/7/2025,23,23,0,0,0,0,0,0,0,0,2.5,100
ATT-002686,EMP-0227,2025-07,1/7/2025,23,23,0,0,0,0,0,0,0,0,0,100
ATT-002687,EMP-0228,2025-07,1/7/2025,23,21,2,0,0,0,0,0,0,0,0,91.3
ATT-002688,EMP-0229,2025-07,1/7/2025,23,23,0,0,0,0,0,0,0,2,0,100
ATT-002689,EMP-0230,2025-07,1/7/2025,23,22,0,1,0,0,0,1,0,0,12.5,95.65
ATT-002690,EMP-0231,2025-07,1/7/2025,23,15,0,8,0,0,0,8,1,0,22,65.22
ATT-002691,EMP-0232,2025-07,1/7/2025,23,17,0,4,0,2,0,6,0,0,0,73.91
ATT-002692,EMP-0236,2025-07,1/7/2025,23,23,0,0,0,0,0,0,0,0,0,100
ATT-002693,EMP-0237,2025-07,1/7/2025,23,23,0,0,0,0,0,0,2,0,0,100
ATT-002694,EMP-0238,2025-07,1/7/2025,23,23,0,0,0,0,0,0,0,0,0,100
ATT-002695,EMP-0239,2025-07,1/7/2025,23,20,0,3,0,0,0,3,0,0,0,86.96
ATT-002696,EMP-0240,2025-07,1/7/2025,23,20,0,3,0,0,0,3,2,0,21,86.96
ATT-002697,EMP-0241,2025-07,1/7/2025,23,19,0,4,0,0,0,4,4,0,16,82.61
ATT-002698,EMP-0242,2025-07,1/7/2025,23,21,0,0,2,0,0,2,0,2,0,91.3
ATT-002699,EMP-0243,2025-07,1/7/2025,23,23,0,0,0,0,0,0,6,0,0,100
ATT-002700,EMP-0244,2025-07,1/7/2025,23,23,0,0,0,0,0,0,2,0,0,100
ATT-002701,EMP-0245,2025-07,1/7/2025,23,16,0,7,0,0,0,7,0,4,0,69.57
ATT-002702,EMP-0246,2025-07,1/7/2025,23,23,0,0,0,0,0,0,0,1,21,100
ATT-002703,EMP-0247,2025-07,1/7/2025,23,23,0,0,0,0,0,0,0,1,0,100
ATT-002704,EMP-0248,2025-07,1/7/2025,23,23,0,0,0,0,0,0,3,4,3.5,100
ATT-002705,EMP-0249,2025-07,1/7/2025,23,23,0,0,0,0,0,0,0,0,0,100
ATT-002706,EMP-0250,2025-07,1/7/2025,23,23,0,0,0,0,0,0,0,0,0,100
ATT-002707,EMP-0252,2025-07,1/7/2025,23,20,0,0,0,0,3,3,0,0,10,86.96
ATT-002708,EMP-0253,2025-07,1/7/2025,23,23,0,0,0,0,0,0,0,0,20,100
ATT-002709,EMP-0254,2025-07,1/7/2025,23,23,0,0,0,0,0,0,5,0,6,100
ATT-002710,EMP-0256,2025-07,1/7/2025,23,23,0,0,0,0,0,0,2,0,20,100
ATT-002711,EMP-0257,2025-07,1/7/2025,23,23,0,0,0,0,0,0,3,3,0,100
ATT-002712,EMP-0258,2025-07,1/7/2025,23,23,0,0,0,0,0,0,4,0,0,100
ATT-002713,EMP-0260,2025-07,1/7/2025,23,23,0,0,0,0,0,0,2,0,15,100
ATT-002714,EMP-0261,2025-07,1/7/2025,23,14,0,9,0,0,0,9,0,0,0,60.87
ATT-002715,EMP-0262,2025-07,1/7/2025,23,16,0,7,0,0,0,7,0,4,5,69.57
ATT-002716,EMP-0263,2025-07,1/7/2025,23,19,0,4,0,0,0,4,0,0,2.5,82.61
ATT-002717,EMP-0264,2025-07,1/7/2025,23,23,0,0,0,0,0,0,3,0,25.5,100
ATT-002718,EMP-0265,2025-07,1/7/2025,23,23,0,0,0,0,0,0,0,0,0,100
ATT-002719,EMP-0266,2025-07,1/7/2025,23,23,0,0,0,0,0,0,0,0,0,100
ATT-002720,EMP-0267,2025-07,1/7/2025,23,16,0,7,0,0,0,7,1,0,20,69.57
ATT-002721,EMP-0268,2025-07,1/7/2025,23,12,2,9,0,0,0,9,0,0,21,52.17
ATT-002722,EMP-0269,2025-07,1/7/2025,23,23,0,0,0,0,0,0,0,0,0,100
ATT-002723,EMP-0272,2025-07,1/7/2025,23,23,0,0,0,0,0,0,0,0,8.5,100
ATT-002724,EMP-0273,2025-07,1/7/2025,23,23,0,0,0,0,0,0,4,0,0,100
ATT-002725,EMP-0274,2025-07,1/7/2025,23,23,0,0,0,0,0,0,5,0,0,100
ATT-002726,EMP-0275,2025-07,1/7/2025,23,22,0,0,0,1,0,1,0,0,0,95.65
ATT-002727,EMP-0277,2025-07,1/7/2025,23,23,0,0,0,0,0,0,6,0,16.5,100
ATT-002728,EMP-0278,2025-07,1/7/2025,23,23,0,0,0,0,0,0,0,0,0,100
ATT-002729,EMP-0279,2025-07,1/7/2025,23,23,0,0,0,0,0,0,1,0,0,100
ATT-002730,EMP-0280,2025-07,1/7/2025,23,22,0,0,1,0,0,1,0,4,0,95.65
ATT-002731,EMP-0281,2025-07,1/7/2025,23,15,0,8,0,0,0,8,0,0,0,65.22
ATT-002732,EMP-0282,2025-07,1/7/2025,23,23,0,0,0,0,0,0,5,0,11,100
ATT-002733,EMP-0283,2025-07,1/7/2025,23,23,0,0,0,0,0,0,0,0,0,100
ATT-002734,EMP-0286,2025-07,1/7/2025,23,23,0,0,0,0,0,0,0,0,0,100
ATT-002735,EMP-0287,2025-07,1/7/2025,23,23,0,0,0,0,0,0,0,0,15.5,100
ATT-002736,EMP-0288,2025-07,1/7/2025,23,23,0,0,0,0,0,0,0,0,0,100
ATT-002737,EMP-0289,2025-07,1/7/2025,23,23,0,0,0,0,0,0,0,0,0,100
ATT-002738,EMP-0290,2025-07,1/7/2025,23,23,0,0,0,0,0,0,6,0,7,100
ATT-002739,EMP-0292,2025-07,1/7/2025,23,22,0,1,0,0,0,1,0,0,0,95.65
ATT-002740,EMP-0293,2025-07,1/7/2025,23,14,0,9,0,0,0,9,0,0,0,60.87
ATT-002741,EMP-0294,2025-07,1/7/2025,23,23,0,0,0,0,0,0,0,0,17.5,100
ATT-002742,EMP-0295,2025-07,1/7/2025,23,17,2,4,0,0,0,4,0,0,0,73.91
ATT-002743,EMP-0296,2025-07,1/7/2025,23,23,0,0,0,0,0,0,0,0,0,100
ATT-002744,EMP-0297,2025-07,1/7/2025,23,23,0,0,0,0,0,0,0,3,15.5,100
ATT-002745,EMP-0300,2025-07,1/7/2025,23,21,2,0,0,0,0,0,0,2,0,91.3
ATT-002746,EMP-0301,2025-07,1/7/2025,23,23,0,0,0,0,0,0,0,0,0,100
ATT-002747,EMP-0303,2025-07,1/7/2025,23,23,0,0,0,0,0,0,0,0,0,100
ATT-002748,EMP-0304,2025-07,1/7/2025,23,22,1,0,0,0,0,0,0,0,9.5,95.65
ATT-002749,EMP-0305,2025-07,1/7/2025,23,23,0,0,0,0,0,0,2,0,3,100
ATT-002750,EMP-0306,2025-07,1/7/2025,23,23,0,0,0,0,0,0,0,3,17,100
ATT-002751,EMP-0307,2025-07,1/7/2025,23,21,2,0,0,0,0,0,0,0,0,91.3
ATT-002752,EMP-0308,2025-07,1/7/2025,23,23,0,0,0,0,0,0,0,0,0,100
ATT-002753,EMP-0309,2025-07,1/7/2025,23,22,0,1,0,0,0,1,0,0,13,95.65
ATT-002754,EMP-0310,2025-07,1/7/2025,23,14,0,9,0,0,0,9,1,0,0,60.87
ATT-002755,EMP-0311,2025-07,1/7/2025,23,23,0,0,0,0,0,0,0,0,0,100
ATT-002756,EMP-0312,2025-07,1/7/2025,23,23,0,0,0,0,0,0,5,0,0,100
ATT-002757,EMP-0313,2025-07,1/7/2025,23,14,0,9,0,0,0,9,6,0,25.5,60.87
ATT-002758,EMP-0314,2025-07,1/7/2025,23,23,0,0,0,0,0,0,3,0,0,100
ATT-002759,EMP-0315,2025-07,1/7/2025,23,18,0,5,0,0,0,5,0,0,25,78.26
ATT-002760,EMP-0316,2025-07,1/7/2025,23,22,0,0,1,0,0,1,5,0,0,95.65
ATT-002761,EMP-0318,2025-07,1/7/2025,23,23,0,0,0,0,0,0,0,2,0,100
ATT-002762,EMP-0320,2025-07,1/7/2025,23,23,0,0,0,0,0,0,6,0,0,100
ATT-002763,EMP-0321,2025-07,1/7/2025,23,23,0,0,0,0,0,0,5,0,0,100
ATT-002764,EMP-0322,2025-07,1/7/2025,23,21,0,2,0,0,0,2,0,0,16.5,91.3
ATT-002765,EMP-0324,2025-07,1/7/2025,23,21,0,1,1,0,0,2,6,0,0,91.3
ATT-002766,EMP-0325,2025-07,1/7/2025,23,23,0,0,0,0,0,0,2,0,0,100
ATT-002767,EMP-0326,2025-07,1/7/2025,23,23,0,0,0,0,0,0,2,0,0,100
ATT-002768,EMP-0327,2025-07,1/7/2025,23,23,0,0,0,0,0,0,0,0,0,100
ATT-002769,EMP-0328,2025-07,1/7/2025,23,14,0,9,0,0,0,9,0,0,0,60.87
ATT-002770,EMP-0329,2025-07,1/7/2025,23,21,0,0,2,0,0,2,0,2,0,91.3
ATT-002771,EMP-0331,2025-07,1/7/2025,23,18,0,5,0,0,0,5,3,0,7,78.26
ATT-002772,EMP-0332,2025-07,1/7/2025,23,23,0,0,0,0,0,0,3,2,0,100
ATT-002773,EMP-0333,2025-07,1/7/2025,23,23,0,0,0,0,0,0,3,0,0,100
ATT-002774,EMP-0334,2025-07,1/7/2025,23,22,1,0,0,0,0,0,3,0,0,95.65
ATT-002775,EMP-0335,2025-07,1/7/2025,23,21,2,0,0,0,0,0,0,0,0,91.3
ATT-002776,EMP-0336,2025-07,1/7/2025,23,23,0,0,0,0,0,0,5,0,0,100
ATT-002777,EMP-0337,2025-07,1/7/2025,23,23,0,0,0,0,0,0,3,0,0,100
ATT-002778,EMP-0338,2025-07,1/7/2025,23,23,0,0,0,0,0,0,4,0,0,100
ATT-002779,EMP-0339,2025-07,1/7/2025,23,23,0,0,0,0,0,0,0,0,0,100
ATT-002780,EMP-0340,2025-07,1/7/2025,23,11,0,10,0,0,2,12,0,0,9.5,47.83
ATT-002781,EMP-0341,2025-07,1/7/2025,23,23,0,0,0,0,0,0,6,0,0,100
ATT-002782,EMP-0342,2025-07,1/7/2025,23,23,0,0,0,0,0,0,3,0,25,100
ATT-002783,EMP-0343,2025-07,1/7/2025,23,23,0,0,0,0,0,0,0,0,3.5,100
ATT-002784,EMP-0344,2025-07,1/7/2025,23,21,0,2,0,0,0,2,0,3,0,91.3
ATT-002785,EMP-0347,2025-07,1/7/2025,23,23,0,0,0,0,0,0,0,0,22.5,100
ATT-002786,EMP-0349,2025-07,1/7/2025,23,11,1,10,1,0,0,11,0,0,0,47.83
ATT-002787,EMP-0350,2025-07,1/7/2025,23,22,1,0,0,0,0,0,0,0,5,95.65
ATT-002788,EMP-0351,2025-07,1/7/2025,23,23,0,0,0,0,0,0,0,1,0,100
ATT-002789,EMP-0352,2025-07,1/7/2025,23,21,0,0,0,0,2,2,0,3,8,91.3
ATT-002790,EMP-0353,2025-07,1/7/2025,23,23,0,0,0,0,0,0,5,0,0,100
ATT-002791,EMP-0354,2025-07,1/7/2025,23,20,0,3,0,0,0,3,0,2,10,86.96
ATT-002792,EMP-0355,2025-07,1/7/2025,23,14,0,7,2,0,0,9,0,0,6,60.87
ATT-002793,EMP-0356,2025-07,1/7/2025,23,23,0,0,0,0,0,0,0,0,0,100
ATT-002794,EMP-0357,2025-07,1/7/2025,23,23,0,0,0,0,0,0,0,4,0,100
ATT-002795,EMP-0358,2025-07,1/7/2025,23,23,0,0,0,0,0,0,3,0,0,100
ATT-002796,EMP-0359,2025-07,1/7/2025,23,22,0,0,1,0,0,1,0,0,16.5,95.65
ATT-002797,EMP-0360,2025-07,1/7/2025,23,19,0,4,0,0,0,4,4,0,23,82.61
ATT-002798,EMP-0361,2025-07,1/7/2025,23,23,0,0,0,0,0,0,0,0,0,100
ATT-002799,EMP-0362,2025-07,1/7/2025,23,23,0,0,0,0,0,0,0,0,17,100
ATT-002800,EMP-0363,2025-07,1/7/2025,23,22,0,0,1,0,0,1,0,2,25,95.65
ATT-002801,EMP-0364,2025-07,1/7/2025,23,23,0,0,0,0,0,0,6,0,0,100
ATT-002802,EMP-0366,2025-07,1/7/2025,23,21,1,0,1,0,0,1,6,0,0,91.3
ATT-002803,EMP-0368,2025-07,1/7/2025,23,23,0,0,0,0,0,0,0,0,0,100
ATT-002804,EMP-0369,2025-07,1/7/2025,23,23,0,0,0,0,0,0,3,0,0,100
ATT-002805,EMP-0370,2025-07,1/7/2025,23,18,0,5,0,0,0,5,0,4,24.5,78.26
ATT-002806,EMP-0372,2025-07,1/7/2025,23,16,0,7,0,0,0,7,0,3,0,69.57
ATT-002807,EMP-0373,2025-07,1/7/2025,23,23,0,0,0,0,0,0,0,3,0,100
ATT-002808,EMP-0374,2025-07,1/7/2025,23,22,1,0,0,0,0,0,5,4,10.5,95.65
ATT-002809,EMP-0375,2025-07,1/7/2025,23,23,0,0,0,0,0,0,0,0,0,100
ATT-002810,EMP-0376,2025-07,1/7/2025,23,23,0,0,0,0,0,0,0,0,0,100
ATT-002811,EMP-0377,2025-07,1/7/2025,23,23,0,0,0,0,0,0,0,0,20,100
ATT-002812,EMP-0378,2025-07,1/7/2025,23,23,0,0,0,0,0,0,6,0,18.5,100
ATT-002813,EMP-0379,2025-07,1/7/2025,23,23,0,0,0,0,0,0,0,0,7,100
ATT-002814,EMP-0381,2025-07,1/7/2025,23,23,0,0,0,0,0,0,0,0,17.5,100
ATT-002815,EMP-0382,2025-07,1/7/2025,23,23,0,0,0,0,0,0,3,0,0,100
ATT-002816,EMP-0383,2025-07,1/7/2025,23,17,0,6,0,0,0,6,0,0,0,73.91
ATT-002817,EMP-0384,2025-07,1/7/2025,23,15,0,8,0,0,0,8,4,0,0,65.22
ATT-002818,EMP-0385,2025-07,1/7/2025,23,13,0,10,0,0,0,10,2,0,12.5,56.52
ATT-002819,EMP-0387,2025-07,1/7/2025,23,23,0,0,0,0,0,0,0,2,6,100
ATT-002820,EMP-0388,2025-07,1/7/2025,23,23,0,0,0,0,0,0,0,0,7,100
ATT-002821,EMP-0389,2025-07,1/7/2025,23,23,0,0,0,0,0,0,0,0,0,100
ATT-002822,EMP-0390,2025-07,1/7/2025,23,23,0,0,0,0,0,0,0,0,0,100
ATT-002823,EMP-0391,2025-07,1/7/2025,23,23,0,0,0,0,0,0,0,0,0,100
ATT-002824,EMP-0392,2025-07,1/7/2025,23,23,0,0,0,0,0,0,4,0,0,100
ATT-002825,EMP-0393,2025-07,1/7/2025,23,18,0,5,0,0,0,5,0,0,5,78.26
ATT-002826,EMP-0394,2025-07,1/7/2025,23,23,0,0,0,0,0,0,1,1,4,100
ATT-002827,EMP-0395,2025-07,1/7/2025,23,23,0,0,0,0,0,0,0,0,0,100
ATT-002828,EMP-0398,2025-07,1/7/2025,23,16,0,7,0,0,0,7,2,2,21.5,69.57
ATT-002829,EMP-0399,2025-07,1/7/2025,23,23,0,0,0,0,0,0,0,0,10.5,100
ATT-002830,EMP-0400,2025-07,1/7/2025,23,18,0,5,0,0,0,5,2,0,13.5,78.26
ATT-002831,EMP-0402,2025-07,1/7/2025,23,21,2,0,0,0,0,0,2,0,0,91.3
ATT-002832,EMP-0403,2025-07,1/7/2025,23,18,0,5,0,0,0,5,3,0,20.5,78.26
ATT-002833,EMP-0405,2025-07,1/7/2025,23,22,0,1,0,0,0,1,5,0,10,95.65
ATT-002834,EMP-0406,2025-07,1/7/2025,23,21,0,2,0,0,0,2,0,1,0,91.3
ATT-002835,EMP-0407,2025-07,1/7/2025,23,21,2,0,0,0,0,0,0,0,0,91.3
ATT-002836,EMP-0409,2025-07,1/7/2025,23,23,0,0,0,0,0,0,0,1,0,100
ATT-002837,EMP-0410,2025-07,1/7/2025,23,21,2,0,0,0,0,0,0,0,0,91.3
ATT-002838,EMP-0411,2025-07,1/7/2025,23,23,0,0,0,0,0,0,0,0,0,100
ATT-002839,EMP-0412,2025-07,1/7/2025,23,23,0,0,0,0,0,0,0,0,0,100
ATT-002840,EMP-0413,2025-07,1/7/2025,23,18,0,5,0,0,0,5,0,4,0,78.26
ATT-002841,EMP-0414,2025-07,1/7/2025,23,23,0,0,0,0,0,0,0,0,16.5,100
ATT-002842,EMP-0415,2025-07,1/7/2025,23,23,0,0,0,0,0,0,0,3,7,100
ATT-002843,EMP-0416,2025-07,1/7/2025,23,16,2,2,0,0,3,5,3,0,0,69.57
ATT-002844,EMP-0417,2025-07,1/7/2025,23,18,0,3,2,0,0,5,0,0,17,78.26
ATT-002845,EMP-0419,2025-07,1/7/2025,23,22,1,0,0,0,0,0,4,0,25,95.65
ATT-002846,EMP-0420,2025-07,1/7/2025,23,23,0,0,0,0,0,0,5,0,0,100
ATT-002847,EMP-0421,2025-07,1/7/2025,23,20,0,0,3,0,0,3,0,4,0,86.96
ATT-002848,EMP-0422,2025-07,1/7/2025,23,20,2,0,1,0,0,1,2,4,0,86.96
ATT-002849,EMP-0423,2025-07,1/7/2025,23,23,0,0,0,0,0,0,3,0,0,100
ATT-002850,EMP-0424,2025-07,1/7/2025,23,20,0,0,0,0,3,3,0,4,6.5,86.96
ATT-002851,EMP-0425,2025-07,1/7/2025,23,23,0,0,0,0,0,0,0,0,19.5,100
ATT-002852,EMP-0426,2025-07,1/7/2025,23,23,0,0,0,0,0,0,0,0,0,100
ATT-002853,EMP-0427,2025-07,1/7/2025,23,16,0,7,0,0,0,7,0,0,0,69.57
ATT-002854,EMP-0428,2025-07,1/7/2025,23,23,0,0,0,0,0,0,0,0,12,100
ATT-002855,EMP-0429,2025-07,1/7/2025,23,23,0,0,0,0,0,0,0,3,0,100
ATT-002856,EMP-0430,2025-07,1/7/2025,23,23,0,0,0,0,0,0,0,0,21,100
ATT-002857,EMP-0431,2025-07,1/7/2025,23,22,1,0,0,0,0,0,0,0,0,95.65
ATT-002858,EMP-0432,2025-07,1/7/2025,23,23,0,0,0,0,0,0,0,0,0,100
ATT-002859,EMP-0433,2025-07,1/7/2025,23,20,0,3,0,0,0,3,0,0,21,86.96
ATT-002860,EMP-0434,2025-07,1/7/2025,23,15,0,8,0,0,0,8,3,0,4.5,65.22
ATT-002861,EMP-0435,2025-07,1/7/2025,23,21,2,0,0,0,0,0,5,0,0,91.3
ATT-002862,EMP-0436,2025-07,1/7/2025,23,23,0,0,0,0,0,0,0,0,25.5,100
ATT-002863,EMP-0438,2025-07,1/7/2025,23,23,0,0,0,0,0,0,0,3,20,100
ATT-002864,EMP-0439,2025-07,1/7/2025,23,23,0,0,0,0,0,0,0,0,10,100
ATT-002865,EMP-0440,2025-07,1/7/2025,23,23,0,0,0,0,0,0,6,0,0,100
ATT-002866,EMP-0441,2025-07,1/7/2025,23,21,2,0,0,0,0,0,0,3,0,91.3
ATT-002867,EMP-0442,2025-07,1/7/2025,23,21,0,2,0,0,0,2,0,1,8,91.3
ATT-002868,EMP-0443,2025-07,1/7/2025,23,23,0,0,0,0,0,0,0,0,0,100
ATT-002869,EMP-0444,2025-07,1/7/2025,23,23,0,0,0,0,0,0,0,0,0,100
ATT-002870,EMP-0445,2025-07,1/7/2025,23,23,0,0,0,0,0,0,2,0,0,100
ATT-002871,EMP-0446,2025-07,1/7/2025,23,23,0,0,0,0,0,0,4,0,0,100
ATT-002872,EMP-0448,2025-07,1/7/2025,23,23,0,0,0,0,0,0,0,0,0,100
ATT-002873,EMP-0449,2025-07,1/7/2025,23,23,0,0,0,0,0,0,2,0,11,100
ATT-002874,EMP-0450,2025-07,1/7/2025,23,23,0,0,0,0,0,0,0,0,0,100
ATT-002875,EMP-0451,2025-07,1/7/2025,23,23,0,0,0,0,0,0,0,0,0,100
ATT-002876,EMP-0452,2025-07,1/7/2025,23,13,0,7,0,0,3,10,1,0,4,56.52
ATT-002877,EMP-0453,2025-07,1/7/2025,23,23,0,0,0,0,0,0,3,0,0,100
ATT-002878,EMP-0454,2025-07,1/7/2025,23,23,0,0,0,0,0,0,0,0,0,100
ATT-002879,EMP-0455,2025-07,1/7/2025,23,23,0,0,0,0,0,0,5,0,7.5,100
ATT-002880,EMP-0457,2025-07,1/7/2025,23,23,0,0,0,0,0,0,0,3,16,100
ATT-002881,EMP-0458,2025-07,1/7/2025,23,23,0,0,0,0,0,0,0,0,9.5,100
ATT-002882,EMP-0459,2025-07,1/7/2025,23,13,0,10,0,0,0,10,0,0,13.5,56.52
ATT-002883,EMP-0460,2025-07,1/7/2025,23,23,0,0,0,0,0,0,0,0,12,100
ATT-002884,EMP-0461,2025-07,1/7/2025,23,14,2,7,0,0,0,7,0,0,26,60.87
ATT-002885,EMP-0463,2025-07,1/7/2025,23,13,0,10,0,0,0,10,0,0,21,56.52
ATT-002886,EMP-0464,2025-07,1/7/2025,23,18,0,5,0,0,0,5,0,0,0,78.26
ATT-002887,EMP-0465,2025-07,1/7/2025,23,22,1,0,0,0,0,0,0,0,0,95.65
ATT-002888,EMP-0466,2025-07,1/7/2025,23,21,2,0,0,0,0,0,0,0,0,91.3
ATT-002889,EMP-0467,2025-07,1/7/2025,23,22,1,0,0,0,0,0,3,4,13.5,95.65
ATT-002890,EMP-0468,2025-07,1/7/2025,23,22,0,0,1,0,0,1,0,0,0,95.65
ATT-002891,EMP-0469,2025-07,1/7/2025,23,22,0,1,0,0,0,1,0,0,23.5,95.65
ATT-002892,EMP-0470,2025-07,1/7/2025,23,23,0,0,0,0,0,0,0,0,0,100
ATT-002893,EMP-0471,2025-07,1/7/2025,23,17,0,6,0,0,0,6,0,2,0,73.91
ATT-002894,EMP-0472,2025-07,1/7/2025,23,23,0,0,0,0,0,0,0,0,0,100
ATT-002895,EMP-0473,2025-07,1/7/2025,23,22,1,0,0,0,0,0,0,0,0,95.65
ATT-002896,EMP-0474,2025-07,1/7/2025,23,15,0,8,0,0,0,8,0,0,20,65.22
ATT-002897,EMP-0475,2025-07,1/7/2025,23,23,0,0,0,0,0,0,0,0,0,100
ATT-002898,EMP-0476,2025-07,1/7/2025,23,11,1,9,2,0,0,11,0,0,21,47.83
ATT-002899,EMP-0478,2025-07,1/7/2025,23,23,0,0,0,0,0,0,3,1,0,100
ATT-002900,EMP-0480,2025-07,1/7/2025,23,23,0,0,0,0,0,0,0,0,0,100
ATT-002901,EMP-0481,2025-07,1/7/2025,23,20,0,0,0,0,3,3,0,3,5,86.96
ATT-002902,EMP-0482,2025-07,1/7/2025,23,23,0,0,0,0,0,0,0,3,16,100
ATT-002903,EMP-0483,2025-07,1/7/2025,23,21,2,0,0,0,0,0,0,0,0,91.3
ATT-002904,EMP-0484,2025-07,1/7/2025,23,23,0,0,0,0,0,0,0,0,0,100
ATT-002905,EMP-0485,2025-07,1/7/2025,23,23,0,0,0,0,0,0,0,0,0,100
ATT-002906,EMP-0487,2025-07,1/7/2025,23,21,0,0,2,0,0,2,4,0,0,91.3
ATT-002907,EMP-0488,2025-07,1/7/2025,23,23,0,0,0,0,0,0,0,0,11,100
ATT-002908,EMP-0489,2025-07,1/7/2025,23,23,0,0,0,0,0,0,0,4,0,100
ATT-002909,EMP-0490,2025-07,1/7/2025,23,23,0,0,0,0,0,0,0,0,0,100
ATT-002910,EMP-0491,2025-07,1/7/2025,23,17,0,0,3,0,3,6,0,0,0,73.91
ATT-002911,EMP-0492,2025-07,1/7/2025,23,23,0,0,0,0,0,0,5,0,0,100
ATT-002912,EMP-0493,2025-07,1/7/2025,23,23,0,0,0,0,0,0,0,0,0,100
ATT-002913,EMP-0494,2025-07,1/7/2025,23,23,0,0,0,0,0,0,0,0,0,100
ATT-002914,EMP-0495,2025-07,1/7/2025,23,12,0,9,0,0,2,11,2,0,22,52.17
ATT-002915,EMP-0497,2025-07,1/7/2025,23,17,0,3,3,0,0,6,0,3,0,73.91
ATT-002916,EMP-0498,2025-07,1/7/2025,23,23,0,0,0,0,0,0,0,0,5.5,100
ATT-002917,EMP-0499,2025-07,1/7/2025,23,21,0,1,0,1,0,2,0,0,19.5,91.3
ATT-002918,EMP-0500,2025-07,1/7/2025,23,22,1,0,0,0,0,0,0,0,0,95.65
ATT-002919,EMP-0001,2025-08,1/8/2025,21,19,0,0,0,2,0,2,5,0,0,90.48
ATT-002920,EMP-0003,2025-08,1/8/2025,21,21,0,0,0,0,0,0,0,0,17.5,100
ATT-002921,EMP-0004,2025-08,1/8/2025,21,11,0,10,0,0,0,10,2,0,11,52.38
ATT-002922,EMP-0005,2025-08,1/8/2025,21,20,1,0,0,0,0,0,4,0,0,95.24
ATT-002923,EMP-0006,2025-08,1/8/2025,21,20,1,0,0,0,0,0,0,1,5.5,95.24
ATT-002924,EMP-0007,2025-08,1/8/2025,21,11,2,8,0,0,0,8,3,0,0,52.38
ATT-002925,EMP-0008,2025-08,1/8/2025,21,21,0,0,0,0,0,0,0,0,0,100
ATT-002926,EMP-0009,2025-08,1/8/2025,21,13,1,7,0,0,0,7,0,0,0,61.9
ATT-002927,EMP-0010,2025-08,1/8/2025,21,14,0,7,0,0,0,7,0,0,0,66.67
ATT-002928,EMP-0014,2025-08,1/8/2025,21,19,2,0,0,0,0,0,4,0,0,90.48
ATT-002929,EMP-0015,2025-08,1/8/2025,21,13,0,7,0,0,1,8,5,0,12.5,61.9
ATT-002930,EMP-0016,2025-08,1/8/2025,21,21,0,0,0,0,0,0,0,0,0,100
ATT-002931,EMP-0017,2025-08,1/8/2025,21,21,0,0,0,0,0,0,0,0,0,100
ATT-002932,EMP-0018,2025-08,1/8/2025,21,21,0,0,0,0,0,0,1,0,0,100
ATT-002933,EMP-0019,2025-08,1/8/2025,21,19,0,2,0,0,0,2,0,1,0,90.48
ATT-002934,EMP-0020,2025-08,1/8/2025,21,20,1,0,0,0,0,0,0,0,12.5,95.24
ATT-002935,EMP-0021,2025-08,1/8/2025,21,21,0,0,0,0,0,0,0,1,0,100
ATT-002936,EMP-0022,2025-08,1/8/2025,21,16,0,5,0,0,0,5,0,0,13.5,76.19
ATT-002937,EMP-0023,2025-08,1/8/2025,21,18,0,0,0,3,0,3,0,0,0,85.71
ATT-002938,EMP-0024,2025-08,1/8/2025,21,11,0,10,0,0,0,10,0,0,0,52.38
ATT-002939,EMP-0025,2025-08,1/8/2025,21,18,0,0,3,0,0,3,0,0,14.5,85.71
ATT-002940,EMP-0026,2025-08,1/8/2025,21,21,0,0,0,0,0,0,0,0,0,100
ATT-002941,EMP-0027,2025-08,1/8/2025,21,21,0,0,0,0,0,0,0,0,22,100
ATT-002942,EMP-0028,2025-08,1/8/2025,21,21,0,0,0,0,0,0,0,0,16.5,100
ATT-002943,EMP-0029,2025-08,1/8/2025,21,15,0,6,0,0,0,6,0,3,0,71.43
ATT-002944,EMP-0030,2025-08,1/8/2025,21,19,0,2,0,0,0,2,2,0,21.5,90.48
ATT-002945,EMP-0031,2025-08,1/8/2025,21,21,0,0,0,0,0,0,5,0,0,100
ATT-002946,EMP-0032,2025-08,1/8/2025,21,19,0,0,1,0,1,2,0,0,13,90.48
ATT-002947,EMP-0034,2025-08,1/8/2025,21,21,0,0,0,0,0,0,0,3,0,100
ATT-002948,EMP-0035,2025-08,1/8/2025,21,15,0,6,0,0,0,6,6,0,0,71.43
ATT-002949,EMP-0036,2025-08,1/8/2025,21,21,0,0,0,0,0,0,1,0,24,100
ATT-002950,EMP-0037,2025-08,1/8/2025,21,12,0,9,0,0,0,9,2,0,0,57.14
ATT-002951,EMP-0038,2025-08,1/8/2025,21,21,0,0,0,0,0,0,0,4,15,100
ATT-002952,EMP-0039,2025-08,1/8/2025,21,21,0,0,0,0,0,0,0,0,0,100
ATT-002953,EMP-0040,2025-08,1/8/2025,21,21,0,0,0,0,0,0,0,0,0,100
ATT-002954,EMP-0041,2025-08,1/8/2025,21,21,0,0,0,0,0,0,0,0,0,100
ATT-002955,EMP-0042,2025-08,1/8/2025,21,15,0,6,0,0,0,6,0,2,0,71.43
ATT-002956,EMP-0043,2025-08,1/8/2025,21,13,0,7,1,0,0,8,0,0,0,61.9
ATT-002957,EMP-0044,2025-08,1/8/2025,21,21,0,0,0,0,0,0,0,3,17.5,100
ATT-002958,EMP-0045,2025-08,1/8/2025,21,21,0,0,0,0,0,0,0,0,25.5,100
ATT-002959,EMP-0046,2025-08,1/8/2025,21,18,0,0,1,0,2,3,0,0,0,85.71
ATT-002960,EMP-0047,2025-08,1/8/2025,21,21,0,0,0,0,0,0,5,0,0,100
ATT-002961,EMP-0048,2025-08,1/8/2025,21,21,0,0,0,0,0,0,0,1,0,100
ATT-002962,EMP-0049,2025-08,1/8/2025,21,13,0,8,0,0,0,8,1,0,12,61.9
ATT-002963,EMP-0050,2025-08,1/8/2025,21,21,0,0,0,0,0,0,0,0,0,100
ATT-002964,EMP-0051,2025-08,1/8/2025,21,20,1,0,0,0,0,0,0,0,0,95.24
ATT-002965,EMP-0052,2025-08,1/8/2025,21,19,0,0,0,2,0,2,0,0,21.5,90.48
ATT-002966,EMP-0053,2025-08,1/8/2025,21,14,0,7,0,0,0,7,0,0,14.5,66.67
ATT-002967,EMP-0055,2025-08,1/8/2025,21,15,0,6,0,0,0,6,0,0,0,71.43
ATT-002968,EMP-0057,2025-08,1/8/2025,21,21,0,0,0,0,0,0,0,0,4.5,100
ATT-002969,EMP-0058,2025-08,1/8/2025,21,21,0,0,0,0,0,0,2,0,11,100
ATT-002970,EMP-0059,2025-08,1/8/2025,21,21,0,0,0,0,0,0,0,0,13,100
ATT-002971,EMP-0060,2025-08,1/8/2025,21,21,0,0,0,0,0,0,0,0,0,100
ATT-002972,EMP-0061,2025-08,1/8/2025,21,21,0,0,0,0,0,0,0,0,0,100
ATT-002973,EMP-0062,2025-08,1/8/2025,21,12,0,9,0,0,0,9,0,0,0,57.14
ATT-002974,EMP-0064,2025-08,1/8/2025,21,20,0,0,0,1,0,1,0,0,20.5,95.24
ATT-002975,EMP-0065,2025-08,1/8/2025,21,19,2,0,0,0,0,0,0,0,0,90.48
ATT-002976,EMP-0066,2025-08,1/8/2025,21,13,0,8,0,0,0,8,0,0,0,61.9
ATT-002977,EMP-0067,2025-08,1/8/2025,21,19,2,0,0,0,0,0,0,3,0,90.48
ATT-002978,EMP-0068,2025-08,1/8/2025,21,14,0,4,0,3,0,7,5,0,0,66.67
ATT-002979,EMP-0069,2025-08,1/8/2025,21,19,1,0,1,0,0,1,6,0,0,90.48
ATT-002980,EMP-0070,2025-08,1/8/2025,21,12,1,8,0,0,0,8,0,0,15,57.14
ATT-002981,EMP-0071,2025-08,1/8/2025,21,18,0,0,3,0,0,3,2,0,4.5,85.71
ATT-002982,EMP-0072,2025-08,1/8/2025,21,11,0,10,0,0,0,10,4,0,14.5,52.38
ATT-002983,EMP-0073,2025-08,1/8/2025,21,19,2,0,0,0,0,0,3,0,0,90.48
ATT-002984,EMP-0074,2025-08,1/8/2025,21,21,0,0,0,0,0,0,0,0,0,100
ATT-002985,EMP-0077,2025-08,1/8/2025,21,21,0,0,0,0,0,0,0,0,0,100
ATT-002986,EMP-0079,2025-08,1/8/2025,21,21,0,0,0,0,0,0,4,0,17.5,100
ATT-002987,EMP-0080,2025-08,1/8/2025,21,17,0,0,0,4,0,4,5,0,16.5,80.95
ATT-002988,EMP-0081,2025-08,1/8/2025,21,11,0,10,0,0,0,10,0,0,0,52.38
ATT-002989,EMP-0082,2025-08,1/8/2025,21,15,2,4,0,0,0,4,0,0,0,71.43
ATT-002990,EMP-0083,2025-08,1/8/2025,21,18,0,0,0,0,3,3,0,2,3,85.71
ATT-002991,EMP-0084,2025-08,1/8/2025,21,21,0,0,0,0,0,0,0,0,0,100
ATT-002992,EMP-0085,2025-08,1/8/2025,21,20,0,0,1,0,0,1,0,4,0,95.24
ATT-002993,EMP-0086,2025-08,1/8/2025,21,21,0,0,0,0,0,0,0,0,0,100
ATT-002994,EMP-0087,2025-08,1/8/2025,21,17,0,4,0,0,0,4,2,0,0,80.95
ATT-002995,EMP-0088,2025-08,1/8/2025,21,21,0,0,0,0,0,0,0,0,0,100
ATT-002996,EMP-0089,2025-08,1/8/2025,21,10,2,7,1,0,1,9,5,0,0,47.62
ATT-002997,EMP-0091,2025-08,1/8/2025,21,18,0,3,0,0,0,3,1,2,0,85.71
ATT-002998,EMP-0092,2025-08,1/8/2025,21,18,0,0,3,0,0,3,5,4,13,85.71
ATT-002999,EMP-0093,2025-08,1/8/2025,21,17,0,4,0,0,0,4,0,3,6,80.95
ATT-003000,EMP-0095,2025-08,1/8/2025,21,21,0,0,0,0,0,0,0,3,6.5,100
ATT-003001,EMP-0097,2025-08,1/8/2025,21,19,0,2,0,0,0,2,3,4,14,90.48
ATT-003002,EMP-0098,2025-08,1/8/2025,21,11,0,10,0,0,0,10,0,1,0,52.38
ATT-003003,EMP-0099,2025-08,1/8/2025,21,14,0,7,0,0,0,7,0,2,16,66.67
ATT-003004,EMP-0100,2025-08,1/8/2025,21,11,0,10,0,0,0,10,0,0,0,52.38
ATT-003005,EMP-0102,2025-08,1/8/2025,21,21,0,0,0,0,0,0,5,0,0,100
ATT-003006,EMP-0103,2025-08,1/8/2025,21,15,0,6,0,0,0,6,0,1,9.5,71.43
ATT-003007,EMP-0104,2025-08,1/8/2025,21,21,0,0,0,0,0,0,0,0,0,100
ATT-003008,EMP-0105,2025-08,1/8/2025,21,17,0,4,0,0,0,4,0,0,0,80.95
ATT-003009,EMP-0106,2025-08,1/8/2025,21,12,0,9,0,0,0,9,2,0,0,57.14
ATT-003010,EMP-0107,2025-08,1/8/2025,21,21,0,0,0,0,0,0,0,0,0,100
ATT-003011,EMP-0108,2025-08,1/8/2025,21,21,0,0,0,0,0,0,4,0,0,100
ATT-003012,EMP-0112,2025-08,1/8/2025,21,17,0,4,0,0,0,4,4,0,0,80.95
ATT-003013,EMP-0113,2025-08,1/8/2025,21,12,0,9,0,0,0,9,0,0,0,57.14
ATT-003014,EMP-0114,2025-08,1/8/2025,21,20,1,0,0,0,0,0,0,3,0,95.24
ATT-003015,EMP-0116,2025-08,1/8/2025,21,21,0,0,0,0,0,0,0,0,0,100
ATT-003016,EMP-0117,2025-08,1/8/2025,21,16,0,5,0,0,0,5,6,1,0,76.19
ATT-003017,EMP-0118,2025-08,1/8/2025,21,21,0,0,0,0,0,0,0,0,20,100
ATT-003018,EMP-0119,2025-08,1/8/2025,21,21,0,0,0,0,0,0,0,0,0,100
ATT-003019,EMP-0120,2025-08,1/8/2025,21,17,2,2,0,0,0,2,0,0,13.5,80.95
ATT-003020,EMP-0121,2025-08,1/8/2025,21,21,0,0,0,0,0,0,0,4,0,100
ATT-003021,EMP-0122,2025-08,1/8/2025,21,21,0,0,0,0,0,0,1,0,16.5,100
ATT-003022,EMP-0123,2025-08,1/8/2025,21,21,0,0,0,0,0,0,2,0,0,100
ATT-003023,EMP-0124,2025-08,1/8/2025,21,21,0,0,0,0,0,0,0,0,0,100
ATT-003024,EMP-0126,2025-08,1/8/2025,21,17,0,4,0,0,0,4,1,0,11,80.95
ATT-003025,EMP-0127,2025-08,1/8/2025,21,21,0,0,0,0,0,0,0,0,24.5,100
ATT-003026,EMP-0129,2025-08,1/8/2025,21,19,0,0,2,0,0,2,0,0,13.5,90.48
ATT-003027,EMP-0130,2025-08,1/8/2025,21,10,0,8,3,0,0,11,0,0,0,47.62
ATT-003028,EMP-0131,2025-08,1/8/2025,21,21,0,0,0,0,0,0,0,0,0,100
ATT-003029,EMP-0132,2025-08,1/8/2025,21,19,0,0,2,0,0,2,0,1,0,90.48
ATT-003030,EMP-0133,2025-08,1/8/2025,21,21,0,0,0,0,0,0,3,0,12.5,100
ATT-003031,EMP-0134,2025-08,1/8/2025,21,20,0,0,1,0,0,1,5,0,0,95.24
ATT-003032,EMP-0135,2025-08,1/8/2025,21,19,0,0,0,0,2,2,0,0,11.5,90.48
ATT-003033,EMP-0136,2025-08,1/8/2025,21,14,0,7,0,0,0,7,0,0,5.5,66.67
ATT-003034,EMP-0137,2025-08,1/8/2025,21,15,0,6,0,0,0,6,0,0,0,71.43
ATT-003035,EMP-0138,2025-08,1/8/2025,21,21,0,0,0,0,0,0,6,0,0,100
ATT-003036,EMP-0140,2025-08,1/8/2025,21,21,0,0,0,0,0,0,0,0,0,100
ATT-003037,EMP-0141,2025-08,1/8/2025,21,21,0,0,0,0,0,0,2,2,0,100
ATT-003038,EMP-0142,2025-08,1/8/2025,21,14,0,7,0,0,0,7,4,0,9.5,66.67
ATT-003039,EMP-0145,2025-08,1/8/2025,21,17,0,4,0,0,0,4,3,0,0,80.95
ATT-003040,EMP-0146,2025-08,1/8/2025,21,18,0,0,3,0,0,3,0,0,13.5,85.71
ATT-003041,EMP-0148,2025-08,1/8/2025,21,21,0,0,0,0,0,0,4,0,0,100
ATT-003042,EMP-0149,2025-08,1/8/2025,21,16,0,5,0,0,0,5,5,0,0,76.19
ATT-003043,EMP-0150,2025-08,1/8/2025,21,21,0,0,0,0,0,0,3,0,8,100
ATT-003044,EMP-0151,2025-08,1/8/2025,21,12,0,9,0,0,0,9,0,0,16,57.14
ATT-003045,EMP-0152,2025-08,1/8/2025,21,19,0,2,0,0,0,2,0,0,12,90.48
ATT-003046,EMP-0153,2025-08,1/8/2025,21,16,0,5,0,0,0,5,1,0,22,76.19
ATT-003047,EMP-0155,2025-08,1/8/2025,21,11,0,10,0,0,0,10,0,0,0,52.38
ATT-003048,EMP-0157,2025-08,1/8/2025,21,21,0,0,0,0,0,0,3,0,0,100
ATT-003049,EMP-0158,2025-08,1/8/2025,21,21,0,0,0,0,0,0,6,2,0,100
ATT-003050,EMP-0159,2025-08,1/8/2025,21,21,0,0,0,0,0,0,0,0,0,100
ATT-003051,EMP-0160,2025-08,1/8/2025,21,21,0,0,0,0,0,0,3,0,0,100
ATT-003052,EMP-0161,2025-08,1/8/2025,21,21,0,0,0,0,0,0,5,0,0,100
ATT-003053,EMP-0162,2025-08,1/8/2025,21,19,0,2,0,0,0,2,2,0,0,90.48
ATT-003054,EMP-0163,2025-08,1/8/2025,21,19,0,0,2,0,0,2,0,0,0,90.48
ATT-003055,EMP-0164,2025-08,1/8/2025,21,15,0,6,0,0,0,6,0,0,0,71.43
ATT-003056,EMP-0165,2025-08,1/8/2025,21,21,0,0,0,0,0,0,0,0,10.5,100
ATT-003057,EMP-0167,2025-08,1/8/2025,21,21,0,0,0,0,0,0,2,1,0,100
ATT-003058,EMP-0168,2025-08,1/8/2025,21,21,0,0,0,0,0,0,4,2,4,100
ATT-003059,EMP-0169,2025-08,1/8/2025,21,20,1,0,0,0,0,0,0,2,0,95.24
ATT-003060,EMP-0170,2025-08,1/8/2025,21,15,0,6,0,0,0,6,0,1,0,71.43
ATT-003061,EMP-0171,2025-08,1/8/2025,21,18,0,3,0,0,0,3,0,0,0,85.71
ATT-003062,EMP-0172,2025-08,1/8/2025,21,17,1,0,3,0,0,3,0,0,0,80.95
ATT-003063,EMP-0173,2025-08,1/8/2025,21,21,0,0,0,0,0,0,2,3,0,100
ATT-003064,EMP-0174,2025-08,1/8/2025,21,16,2,0,0,0,3,3,0,0,21,76.19
ATT-003065,EMP-0175,2025-08,1/8/2025,21,13,0,8,0,0,0,8,0,0,0,61.9
ATT-003066,EMP-0176,2025-08,1/8/2025,21,21,0,0,0,0,0,0,5,0,0,100
ATT-003067,EMP-0177,2025-08,1/8/2025,21,21,0,0,0,0,0,0,0,0,0,100
ATT-003068,EMP-0178,2025-08,1/8/2025,21,13,0,8,0,0,0,8,3,1,0,61.9
ATT-003069,EMP-0179,2025-08,1/8/2025,21,20,1,0,0,0,0,0,0,0,9,95.24
ATT-003070,EMP-0180,2025-08,1/8/2025,21,13,0,8,0,0,0,8,0,0,0,61.9
ATT-003071,EMP-0181,2025-08,1/8/2025,21,12,0,9,0,0,0,9,0,0,6,57.14
ATT-003072,EMP-0182,2025-08,1/8/2025,21,21,0,0,0,0,0,0,4,0,0,100
ATT-003073,EMP-0183,2025-08,1/8/2025,21,15,0,6,0,0,0,6,0,1,17.5,71.43
ATT-003074,EMP-0184,2025-08,1/8/2025,21,8,0,10,0,3,0,13,0,0,17.5,38.1
ATT-003075,EMP-0186,2025-08,1/8/2025,21,21,0,0,0,0,0,0,0,0,0,100
ATT-003076,EMP-0187,2025-08,1/8/2025,21,21,0,0,0,0,0,0,6,4,7.5,100
ATT-003077,EMP-0188,2025-08,1/8/2025,21,21,0,0,0,0,0,0,2,3,10.5,100
ATT-003078,EMP-0189,2025-08,1/8/2025,21,20,0,1,0,0,0,1,0,0,0,95.24
ATT-003079,EMP-0190,2025-08,1/8/2025,21,21,0,0,0,0,0,0,0,0,0,100
ATT-003080,EMP-0191,2025-08,1/8/2025,21,21,0,0,0,0,0,0,0,0,16,100
ATT-003081,EMP-0193,2025-08,1/8/2025,21,20,0,0,0,0,1,1,0,2,14.5,95.24
ATT-003082,EMP-0194,2025-08,1/8/2025,21,21,0,0,0,0,0,0,0,0,0,100
ATT-003083,EMP-0195,2025-08,1/8/2025,21,21,0,0,0,0,0,0,0,0,11,100
ATT-003084,EMP-0196,2025-08,1/8/2025,21,21,0,0,0,0,0,0,0,0,0,100
ATT-003085,EMP-0197,2025-08,1/8/2025,21,16,0,0,3,0,2,5,5,0,14,76.19
ATT-003086,EMP-0198,2025-08,1/8/2025,21,13,0,8,0,0,0,8,0,0,0,61.9
ATT-003087,EMP-0199,2025-08,1/8/2025,21,21,0,0,0,0,0,0,0,3,0,100
ATT-003088,EMP-0200,2025-08,1/8/2025,21,21,0,0,0,0,0,0,5,0,0,100
ATT-003089,EMP-0201,2025-08,1/8/2025,21,21,0,0,0,0,0,0,4,1,9,100
ATT-003090,EMP-0202,2025-08,1/8/2025,21,14,1,6,0,0,0,6,0,4,0,66.67
ATT-003091,EMP-0203,2025-08,1/8/2025,21,17,0,4,0,0,0,4,5,0,0,80.95
ATT-003092,EMP-0205,2025-08,1/8/2025,21,21,0,0,0,0,0,0,0,0,16.5,100
ATT-003093,EMP-0207,2025-08,1/8/2025,21,21,0,0,0,0,0,0,0,0,0,100
ATT-003094,EMP-0208,2025-08,1/8/2025,21,20,1,0,0,0,0,0,0,0,11,95.24
ATT-003095,EMP-0209,2025-08,1/8/2025,21,13,1,4,3,0,0,7,0,0,2,61.9
ATT-003096,EMP-0210,2025-08,1/8/2025,21,21,0,0,0,0,0,0,0,4,0,100
ATT-003097,EMP-0211,2025-08,1/8/2025,21,20,0,0,1,0,0,1,0,1,0,95.24
ATT-003098,EMP-0212,2025-08,1/8/2025,21,21,0,0,0,0,0,0,0,0,0,100
ATT-003099,EMP-0213,2025-08,1/8/2025,21,21,0,0,0,0,0,0,2,0,9,100
ATT-003100,EMP-0214,2025-08,1/8/2025,21,21,0,0,0,0,0,0,0,2,0,100
ATT-003101,EMP-0215,2025-08,1/8/2025,21,15,0,6,0,0,0,6,0,4,12,71.43
ATT-003102,EMP-0216,2025-08,1/8/2025,21,21,0,0,0,0,0,0,0,0,0,100
ATT-003103,EMP-0217,2025-08,1/8/2025,21,21,0,0,0,0,0,0,4,0,18,100
ATT-003104,EMP-0218,2025-08,1/8/2025,21,21,0,0,0,0,0,0,0,2,24.5,100
ATT-003105,EMP-0219,2025-08,1/8/2025,21,18,0,3,0,0,0,3,0,0,0,85.71
ATT-003106,EMP-0220,2025-08,1/8/2025,21,7,0,10,0,4,0,14,0,0,2.5,33.33
ATT-003107,EMP-0221,2025-08,1/8/2025,21,19,0,0,2,0,0,2,1,0,0,90.48
ATT-003108,EMP-0222,2025-08,1/8/2025,21,21,0,0,0,0,0,0,5,0,4.5,100
ATT-003109,EMP-0223,2025-08,1/8/2025,21,21,0,0,0,0,0,0,0,4,0,100
ATT-003110,EMP-0225,2025-08,1/8/2025,21,15,0,6,0,0,0,6,0,0,0,71.43
ATT-003111,EMP-0226,2025-08,1/8/2025,21,21,0,0,0,0,0,0,0,1,22,100
ATT-003112,EMP-0227,2025-08,1/8/2025,21,21,0,0,0,0,0,0,5,4,0,100
ATT-003113,EMP-0228,2025-08,1/8/2025,21,21,0,0,0,0,0,0,0,0,0,100
ATT-003114,EMP-0229,2025-08,1/8/2025,21,19,2,0,0,0,0,0,3,0,5,90.48
ATT-003115,EMP-0230,2025-08,1/8/2025,21,21,0,0,0,0,0,0,0,0,0,100
ATT-003116,EMP-0231,2025-08,1/8/2025,21,20,1,0,0,0,0,0,0,1,0,95.24
ATT-003117,EMP-0232,2025-08,1/8/2025,21,9,0,8,2,2,0,12,0,2,0,42.86
ATT-003118,EMP-0236,2025-08,1/8/2025,21,18,0,3,0,0,0,3,1,1,23.5,85.71
ATT-003119,EMP-0237,2025-08,1/8/2025,21,15,2,4,0,0,0,4,0,0,0,71.43
ATT-003120,EMP-0238,2025-08,1/8/2025,21,21,0,0,0,0,0,0,0,0,0,100
ATT-003121,EMP-0239,2025-08,1/8/2025,21,21,0,0,0,0,0,0,6,0,0,100
ATT-003122,EMP-0240,2025-08,1/8/2025,21,11,0,10,0,0,0,10,0,0,0,52.38
ATT-003123,EMP-0241,2025-08,1/8/2025,21,17,1,3,0,0,0,3,0,0,0,80.95
ATT-003124,EMP-0242,2025-08,1/8/2025,21,21,0,0,0,0,0,0,6,0,0,100
ATT-003125,EMP-0243,2025-08,1/8/2025,21,21,0,0,0,0,0,0,5,2,3,100
ATT-003126,EMP-0244,2025-08,1/8/2025,21,21,0,0,0,0,0,0,1,0,0,100
ATT-003127,EMP-0245,2025-08,1/8/2025,21,10,1,10,0,0,0,10,0,0,8,47.62
ATT-003128,EMP-0246,2025-08,1/8/2025,21,21,0,0,0,0,0,0,0,0,0,100
ATT-003129,EMP-0247,2025-08,1/8/2025,21,17,1,3,0,0,0,3,0,0,13,80.95
ATT-003130,EMP-0248,2025-08,1/8/2025,21,21,0,0,0,0,0,0,0,0,0,100
ATT-003131,EMP-0249,2025-08,1/8/2025,21,21,0,0,0,0,0,0,5,3,0,100
ATT-003132,EMP-0250,2025-08,1/8/2025,21,21,0,0,0,0,0,0,0,0,8,100
ATT-003133,EMP-0252,2025-08,1/8/2025,21,14,0,7,0,0,0,7,0,0,24,66.67
ATT-003134,EMP-0253,2025-08,1/8/2025,21,19,0,0,0,2,0,2,0,0,0,90.48
ATT-003135,EMP-0254,2025-08,1/8/2025,21,21,0,0,0,0,0,0,0,3,3,100
ATT-003136,EMP-0256,2025-08,1/8/2025,21,10,0,8,0,0,3,11,0,0,0,47.62
ATT-003137,EMP-0257,2025-08,1/8/2025,21,21,0,0,0,0,0,0,0,0,0,100
ATT-003138,EMP-0258,2025-08,1/8/2025,21,15,0,4,2,0,0,6,1,0,11,71.43
ATT-003139,EMP-0260,2025-08,1/8/2025,21,20,1,0,0,0,0,0,5,0,0,95.24
ATT-003140,EMP-0261,2025-08,1/8/2025,21,21,0,0,0,0,0,0,0,0,0,100
ATT-003141,EMP-0262,2025-08,1/8/2025,21,21,0,0,0,0,0,0,5,0,0,100
ATT-003142,EMP-0263,2025-08,1/8/2025,21,21,0,0,0,0,0,0,0,0,0,100
ATT-003143,EMP-0264,2025-08,1/8/2025,21,21,0,0,0,0,0,0,2,0,0,100
ATT-003144,EMP-0265,2025-08,1/8/2025,21,18,0,0,3,0,0,3,1,0,9.5,85.71
ATT-003145,EMP-0266,2025-08,1/8/2025,21,12,0,9,0,0,0,9,1,0,0,57.14
ATT-003146,EMP-0267,2025-08,1/8/2025,21,20,1,0,0,0,0,0,0,4,24,95.24
ATT-003147,EMP-0268,2025-08,1/8/2025,21,21,0,0,0,0,0,0,0,0,11.5,100
ATT-003148,EMP-0269,2025-08,1/8/2025,21,21,0,0,0,0,0,0,3,1,12,100
ATT-003149,EMP-0272,2025-08,1/8/2025,21,12,0,9,0,0,0,9,0,0,20.5,57.14
ATT-003150,EMP-0273,2025-08,1/8/2025,21,21,0,0,0,0,0,0,0,0,11.5,100
ATT-003151,EMP-0274,2025-08,1/8/2025,21,20,1,0,0,0,0,0,0,0,6.5,95.24
ATT-003152,EMP-0275,2025-08,1/8/2025,21,21,0,0,0,0,0,0,0,0,0,100
ATT-003153,EMP-0277,2025-08,1/8/2025,21,21,0,0,0,0,0,0,0,0,0,100
ATT-003154,EMP-0278,2025-08,1/8/2025,21,21,0,0,0,0,0,0,0,0,0,100
ATT-003155,EMP-0279,2025-08,1/8/2025,21,21,0,0,0,0,0,0,0,2,5,100
ATT-003156,EMP-0280,2025-08,1/8/2025,21,20,1,0,0,0,0,0,0,1,7.5,95.24
ATT-003157,EMP-0281,2025-08,1/8/2025,21,17,0,3,1,0,0,4,0,1,0,80.95
ATT-003158,EMP-0282,2025-08,1/8/2025,21,21,0,0,0,0,0,0,0,0,6,100
ATT-003159,EMP-0283,2025-08,1/8/2025,21,21,0,0,0,0,0,0,0,0,0,100
ATT-003160,EMP-0286,2025-08,1/8/2025,21,20,1,0,0,0,0,0,1,0,0,95.24
ATT-003161,EMP-0287,2025-08,1/8/2025,21,21,0,0,0,0,0,0,0,0,13,100
ATT-003162,EMP-0288,2025-08,1/8/2025,21,15,0,3,3,0,0,6,0,0,0,71.43
ATT-003163,EMP-0289,2025-08,1/8/2025,21,20,0,1,0,0,0,1,0,0,0,95.24
ATT-003164,EMP-0290,2025-08,1/8/2025,21,21,0,0,0,0,0,0,0,0,0,100
ATT-003165,EMP-0292,2025-08,1/8/2025,21,18,0,0,3,0,0,3,0,0,3,85.71
ATT-003166,EMP-0293,2025-08,1/8/2025,21,14,0,7,0,0,0,7,0,0,16,66.67
ATT-003167,EMP-0294,2025-08,1/8/2025,21,21,0,0,0,0,0,0,5,0,0,100
ATT-003168,EMP-0295,2025-08,1/8/2025,21,21,0,0,0,0,0,0,0,0,5,100
ATT-003169,EMP-0296,2025-08,1/8/2025,21,18,0,0,0,3,0,3,0,0,3,85.71
ATT-003170,EMP-0297,2025-08,1/8/2025,21,19,0,2,0,0,0,2,0,0,0,90.48
ATT-003171,EMP-0300,2025-08,1/8/2025,21,16,0,5,0,0,0,5,6,2,13,76.19
ATT-003172,EMP-0301,2025-08,1/8/2025,21,21,0,0,0,0,0,0,0,0,25,100
ATT-003173,EMP-0303,2025-08,1/8/2025,21,19,0,2,0,0,0,2,0,0,0,90.48
ATT-003174,EMP-0304,2025-08,1/8/2025,21,14,0,7,0,0,0,7,2,0,0,66.67
ATT-003175,EMP-0305,2025-08,1/8/2025,21,21,0,0,0,0,0,0,0,1,13,100
ATT-003176,EMP-0306,2025-08,1/8/2025,21,11,0,9,0,0,1,10,0,0,0,52.38
ATT-003177,EMP-0307,2025-08,1/8/2025,21,17,0,4,0,0,0,4,2,0,0,80.95
ATT-003178,EMP-0308,2025-08,1/8/2025,21,16,0,5,0,0,0,5,0,0,19.5,76.19
ATT-003179,EMP-0309,2025-08,1/8/2025,21,19,0,0,2,0,0,2,0,0,0,90.48
ATT-003180,EMP-0310,2025-08,1/8/2025,21,19,0,0,2,0,0,2,0,0,25.5,90.48
ATT-003181,EMP-0311,2025-08,1/8/2025,21,17,0,0,0,4,0,4,4,0,18.5,80.95
ATT-003182,EMP-0312,2025-08,1/8/2025,21,21,0,0,0,0,0,0,1,0,7.5,100
ATT-003183,EMP-0313,2025-08,1/8/2025,21,21,0,0,0,0,0,0,0,0,0,100
ATT-003184,EMP-0314,2025-08,1/8/2025,21,21,0,0,0,0,0,0,0,0,0,100
ATT-003185,EMP-0315,2025-08,1/8/2025,21,14,0,7,0,0,0,7,0,0,0,66.67
ATT-003186,EMP-0316,2025-08,1/8/2025,21,13,0,8,0,0,0,8,1,0,21.5,61.9
ATT-003187,EMP-0318,2025-08,1/8/2025,21,21,0,0,0,0,0,0,0,0,0,100
ATT-003188,EMP-0320,2025-08,1/8/2025,21,21,0,0,0,0,0,0,0,3,0,100
ATT-003189,EMP-0321,2025-08,1/8/2025,21,21,0,0,0,0,0,0,0,1,0,100
ATT-003190,EMP-0322,2025-08,1/8/2025,21,21,0,0,0,0,0,0,0,0,0,100
ATT-003191,EMP-0324,2025-08,1/8/2025,21,21,0,0,0,0,0,0,2,0,0,100
ATT-003192,EMP-0325,2025-08,1/8/2025,21,21,0,0,0,0,0,0,0,0,16,100
ATT-003193,EMP-0326,2025-08,1/8/2025,21,20,0,0,1,0,0,1,0,0,17,95.24
ATT-003194,EMP-0327,2025-08,1/8/2025,21,21,0,0,0,0,0,0,4,0,5.5,100
ATT-003195,EMP-0328,2025-08,1/8/2025,21,21,0,0,0,0,0,0,0,0,0,100
ATT-003196,EMP-0329,2025-08,1/8/2025,21,21,0,0,0,0,0,0,0,0,18.5,100
ATT-003197,EMP-0331,2025-08,1/8/2025,21,21,0,0,0,0,0,0,0,0,3.5,100
ATT-003198,EMP-0332,2025-08,1/8/2025,21,21,0,0,0,0,0,0,0,0,0,100
ATT-003199,EMP-0333,2025-08,1/8/2025,21,17,0,4,0,0,0,4,0,0,4.5,80.95
ATT-003200,EMP-0334,2025-08,1/8/2025,21,21,0,0,0,0,0,0,4,0,16.5,100
ATT-003201,EMP-0335,2025-08,1/8/2025,21,15,0,5,0,0,1,6,1,0,19,71.43
ATT-003202,EMP-0336,2025-08,1/8/2025,21,21,0,0,0,0,0,0,0,0,17,100
ATT-003203,EMP-0337,2025-08,1/8/2025,21,21,0,0,0,0,0,0,1,0,11,100
ATT-003204,EMP-0338,2025-08,1/8/2025,21,21,0,0,0,0,0,0,0,0,12.5,100
ATT-003205,EMP-0339,2025-08,1/8/2025,21,21,0,0,0,0,0,0,0,0,15.5,100
ATT-003206,EMP-0340,2025-08,1/8/2025,21,21,0,0,0,0,0,0,0,0,0,100
ATT-003207,EMP-0341,2025-08,1/8/2025,21,20,1,0,0,0,0,0,0,0,14.5,95.24
ATT-003208,EMP-0342,2025-08,1/8/2025,21,21,0,0,0,0,0,0,4,0,7,100
ATT-003209,EMP-0343,2025-08,1/8/2025,21,20,0,1,0,0,0,1,4,0,0,95.24
ATT-003210,EMP-0344,2025-08,1/8/2025,21,19,2,0,0,0,0,0,0,0,0,90.48
ATT-003211,EMP-0347,2025-08,1/8/2025,21,12,0,9,0,0,0,9,0,0,0,57.14
ATT-003212,EMP-0349,2025-08,1/8/2025,21,21,0,0,0,0,0,0,0,0,0,100
ATT-003213,EMP-0350,2025-08,1/8/2025,21,21,0,0,0,0,0,0,0,0,6,100
ATT-003214,EMP-0351,2025-08,1/8/2025,21,21,0,0,0,0,0,0,0,0,20.5,100
ATT-003215,EMP-0352,2025-08,1/8/2025,21,21,0,0,0,0,0,0,4,4,0,100
ATT-003216,EMP-0353,2025-08,1/8/2025,21,17,0,0,0,4,0,4,0,0,4.5,80.95
ATT-003217,EMP-0354,2025-08,1/8/2025,21,21,0,0,0,0,0,0,6,0,0,100
ATT-003218,EMP-0355,2025-08,1/8/2025,21,21,0,0,0,0,0,0,0,0,22,100
ATT-003219,EMP-0356,2025-08,1/8/2025,21,21,0,0,0,0,0,0,4,0,0,100
ATT-003220,EMP-0357,2025-08,1/8/2025,21,20,0,1,0,0,0,1,0,0,0,95.24
ATT-003221,EMP-0358,2025-08,1/8/2025,21,19,0,0,2,0,0,2,0,0,4,90.48
ATT-003222,EMP-0359,2025-08,1/8/2025,21,21,0,0,0,0,0,0,0,0,20.5,100
ATT-003223,EMP-0360,2025-08,1/8/2025,21,21,0,0,0,0,0,0,1,0,0,100
ATT-003224,EMP-0361,2025-08,1/8/2025,21,13,0,8,0,0,0,8,0,0,0,61.9
ATT-003225,EMP-0362,2025-08,1/8/2025,21,19,0,0,0,0,2,2,0,3,0,90.48
ATT-003226,EMP-0363,2025-08,1/8/2025,21,21,0,0,0,0,0,0,0,0,0,100
ATT-003227,EMP-0364,2025-08,1/8/2025,21,18,0,0,0,0,3,3,0,2,24,85.71
ATT-003228,EMP-0366,2025-08,1/8/2025,21,17,0,0,0,4,0,4,0,0,0,80.95
ATT-003229,EMP-0368,2025-08,1/8/2025,21,21,0,0,0,0,0,0,0,0,0,100
ATT-003230,EMP-0369,2025-08,1/8/2025,21,21,0,0,0,0,0,0,0,0,0,100
ATT-003231,EMP-0370,2025-08,1/8/2025,21,21,0,0,0,0,0,0,0,0,0,100
ATT-003232,EMP-0372,2025-08,1/8/2025,21,21,0,0,0,0,0,0,3,0,24,100
ATT-003233,EMP-0373,2025-08,1/8/2025,21,21,0,0,0,0,0,0,0,0,0,100
ATT-003234,EMP-0374,2025-08,1/8/2025,21,13,0,8,0,0,0,8,0,0,6.5,61.9
ATT-003235,EMP-0375,2025-08,1/8/2025,21,20,1,0,0,0,0,0,0,4,0,95.24
ATT-003236,EMP-0376,2025-08,1/8/2025,21,16,0,5,0,0,0,5,0,0,0,76.19
ATT-003237,EMP-0377,2025-08,1/8/2025,21,21,0,0,0,0,0,0,4,1,0,100
ATT-003238,EMP-0378,2025-08,1/8/2025,21,21,0,0,0,0,0,0,2,0,0,100
ATT-003239,EMP-0379,2025-08,1/8/2025,21,19,2,0,0,0,0,0,0,0,0,90.48
ATT-003240,EMP-0381,2025-08,1/8/2025,21,21,0,0,0,0,0,0,0,0,0,100
ATT-003241,EMP-0382,2025-08,1/8/2025,21,21,0,0,0,0,0,0,0,0,0,100
ATT-003242,EMP-0383,2025-08,1/8/2025,21,20,1,0,0,0,0,0,4,0,22,95.24
ATT-003243,EMP-0384,2025-08,1/8/2025,21,21,0,0,0,0,0,0,5,0,15,100
ATT-003244,EMP-0385,2025-08,1/8/2025,21,21,0,0,0,0,0,0,0,0,0,100
ATT-003245,EMP-0387,2025-08,1/8/2025,21,21,0,0,0,0,0,0,5,0,0,100
ATT-003246,EMP-0388,2025-08,1/8/2025,21,12,0,9,0,0,0,9,1,0,5.5,57.14
ATT-003247,EMP-0389,2025-08,1/8/2025,21,21,0,0,0,0,0,0,2,0,0,100
ATT-003248,EMP-0390,2025-08,1/8/2025,21,21,0,0,0,0,0,0,0,0,0,100
ATT-003249,EMP-0391,2025-08,1/8/2025,21,15,0,6,0,0,0,6,0,0,0,71.43
ATT-003250,EMP-0392,2025-08,1/8/2025,21,21,0,0,0,0,0,0,0,0,8.5,100
ATT-003251,EMP-0393,2025-08,1/8/2025,21,21,0,0,0,0,0,0,0,0,21.5,100
ATT-003252,EMP-0394,2025-08,1/8/2025,21,21,0,0,0,0,0,0,0,0,15.5,100
ATT-003253,EMP-0395,2025-08,1/8/2025,21,21,0,0,0,0,0,0,0,0,0,100
ATT-003254,EMP-0396,2025-08,1/8/2025,21,21,0,0,0,0,0,0,2,0,0,100
ATT-003255,EMP-0397,2025-08,1/8/2025,21,19,0,0,0,2,0,2,0,0,0,90.48
ATT-003256,EMP-0398,2025-08,1/8/2025,21,21,0,0,0,0,0,0,0,0,19.5,100
ATT-003257,EMP-0399,2025-08,1/8/2025,21,21,0,0,0,0,0,0,0,0,0,100
ATT-003258,EMP-0400,2025-08,1/8/2025,21,21,0,0,0,0,0,0,6,0,25,100
ATT-003259,EMP-0402,2025-08,1/8/2025,21,21,0,0,0,0,0,0,0,0,10,100
ATT-003260,EMP-0403,2025-08,1/8/2025,21,21,0,0,0,0,0,0,5,0,0,100
ATT-003261,EMP-0405,2025-08,1/8/2025,21,17,1,0,3,0,0,3,0,0,0,80.95
ATT-003262,EMP-0406,2025-08,1/8/2025,21,14,0,4,3,0,0,7,0,0,23.5,66.67
ATT-003263,EMP-0407,2025-08,1/8/2025,21,20,0,1,0,0,0,1,5,0,0,95.24
ATT-003264,EMP-0409,2025-08,1/8/2025,21,21,0,0,0,0,0,0,3,0,17.5,100
ATT-003265,EMP-0410,2025-08,1/8/2025,21,20,0,1,0,0,0,1,0,0,0,95.24
ATT-003266,EMP-0411,2025-08,1/8/2025,21,21,0,0,0,0,0,0,0,0,0,100
ATT-003267,EMP-0412,2025-08,1/8/2025,21,20,0,0,0,1,0,1,0,0,9,95.24
ATT-003268,EMP-0414,2025-08,1/8/2025,21,21,0,0,0,0,0,0,3,3,0,100
ATT-003269,EMP-0415,2025-08,1/8/2025,21,19,0,0,2,0,0,2,1,0,13.5,90.48
ATT-003270,EMP-0416,2025-08,1/8/2025,21,15,0,6,0,0,0,6,0,0,2.5,71.43
ATT-003271,EMP-0417,2025-08,1/8/2025,21,17,0,2,2,0,0,4,0,4,21.5,80.95
ATT-003272,EMP-0419,2025-08,1/8/2025,21,21,0,0,0,0,0,0,0,0,0,100
ATT-003273,EMP-0420,2025-08,1/8/2025,21,21,0,0,0,0,0,0,4,0,0,100
ATT-003274,EMP-0422,2025-08,1/8/2025,21,21,0,0,0,0,0,0,1,0,25,100
ATT-003275,EMP-0424,2025-08,1/8/2025,21,14,0,7,0,0,0,7,0,0,0,66.67
ATT-003276,EMP-0425,2025-08,1/8/2025,21,19,0,0,0,0,2,2,5,0,4,90.48
ATT-003277,EMP-0426,2025-08,1/8/2025,21,21,0,0,0,0,0,0,3,0,0,100
ATT-003278,EMP-0427,2025-08,1/8/2025,21,14,0,7,0,0,0,7,6,0,0,66.67
ATT-003279,EMP-0428,2025-08,1/8/2025,21,13,0,7,1,0,0,8,2,0,0,61.9
ATT-003280,EMP-0429,2025-08,1/8/2025,21,21,0,0,0,0,0,0,0,0,17,100
ATT-003281,EMP-0430,2025-08,1/8/2025,21,19,0,0,0,2,0,2,0,2,0,90.48
ATT-003282,EMP-0431,2025-08,1/8/2025,21,19,2,0,0,0,0,0,0,0,2.5,90.48
ATT-003283,EMP-0432,2025-08,1/8/2025,21,21,0,0,0,0,0,0,0,0,12,100
ATT-003284,EMP-0433,2025-08,1/8/2025,21,16,2,1,0,0,2,3,0,0,17.5,76.19
ATT-003285,EMP-0434,2025-08,1/8/2025,21,21,0,0,0,0,0,0,0,0,14,100
ATT-003286,EMP-0435,2025-08,1/8/2025,21,20,0,0,1,0,0,1,0,0,0,95.24
ATT-003287,EMP-0436,2025-08,1/8/2025,21,15,0,6,0,0,0,6,2,0,10,71.43
ATT-003288,EMP-0438,2025-08,1/8/2025,21,19,2,0,0,0,0,0,0,3,0,90.48
ATT-003289,EMP-0439,2025-08,1/8/2025,21,17,0,0,1,3,0,4,0,0,0,80.95
ATT-003290,EMP-0440,2025-08,1/8/2025,21,19,0,2,0,0,0,2,0,0,0,90.48
ATT-003291,EMP-0441,2025-08,1/8/2025,21,14,0,7,0,0,0,7,0,0,0,66.67
ATT-003292,EMP-0442,2025-08,1/8/2025,21,21,0,0,0,0,0,0,0,3,26,100
ATT-003293,EMP-0443,2025-08,1/8/2025,21,21,0,0,0,0,0,0,3,0,11.5,100
ATT-003294,EMP-0444,2025-08,1/8/2025,21,16,0,5,0,0,0,5,0,0,4,76.19
ATT-003295,EMP-0445,2025-08,1/8/2025,21,21,0,0,0,0,0,0,0,0,13.5,100
ATT-003296,EMP-0446,2025-08,1/8/2025,21,21,0,0,0,0,0,0,0,0,0,100
ATT-003297,EMP-0448,2025-08,1/8/2025,21,21,0,0,0,0,0,0,0,0,0,100
ATT-003298,EMP-0449,2025-08,1/8/2025,21,18,0,3,0,0,0,3,3,0,2.5,85.71
ATT-003299,EMP-0451,2025-08,1/8/2025,21,21,0,0,0,0,0,0,0,4,0,100
ATT-003300,EMP-0452,2025-08,1/8/2025,21,21,0,0,0,0,0,0,0,0,0,100
ATT-003301,EMP-0453,2025-08,1/8/2025,21,18,0,3,0,0,0,3,1,0,10,85.71
ATT-003302,EMP-0454,2025-08,1/8/2025,21,16,0,5,0,0,0,5,0,0,13,76.19
ATT-003303,EMP-0455,2025-08,1/8/2025,21,18,0,0,3,0,0,3,0,0,0,85.71
ATT-003304,EMP-0457,2025-08,1/8/2025,21,10,0,8,3,0,0,11,0,0,14,47.62
ATT-003305,EMP-0459,2025-08,1/8/2025,21,21,0,0,0,0,0,0,0,0,0,100
ATT-003306,EMP-0460,2025-08,1/8/2025,21,21,0,0,0,0,0,0,5,1,25,100
ATT-003307,EMP-0461,2025-08,1/8/2025,21,21,0,0,0,0,0,0,0,0,15,100
ATT-003308,EMP-0463,2025-08,1/8/2025,21,21,0,0,0,0,0,0,0,0,24.5,100
ATT-003309,EMP-0464,2025-08,1/8/2025,21,21,0,0,0,0,0,0,0,1,25.5,100
ATT-003310,EMP-0465,2025-08,1/8/2025,21,21,0,0,0,0,0,0,0,0,3.5,100
ATT-003311,EMP-0466,2025-08,1/8/2025,21,21,0,0,0,0,0,0,0,0,0,100
ATT-003312,EMP-0467,2025-08,1/8/2025,21,9,0,9,0,0,3,12,0,0,0,42.86
ATT-003313,EMP-0468,2025-08,1/8/2025,21,21,0,0,0,0,0,0,0,4,10.5,100
ATT-003314,EMP-0469,2025-08,1/8/2025,21,21,0,0,0,0,0,0,5,0,0,100
ATT-003315,EMP-0470,2025-08,1/8/2025,21,11,0,10,0,0,0,10,6,0,0,52.38
ATT-003316,EMP-0471,2025-08,1/8/2025,21,21,0,0,0,0,0,0,0,0,0,100
ATT-003317,EMP-0472,2025-08,1/8/2025,21,21,0,0,0,0,0,0,4,3,24,100
ATT-003318,EMP-0473,2025-08,1/8/2025,21,20,1,0,0,0,0,0,0,0,0,95.24
ATT-003319,EMP-0474,2025-08,1/8/2025,21,21,0,0,0,0,0,0,0,2,0,100
ATT-003320,EMP-0475,2025-08,1/8/2025,21,20,1,0,0,0,0,0,5,0,19,95.24
ATT-003321,EMP-0476,2025-08,1/8/2025,21,21,0,0,0,0,0,0,0,0,0,100
ATT-003322,EMP-0478,2025-08,1/8/2025,21,21,0,0,0,0,0,0,0,0,0,100
ATT-003323,EMP-0480,2025-08,1/8/2025,21,21,0,0,0,0,0,0,0,0,0,100
ATT-003324,EMP-0481,2025-08,1/8/2025,21,21,0,0,0,0,0,0,0,0,3.5,100
ATT-003325,EMP-0482,2025-08,1/8/2025,21,21,0,0,0,0,0,0,0,0,0,100
ATT-003326,EMP-0483,2025-08,1/8/2025,21,16,0,5,0,0,0,5,0,0,0,76.19
ATT-003327,EMP-0484,2025-08,1/8/2025,21,20,1,0,0,0,0,0,6,0,0,95.24
ATT-003328,EMP-0485,2025-08,1/8/2025,21,15,0,6,0,0,0,6,0,0,16.5,71.43
ATT-003329,EMP-0487,2025-08,1/8/2025,21,21,0,0,0,0,0,0,0,0,0,100
ATT-003330,EMP-0488,2025-08,1/8/2025,21,16,0,3,0,0,2,5,6,0,0,76.19
ATT-003331,EMP-0489,2025-08,1/8/2025,21,12,0,9,0,0,0,9,0,0,0,57.14
ATT-003332,EMP-0490,2025-08,1/8/2025,21,18,0,1,0,2,0,3,4,0,13,85.71
ATT-003333,EMP-0491,2025-08,1/8/2025,21,21,0,0,0,0,0,0,6,2,0,100
ATT-003334,EMP-0492,2025-08,1/8/2025,21,21,0,0,0,0,0,0,0,0,0,100
ATT-003335,EMP-0493,2025-08,1/8/2025,21,21,0,0,0,0,0,0,0,0,0,100
ATT-003336,EMP-0494,2025-08,1/8/2025,21,21,0,0,0,0,0,0,0,1,15.5,100
ATT-003337,EMP-0495,2025-08,1/8/2025,21,21,0,0,0,0,0,0,0,3,0,100
ATT-003338,EMP-0497,2025-08,1/8/2025,21,21,0,0,0,0,0,0,0,0,0,100
ATT-003339,EMP-0498,2025-08,1/8/2025,21,21,0,0,0,0,0,0,0,4,5.5,100
ATT-003340,EMP-0499,2025-08,1/8/2025,21,12,0,7,0,0,2,9,4,0,0,57.14
ATT-003341,EMP-0500,2025-08,1/8/2025,21,16,0,0,2,0,3,5,0,1,0,76.19
ATT-003342,EMP-0001,2025-09,1/9/2025,21,21,0,0,0,0,0,0,4,2,0,100
ATT-003343,EMP-0003,2025-09,1/9/2025,21,21,0,0,0,0,0,0,0,0,0,100
ATT-003344,EMP-0004,2025-09,1/9/2025,21,21,0,0,0,0,0,0,0,0,10,100
ATT-003345,EMP-0005,2025-09,1/9/2025,21,20,0,1,0,0,0,1,4,0,0,95.24
ATT-003346,EMP-0006,2025-09,1/9/2025,21,20,0,0,0,1,0,1,0,2,0,95.24
ATT-003347,EMP-0007,2025-09,1/9/2025,21,21,0,0,0,0,0,0,0,0,7,100
ATT-003348,EMP-0008,2025-09,1/9/2025,21,21,0,0,0,0,0,0,0,0,23,100
ATT-003349,EMP-0009,2025-09,1/9/2025,21,21,0,0,0,0,0,0,0,0,0,100
ATT-003350,EMP-0010,2025-09,1/9/2025,21,19,0,0,2,0,0,2,0,0,0,90.48
ATT-003351,EMP-0014,2025-09,1/9/2025,21,21,0,0,0,0,0,0,0,0,0,100
ATT-003352,EMP-0015,2025-09,1/9/2025,21,19,0,0,0,0,2,2,5,0,0,90.48
ATT-003353,EMP-0016,2025-09,1/9/2025,21,21,0,0,0,0,0,0,0,0,0,100
ATT-003354,EMP-0017,2025-09,1/9/2025,21,18,0,0,3,0,0,3,2,1,20.5,85.71
ATT-003355,EMP-0018,2025-09,1/9/2025,21,18,0,0,0,3,0,3,0,2,18.5,85.71
ATT-003356,EMP-0019,2025-09,1/9/2025,21,17,0,4,0,0,0,4,3,0,8.5,80.95
ATT-003357,EMP-0020,2025-09,1/9/2025,21,21,0,0,0,0,0,0,0,0,0,100
ATT-003358,EMP-0021,2025-09,1/9/2025,21,21,0,0,0,0,0,0,3,0,0,100
ATT-003359,EMP-0022,2025-09,1/9/2025,21,21,0,0,0,0,0,0,0,0,0,100
ATT-003360,EMP-0023,2025-09,1/9/2025,21,21,0,0,0,0,0,0,2,0,0,100
ATT-003361,EMP-0024,2025-09,1/9/2025,21,19,0,0,2,0,0,2,0,0,0,90.48
ATT-003362,EMP-0025,2025-09,1/9/2025,21,21,0,0,0,0,0,0,0,1,0,100
ATT-003363,EMP-0026,2025-09,1/9/2025,21,21,0,0,0,0,0,0,2,0,0,100
ATT-003364,EMP-0027,2025-09,1/9/2025,21,21,0,0,0,0,0,0,0,0,3,100
ATT-003365,EMP-0028,2025-09,1/9/2025,21,13,0,5,3,0,0,8,3,1,0,61.9
ATT-003366,EMP-0029,2025-09,1/9/2025,21,21,0,0,0,0,0,0,2,0,23.5,100
ATT-003367,EMP-0030,2025-09,1/9/2025,21,21,0,0,0,0,0,0,3,0,20,100
ATT-003368,EMP-0031,2025-09,1/9/2025,21,21,0,0,0,0,0,0,0,0,0,100
ATT-003369,EMP-0032,2025-09,1/9/2025,21,21,0,0,0,0,0,0,0,0,18,100
ATT-003370,EMP-0034,2025-09,1/9/2025,21,21,0,0,0,0,0,0,1,0,0,100
ATT-003371,EMP-0035,2025-09,1/9/2025,21,20,0,1,0,0,0,1,0,0,0,95.24
ATT-003372,EMP-0036,2025-09,1/9/2025,21,21,0,0,0,0,0,0,0,0,20.5,100
ATT-003373,EMP-0037,2025-09,1/9/2025,21,21,0,0,0,0,0,0,5,3,0,100
ATT-003374,EMP-0038,2025-09,1/9/2025,21,19,1,1,0,0,0,1,0,0,0,90.48
ATT-003375,EMP-0039,2025-09,1/9/2025,21,21,0,0,0,0,0,0,6,0,0,100
ATT-003376,EMP-0040,2025-09,1/9/2025,21,21,0,0,0,0,0,0,4,0,0,100
ATT-003377,EMP-0041,2025-09,1/9/2025,21,21,0,0,0,0,0,0,0,0,0,100
ATT-003378,EMP-0042,2025-09,1/9/2025,21,19,2,0,0,0,0,0,0,0,19,90.48
ATT-003379,EMP-0043,2025-09,1/9/2025,21,15,0,6,0,0,0,6,3,0,0,71.43
ATT-003380,EMP-0044,2025-09,1/9/2025,21,15,2,0,2,0,2,4,0,0,20,71.43
ATT-003381,EMP-0045,2025-09,1/9/2025,21,21,0,0,0,0,0,0,0,0,0,100
ATT-003382,EMP-0046,2025-09,1/9/2025,21,19,0,0,2,0,0,2,0,3,0,90.48
ATT-003383,EMP-0047,2025-09,1/9/2025,21,21,0,0,0,0,0,0,6,3,0,100
ATT-003384,EMP-0048,2025-09,1/9/2025,21,9,0,10,0,0,2,12,5,0,0,42.86
ATT-003385,EMP-0049,2025-09,1/9/2025,21,21,0,0,0,0,0,0,0,0,0,100
ATT-003386,EMP-0050,2025-09,1/9/2025,21,21,0,0,0,0,0,0,1,0,25,100
ATT-003387,EMP-0051,2025-09,1/9/2025,21,21,0,0,0,0,0,0,0,0,0,100
ATT-003388,EMP-0052,2025-09,1/9/2025,21,21,0,0,0,0,0,0,0,0,0,100
ATT-003389,EMP-0053,2025-09,1/9/2025,21,16,1,4,0,0,0,4,0,0,4.5,76.19
ATT-003390,EMP-0055,2025-09,1/9/2025,21,20,0,0,1,0,0,1,0,2,0,95.24
ATT-003391,EMP-0057,2025-09,1/9/2025,21,18,0,0,0,3,0,3,0,0,0,85.71
ATT-003392,EMP-0058,2025-09,1/9/2025,21,19,0,0,2,0,0,2,0,4,0,90.48
ATT-003393,EMP-0059,2025-09,1/9/2025,21,20,0,0,1,0,0,1,3,0,0,95.24
ATT-003394,EMP-0060,2025-09,1/9/2025,21,21,0,0,0,0,0,0,0,0,19,100
ATT-003395,EMP-0061,2025-09,1/9/2025,21,21,0,0,0,0,0,0,0,2,19,100
ATT-003396,EMP-0062,2025-09,1/9/2025,21,21,0,0,0,0,0,0,4,0,0,100
ATT-003397,EMP-0063,2025-09,1/9/2025,21,14,1,6,0,0,0,6,1,0,19,66.67
ATT-003398,EMP-0064,2025-09,1/9/2025,21,17,0,4,0,0,0,4,1,0,24,80.95
ATT-003399,EMP-0065,2025-09,1/9/2025,21,21,0,0,0,0,0,0,0,4,0,100
ATT-003400,EMP-0066,2025-09,1/9/2025,21,21,0,0,0,0,0,0,0,0,22,100
ATT-003401,EMP-0067,2025-09,1/9/2025,21,21,0,0,0,0,0,0,6,0,6.5,100
ATT-003402,EMP-0068,2025-09,1/9/2025,21,21,0,0,0,0,0,0,0,4,14.5,100
ATT-003403,EMP-0069,2025-09,1/9/2025,21,21,0,0,0,0,0,0,1,0,0,100
ATT-003404,EMP-0070,2025-09,1/9/2025,21,21,0,0,0,0,0,0,0,0,15.5,100
ATT-003405,EMP-0071,2025-09,1/9/2025,21,21,0,0,0,0,0,0,4,0,0,100
ATT-003406,EMP-0072,2025-09,1/9/2025,21,21,0,0,0,0,0,0,6,0,0,100
ATT-003407,EMP-0073,2025-09,1/9/2025,21,21,0,0,0,0,0,0,0,0,0,100
ATT-003408,EMP-0074,2025-09,1/9/2025,21,21,0,0,0,0,0,0,6,0,0,100
ATT-003409,EMP-0077,2025-09,1/9/2025,21,21,0,0,0,0,0,0,0,4,0,100
ATT-003410,EMP-0079,2025-09,1/9/2025,21,21,0,0,0,0,0,0,0,0,21,100
ATT-003411,EMP-0080,2025-09,1/9/2025,21,20,1,0,0,0,0,0,0,0,0,95.24
ATT-003412,EMP-0081,2025-09,1/9/2025,21,20,0,0,1,0,0,1,6,0,0,95.24
ATT-003413,EMP-0082,2025-09,1/9/2025,21,17,0,4,0,0,0,4,2,0,0,80.95
ATT-003414,EMP-0083,2025-09,1/9/2025,21,21,0,0,0,0,0,0,0,0,0,100
ATT-003415,EMP-0084,2025-09,1/9/2025,21,13,0,8,0,0,0,8,0,0,0,61.9
ATT-003416,EMP-0086,2025-09,1/9/2025,21,21,0,0,0,0,0,0,5,0,0,100
ATT-003417,EMP-0087,2025-09,1/9/2025,21,21,0,0,0,0,0,0,0,0,0,100
ATT-003418,EMP-0088,2025-09,1/9/2025,21,21,0,0,0,0,0,0,0,0,0,100
ATT-003419,EMP-0089,2025-09,1/9/2025,21,21,0,0,0,0,0,0,0,0,0,100
ATT-003420,EMP-0091,2025-09,1/9/2025,21,21,0,0,0,0,0,0,3,0,0,100
ATT-003421,EMP-0092,2025-09,1/9/2025,21,21,0,0,0,0,0,0,0,0,0,100
ATT-003422,EMP-0093,2025-09,1/9/2025,21,21,0,0,0,0,0,0,4,0,0,100
ATT-003423,EMP-0095,2025-09,1/9/2025,21,18,0,0,0,0,3,3,0,0,0,85.71
ATT-003424,EMP-0097,2025-09,1/9/2025,21,20,0,0,1,0,0,1,0,0,7.5,95.24
ATT-003425,EMP-0098,2025-09,1/9/2025,21,21,0,0,0,0,0,0,0,2,0,100
ATT-003426,EMP-0099,2025-09,1/9/2025,21,21,0,0,0,0,0,0,6,0,22.5,100
ATT-003427,EMP-0100,2025-09,1/9/2025,21,21,0,0,0,0,0,0,0,0,0,100
ATT-003428,EMP-0102,2025-09,1/9/2025,21,19,2,0,0,0,0,0,6,1,6.5,90.48
ATT-003429,EMP-0103,2025-09,1/9/2025,21,21,0,0,0,0,0,0,0,0,0,100
ATT-003430,EMP-0104,2025-09,1/9/2025,21,21,0,0,0,0,0,0,0,4,6,100
ATT-003431,EMP-0105,2025-09,1/9/2025,21,13,0,8,0,0,0,8,2,2,0,61.9
ATT-003432,EMP-0106,2025-09,1/9/2025,21,15,0,6,0,0,0,6,0,0,0,71.43
ATT-003433,EMP-0107,2025-09,1/9/2025,21,21,0,0,0,0,0,0,2,1,0,100
ATT-003434,EMP-0108,2025-09,1/9/2025,21,21,0,0,0,0,0,0,2,0,18.5,100
ATT-003435,EMP-0112,2025-09,1/9/2025,21,21,0,0,0,0,0,0,0,0,23,100
ATT-003436,EMP-0113,2025-09,1/9/2025,21,19,0,2,0,0,0,2,1,0,0,90.48
ATT-003437,EMP-0114,2025-09,1/9/2025,21,20,0,1,0,0,0,1,4,0,0,95.24
ATT-003438,EMP-0116,2025-09,1/9/2025,21,21,0,0,0,0,0,0,1,0,0,100
ATT-003439,EMP-0117,2025-09,1/9/2025,21,20,1,0,0,0,0,0,0,2,0,95.24
ATT-003440,EMP-0118,2025-09,1/9/2025,21,20,0,1,0,0,0,1,6,0,2,95.24
ATT-003441,EMP-0119,2025-09,1/9/2025,21,14,0,6,1,0,0,7,4,0,17,66.67
ATT-003442,EMP-0120,2025-09,1/9/2025,21,21,0,0,0,0,0,0,5,0,16,100
ATT-003443,EMP-0121,2025-09,1/9/2025,21,10,0,10,1,0,0,11,0,0,0,47.62
ATT-003444,EMP-0122,2025-09,1/9/2025,21,21,0,0,0,0,0,0,0,0,0,100
ATT-003445,EMP-0123,2025-09,1/9/2025,21,21,0,0,0,0,0,0,5,0,0,100
ATT-003446,EMP-0124,2025-09,1/9/2025,21,21,0,0,0,0,0,0,2,0,0,100
ATT-003447,EMP-0126,2025-09,1/9/2025,21,21,0,0,0,0,0,0,5,0,0,100
ATT-003448,EMP-0127,2025-09,1/9/2025,21,21,0,0,0,0,0,0,1,0,0,100
ATT-003449,EMP-0129,2025-09,1/9/2025,21,21,0,0,0,0,0,0,3,0,0,100
ATT-003450,EMP-0130,2025-09,1/9/2025,21,20,1,0,0,0,0,0,2,0,21.5,95.24
ATT-003451,EMP-0131,2025-09,1/9/2025,21,21,0,0,0,0,0,0,0,0,0,100
ATT-003452,EMP-0132,2025-09,1/9/2025,21,18,0,0,0,0,3,3,1,1,10,85.71
ATT-003453,EMP-0133,2025-09,1/9/2025,21,20,1,0,0,0,0,0,0,0,13,95.24
ATT-003454,EMP-0134,2025-09,1/9/2025,21,16,0,5,0,0,0,5,0,0,25,76.19
ATT-003455,EMP-0135,2025-09,1/9/2025,21,12,2,7,0,0,0,7,0,0,0,57.14
ATT-003456,EMP-0136,2025-09,1/9/2025,21,21,0,0,0,0,0,0,1,0,17,100
ATT-003457,EMP-0137,2025-09,1/9/2025,21,21,0,0,0,0,0,0,0,1,0,100
ATT-003458,EMP-0138,2025-09,1/9/2025,21,12,0,6,3,0,0,9,0,0,0,57.14
ATT-003459,EMP-0140,2025-09,1/9/2025,21,21,0,0,0,0,0,0,4,0,13.5,100
ATT-003460,EMP-0141,2025-09,1/9/2025,21,12,0,6,3,0,0,9,2,0,0,57.14
ATT-003461,EMP-0142,2025-09,1/9/2025,21,21,0,0,0,0,0,0,0,1,17,100
ATT-003462,EMP-0145,2025-09,1/9/2025,21,21,0,0,0,0,0,0,0,1,12.5,100
ATT-003463,EMP-0146,2025-09,1/9/2025,21,21,0,0,0,0,0,0,0,0,0,100
ATT-003464,EMP-0148,2025-09,1/9/2025,21,21,0,0,0,0,0,0,6,0,18,100
ATT-003465,EMP-0149,2025-09,1/9/2025,21,18,0,0,3,0,0,3,0,1,0,85.71
ATT-003466,EMP-0150,2025-09,1/9/2025,21,21,0,0,0,0,0,0,0,0,0,100
ATT-003467,EMP-0151,2025-09,1/9/2025,21,21,0,0,0,0,0,0,0,0,0,100
ATT-003468,EMP-0152,2025-09,1/9/2025,21,21,0,0,0,0,0,0,1,0,21,100
ATT-003469,EMP-0153,2025-09,1/9/2025,21,15,0,6,0,0,0,6,0,0,0,71.43
ATT-003470,EMP-0155,2025-09,1/9/2025,21,21,0,0,0,0,0,0,0,0,0,100
ATT-003471,EMP-0157,2025-09,1/9/2025,21,21,0,0,0,0,0,0,5,0,0,100
ATT-003472,EMP-0158,2025-09,1/9/2025,21,17,0,4,0,0,0,4,0,0,0,80.95
ATT-003473,EMP-0159,2025-09,1/9/2025,21,21,0,0,0,0,0,0,0,0,0,100
ATT-003474,EMP-0160,2025-09,1/9/2025,21,15,0,6,0,0,0,6,0,4,0,71.43
ATT-003475,EMP-0161,2025-09,1/9/2025,21,18,0,0,0,0,3,3,0,0,0,85.71
ATT-003476,EMP-0162,2025-09,1/9/2025,21,21,0,0,0,0,0,0,0,0,22.5,100
ATT-003477,EMP-0163,2025-09,1/9/2025,21,21,0,0,0,0,0,0,0,0,14,100
ATT-003478,EMP-0164,2025-09,1/9/2025,21,19,2,0,0,0,0,0,3,0,0,90.48
ATT-003479,EMP-0165,2025-09,1/9/2025,21,21,0,0,0,0,0,0,0,0,0,100
ATT-003480,EMP-0167,2025-09,1/9/2025,21,21,0,0,0,0,0,0,0,0,0,100
ATT-003481,EMP-0168,2025-09,1/9/2025,21,18,0,3,0,0,0,3,3,0,14.5,85.71
ATT-003482,EMP-0169,2025-09,1/9/2025,21,21,0,0,0,0,0,0,0,0,22.5,100
ATT-003483,EMP-0170,2025-09,1/9/2025,21,19,0,0,2,0,0,2,0,0,0,90.48
ATT-003484,EMP-0171,2025-09,1/9/2025,21,21,0,0,0,0,0,0,0,0,12,100
ATT-003485,EMP-0172,2025-09,1/9/2025,21,21,0,0,0,0,0,0,0,0,0,100
ATT-003486,EMP-0173,2025-09,1/9/2025,21,13,2,6,0,0,0,6,3,0,10.5,61.9
ATT-003487,EMP-0174,2025-09,1/9/2025,21,17,0,4,0,0,0,4,0,4,0,80.95
ATT-003488,EMP-0175,2025-09,1/9/2025,21,19,1,0,1,0,0,1,0,0,0,90.48
ATT-003489,EMP-0176,2025-09,1/9/2025,21,18,0,0,3,0,0,3,0,0,0,85.71
ATT-003490,EMP-0177,2025-09,1/9/2025,21,11,0,10,0,0,0,10,5,0,0,52.38
ATT-003491,EMP-0178,2025-09,1/9/2025,21,11,0,10,0,0,0,10,6,1,0,52.38
ATT-003492,EMP-0179,2025-09,1/9/2025,21,20,0,1,0,0,0,1,0,0,0,95.24
ATT-003493,EMP-0180,2025-09,1/9/2025,21,21,0,0,0,0,0,0,4,0,0,100
ATT-003494,EMP-0181,2025-09,1/9/2025,21,19,0,0,2,0,0,2,0,0,0,90.48
ATT-003495,EMP-0182,2025-09,1/9/2025,21,21,0,0,0,0,0,0,0,0,0,100
ATT-003496,EMP-0183,2025-09,1/9/2025,21,21,0,0,0,0,0,0,0,0,22.5,100
ATT-003497,EMP-0184,2025-09,1/9/2025,21,21,0,0,0,0,0,0,0,0,0,100
ATT-003498,EMP-0186,2025-09,1/9/2025,21,21,0,0,0,0,0,0,0,0,21.5,100
ATT-003499,EMP-0187,2025-09,1/9/2025,21,21,0,0,0,0,0,0,0,0,0,100
ATT-003500,EMP-0188,2025-09,1/9/2025,21,21,0,0,0,0,0,0,0,0,0,100
ATT-003501,EMP-0189,2025-09,1/9/2025,21,21,0,0,0,0,0,0,0,0,15,100
ATT-003502,EMP-0190,2025-09,1/9/2025,21,13,0,8,0,0,0,8,0,0,0,61.9
ATT-003503,EMP-0191,2025-09,1/9/2025,21,21,0,0,0,0,0,0,1,0,0,100
ATT-003504,EMP-0193,2025-09,1/9/2025,21,21,0,0,0,0,0,0,1,1,0,100
ATT-003505,EMP-0194,2025-09,1/9/2025,21,20,1,0,0,0,0,0,0,0,0,95.24
ATT-003506,EMP-0195,2025-09,1/9/2025,21,20,0,0,1,0,0,1,3,0,0,95.24
ATT-003507,EMP-0196,2025-09,1/9/2025,21,21,0,0,0,0,0,0,0,0,13.5,100
ATT-003508,EMP-0197,2025-09,1/9/2025,21,18,0,3,0,0,0,3,0,0,22.5,85.71
ATT-003509,EMP-0198,2025-09,1/9/2025,21,21,0,0,0,0,0,0,0,0,0,100
ATT-003510,EMP-0199,2025-09,1/9/2025,21,21,0,0,0,0,0,0,5,0,0,100
ATT-003511,EMP-0200,2025-09,1/9/2025,21,20,1,0,0,0,0,0,0,0,0,95.24
ATT-003512,EMP-0201,2025-09,1/9/2025,21,21,0,0,0,0,0,0,1,0,0,100
ATT-003513,EMP-0202,2025-09,1/9/2025,21,20,0,0,1,0,0,1,0,0,19,95.24
ATT-003514,EMP-0203,2025-09,1/9/2025,21,21,0,0,0,0,0,0,0,2,20.5,100
ATT-003515,EMP-0205,2025-09,1/9/2025,21,21,0,0,0,0,0,0,3,4,0,100
ATT-003516,EMP-0207,2025-09,1/9/2025,21,19,0,0,2,0,0,2,6,0,24.5,90.48
ATT-003517,EMP-0208,2025-09,1/9/2025,21,21,0,0,0,0,0,0,0,0,0,100
ATT-003518,EMP-0209,2025-09,1/9/2025,21,21,0,0,0,0,0,0,0,0,26,100
ATT-003519,EMP-0210,2025-09,1/9/2025,21,14,0,7,0,0,0,7,0,0,0,66.67
ATT-003520,EMP-0211,2025-09,1/9/2025,21,21,0,0,0,0,0,0,0,0,0,100
ATT-003521,EMP-0212,2025-09,1/9/2025,21,21,0,0,0,0,0,0,3,0,0,100
ATT-003522,EMP-0213,2025-09,1/9/2025,21,19,0,0,2,0,0,2,3,0,3,90.48
ATT-003523,EMP-0214,2025-09,1/9/2025,21,12,0,9,0,0,0,9,3,0,0,57.14
ATT-003524,EMP-0215,2025-09,1/9/2025,21,18,0,0,0,3,0,3,0,3,0,85.71
ATT-003525,EMP-0216,2025-09,1/9/2025,21,21,0,0,0,0,0,0,4,1,0,100
ATT-003526,EMP-0217,2025-09,1/9/2025,21,21,0,0,0,0,0,0,0,0,0,100
ATT-003527,EMP-0218,2025-09,1/9/2025,21,21,0,0,0,0,0,0,4,4,0,100
ATT-003528,EMP-0219,2025-09,1/9/2025,21,14,0,7,0,0,0,7,0,0,20,66.67
ATT-003529,EMP-0220,2025-09,1/9/2025,21,21,0,0,0,0,0,0,0,0,17.5,100
ATT-003530,EMP-0221,2025-09,1/9/2025,21,19,0,2,0,0,0,2,0,2,0,90.48
ATT-003531,EMP-0222,2025-09,1/9/2025,21,21,0,0,0,0,0,0,0,4,0,100
ATT-003532,EMP-0223,2025-09,1/9/2025,21,19,0,0,1,0,1,2,0,0,0,90.48
ATT-003533,EMP-0225,2025-09,1/9/2025,21,21,0,0,0,0,0,0,0,0,11,100
ATT-003534,EMP-0226,2025-09,1/9/2025,21,21,0,0,0,0,0,0,4,0,0,100
ATT-003535,EMP-0227,2025-09,1/9/2025,21,18,0,0,3,0,0,3,3,0,7.5,85.71
ATT-003536,EMP-0228,2025-09,1/9/2025,21,12,0,9,0,0,0,9,6,0,0,57.14
ATT-003537,EMP-0229,2025-09,1/9/2025,21,21,0,0,0,0,0,0,4,0,7,100
ATT-003538,EMP-0230,2025-09,1/9/2025,21,21,0,0,0,0,0,0,0,0,0,100
ATT-003539,EMP-0231,2025-09,1/9/2025,21,19,0,0,0,0,2,2,5,0,0,90.48
ATT-003540,EMP-0232,2025-09,1/9/2025,21,17,0,4,0,0,0,4,0,0,0,80.95
ATT-003541,EMP-0236,2025-09,1/9/2025,21,21,0,0,0,0,0,0,1,0,19,100
ATT-003542,EMP-0237,2025-09,1/9/2025,21,19,2,0,0,0,0,0,0,0,22,90.48
ATT-003543,EMP-0238,2025-09,1/9/2025,21,17,0,0,0,4,0,4,0,0,25.5,80.95
ATT-003544,EMP-0239,2025-09,1/9/2025,21,21,0,0,0,0,0,0,0,2,21.5,100
ATT-003545,EMP-0240,2025-09,1/9/2025,21,18,0,0,0,0,3,3,0,0,25,85.71
ATT-003546,EMP-0241,2025-09,1/9/2025,21,21,0,0,0,0,0,0,0,3,18,100
ATT-003547,EMP-0242,2025-09,1/9/2025,21,20,0,0,0,0,1,1,0,1,0,95.24
ATT-003548,EMP-0243,2025-09,1/9/2025,21,11,0,10,0,0,0,10,2,1,10,52.38
ATT-003549,EMP-0244,2025-09,1/9/2025,21,18,0,0,0,0,3,3,0,0,9.5,85.71
ATT-003550,EMP-0245,2025-09,1/9/2025,21,14,0,7,0,0,0,7,0,0,13.5,66.67
ATT-003551,EMP-0246,2025-09,1/9/2025,21,17,0,4,0,0,0,4,6,0,4,80.95
ATT-003552,EMP-0247,2025-09,1/9/2025,21,21,0,0,0,0,0,0,1,3,22.5,100
ATT-003553,EMP-0248,2025-09,1/9/2025,21,11,0,10,0,0,0,10,0,0,0,52.38
ATT-003554,EMP-0249,2025-09,1/9/2025,21,21,0,0,0,0,0,0,0,0,0,100
ATT-003555,EMP-0250,2025-09,1/9/2025,21,19,2,0,0,0,0,0,6,0,0,90.48
ATT-003556,EMP-0251,2025-09,1/9/2025,21,21,0,0,0,0,0,0,3,0,15.5,100
ATT-003557,EMP-0252,2025-09,1/9/2025,21,21,0,0,0,0,0,0,4,0,0,100
ATT-003558,EMP-0253,2025-09,1/9/2025,21,19,2,0,0,0,0,0,5,0,0,90.48
ATT-003559,EMP-0254,2025-09,1/9/2025,21,21,0,0,0,0,0,0,0,0,6,100
ATT-003560,EMP-0255,2025-09,1/9/2025,21,12,0,9,0,0,0,9,0,0,6,57.14
ATT-003561,EMP-0256,2025-09,1/9/2025,21,15,0,6,0,0,0,6,0,1,0,71.43
ATT-003562,EMP-0257,2025-09,1/9/2025,21,21,0,0,0,0,0,0,0,0,20.5,100
ATT-003563,EMP-0258,2025-09,1/9/2025,21,21,0,0,0,0,0,0,0,0,19.5,100
ATT-003564,EMP-0260,2025-09,1/9/2025,21,21,0,0,0,0,0,0,4,0,0,100
ATT-003565,EMP-0261,2025-09,1/9/2025,21,21,0,0,0,0,0,0,0,0,4,100
ATT-003566,EMP-0262,2025-09,1/9/2025,21,21,0,0,0,0,0,0,0,0,0,100
ATT-003567,EMP-0263,2025-09,1/9/2025,21,16,0,3,0,0,2,5,4,1,0,76.19
ATT-003568,EMP-0264,2025-09,1/9/2025,21,21,0,0,0,0,0,0,0,0,22,100
ATT-003569,EMP-0265,2025-09,1/9/2025,21,21,0,0,0,0,0,0,3,0,6.5,100
ATT-003570,EMP-0266,2025-09,1/9/2025,21,21,0,0,0,0,0,0,0,0,0,100
ATT-003571,EMP-0267,2025-09,1/9/2025,21,18,1,0,2,0,0,2,0,4,0,85.71
ATT-003572,EMP-0268,2025-09,1/9/2025,21,18,0,3,0,0,0,3,0,0,22.5,85.71
ATT-003573,EMP-0269,2025-09,1/9/2025,21,21,0,0,0,0,0,0,0,0,0,100
ATT-003574,EMP-0270,2025-09,1/9/2025,21,21,0,0,0,0,0,0,1,0,0,100
ATT-003575,EMP-0272,2025-09,1/9/2025,21,11,2,8,0,0,0,8,0,0,10.5,52.38
ATT-003576,EMP-0273,2025-09,1/9/2025,21,21,0,0,0,0,0,0,6,0,0,100
ATT-003577,EMP-0274,2025-09,1/9/2025,21,11,0,10,0,0,0,10,0,0,0,52.38
ATT-003578,EMP-0275,2025-09,1/9/2025,21,21,0,0,0,0,0,0,0,0,19,100
ATT-003579,EMP-0277,2025-09,1/9/2025,21,21,0,0,0,0,0,0,0,3,0,100
ATT-003580,EMP-0278,2025-09,1/9/2025,21,19,1,1,0,0,0,1,0,0,0,90.48
ATT-003581,EMP-0279,2025-09,1/9/2025,21,21,0,0,0,0,0,0,0,0,21,100
ATT-003582,EMP-0280,2025-09,1/9/2025,21,18,0,0,3,0,0,3,0,0,0,85.71
ATT-003583,EMP-0281,2025-09,1/9/2025,21,21,0,0,0,0,0,0,0,0,0,100
ATT-003584,EMP-0282,2025-09,1/9/2025,21,11,0,10,0,0,0,10,0,0,0,52.38
ATT-003585,EMP-0283,2025-09,1/9/2025,21,21,0,0,0,0,0,0,0,1,0,100
ATT-003586,EMP-0286,2025-09,1/9/2025,21,21,0,0,0,0,0,0,4,0,2.5,100
ATT-003587,EMP-0287,2025-09,1/9/2025,21,21,0,0,0,0,0,0,0,0,3,100
ATT-003588,EMP-0288,2025-09,1/9/2025,21,21,0,0,0,0,0,0,0,0,9.5,100
ATT-003589,EMP-0289,2025-09,1/9/2025,21,20,1,0,0,0,0,0,6,0,23,95.24
ATT-003590,EMP-0290,2025-09,1/9/2025,21,21,0,0,0,0,0,0,0,2,21,100
ATT-003591,EMP-0292,2025-09,1/9/2025,21,20,1,0,0,0,0,0,3,1,26,95.24
ATT-003592,EMP-0293,2025-09,1/9/2025,21,21,0,0,0,0,0,0,0,0,0,100
ATT-003593,EMP-0294,2025-09,1/9/2025,21,19,0,2,0,0,0,2,0,0,22,90.48
ATT-003594,EMP-0295,2025-09,1/9/2025,21,20,0,0,0,1,0,1,0,0,22,95.24
ATT-003595,EMP-0296,2025-09,1/9/2025,21,21,0,0,0,0,0,0,3,0,0,100
ATT-003596,EMP-0297,2025-09,1/9/2025,21,21,0,0,0,0,0,0,6,0,0,100
ATT-003597,EMP-0300,2025-09,1/9/2025,21,20,0,0,0,1,0,1,0,0,0,95.24
ATT-003598,EMP-0301,2025-09,1/9/2025,21,21,0,0,0,0,0,0,0,0,23.5,100
ATT-003599,EMP-0303,2025-09,1/9/2025,21,19,0,2,0,0,0,2,0,0,0,90.48
ATT-003600,EMP-0304,2025-09,1/9/2025,21,21,0,0,0,0,0,0,0,0,0,100
ATT-003601,EMP-0305,2025-09,1/9/2025,21,21,0,0,0,0,0,0,0,0,0,100
ATT-003602,EMP-0306,2025-09,1/9/2025,21,21,0,0,0,0,0,0,0,0,0,100
ATT-003603,EMP-0307,2025-09,1/9/2025,21,21,0,0,0,0,0,0,0,0,0,100
ATT-003604,EMP-0308,2025-09,1/9/2025,21,21,0,0,0,0,0,0,0,0,0,100
ATT-003605,EMP-0309,2025-09,1/9/2025,21,21,0,0,0,0,0,0,0,0,0,100
ATT-003606,EMP-0310,2025-09,1/9/2025,21,21,0,0,0,0,0,0,0,4,0,100
ATT-003607,EMP-0311,2025-09,1/9/2025,21,21,0,0,0,0,0,0,4,0,16.5,100
ATT-003608,EMP-0312,2025-09,1/9/2025,21,21,0,0,0,0,0,0,0,3,0,100
ATT-003609,EMP-0313,2025-09,1/9/2025,21,18,0,0,0,0,3,3,0,4,13,85.71
ATT-003610,EMP-0314,2025-09,1/9/2025,21,20,0,0,1,0,0,1,2,0,0,95.24
ATT-003611,EMP-0315,2025-09,1/9/2025,21,21,0,0,0,0,0,0,0,0,0,100
ATT-003612,EMP-0316,2025-09,1/9/2025,21,21,0,0,0,0,0,0,0,0,0,100
ATT-003613,EMP-0318,2025-09,1/9/2025,21,11,0,10,0,0,0,10,0,0,0,52.38
ATT-003614,EMP-0320,2025-09,1/9/2025,21,21,0,0,0,0,0,0,0,0,5.5,100
ATT-003615,EMP-0321,2025-09,1/9/2025,21,21,0,0,0,0,0,0,3,1,0,100
ATT-003616,EMP-0322,2025-09,1/9/2025,21,18,0,0,0,0,3,3,6,0,0,85.71
ATT-003617,EMP-0324,2025-09,1/9/2025,21,21,0,0,0,0,0,0,0,0,2.5,100
ATT-003618,EMP-0325,2025-09,1/9/2025,21,21,0,0,0,0,0,0,4,0,0,100
ATT-003619,EMP-0326,2025-09,1/9/2025,21,13,0,8,0,0,0,8,0,0,13.5,61.9
ATT-003620,EMP-0327,2025-09,1/9/2025,21,21,0,0,0,0,0,0,0,0,16.5,100
ATT-003621,EMP-0328,2025-09,1/9/2025,21,21,0,0,0,0,0,0,2,0,0,100
ATT-003622,EMP-0329,2025-09,1/9/2025,21,21,0,0,0,0,0,0,0,1,8,100
ATT-003623,EMP-0331,2025-09,1/9/2025,21,21,0,0,0,0,0,0,0,0,4,100
ATT-003624,EMP-0332,2025-09,1/9/2025,21,20,0,1,0,0,0,1,0,0,17.5,95.24
ATT-003625,EMP-0333,2025-09,1/9/2025,21,21,0,0,0,0,0,0,0,0,12,100
ATT-003626,EMP-0334,2025-09,1/9/2025,21,20,0,1,0,0,0,1,1,0,19,95.24
ATT-003627,EMP-0335,2025-09,1/9/2025,21,20,0,1,0,0,0,1,0,0,0,95.24
ATT-003628,EMP-0336,2025-09,1/9/2025,21,18,0,0,3,0,0,3,0,0,21,85.71
ATT-003629,EMP-0337,2025-09,1/9/2025,21,21,0,0,0,0,0,0,4,0,19.5,100
ATT-003630,EMP-0338,2025-09,1/9/2025,21,19,0,0,2,0,0,2,0,0,0,90.48
ATT-003631,EMP-0339,2025-09,1/9/2025,21,17,0,0,0,4,0,4,0,0,0,80.95
ATT-003632,EMP-0340,2025-09,1/9/2025,21,21,0,0,0,0,0,0,4,0,17.5,100
ATT-003633,EMP-0341,2025-09,1/9/2025,21,21,0,0,0,0,0,0,0,0,0,100
ATT-003634,EMP-0342,2025-09,1/9/2025,21,21,0,0,0,0,0,0,0,0,4,100
ATT-003635,EMP-0343,2025-09,1/9/2025,21,21,0,0,0,0,0,0,2,0,2.5,100
ATT-003636,EMP-0344,2025-09,1/9/2025,21,21,0,0,0,0,0,0,0,0,0,100
ATT-003637,EMP-0347,2025-09,1/9/2025,21,21,0,0,0,0,0,0,0,0,18,100
ATT-003638,EMP-0349,2025-09,1/9/2025,21,21,0,0,0,0,0,0,0,0,12.5,100
ATT-003639,EMP-0350,2025-09,1/9/2025,21,19,0,0,2,0,0,2,5,2,0,90.48
ATT-003640,EMP-0352,2025-09,1/9/2025,21,20,0,0,1,0,0,1,0,0,0,95.24
ATT-003641,EMP-0353,2025-09,1/9/2025,21,21,0,0,0,0,0,0,0,4,0,100
ATT-003642,EMP-0354,2025-09,1/9/2025,21,21,0,0,0,0,0,0,0,0,0,100
ATT-003643,EMP-0355,2025-09,1/9/2025,21,19,2,0,0,0,0,0,0,0,5,90.48
ATT-003644,EMP-0356,2025-09,1/9/2025,21,21,0,0,0,0,0,0,0,0,0,100
ATT-003645,EMP-0357,2025-09,1/9/2025,21,21,0,0,0,0,0,0,0,0,0,100
ATT-003646,EMP-0358,2025-09,1/9/2025,21,21,0,0,0,0,0,0,2,0,17,100
ATT-003647,EMP-0359,2025-09,1/9/2025,21,20,0,0,0,1,0,1,0,0,0,95.24
ATT-003648,EMP-0360,2025-09,1/9/2025,21,21,0,0,0,0,0,0,0,0,18,100
ATT-003649,EMP-0361,2025-09,1/9/2025,21,21,0,0,0,0,0,0,0,0,0,100
ATT-003650,EMP-0362,2025-09,1/9/2025,21,20,0,0,1,0,0,1,3,0,0,95.24
ATT-003651,EMP-0363,2025-09,1/9/2025,21,21,0,0,0,0,0,0,3,0,0,100
ATT-003652,EMP-0364,2025-09,1/9/2025,21,21,0,0,0,0,0,0,0,0,0,100
ATT-003653,EMP-0366,2025-09,1/9/2025,21,20,1,0,0,0,0,0,0,3,0,95.24
ATT-003654,EMP-0368,2025-09,1/9/2025,21,14,0,4,3,0,0,7,0,0,0,66.67
ATT-003655,EMP-0369,2025-09,1/9/2025,21,20,0,0,1,0,0,1,0,0,0,95.24
ATT-003656,EMP-0370,2025-09,1/9/2025,21,21,0,0,0,0,0,0,4,0,0,100
ATT-003657,EMP-0371,2025-09,1/9/2025,21,21,0,0,0,0,0,0,0,0,4.5,100
ATT-003658,EMP-0372,2025-09,1/9/2025,21,21,0,0,0,0,0,0,0,0,21.5,100
ATT-003659,EMP-0373,2025-09,1/9/2025,21,13,0,5,3,0,0,8,0,0,0,61.9
ATT-003660,EMP-0374,2025-09,1/9/2025,21,21,0,0,0,0,0,0,0,3,0,100
ATT-003661,EMP-0375,2025-09,1/9/2025,21,21,0,0,0,0,0,0,0,4,0,100
ATT-003662,EMP-0376,2025-09,1/9/2025,21,21,0,0,0,0,0,0,0,0,0,100
ATT-003663,EMP-0377,2025-09,1/9/2025,21,11,0,10,0,0,0,10,0,1,0,52.38
ATT-003664,EMP-0378,2025-09,1/9/2025,21,18,2,0,0,1,0,1,0,0,16,85.71
ATT-003665,EMP-0379,2025-09,1/9/2025,21,21,0,0,0,0,0,0,0,0,0,100
ATT-003666,EMP-0381,2025-09,1/9/2025,21,18,0,0,3,0,0,3,5,2,9,85.71
ATT-003667,EMP-0382,2025-09,1/9/2025,21,21,0,0,0,0,0,0,5,0,0,100
ATT-003668,EMP-0383,2025-09,1/9/2025,21,13,0,6,0,2,0,8,0,0,0,61.9
ATT-003669,EMP-0384,2025-09,1/9/2025,21,19,0,0,2,0,0,2,0,0,0,90.48
ATT-003670,EMP-0385,2025-09,1/9/2025,21,21,0,0,0,0,0,0,0,0,0,100
ATT-003671,EMP-0387,2025-09,1/9/2025,21,19,0,0,2,0,0,2,0,0,0,90.48
ATT-003672,EMP-0388,2025-09,1/9/2025,21,21,0,0,0,0,0,0,0,0,13.5,100
ATT-003673,EMP-0389,2025-09,1/9/2025,21,21,0,0,0,0,0,0,0,0,3,100
ATT-003674,EMP-0390,2025-09,1/9/2025,21,19,2,0,0,0,0,0,0,0,23.5,90.48
ATT-003675,EMP-0391,2025-09,1/9/2025,21,21,0,0,0,0,0,0,0,0,11.5,100
ATT-003676,EMP-0392,2025-09,1/9/2025,21,21,0,0,0,0,0,0,3,0,0,100
ATT-003677,EMP-0393,2025-09,1/9/2025,21,21,0,0,0,0,0,0,5,0,5,100
ATT-003678,EMP-0394,2025-09,1/9/2025,21,20,0,1,0,0,0,1,0,2,0,95.24
ATT-003679,EMP-0395,2025-09,1/9/2025,21,21,0,0,0,0,0,0,0,0,0,100
ATT-003680,EMP-0396,2025-09,1/9/2025,21,19,0,0,0,0,2,2,0,0,0,90.48
ATT-003681,EMP-0397,2025-09,1/9/2025,21,21,0,0,0,0,0,0,0,0,24,100
ATT-003682,EMP-0398,2025-09,1/9/2025,21,21,0,0,0,0,0,0,2,0,0,100
ATT-003683,EMP-0399,2025-09,1/9/2025,21,20,0,0,1,0,0,1,0,1,18,95.24
ATT-003684,EMP-0400,2025-09,1/9/2025,21,21,0,0,0,0,0,0,5,0,0,100
ATT-003685,EMP-0402,2025-09,1/9/2025,21,19,2,0,0,0,0,0,3,0,0,90.48
ATT-003686,EMP-0403,2025-09,1/9/2025,21,21,0,0,0,0,0,0,0,0,0,100
ATT-003687,EMP-0405,2025-09,1/9/2025,21,21,0,0,0,0,0,0,0,0,0,100
ATT-003688,EMP-0406,2025-09,1/9/2025,21,21,0,0,0,0,0,0,0,0,19.5,100
ATT-003689,EMP-0407,2025-09,1/9/2025,21,14,0,7,0,0,0,7,0,0,0,66.67
ATT-003690,EMP-0409,2025-09,1/9/2025,21,21,0,0,0,0,0,0,0,0,4,100
ATT-003691,EMP-0410,2025-09,1/9/2025,21,21,0,0,0,0,0,0,3,0,0,100
ATT-003692,EMP-0411,2025-09,1/9/2025,21,21,0,0,0,0,0,0,0,0,0,100
ATT-003693,EMP-0412,2025-09,1/9/2025,21,21,0,0,0,0,0,0,6,0,7,100
ATT-003694,EMP-0414,2025-09,1/9/2025,21,21,0,0,0,0,0,0,0,0,3.5,100
ATT-003695,EMP-0415,2025-09,1/9/2025,21,19,2,0,0,0,0,0,1,0,0,90.48
ATT-003696,EMP-0416,2025-09,1/9/2025,21,18,0,0,3,0,0,3,0,0,0,85.71
ATT-003697,EMP-0417,2025-09,1/9/2025,21,20,0,0,0,0,1,1,0,0,0,95.24
ATT-003698,EMP-0418,2025-09,1/9/2025,21,21,0,0,0,0,0,0,6,0,3,100
ATT-003699,EMP-0419,2025-09,1/9/2025,21,21,0,0,0,0,0,0,0,0,2,100
ATT-003700,EMP-0420,2025-09,1/9/2025,21,20,1,0,0,0,0,0,3,0,16.5,95.24
ATT-003701,EMP-0422,2025-09,1/9/2025,21,20,1,0,0,0,0,0,0,0,0,95.24
ATT-003702,EMP-0424,2025-09,1/9/2025,21,21,0,0,0,0,0,0,4,0,0,100
ATT-003703,EMP-0425,2025-09,1/9/2025,21,20,1,0,0,0,0,0,1,0,3,95.24
ATT-003704,EMP-0426,2025-09,1/9/2025,21,21,0,0,0,0,0,0,6,0,0,100
ATT-003705,EMP-0427,2025-09,1/9/2025,21,20,0,0,0,0,1,1,6,2,19.5,95.24
ATT-003706,EMP-0428,2025-09,1/9/2025,21,19,0,0,2,0,0,2,0,0,26,90.48
ATT-003707,EMP-0429,2025-09,1/9/2025,21,21,0,0,0,0,0,0,0,0,0,100
ATT-003708,EMP-0430,2025-09,1/9/2025,21,21,0,0,0,0,0,0,0,4,11.5,100
ATT-003709,EMP-0431,2025-09,1/9/2025,21,18,0,3,0,0,0,3,0,0,0,85.71
ATT-003710,EMP-0432,2025-09,1/9/2025,21,21,0,0,0,0,0,0,0,0,0,100
ATT-003711,EMP-0433,2025-09,1/9/2025,21,20,0,0,1,0,0,1,0,4,0,95.24
ATT-003712,EMP-0434,2025-09,1/9/2025,21,21,0,0,0,0,0,0,1,0,0,100
ATT-003713,EMP-0435,2025-09,1/9/2025,21,21,0,0,0,0,0,0,0,0,13.5,100
ATT-003714,EMP-0436,2025-09,1/9/2025,21,21,0,0,0,0,0,0,5,0,0,100
ATT-003715,EMP-0438,2025-09,1/9/2025,21,21,0,0,0,0,0,0,4,0,10.5,100
ATT-003716,EMP-0439,2025-09,1/9/2025,21,21,0,0,0,0,0,0,0,0,0,100
ATT-003717,EMP-0440,2025-09,1/9/2025,21,14,0,7,0,0,0,7,5,0,22,66.67
ATT-003718,EMP-0441,2025-09,1/9/2025,21,21,0,0,0,0,0,0,0,0,0,100
ATT-003719,EMP-0442,2025-09,1/9/2025,21,18,0,3,0,0,0,3,5,0,25,85.71
ATT-003720,EMP-0443,2025-09,1/9/2025,21,21,0,0,0,0,0,0,0,0,0,100
ATT-003721,EMP-0444,2025-09,1/9/2025,21,21,0,0,0,0,0,0,0,0,0,100
ATT-003722,EMP-0445,2025-09,1/9/2025,21,21,0,0,0,0,0,0,1,0,0,100
ATT-003723,EMP-0446,2025-09,1/9/2025,21,18,0,0,0,3,0,3,4,0,25.5,85.71
ATT-003724,EMP-0448,2025-09,1/9/2025,21,20,0,0,1,0,0,1,0,0,0,95.24
ATT-003725,EMP-0449,2025-09,1/9/2025,21,21,0,0,0,0,0,0,0,4,17,100
ATT-003726,EMP-0451,2025-09,1/9/2025,21,21,0,0,0,0,0,0,0,0,0,100
ATT-003727,EMP-0452,2025-09,1/9/2025,21,13,0,8,0,0,0,8,0,0,7.5,61.9
ATT-003728,EMP-0453,2025-09,1/9/2025,21,21,0,0,0,0,0,0,6,0,17,100
ATT-003729,EMP-0454,2025-09,1/9/2025,21,13,0,8,0,0,0,8,0,3,0,61.9
ATT-003730,EMP-0455,2025-09,1/9/2025,21,21,0,0,0,0,0,0,0,0,0,100
ATT-003731,EMP-0457,2025-09,1/9/2025,21,18,0,0,3,0,0,3,0,0,0,85.71
ATT-003732,EMP-0459,2025-09,1/9/2025,21,21,0,0,0,0,0,0,0,0,23.5,100
ATT-003733,EMP-0460,2025-09,1/9/2025,21,21,0,0,0,0,0,0,0,0,0,100
ATT-003734,EMP-0461,2025-09,1/9/2025,21,20,0,0,0,0,1,1,0,0,20,95.24
ATT-003735,EMP-0463,2025-09,1/9/2025,21,19,0,2,0,0,0,2,0,0,0,90.48
ATT-003736,EMP-0464,2025-09,1/9/2025,21,21,0,0,0,0,0,0,0,0,25,100
ATT-003737,EMP-0465,2025-09,1/9/2025,21,19,0,0,0,0,2,2,0,0,22,90.48
ATT-003738,EMP-0466,2025-09,1/9/2025,21,19,2,0,0,0,0,0,3,0,2.5,90.48
ATT-003739,EMP-0467,2025-09,1/9/2025,21,21,0,0,0,0,0,0,0,0,10.5,100
ATT-003740,EMP-0468,2025-09,1/9/2025,21,14,0,7,0,0,0,7,0,0,20.5,66.67
ATT-003741,EMP-0469,2025-09,1/9/2025,21,20,1,0,0,0,0,0,1,0,24.5,95.24
ATT-003742,EMP-0470,2025-09,1/9/2025,21,21,0,0,0,0,0,0,0,0,0,100
ATT-003743,EMP-0471,2025-09,1/9/2025,21,12,0,9,0,0,0,9,0,0,0,57.14
ATT-003744,EMP-0472,2025-09,1/9/2025,21,21,0,0,0,0,0,0,3,0,0,100
ATT-003745,EMP-0473,2025-09,1/9/2025,21,21,0,0,0,0,0,0,1,0,10.5,100
ATT-003746,EMP-0474,2025-09,1/9/2025,21,18,0,0,3,0,0,3,3,0,5,85.71
ATT-003747,EMP-0475,2025-09,1/9/2025,21,11,0,10,0,0,0,10,2,0,0,52.38
ATT-003748,EMP-0476,2025-09,1/9/2025,21,21,0,0,0,0,0,0,0,0,0,100
ATT-003749,EMP-0478,2025-09,1/9/2025,21,21,0,0,0,0,0,0,0,0,8.5,100
ATT-003750,EMP-0480,2025-09,1/9/2025,21,21,0,0,0,0,0,0,0,0,22.5,100
ATT-003751,EMP-0481,2025-09,1/9/2025,21,20,0,1,0,0,0,1,0,0,12,95.24
ATT-003752,EMP-0482,2025-09,1/9/2025,21,21,0,0,0,0,0,0,0,1,7.5,100
ATT-003753,EMP-0483,2025-09,1/9/2025,21,19,2,0,0,0,0,0,4,0,20.5,90.48
ATT-003754,EMP-0484,2025-09,1/9/2025,21,21,0,0,0,0,0,0,0,0,15.5,100
ATT-003755,EMP-0485,2025-09,1/9/2025,21,19,2,0,0,0,0,0,0,0,14,90.48
ATT-003756,EMP-0487,2025-09,1/9/2025,21,21,0,0,0,0,0,0,3,0,0,100
ATT-003757,EMP-0488,2025-09,1/9/2025,21,21,0,0,0,0,0,0,0,4,0,100
ATT-003758,EMP-0489,2025-09,1/9/2025,21,19,2,0,0,0,0,0,2,0,0,90.48
ATT-003759,EMP-0490,2025-09,1/9/2025,21,11,0,10,0,0,0,10,3,0,23.5,52.38
ATT-003760,EMP-0491,2025-09,1/9/2025,21,21,0,0,0,0,0,0,0,4,0,100
ATT-003761,EMP-0492,2025-09,1/9/2025,21,21,0,0,0,0,0,0,0,3,0,100
ATT-003762,EMP-0493,2025-09,1/9/2025,21,21,0,0,0,0,0,0,1,2,0,100
ATT-003763,EMP-0494,2025-09,1/9/2025,21,15,0,6,0,0,0,6,0,0,0,71.43
ATT-003764,EMP-0495,2025-09,1/9/2025,21,21,0,0,0,0,0,0,0,0,0,100
ATT-003765,EMP-0497,2025-09,1/9/2025,21,11,0,10,0,0,0,10,1,3,15.5,52.38
ATT-003766,EMP-0498,2025-09,1/9/2025,21,21,0,0,0,0,0,0,0,0,25.5,100
ATT-003767,EMP-0499,2025-09,1/9/2025,21,20,1,0,0,0,0,0,0,0,15.5,95.24
ATT-003768,EMP-0500,2025-09,1/9/2025,21,21,0,0,0,0,0,0,0,0,0,100
ATT-003769,EMP-0001,2025-10,1/10/2025,22,22,0,0,0,0,0,0,0,0,0,100
ATT-003770,EMP-0003,2025-10,1/10/2025,22,21,0,0,1,0,0,1,5,0,0,95.45
ATT-003771,EMP-0004,2025-10,1/10/2025,22,22,0,0,0,0,0,0,5,0,25.5,100
ATT-003772,EMP-0005,2025-10,1/10/2025,22,21,1,0,0,0,0,0,0,0,0,95.45
ATT-003773,EMP-0006,2025-10,1/10/2025,22,22,0,0,0,0,0,0,0,0,18,100
ATT-003774,EMP-0007,2025-10,1/10/2025,22,22,0,0,0,0,0,0,0,4,0,100
ATT-003775,EMP-0008,2025-10,1/10/2025,22,22,0,0,0,0,0,0,5,0,0,100
ATT-003776,EMP-0009,2025-10,1/10/2025,22,22,0,0,0,0,0,0,3,0,0,100
ATT-003777,EMP-0010,2025-10,1/10/2025,22,22,0,0,0,0,0,0,0,0,0,100
ATT-003778,EMP-0014,2025-10,1/10/2025,22,21,0,1,0,0,0,1,0,0,0,95.45
ATT-003779,EMP-0015,2025-10,1/10/2025,22,22,0,0,0,0,0,0,1,0,0,100
ATT-003780,EMP-0016,2025-10,1/10/2025,22,22,0,0,0,0,0,0,3,0,20.5,100
ATT-003781,EMP-0017,2025-10,1/10/2025,22,22,0,0,0,0,0,0,0,0,16.5,100
ATT-003782,EMP-0018,2025-10,1/10/2025,22,19,0,0,3,0,0,3,0,0,0,86.36
ATT-003783,EMP-0019,2025-10,1/10/2025,22,22,0,0,0,0,0,0,0,0,13,100
ATT-003784,EMP-0020,2025-10,1/10/2025,22,19,0,0,3,0,0,3,0,0,11.5,86.36
ATT-003785,EMP-0021,2025-10,1/10/2025,22,17,0,5,0,0,0,5,0,0,9.5,77.27
ATT-003786,EMP-0022,2025-10,1/10/2025,22,20,0,0,1,0,1,2,4,0,0,90.91
ATT-003787,EMP-0023,2025-10,1/10/2025,22,22,0,0,0,0,0,0,2,0,0,100
ATT-003788,EMP-0024,2025-10,1/10/2025,22,20,0,0,2,0,0,2,0,0,0,90.91
ATT-003789,EMP-0025,2025-10,1/10/2025,22,22,0,0,0,0,0,0,5,0,25.5,100
ATT-003790,EMP-0026,2025-10,1/10/2025,22,21,1,0,0,0,0,0,0,3,0,95.45
ATT-003791,EMP-0027,2025-10,1/10/2025,22,22,0,0,0,0,0,0,0,3,8.5,100
ATT-003792,EMP-0028,2025-10,1/10/2025,22,22,0,0,0,0,0,0,0,0,0,100
ATT-003793,EMP-0029,2025-10,1/10/2025,22,18,0,4,0,0,0,4,0,0,7.5,81.82
ATT-003794,EMP-0030,2025-10,1/10/2025,22,18,0,4,0,0,0,4,1,2,19.5,81.82
ATT-003795,EMP-0031,2025-10,1/10/2025,22,22,0,0,0,0,0,0,0,1,0,100
ATT-003796,EMP-0032,2025-10,1/10/2025,22,22,0,0,0,0,0,0,0,0,11,100
ATT-003797,EMP-0034,2025-10,1/10/2025,22,22,0,0,0,0,0,0,1,0,13.5,100
ATT-003798,EMP-0035,2025-10,1/10/2025,22,21,0,0,1,0,0,1,4,0,0,95.45
ATT-003799,EMP-0036,2025-10,1/10/2025,22,22,0,0,0,0,0,0,5,0,4.5,100
ATT-003800,EMP-0037,2025-10,1/10/2025,22,16,0,6,0,0,0,6,0,0,13,72.73
ATT-003801,EMP-0038,2025-10,1/10/2025,22,22,0,0,0,0,0,0,2,0,10.5,100
ATT-003802,EMP-0039,2025-10,1/10/2025,22,22,0,0,0,0,0,0,6,0,22.5,100
ATT-003803,EMP-0040,2025-10,1/10/2025,22,22,0,0,0,0,0,0,0,0,0,100
ATT-003804,EMP-0041,2025-10,1/10/2025,22,22,0,0,0,0,0,0,0,0,14.5,100
ATT-003805,EMP-0042,2025-10,1/10/2025,22,22,0,0,0,0,0,0,6,0,4,100
ATT-003806,EMP-0043,2025-10,1/10/2025,22,21,1,0,0,0,0,0,5,0,23,95.45
ATT-003807,EMP-0044,2025-10,1/10/2025,22,16,0,6,0,0,0,6,1,0,0,72.73
ATT-003808,EMP-0045,2025-10,1/10/2025,22,22,0,0,0,0,0,0,0,0,0,100
ATT-003809,EMP-0046,2025-10,1/10/2025,22,22,0,0,0,0,0,0,1,3,2,100
ATT-003810,EMP-0047,2025-10,1/10/2025,22,20,2,0,0,0,0,0,0,0,20.5,90.91
ATT-003811,EMP-0048,2025-10,1/10/2025,22,22,0,0,0,0,0,0,0,3,0,100
ATT-003812,EMP-0049,2025-10,1/10/2025,22,12,0,10,0,0,0,10,5,0,0,54.55
ATT-003813,EMP-0050,2025-10,1/10/2025,22,22,0,0,0,0,0,0,2,0,6.5,100
ATT-003814,EMP-0051,2025-10,1/10/2025,22,22,0,0,0,0,0,0,0,0,0,100
ATT-003815,EMP-0052,2025-10,1/10/2025,22,20,2,0,0,0,0,0,0,0,0,90.91
ATT-003816,EMP-0053,2025-10,1/10/2025,22,22,0,0,0,0,0,0,0,0,24,100
ATT-003817,EMP-0055,2025-10,1/10/2025,22,22,0,0,0,0,0,0,0,0,6.5,100
ATT-003818,EMP-0057,2025-10,1/10/2025,22,20,0,0,0,0,2,2,0,0,0,90.91
ATT-003819,EMP-0058,2025-10,1/10/2025,22,22,0,0,0,0,0,0,0,4,24.5,100
ATT-003820,EMP-0059,2025-10,1/10/2025,22,22,0,0,0,0,0,0,0,0,0,100
ATT-003821,EMP-0060,2025-10,1/10/2025,22,22,0,0,0,0,0,0,0,0,15.5,100
ATT-003822,EMP-0061,2025-10,1/10/2025,22,21,0,0,1,0,0,1,2,2,0,95.45
ATT-003823,EMP-0062,2025-10,1/10/2025,22,20,2,0,0,0,0,0,3,0,0,90.91
ATT-003824,EMP-0063,2025-10,1/10/2025,22,22,0,0,0,0,0,0,0,4,8,100
ATT-003825,EMP-0064,2025-10,1/10/2025,22,22,0,0,0,0,0,0,2,0,25,100
ATT-003826,EMP-0065,2025-10,1/10/2025,22,22,0,0,0,0,0,0,2,0,0,100
ATT-003827,EMP-0066,2025-10,1/10/2025,22,22,0,0,0,0,0,0,0,0,0,100
ATT-003828,EMP-0067,2025-10,1/10/2025,22,19,0,0,3,0,0,3,3,0,17.5,86.36
ATT-003829,EMP-0068,2025-10,1/10/2025,22,22,0,0,0,0,0,0,0,0,19,100
ATT-003830,EMP-0069,2025-10,1/10/2025,22,21,0,0,0,0,1,1,5,0,0,95.45
ATT-003831,EMP-0070,2025-10,1/10/2025,22,22,0,0,0,0,0,0,6,0,25,100
ATT-003832,EMP-0071,2025-10,1/10/2025,22,22,0,0,0,0,0,0,1,0,10,100
ATT-003833,EMP-0072,2025-10,1/10/2025,22,22,0,0,0,0,0,0,0,0,5.5,100
ATT-003834,EMP-0073,2025-10,1/10/2025,22,22,0,0,0,0,0,0,3,0,0,100
ATT-003835,EMP-0074,2025-10,1/10/2025,22,22,0,0,0,0,0,0,3,0,0,100
ATT-003836,EMP-0076,2025-10,1/10/2025,22,22,0,0,0,0,0,0,4,0,2,100
ATT-003837,EMP-0077,2025-10,1/10/2025,22,20,0,0,2,0,0,2,0,0,20,90.91
ATT-003838,EMP-0079,2025-10,1/10/2025,22,22,0,0,0,0,0,0,0,0,15.5,100
ATT-003839,EMP-0080,2025-10,1/10/2025,22,22,0,0,0,0,0,0,1,0,19,100
ATT-003840,EMP-0081,2025-10,1/10/2025,22,22,0,0,0,0,0,0,0,0,0,100
ATT-003841,EMP-0082,2025-10,1/10/2025,22,22,0,0,0,0,0,0,0,0,16,100
ATT-003842,EMP-0083,2025-10,1/10/2025,22,16,0,0,3,0,3,6,0,0,0,72.73
ATT-003843,EMP-0084,2025-10,1/10/2025,22,21,0,0,1,0,0,1,0,0,0,95.45
ATT-003844,EMP-0086,2025-10,1/10/2025,22,22,0,0,0,0,0,0,1,0,0,100
ATT-003845,EMP-0087,2025-10,1/10/2025,22,16,0,6,0,0,0,6,3,0,0,72.73
ATT-003846,EMP-0088,2025-10,1/10/2025,22,22,0,0,0,0,0,0,0,2,0,100
ATT-003847,EMP-0089,2025-10,1/10/2025,22,21,1,0,0,0,0,0,0,2,0,95.45
ATT-003848,EMP-0091,2025-10,1/10/2025,22,19,0,1,2,0,0,3,0,0,0,86.36
ATT-003849,EMP-0092,2025-10,1/10/2025,22,22,0,0,0,0,0,0,0,0,0,100
ATT-003850,EMP-0093,2025-10,1/10/2025,22,20,0,0,2,0,0,2,5,0,19,90.91
ATT-003851,EMP-0095,2025-10,1/10/2025,22,22,0,0,0,0,0,0,0,0,0,100
ATT-003852,EMP-0097,2025-10,1/10/2025,22,22,0,0,0,0,0,0,0,0,0,100
ATT-003853,EMP-0098,2025-10,1/10/2025,22,22,0,0,0,0,0,0,4,0,2.5,100
ATT-003854,EMP-0099,2025-10,1/10/2025,22,21,0,0,1,0,0,1,3,0,21,95.45
ATT-003855,EMP-0100,2025-10,1/10/2025,22,15,0,7,0,0,0,7,5,0,15.5,68.18
ATT-003856,EMP-0102,2025-10,1/10/2025,22,21,1,0,0,0,0,0,6,1,21,95.45
ATT-003857,EMP-0103,2025-10,1/10/2025,22,22,0,0,0,0,0,0,0,0,0,100
ATT-003858,EMP-0104,2025-10,1/10/2025,22,22,0,0,0,0,0,0,0,0,7.5,100
ATT-003859,EMP-0105,2025-10,1/10/2025,22,22,0,0,0,0,0,0,4,0,0,100
ATT-003860,EMP-0106,2025-10,1/10/2025,22,13,0,7,2,0,0,9,3,0,0,59.09
ATT-003861,EMP-0107,2025-10,1/10/2025,22,22,0,0,0,0,0,0,0,0,0,100
ATT-003862,EMP-0108,2025-10,1/10/2025,22,19,0,0,3,0,0,3,0,0,20,86.36
ATT-003863,EMP-0112,2025-10,1/10/2025,22,22,0,0,0,0,0,0,0,0,0,100
ATT-003864,EMP-0113,2025-10,1/10/2025,22,22,0,0,0,0,0,0,0,0,0,100
ATT-003865,EMP-0114,2025-10,1/10/2025,22,22,0,0,0,0,0,0,0,0,6.5,100
ATT-003866,EMP-0116,2025-10,1/10/2025,22,22,0,0,0,0,0,0,0,1,14.5,100
ATT-003867,EMP-0117,2025-10,1/10/2025,22,22,0,0,0,0,0,0,0,0,0,100
ATT-003868,EMP-0118,2025-10,1/10/2025,22,22,0,0,0,0,0,0,1,0,18.5,100
ATT-003869,EMP-0119,2025-10,1/10/2025,22,18,0,4,0,0,0,4,0,0,17,81.82
ATT-003870,EMP-0120,2025-10,1/10/2025,22,20,0,0,0,0,2,2,0,0,0,90.91
ATT-003871,EMP-0121,2025-10,1/10/2025,22,21,0,0,0,0,1,1,4,0,0,95.45
ATT-003872,EMP-0122,2025-10,1/10/2025,22,22,0,0,0,0,0,0,0,0,9.5,100
ATT-003873,EMP-0123,2025-10,1/10/2025,22,22,0,0,0,0,0,0,0,0,0,100
ATT-003874,EMP-0124,2025-10,1/10/2025,22,22,0,0,0,0,0,0,0,0,0,100
ATT-003875,EMP-0126,2025-10,1/10/2025,22,14,0,8,0,0,0,8,5,0,0,63.64
ATT-003876,EMP-0127,2025-10,1/10/2025,22,22,0,0,0,0,0,0,0,0,7,100
ATT-003877,EMP-0129,2025-10,1/10/2025,22,17,0,5,0,0,0,5,4,0,0,77.27
ATT-003878,EMP-0130,2025-10,1/10/2025,22,22,0,0,0,0,0,0,5,0,0,100
ATT-003879,EMP-0131,2025-10,1/10/2025,22,22,0,0,0,0,0,0,0,0,0,100
ATT-003880,EMP-0132,2025-10,1/10/2025,22,20,2,0,0,0,0,0,0,1,0,90.91
ATT-003881,EMP-0133,2025-10,1/10/2025,22,22,0,0,0,0,0,0,0,0,0,100
ATT-003882,EMP-0134,2025-10,1/10/2025,22,16,0,6,0,0,0,6,0,0,14.5,72.73
ATT-003883,EMP-0135,2025-10,1/10/2025,22,15,0,7,0,0,0,7,0,0,2.5,68.18
ATT-003884,EMP-0136,2025-10,1/10/2025,22,20,0,2,0,0,0,2,2,0,21.5,90.91
ATT-003885,EMP-0137,2025-10,1/10/2025,22,22,0,0,0,0,0,0,3,0,0,100
ATT-003886,EMP-0138,2025-10,1/10/2025,22,22,0,0,0,0,0,0,0,0,23.5,100
ATT-003887,EMP-0140,2025-10,1/10/2025,22,13,0,9,0,0,0,9,0,0,0,59.09
ATT-003888,EMP-0141,2025-10,1/10/2025,22,22,0,0,0,0,0,0,0,0,0,100
ATT-003889,EMP-0142,2025-10,1/10/2025,22,20,2,0,0,0,0,0,0,0,0,90.91
ATT-003890,EMP-0145,2025-10,1/10/2025,22,22,0,0,0,0,0,0,0,0,6.5,100
ATT-003891,EMP-0146,2025-10,1/10/2025,22,22,0,0,0,0,0,0,1,0,14,100
ATT-003892,EMP-0149,2025-10,1/10/2025,22,22,0,0,0,0,0,0,5,0,4.5,100
ATT-003893,EMP-0150,2025-10,1/10/2025,22,20,0,0,2,0,0,2,0,4,0,90.91
ATT-003894,EMP-0151,2025-10,1/10/2025,22,22,0,0,0,0,0,0,3,0,0,100
ATT-003895,EMP-0152,2025-10,1/10/2025,22,22,0,0,0,0,0,0,0,0,16.5,100
ATT-003896,EMP-0153,2025-10,1/10/2025,22,20,0,2,0,0,0,2,0,0,0,90.91
ATT-003897,EMP-0155,2025-10,1/10/2025,22,22,0,0,0,0,0,0,4,0,0,100
ATT-003898,EMP-0157,2025-10,1/10/2025,22,20,2,0,0,0,0,0,4,0,6.5,90.91
ATT-003899,EMP-0158,2025-10,1/10/2025,22,22,0,0,0,0,0,0,3,0,7.5,100
ATT-003900,EMP-0159,2025-10,1/10/2025,22,22,0,0,0,0,0,0,0,0,0,100
ATT-003901,EMP-0160,2025-10,1/10/2025,22,22,0,0,0,0,0,0,1,0,0,100
ATT-003902,EMP-0161,2025-10,1/10/2025,22,22,0,0,0,0,0,0,0,0,0,100
ATT-003903,EMP-0162,2025-10,1/10/2025,22,22,0,0,0,0,0,0,2,3,19.5,100
ATT-003904,EMP-0163,2025-10,1/10/2025,22,22,0,0,0,0,0,0,4,0,16.5,100
ATT-003905,EMP-0164,2025-10,1/10/2025,22,22,0,0,0,0,0,0,0,0,0,100
ATT-003906,EMP-0165,2025-10,1/10/2025,22,21,0,0,0,0,1,1,0,0,0,95.45
ATT-003907,EMP-0167,2025-10,1/10/2025,22,22,0,0,0,0,0,0,0,1,0,100
ATT-003908,EMP-0168,2025-10,1/10/2025,22,22,0,0,0,0,0,0,0,0,20.5,100
ATT-003909,EMP-0169,2025-10,1/10/2025,22,22,0,0,0,0,0,0,0,0,0,100
ATT-003910,EMP-0170,2025-10,1/10/2025,22,19,0,0,0,0,3,3,0,0,0,86.36
ATT-003911,EMP-0171,2025-10,1/10/2025,22,22,0,0,0,0,0,0,4,0,3,100
ATT-003912,EMP-0172,2025-10,1/10/2025,22,22,0,0,0,0,0,0,3,3,0,100
ATT-003913,EMP-0173,2025-10,1/10/2025,22,13,0,9,0,0,0,9,0,0,0,59.09
ATT-003914,EMP-0174,2025-10,1/10/2025,22,22,0,0,0,0,0,0,0,1,0,100
ATT-003915,EMP-0175,2025-10,1/10/2025,22,22,0,0,0,0,0,0,0,0,0,100
ATT-003916,EMP-0176,2025-10,1/10/2025,22,22,0,0,0,0,0,0,0,1,0,100
ATT-003917,EMP-0177,2025-10,1/10/2025,22,22,0,0,0,0,0,0,0,0,0,100
ATT-003918,EMP-0178,2025-10,1/10/2025,22,20,0,0,2,0,0,2,0,0,8,90.91
ATT-003919,EMP-0180,2025-10,1/10/2025,22,17,0,5,0,0,0,5,4,3,22.5,77.27
ATT-003920,EMP-0181,2025-10,1/10/2025,22,12,1,9,0,0,0,9,0,0,0,54.55
ATT-003921,EMP-0182,2025-10,1/10/2025,22,22,0,0,0,0,0,0,0,0,0,100
ATT-003922,EMP-0183,2025-10,1/10/2025,22,21,1,0,0,0,0,0,0,0,0,95.45
ATT-003923,EMP-0184,2025-10,1/10/2025,22,20,2,0,0,0,0,0,0,0,25,90.91
ATT-003924,EMP-0186,2025-10,1/10/2025,22,22,0,0,0,0,0,0,2,4,0,100
ATT-003925,EMP-0187,2025-10,1/10/2025,22,22,0,0,0,0,0,0,0,0,12,100
ATT-003926,EMP-0188,2025-10,1/10/2025,22,16,0,6,0,0,0,6,0,0,0,72.73
ATT-003927,EMP-0189,2025-10,1/10/2025,22,21,0,0,1,0,0,1,0,0,0,95.45
ATT-003928,EMP-0190,2025-10,1/10/2025,22,19,0,0,3,0,0,3,0,1,23,86.36
ATT-003929,EMP-0191,2025-10,1/10/2025,22,22,0,0,0,0,0,0,0,0,0,100
ATT-003930,EMP-0193,2025-10,1/10/2025,22,22,0,0,0,0,0,0,0,2,0,100
ATT-003931,EMP-0194,2025-10,1/10/2025,22,10,0,8,0,4,0,12,0,0,0,45.45
ATT-003932,EMP-0195,2025-10,1/10/2025,22,22,0,0,0,0,0,0,2,0,23,100
ATT-003933,EMP-0196,2025-10,1/10/2025,22,22,0,0,0,0,0,0,0,0,0,100
ATT-003934,EMP-0197,2025-10,1/10/2025,22,22,0,0,0,0,0,0,0,0,6.5,100
ATT-003935,EMP-0198,2025-10,1/10/2025,22,22,0,0,0,0,0,0,4,3,6,100
ATT-003936,EMP-0199,2025-10,1/10/2025,22,22,0,0,0,0,0,0,0,0,0,100
ATT-003937,EMP-0200,2025-10,1/10/2025,22,22,0,0,0,0,0,0,0,2,11.5,100
ATT-003938,EMP-0201,2025-10,1/10/2025,22,22,0,0,0,0,0,0,0,0,0,100
ATT-003939,EMP-0202,2025-10,1/10/2025,22,22,0,0,0,0,0,0,2,0,0,100
ATT-003940,EMP-0203,2025-10,1/10/2025,22,22,0,0,0,0,0,0,5,0,18,100
ATT-003941,EMP-0205,2025-10,1/10/2025,22,22,0,0,0,0,0,0,0,3,0,100
ATT-003942,EMP-0207,2025-10,1/10/2025,22,12,0,10,0,0,0,10,0,0,7.5,54.55
ATT-003943,EMP-0208,2025-10,1/10/2025,22,22,0,0,0,0,0,0,0,0,0,100
ATT-003944,EMP-0209,2025-10,1/10/2025,22,22,0,0,0,0,0,0,0,0,21,100
ATT-003945,EMP-0210,2025-10,1/10/2025,22,20,2,0,0,0,0,0,0,0,16.5,90.91
ATT-003946,EMP-0211,2025-10,1/10/2025,22,22,0,0,0,0,0,0,0,0,0,100
ATT-003947,EMP-0212,2025-10,1/10/2025,22,22,0,0,0,0,0,0,0,0,0,100
ATT-003948,EMP-0213,2025-10,1/10/2025,22,22,0,0,0,0,0,0,0,0,22,100
ATT-003949,EMP-0214,2025-10,1/10/2025,22,22,0,0,0,0,0,0,5,3,0,100
ATT-003950,EMP-0215,2025-10,1/10/2025,22,22,0,0,0,0,0,0,0,0,10.5,100
ATT-003951,EMP-0216,2025-10,1/10/2025,22,20,0,0,0,0,2,2,0,0,0,90.91
ATT-003952,EMP-0217,2025-10,1/10/2025,22,18,0,0,0,4,0,4,0,0,0,81.82
ATT-003953,EMP-0218,2025-10,1/10/2025,22,21,0,1,0,0,0,1,0,2,13.5,95.45
ATT-003954,EMP-0219,2025-10,1/10/2025,22,22,0,0,0,0,0,0,0,0,4.5,100
ATT-003955,EMP-0220,2025-10,1/10/2025,22,19,0,3,0,0,0,3,0,0,10,86.36
ATT-003956,EMP-0221,2025-10,1/10/2025,22,22,0,0,0,0,0,0,0,2,0,100
ATT-003957,EMP-0222,2025-10,1/10/2025,22,22,0,0,0,0,0,0,0,0,11,100
ATT-003958,EMP-0223,2025-10,1/10/2025,22,22,0,0,0,0,0,0,0,0,3.5,100
ATT-003959,EMP-0225,2025-10,1/10/2025,22,19,0,0,3,0,0,3,0,0,0,86.36
ATT-003960,EMP-0226,2025-10,1/10/2025,22,22,0,0,0,0,0,0,0,4,4.5,100
ATT-003961,EMP-0227,2025-10,1/10/2025,22,22,0,0,0,0,0,0,0,0,16,100
ATT-003962,EMP-0228,2025-10,1/10/2025,22,21,1,0,0,0,0,0,0,0,19,95.45
ATT-003963,EMP-0229,2025-10,1/10/2025,22,22,0,0,0,0,0,0,0,0,25,100
ATT-003964,EMP-0230,2025-10,1/10/2025,22,19,0,0,3,0,0,3,0,0,0,86.36
ATT-003965,EMP-0231,2025-10,1/10/2025,22,22,0,0,0,0,0,0,0,0,8.5,100
ATT-003966,EMP-0232,2025-10,1/10/2025,22,18,0,4,0,0,0,4,0,0,15.5,81.82
ATT-003967,EMP-0236,2025-10,1/10/2025,22,22,0,0,0,0,0,0,0,1,0,100
ATT-003968,EMP-0237,2025-10,1/10/2025,22,22,0,0,0,0,0,0,0,0,0,100
ATT-003969,EMP-0238,2025-10,1/10/2025,22,22,0,0,0,0,0,0,0,0,0,100
ATT-003970,EMP-0239,2025-10,1/10/2025,22,21,0,0,1,0,0,1,2,1,12,95.45
ATT-003971,EMP-0240,2025-10,1/10/2025,22,22,0,0,0,0,0,0,5,0,19,100
ATT-003972,EMP-0241,2025-10,1/10/2025,22,22,0,0,0,0,0,0,0,0,12.5,100
ATT-003973,EMP-0242,2025-10,1/10/2025,22,22,0,0,0,0,0,0,0,1,0,100
ATT-003974,EMP-0243,2025-10,1/10/2025,22,22,0,0,0,0,0,0,3,0,0,100
ATT-003975,EMP-0244,2025-10,1/10/2025,22,22,0,0,0,0,0,0,0,2,0,100
ATT-003976,EMP-0245,2025-10,1/10/2025,22,22,0,0,0,0,0,0,0,0,0,100
ATT-003977,EMP-0246,2025-10,1/10/2025,22,20,2,0,0,0,0,0,0,0,24.5,90.91
ATT-003978,EMP-0247,2025-10,1/10/2025,22,15,0,7,0,0,0,7,2,0,5,68.18
ATT-003979,EMP-0248,2025-10,1/10/2025,22,22,0,0,0,0,0,0,0,0,0,100
ATT-003980,EMP-0249,2025-10,1/10/2025,22,22,0,0,0,0,0,0,4,3,0,100
ATT-003981,EMP-0250,2025-10,1/10/2025,22,16,0,6,0,0,0,6,0,0,16.5,72.73
ATT-003982,EMP-0251,2025-10,1/10/2025,22,22,0,0,0,0,0,0,0,0,12,100
ATT-003983,EMP-0252,2025-10,1/10/2025,22,18,1,3,0,0,0,3,1,0,10.5,81.82
ATT-003984,EMP-0253,2025-10,1/10/2025,22,21,1,0,0,0,0,0,2,1,16,95.45
ATT-003985,EMP-0254,2025-10,1/10/2025,22,22,0,0,0,0,0,0,0,0,22,100
ATT-003986,EMP-0255,2025-10,1/10/2025,22,20,1,0,0,1,0,1,0,0,0,90.91
ATT-003987,EMP-0256,2025-10,1/10/2025,22,22,0,0,0,0,0,0,5,1,0,100
ATT-003988,EMP-0257,2025-10,1/10/2025,22,22,0,0,0,0,0,0,6,0,0,100
ATT-003989,EMP-0258,2025-10,1/10/2025,22,13,0,9,0,0,0,9,0,3,5.5,59.09
ATT-003990,EMP-0260,2025-10,1/10/2025,22,20,0,0,2,0,0,2,3,4,12.5,90.91
ATT-003991,EMP-0261,2025-10,1/10/2025,22,18,0,4,0,0,0,4,0,0,0,81.82
ATT-003992,EMP-0262,2025-10,1/10/2025,22,22,0,0,0,0,0,0,3,0,0,100
ATT-003993,EMP-0263,2025-10,1/10/2025,22,20,2,0,0,0,0,0,0,0,14,90.91
ATT-003994,EMP-0264,2025-10,1/10/2025,22,22,0,0,0,0,0,0,2,0,0,100
ATT-003995,EMP-0265,2025-10,1/10/2025,22,19,0,0,0,0,3,3,0,0,0,86.36
ATT-003996,EMP-0266,2025-10,1/10/2025,22,22,0,0,0,0,0,0,0,4,0,100
ATT-003997,EMP-0267,2025-10,1/10/2025,22,20,0,0,0,0,2,2,0,0,0,90.91
ATT-003998,EMP-0268,2025-10,1/10/2025,22,22,0,0,0,0,0,0,0,0,0,100
ATT-003999,EMP-0269,2025-10,1/10/2025,22,15,0,7,0,0,0,7,0,0,0,68.18
ATT-004000,EMP-0270,2025-10,1/10/2025,22,22,0,0,0,0,0,0,4,1,25.5,100
ATT-004001,EMP-0272,2025-10,1/10/2025,22,22,0,0,0,0,0,0,6,1,0,100
ATT-004002,EMP-0273,2025-10,1/10/2025,22,22,0,0,0,0,0,0,0,0,0,100
ATT-004003,EMP-0274,2025-10,1/10/2025,22,19,0,0,3,0,0,3,0,0,8.5,86.36
ATT-004004,EMP-0275,2025-10,1/10/2025,22,22,0,0,0,0,0,0,0,0,0,100
ATT-004005,EMP-0276,2025-10,1/10/2025,22,15,0,7,0,0,0,7,2,4,8.5,68.18
ATT-004006,EMP-0277,2025-10,1/10/2025,22,22,0,0,0,0,0,0,1,0,0,100
ATT-004007,EMP-0278,2025-10,1/10/2025,22,22,0,0,0,0,0,0,0,0,14,100
ATT-004008,EMP-0279,2025-10,1/10/2025,22,22,0,0,0,0,0,0,3,3,0,100
ATT-004009,EMP-0280,2025-10,1/10/2025,22,22,0,0,0,0,0,0,3,0,0,100
ATT-004010,EMP-0281,2025-10,1/10/2025,22,22,0,0,0,0,0,0,0,0,0,100
ATT-004011,EMP-0282,2025-10,1/10/2025,22,22,0,0,0,0,0,0,6,0,18.5,100
ATT-004012,EMP-0283,2025-10,1/10/2025,22,22,0,0,0,0,0,0,6,2,0,100
ATT-004013,EMP-0286,2025-10,1/10/2025,22,21,1,0,0,0,0,0,6,2,16.5,95.45
ATT-004014,EMP-0287,2025-10,1/10/2025,22,22,0,0,0,0,0,0,0,0,0,100
ATT-004015,EMP-0288,2025-10,1/10/2025,22,12,1,9,0,0,0,9,0,0,19,54.55
ATT-004016,EMP-0290,2025-10,1/10/2025,22,22,0,0,0,0,0,0,0,0,8.5,100
ATT-004017,EMP-0292,2025-10,1/10/2025,22,22,0,0,0,0,0,0,0,0,0,100
ATT-004018,EMP-0293,2025-10,1/10/2025,22,19,0,0,3,0,0,3,0,0,24.5,86.36
ATT-004019,EMP-0294,2025-10,1/10/2025,22,19,0,0,3,0,0,3,0,0,8,86.36
ATT-004020,EMP-0295,2025-10,1/10/2025,22,22,0,0,0,0,0,0,2,0,19.5,100
ATT-004021,EMP-0296,2025-10,1/10/2025,22,22,0,0,0,0,0,0,6,0,0,100
ATT-004022,EMP-0297,2025-10,1/10/2025,22,22,0,0,0,0,0,0,0,4,0,100
ATT-004023,EMP-0299,2025-10,1/10/2025,22,22,0,0,0,0,0,0,0,0,0,100
ATT-004024,EMP-0300,2025-10,1/10/2025,22,20,0,0,2,0,0,2,0,0,0,90.91
ATT-004025,EMP-0301,2025-10,1/10/2025,22,22,0,0,0,0,0,0,0,0,3.5,100
ATT-004026,EMP-0303,2025-10,1/10/2025,22,22,0,0,0,0,0,0,0,0,0,100
ATT-004027,EMP-0304,2025-10,1/10/2025,22,22,0,0,0,0,0,0,0,0,0,100
ATT-004028,EMP-0305,2025-10,1/10/2025,22,22,0,0,0,0,0,0,0,1,0,100
ATT-004029,EMP-0306,2025-10,1/10/2025,22,22,0,0,0,0,0,0,6,0,5,100
ATT-004030,EMP-0307,2025-10,1/10/2025,22,18,0,4,0,0,0,4,0,0,0,81.82
ATT-004031,EMP-0308,2025-10,1/10/2025,22,22,0,0,0,0,0,0,0,1,0,100
ATT-004032,EMP-0309,2025-10,1/10/2025,22,22,0,0,0,0,0,0,1,0,0,100
ATT-004033,EMP-0310,2025-10,1/10/2025,22,22,0,0,0,0,0,0,0,0,0,100
ATT-004034,EMP-0311,2025-10,1/10/2025,22,22,0,0,0,0,0,0,0,1,0,100
ATT-004035,EMP-0312,2025-10,1/10/2025,22,22,0,0,0,0,0,0,0,0,0,100
ATT-004036,EMP-0313,2025-10,1/10/2025,22,22,0,0,0,0,0,0,4,0,0,100
ATT-004037,EMP-0314,2025-10,1/10/2025,22,22,0,0,0,0,0,0,0,3,0,100
ATT-004038,EMP-0315,2025-10,1/10/2025,22,20,0,0,2,0,0,2,0,1,0,90.91
ATT-004039,EMP-0316,2025-10,1/10/2025,22,22,0,0,0,0,0,0,0,0,0,100
ATT-004040,EMP-0318,2025-10,1/10/2025,22,22,0,0,0,0,0,0,1,0,0,100
ATT-004041,EMP-0320,2025-10,1/10/2025,22,22,0,0,0,0,0,0,0,2,0,100
ATT-004042,EMP-0321,2025-10,1/10/2025,22,22,0,0,0,0,0,0,0,0,0,100
ATT-004043,EMP-0322,2025-10,1/10/2025,22,22,0,0,0,0,0,0,0,0,0,100
ATT-004044,EMP-0324,2025-10,1/10/2025,22,22,0,0,0,0,0,0,5,0,0,100
ATT-004045,EMP-0325,2025-10,1/10/2025,22,22,0,0,0,0,0,0,3,0,10.5,100
ATT-004046,EMP-0326,2025-10,1/10/2025,22,22,0,0,0,0,0,0,0,4,0,100
ATT-004047,EMP-0327,2025-10,1/10/2025,22,22,0,0,0,0,0,0,3,0,0,100
ATT-004048,EMP-0328,2025-10,1/10/2025,22,20,1,0,1,0,0,1,0,0,10.5,90.91
ATT-004049,EMP-0329,2025-10,1/10/2025,22,20,0,2,0,0,0,2,2,0,0,90.91
ATT-004050,EMP-0331,2025-10,1/10/2025,22,22,0,0,0,0,0,0,1,0,0,100
ATT-004051,EMP-0332,2025-10,1/10/2025,22,18,1,0,3,0,0,3,0,0,0,81.82
ATT-004052,EMP-0333,2025-10,1/10/2025,22,22,0,0,0,0,0,0,4,0,15,100
ATT-004053,EMP-0334,2025-10,1/10/2025,22,20,2,0,0,0,0,0,0,0,0,90.91
ATT-004054,EMP-0335,2025-10,1/10/2025,22,18,0,0,3,1,0,4,0,0,4.5,81.82
ATT-004055,EMP-0336,2025-10,1/10/2025,22,21,0,1,0,0,0,1,6,4,25.5,95.45
ATT-004056,EMP-0337,2025-10,1/10/2025,22,15,0,7,0,0,0,7,0,0,13.5,68.18
ATT-004057,EMP-0338,2025-10,1/10/2025,22,22,0,0,0,0,0,0,6,2,0,100
ATT-004058,EMP-0339,2025-10,1/10/2025,22,22,0,0,0,0,0,0,3,0,0,100
ATT-004059,EMP-0340,2025-10,1/10/2025,22,22,0,0,0,0,0,0,2,0,0,100
ATT-004060,EMP-0341,2025-10,1/10/2025,22,21,1,0,0,0,0,0,3,0,0,95.45
ATT-004061,EMP-0342,2025-10,1/10/2025,22,22,0,0,0,0,0,0,0,0,0,100
ATT-004062,EMP-0343,2025-10,1/10/2025,22,18,0,4,0,0,0,4,1,0,0,81.82
ATT-004063,EMP-0344,2025-10,1/10/2025,22,22,0,0,0,0,0,0,0,0,17.5,100
ATT-004064,EMP-0347,2025-10,1/10/2025,22,19,0,0,3,0,0,3,4,1,16.5,86.36
ATT-004065,EMP-0349,2025-10,1/10/2025,22,22,0,0,0,0,0,0,2,0,0,100
ATT-004066,EMP-0350,2025-10,1/10/2025,22,22,0,0,0,0,0,0,5,0,0,100
ATT-004067,EMP-0352,2025-10,1/10/2025,22,22,0,0,0,0,0,0,0,0,0,100
ATT-004068,EMP-0353,2025-10,1/10/2025,22,20,0,0,2,0,0,2,0,0,0,90.91
ATT-004069,EMP-0354,2025-10,1/10/2025,22,22,0,0,0,0,0,0,0,0,11,100
ATT-004070,EMP-0355,2025-10,1/10/2025,22,20,0,0,0,2,0,2,0,3,0,90.91
ATT-004071,EMP-0356,2025-10,1/10/2025,22,21,1,0,0,0,0,0,5,0,0,95.45
ATT-004072,EMP-0357,2025-10,1/10/2025,22,21,1,0,0,0,0,0,5,3,0,95.45
ATT-004073,EMP-0358,2025-10,1/10/2025,22,22,0,0,0,0,0,0,0,0,12,100
ATT-004074,EMP-0359,2025-10,1/10/2025,22,22,0,0,0,0,0,0,0,0,0,100
ATT-004075,EMP-0360,2025-10,1/10/2025,22,22,0,0,0,0,0,0,0,0,22,100
ATT-004076,EMP-0361,2025-10,1/10/2025,22,22,0,0,0,0,0,0,0,4,0,100
ATT-004077,EMP-0362,2025-10,1/10/2025,22,21,0,0,0,0,1,1,6,0,2.5,95.45
ATT-004078,EMP-0363,2025-10,1/10/2025,22,21,0,0,0,1,0,1,0,0,0,95.45
ATT-004079,EMP-0364,2025-10,1/10/2025,22,22,0,0,0,0,0,0,6,0,0,100
ATT-004080,EMP-0365,2025-10,1/10/2025,22,21,0,0,1,0,0,1,0,0,0,95.45
ATT-004081,EMP-0366,2025-10,1/10/2025,22,19,0,0,3,0,0,3,0,0,0,86.36
ATT-004082,EMP-0368,2025-10,1/10/2025,22,22,0,0,0,0,0,0,0,1,0,100
ATT-004083,EMP-0369,2025-10,1/10/2025,22,22,0,0,0,0,0,0,0,2,15.5,100
ATT-004084,EMP-0370,2025-10,1/10/2025,22,17,0,2,3,0,0,5,0,0,0,77.27
ATT-004085,EMP-0371,2025-10,1/10/2025,22,22,0,0,0,0,0,0,4,0,0,100
ATT-004086,EMP-0372,2025-10,1/10/2025,22,20,0,0,0,2,0,2,0,0,0,90.91
ATT-004087,EMP-0373,2025-10,1/10/2025,22,22,0,0,0,0,0,0,0,0,0,100
ATT-004088,EMP-0374,2025-10,1/10/2025,22,22,0,0,0,0,0,0,0,0,0,100
ATT-004089,EMP-0375,2025-10,1/10/2025,22,22,0,0,0,0,0,0,6,0,17,100
ATT-004090,EMP-0376,2025-10,1/10/2025,22,22,0,0,0,0,0,0,0,2,0,100
ATT-004091,EMP-0377,2025-10,1/10/2025,22,14,0,8,0,0,0,8,0,0,7.5,63.64
ATT-004092,EMP-0378,2025-10,1/10/2025,22,21,1,0,0,0,0,0,2,0,0,95.45
ATT-004093,EMP-0379,2025-10,1/10/2025,22,22,0,0,0,0,0,0,3,0,8.5,100
ATT-004094,EMP-0381,2025-10,1/10/2025,22,22,0,0,0,0,0,0,0,0,23,100
ATT-004095,EMP-0382,2025-10,1/10/2025,22,22,0,0,0,0,0,0,3,0,0,100
ATT-004096,EMP-0383,2025-10,1/10/2025,22,20,1,0,1,0,0,1,0,0,0,90.91
ATT-004097,EMP-0384,2025-10,1/10/2025,22,22,0,0,0,0,0,0,0,0,23.5,100
ATT-004098,EMP-0385,2025-10,1/10/2025,22,14,0,8,0,0,0,8,0,0,10,63.64
ATT-004099,EMP-0387,2025-10,1/10/2025,22,22,0,0,0,0,0,0,0,0,8.5,100
ATT-004100,EMP-0388,2025-10,1/10/2025,22,22,0,0,0,0,0,0,0,0,0,100
ATT-004101,EMP-0389,2025-10,1/10/2025,22,21,0,0,1,0,0,1,0,0,22.5,95.45
ATT-004102,EMP-0390,2025-10,1/10/2025,22,22,0,0,0,0,0,0,2,0,12,100
ATT-004103,EMP-0391,2025-10,1/10/2025,22,20,0,0,0,2,0,2,0,0,23.5,90.91
ATT-004104,EMP-0393,2025-10,1/10/2025,22,21,0,0,1,0,0,1,0,0,0,95.45
ATT-004105,EMP-0394,2025-10,1/10/2025,22,19,2,0,1,0,0,1,0,0,14,86.36
ATT-004106,EMP-0395,2025-10,1/10/2025,22,22,0,0,0,0,0,0,0,1,0,100
ATT-004107,EMP-0396,2025-10,1/10/2025,22,22,0,0,0,0,0,0,4,4,0,100
ATT-004108,EMP-0397,2025-10,1/10/2025,22,12,0,7,3,0,0,10,0,0,0,54.55
ATT-004109,EMP-0398,2025-10,1/10/2025,22,22,0,0,0,0,0,0,3,0,4.5,100
ATT-004110,EMP-0399,2025-10,1/10/2025,22,22,0,0,0,0,0,0,0,0,5.5,100
ATT-004111,EMP-0400,2025-10,1/10/2025,22,22,0,0,0,0,0,0,5,0,9.5,100
ATT-004112,EMP-0402,2025-10,1/10/2025,22,19,1,0,2,0,0,2,0,0,10.5,86.36
ATT-004113,EMP-0403,2025-10,1/10/2025,22,22,0,0,0,0,0,0,0,0,0,100
ATT-004114,EMP-0405,2025-10,1/10/2025,22,15,0,7,0,0,0,7,0,0,0,68.18
ATT-004115,EMP-0406,2025-10,1/10/2025,22,18,0,2,2,0,0,4,0,0,12.5,81.82
ATT-004116,EMP-0407,2025-10,1/10/2025,22,22,0,0,0,0,0,0,4,0,0,100
ATT-004117,EMP-0409,2025-10,1/10/2025,22,22,0,0,0,0,0,0,4,0,0,100
ATT-004118,EMP-0410,2025-10,1/10/2025,22,22,0,0,0,0,0,0,0,0,0,100
ATT-004119,EMP-0411,2025-10,1/10/2025,22,22,0,0,0,0,0,0,0,0,16,100
ATT-004120,EMP-0412,2025-10,1/10/2025,22,22,0,0,0,0,0,0,0,0,15.5,100
ATT-004121,EMP-0414,2025-10,1/10/2025,22,17,0,5,0,0,0,5,5,0,7,77.27
ATT-004122,EMP-0415,2025-10,1/10/2025,22,22,0,0,0,0,0,0,1,0,15,100
ATT-004123,EMP-0416,2025-10,1/10/2025,22,15,2,0,3,2,0,5,0,0,0,68.18
ATT-004124,EMP-0417,2025-10,1/10/2025,22,22,0,0,0,0,0,0,3,0,9.5,100
ATT-004125,EMP-0418,2025-10,1/10/2025,22,22,0,0,0,0,0,0,0,0,0,100
ATT-004126,EMP-0419,2025-10,1/10/2025,22,21,0,1,0,0,0,1,4,0,0,95.45
ATT-004127,EMP-0420,2025-10,1/10/2025,22,19,0,0,3,0,0,3,5,0,13.5,86.36
ATT-004128,EMP-0422,2025-10,1/10/2025,22,22,0,0,0,0,0,0,0,2,5.5,100
ATT-004129,EMP-0424,2025-10,1/10/2025,22,22,0,0,0,0,0,0,2,0,4.5,100
ATT-004130,EMP-0425,2025-10,1/10/2025,22,20,2,0,0,0,0,0,0,0,14.5,90.91
ATT-004131,EMP-0426,2025-10,1/10/2025,22,22,0,0,0,0,0,0,0,0,0,100
ATT-004132,EMP-0427,2025-10,1/10/2025,22,22,0,0,0,0,0,0,1,0,0,100
ATT-004133,EMP-0428,2025-10,1/10/2025,22,13,0,9,0,0,0,9,0,0,2.5,59.09
ATT-004134,EMP-0429,2025-10,1/10/2025,22,22,0,0,0,0,0,0,0,0,19,100
ATT-004135,EMP-0430,2025-10,1/10/2025,22,20,0,0,2,0,0,2,5,0,0,90.91
ATT-004136,EMP-0431,2025-10,1/10/2025,22,22,0,0,0,0,0,0,2,0,0,100
ATT-004137,EMP-0432,2025-10,1/10/2025,22,22,0,0,0,0,0,0,6,0,19.5,100
ATT-004138,EMP-0433,2025-10,1/10/2025,22,20,2,0,0,0,0,0,0,0,3.5,90.91
ATT-004139,EMP-0434,2025-10,1/10/2025,22,16,2,4,0,0,0,4,0,0,0,72.73
ATT-004140,EMP-0435,2025-10,1/10/2025,22,22,0,0,0,0,0,0,0,0,0,100
ATT-004141,EMP-0436,2025-10,1/10/2025,22,22,0,0,0,0,0,0,0,0,0,100
ATT-004142,EMP-0438,2025-10,1/10/2025,22,22,0,0,0,0,0,0,0,3,0,100
ATT-004143,EMP-0439,2025-10,1/10/2025,22,20,2,0,0,0,0,0,0,0,0,90.91
ATT-004144,EMP-0440,2025-10,1/10/2025,22,21,1,0,0,0,0,0,0,0,18.5,95.45
ATT-004145,EMP-0441,2025-10,1/10/2025,22,22,0,0,0,0,0,0,0,0,14.5,100
ATT-004146,EMP-0442,2025-10,1/10/2025,22,22,0,0,0,0,0,0,0,0,0,100
ATT-004147,EMP-0443,2025-10,1/10/2025,22,22,0,0,0,0,0,0,0,0,0,100
ATT-004148,EMP-0444,2025-10,1/10/2025,22,22,0,0,0,0,0,0,0,0,0,100
ATT-004149,EMP-0445,2025-10,1/10/2025,22,22,0,0,0,0,0,0,0,0,0,100
ATT-004150,EMP-0446,2025-10,1/10/2025,22,22,0,0,0,0,0,0,6,0,0,100
ATT-004151,EMP-0448,2025-10,1/10/2025,22,22,0,0,0,0,0,0,0,0,13,100
ATT-004152,EMP-0449,2025-10,1/10/2025,22,19,0,0,3,0,0,3,0,0,0,86.36
ATT-004153,EMP-0451,2025-10,1/10/2025,22,22,0,0,0,0,0,0,0,0,0,100
ATT-004154,EMP-0452,2025-10,1/10/2025,22,20,0,0,2,0,0,2,0,0,18,90.91
ATT-004155,EMP-0453,2025-10,1/10/2025,22,20,2,0,0,0,0,0,6,2,9,90.91
ATT-004156,EMP-0454,2025-10,1/10/2025,22,22,0,0,0,0,0,0,0,0,25.5,100
ATT-004157,EMP-0455,2025-10,1/10/2025,22,22,0,0,0,0,0,0,2,0,0,100
ATT-004158,EMP-0457,2025-10,1/10/2025,22,21,1,0,0,0,0,0,0,0,25,95.45
ATT-004159,EMP-0459,2025-10,1/10/2025,22,21,0,0,1,0,0,1,0,2,0,95.45
ATT-004160,EMP-0460,2025-10,1/10/2025,22,22,0,0,0,0,0,0,0,0,0,100
ATT-004161,EMP-0461,2025-10,1/10/2025,22,22,0,0,0,0,0,0,0,0,0,100
ATT-004162,EMP-0463,2025-10,1/10/2025,22,22,0,0,0,0,0,0,0,0,24,100
ATT-004163,EMP-0464,2025-10,1/10/2025,22,22,0,0,0,0,0,0,4,0,0,100
ATT-004164,EMP-0465,2025-10,1/10/2025,22,20,2,0,0,0,0,0,0,1,0,90.91
ATT-004165,EMP-0466,2025-10,1/10/2025,22,20,0,0,2,0,0,2,0,1,11.5,90.91
ATT-004166,EMP-0467,2025-10,1/10/2025,22,22,0,0,0,0,0,0,0,0,10.5,100
ATT-004167,EMP-0468,2025-10,1/10/2025,22,22,0,0,0,0,0,0,6,0,25,100
ATT-004168,EMP-0469,2025-10,1/10/2025,22,22,0,0,0,0,0,0,6,0,0,100
ATT-004169,EMP-0470,2025-10,1/10/2025,22,22,0,0,0,0,0,0,6,0,0,100
ATT-004170,EMP-0471,2025-10,1/10/2025,22,22,0,0,0,0,0,0,4,0,0,100
ATT-004171,EMP-0472,2025-10,1/10/2025,22,13,0,9,0,0,0,9,0,2,0,59.09
ATT-004172,EMP-0473,2025-10,1/10/2025,22,13,0,9,0,0,0,9,0,4,0,59.09
ATT-004173,EMP-0474,2025-10,1/10/2025,22,22,0,0,0,0,0,0,0,0,12.5,100
ATT-004174,EMP-0475,2025-10,1/10/2025,22,22,0,0,0,0,0,0,0,0,0,100
ATT-004175,EMP-0476,2025-10,1/10/2025,22,18,0,0,0,4,0,4,1,0,0,81.82
ATT-004176,EMP-0478,2025-10,1/10/2025,22,16,0,3,0,0,3,6,3,0,0,72.73
ATT-004177,EMP-0480,2025-10,1/10/2025,22,22,0,0,0,0,0,0,5,1,15,100
ATT-004178,EMP-0481,2025-10,1/10/2025,22,21,1,0,0,0,0,0,0,0,0,95.45
ATT-004179,EMP-0482,2025-10,1/10/2025,22,22,0,0,0,0,0,0,4,2,0,100
ATT-004180,EMP-0483,2025-10,1/10/2025,22,21,1,0,0,0,0,0,0,0,8,95.45
ATT-004181,EMP-0484,2025-10,1/10/2025,22,22,0,0,0,0,0,0,0,2,0,100
ATT-004182,EMP-0485,2025-10,1/10/2025,22,14,0,8,0,0,0,8,3,0,5,63.64
ATT-004183,EMP-0487,2025-10,1/10/2025,22,22,0,0,0,0,0,0,1,0,9,100
ATT-004184,EMP-0488,2025-10,1/10/2025,22,22,0,0,0,0,0,0,0,0,24.5,100
ATT-004185,EMP-0489,2025-10,1/10/2025,22,22,0,0,0,0,0,0,6,0,24.5,100
ATT-004186,EMP-0490,2025-10,1/10/2025,22,22,0,0,0,0,0,0,0,0,0,100
ATT-004187,EMP-0491,2025-10,1/10/2025,22,22,0,0,0,0,0,0,0,0,0,100
ATT-004188,EMP-0492,2025-10,1/10/2025,22,22,0,0,0,0,0,0,0,0,0,100
ATT-004189,EMP-0493,2025-10,1/10/2025,22,22,0,0,0,0,0,0,5,0,0,100
ATT-004190,EMP-0494,2025-10,1/10/2025,22,19,0,0,3,0,0,3,0,0,0,86.36
ATT-004191,EMP-0495,2025-10,1/10/2025,22,22,0,0,0,0,0,0,0,0,0,100
ATT-004192,EMP-0497,2025-10,1/10/2025,22,22,0,0,0,0,0,0,0,0,13.5,100
ATT-004193,EMP-0498,2025-10,1/10/2025,22,19,0,0,0,3,0,3,2,0,0,86.36
ATT-004194,EMP-0499,2025-10,1/10/2025,22,22,0,0,0,0,0,0,1,0,0,100
ATT-004195,EMP-0500,2025-10,1/10/2025,22,22,0,0,0,0,0,0,0,0,0,100
ATT-004196,EMP-0001,2025-11,1/11/2025,21,21,0,0,0,0,0,0,0,0,0,100
ATT-004197,EMP-0003,2025-11,1/11/2025,21,21,0,0,0,0,0,0,0,0,18.5,100
ATT-004198,EMP-0004,2025-11,1/11/2025,21,21,0,0,0,0,0,0,4,0,20,100
ATT-004199,EMP-0005,2025-11,1/11/2025,21,21,0,0,0,0,0,0,0,0,25,100
ATT-004200,EMP-0006,2025-11,1/11/2025,21,20,1,0,0,0,0,0,0,0,10.5,95.24
ATT-004201,EMP-0007,2025-11,1/11/2025,21,21,0,0,0,0,0,0,0,0,2,100
ATT-004202,EMP-0008,2025-11,1/11/2025,21,20,1,0,0,0,0,0,0,0,2.5,95.24
ATT-004203,EMP-0009,2025-11,1/11/2025,21,20,0,0,1,0,0,1,0,0,0,95.24
ATT-004204,EMP-0010,2025-11,1/11/2025,21,14,0,7,0,0,0,7,0,0,0,66.67
ATT-004205,EMP-0011,2025-11,1/11/2025,21,21,0,0,0,0,0,0,3,0,0,100
ATT-004206,EMP-0014,2025-11,1/11/2025,21,18,1,0,0,0,2,2,0,0,0,85.71
ATT-004207,EMP-0015,2025-11,1/11/2025,21,14,0,7,0,0,0,7,6,0,17,66.67
ATT-004208,EMP-0016,2025-11,1/11/2025,21,20,0,1,0,0,0,1,0,0,0,95.24
ATT-004209,EMP-0017,2025-11,1/11/2025,21,21,0,0,0,0,0,0,0,2,0,100
ATT-004210,EMP-0018,2025-11,1/11/2025,21,21,0,0,0,0,0,0,4,0,0,100
ATT-004211,EMP-0019,2025-11,1/11/2025,21,21,0,0,0,0,0,0,5,0,14,100
ATT-004212,EMP-0020,2025-11,1/11/2025,21,21,0,0,0,0,0,0,0,3,0,100
ATT-004213,EMP-0021,2025-11,1/11/2025,21,21,0,0,0,0,0,0,5,0,17.5,100
ATT-004214,EMP-0022,2025-11,1/11/2025,21,18,0,0,3,0,0,3,3,0,0,85.71
ATT-004215,EMP-0023,2025-11,1/11/2025,21,20,1,0,0,0,0,0,0,0,24.5,95.24
ATT-004216,EMP-0024,2025-11,1/11/2025,21,21,0,0,0,0,0,0,0,0,0,100
ATT-004217,EMP-0025,2025-11,1/11/2025,21,13,0,8,0,0,0,8,0,0,11.5,61.9
ATT-004218,EMP-0026,2025-11,1/11/2025,21,21,0,0,0,0,0,0,0,0,0,100
ATT-004219,EMP-0027,2025-11,1/11/2025,21,18,0,0,3,0,0,3,0,0,17,85.71
ATT-004220,EMP-0028,2025-11,1/11/2025,21,20,0,0,1,0,0,1,5,0,0,95.24
ATT-004221,EMP-0029,2025-11,1/11/2025,21,21,0,0,0,0,0,0,0,0,0,100
ATT-004222,EMP-0030,2025-11,1/11/2025,21,8,2,10,0,0,1,11,3,0,21,38.1
ATT-004223,EMP-0031,2025-11,1/11/2025,21,21,0,0,0,0,0,0,4,0,19.5,100
ATT-004224,EMP-0032,2025-11,1/11/2025,21,21,0,0,0,0,0,0,0,0,22.5,100
ATT-004225,EMP-0034,2025-11,1/11/2025,21,19,2,0,0,0,0,0,6,2,0,90.48
ATT-004226,EMP-0035,2025-11,1/11/2025,21,21,0,0,0,0,0,0,1,0,0,100
ATT-004227,EMP-0036,2025-11,1/11/2025,21,17,0,4,0,0,0,4,3,0,5,80.95
ATT-004228,EMP-0037,2025-11,1/11/2025,21,21,0,0,0,0,0,0,0,0,15,100
ATT-004229,EMP-0038,2025-11,1/11/2025,21,21,0,0,0,0,0,0,0,0,21.5,100
ATT-004230,EMP-0039,2025-11,1/11/2025,21,21,0,0,0,0,0,0,0,0,0,100
ATT-004231,EMP-0040,2025-11,1/11/2025,21,19,2,0,0,0,0,0,4,4,0,90.48
ATT-004232,EMP-0041,2025-11,1/11/2025,21,21,0,0,0,0,0,0,6,0,22,100
ATT-004233,EMP-0042,2025-11,1/11/2025,21,21,0,0,0,0,0,0,2,0,6.5,100
ATT-004234,EMP-0043,2025-11,1/11/2025,21,21,0,0,0,0,0,0,6,0,6.5,100
ATT-004235,EMP-0044,2025-11,1/11/2025,21,21,0,0,0,0,0,0,0,0,17,100
ATT-004236,EMP-0045,2025-11,1/11/2025,21,21,0,0,0,0,0,0,2,0,10.5,100
ATT-004237,EMP-0046,2025-11,1/11/2025,21,21,0,0,0,0,0,0,0,0,16,100
ATT-004238,EMP-0047,2025-11,1/11/2025,21,21,0,0,0,0,0,0,0,0,0,100
ATT-004239,EMP-0048,2025-11,1/11/2025,21,19,0,0,2,0,0,2,2,2,0,90.48
ATT-004240,EMP-0049,2025-11,1/11/2025,21,21,0,0,0,0,0,0,0,0,0,100
ATT-004241,EMP-0050,2025-11,1/11/2025,21,21,0,0,0,0,0,0,0,0,0,100
ATT-004242,EMP-0051,2025-11,1/11/2025,21,21,0,0,0,0,0,0,0,0,0,100
ATT-004243,EMP-0052,2025-11,1/11/2025,21,21,0,0,0,0,0,0,0,0,7,100
ATT-004244,EMP-0053,2025-11,1/11/2025,21,21,0,0,0,0,0,0,0,0,10,100
ATT-004245,EMP-0055,2025-11,1/11/2025,21,11,1,9,0,0,0,9,0,0,0,52.38
ATT-004246,EMP-0057,2025-11,1/11/2025,21,21,0,0,0,0,0,0,0,3,20,100
ATT-004247,EMP-0058,2025-11,1/11/2025,21,21,0,0,0,0,0,0,0,0,18,100
ATT-004248,EMP-0059,2025-11,1/11/2025,21,21,0,0,0,0,0,0,0,0,0,100
ATT-004249,EMP-0060,2025-11,1/11/2025,21,21,0,0,0,0,0,0,0,0,9,100
ATT-004250,EMP-0062,2025-11,1/11/2025,21,21,0,0,0,0,0,0,0,0,25.5,100
ATT-004251,EMP-0063,2025-11,1/11/2025,21,21,0,0,0,0,0,0,2,0,7.5,100
ATT-004252,EMP-0064,2025-11,1/11/2025,21,21,0,0,0,0,0,0,0,0,0,100
ATT-004253,EMP-0065,2025-11,1/11/2025,21,11,0,10,0,0,0,10,0,0,0,52.38
ATT-004254,EMP-0066,2025-11,1/11/2025,21,21,0,0,0,0,0,0,0,0,15,100
ATT-004255,EMP-0067,2025-11,1/11/2025,21,21,0,0,0,0,0,0,4,0,21.5,100
ATT-004256,EMP-0068,2025-11,1/11/2025,21,13,0,8,0,0,0,8,4,2,9,61.9
ATT-004257,EMP-0069,2025-11,1/11/2025,21,21,0,0,0,0,0,0,0,0,0,100
ATT-004258,EMP-0070,2025-11,1/11/2025,21,21,0,0,0,0,0,0,2,0,4,100
ATT-004259,EMP-0071,2025-11,1/11/2025,21,21,0,0,0,0,0,0,0,0,0,100
ATT-004260,EMP-0072,2025-11,1/11/2025,21,18,0,0,0,3,0,3,0,1,6,85.71
ATT-004261,EMP-0073,2025-11,1/11/2025,21,20,1,0,0,0,0,0,4,1,0,95.24
ATT-004262,EMP-0074,2025-11,1/11/2025,21,21,0,0,0,0,0,0,4,2,2,100
ATT-004263,EMP-0076,2025-11,1/11/2025,21,11,1,9,0,0,0,9,0,0,12,52.38
ATT-004264,EMP-0077,2025-11,1/11/2025,21,21,0,0,0,0,0,0,2,0,0,100
ATT-004265,EMP-0079,2025-11,1/11/2025,21,18,0,0,3,0,0,3,0,0,13,85.71
ATT-004266,EMP-0080,2025-11,1/11/2025,21,21,0,0,0,0,0,0,5,0,0,100
ATT-004267,EMP-0081,2025-11,1/11/2025,21,21,0,0,0,0,0,0,0,0,0,100
ATT-004268,EMP-0082,2025-11,1/11/2025,21,21,0,0,0,0,0,0,1,0,0,100
ATT-004269,EMP-0083,2025-11,1/11/2025,21,21,0,0,0,0,0,0,6,0,0,100
ATT-004270,EMP-0084,2025-11,1/11/2025,21,21,0,0,0,0,0,0,0,3,12.5,100
ATT-004271,EMP-0086,2025-11,1/11/2025,21,21,0,0,0,0,0,0,5,0,0,100
ATT-004272,EMP-0087,2025-11,1/11/2025,21,21,0,0,0,0,0,0,3,0,0,100
ATT-004273,EMP-0088,2025-11,1/11/2025,21,21,0,0,0,0,0,0,6,0,0,100
ATT-004274,EMP-0089,2025-11,1/11/2025,21,21,0,0,0,0,0,0,0,0,0,100
ATT-004275,EMP-0091,2025-11,1/11/2025,21,21,0,0,0,0,0,0,0,0,0,100
ATT-004276,EMP-0092,2025-11,1/11/2025,21,12,0,9,0,0,0,9,0,0,3,57.14
ATT-004277,EMP-0093,2025-11,1/11/2025,21,21,0,0,0,0,0,0,0,0,10,100
ATT-004278,EMP-0095,2025-11,1/11/2025,21,20,0,0,1,0,0,1,0,0,14,95.24
ATT-004279,EMP-0097,2025-11,1/11/2025,21,21,0,0,0,0,0,0,0,0,2,100
ATT-004280,EMP-0098,2025-11,1/11/2025,21,21,0,0,0,0,0,0,5,0,25,100
ATT-004281,EMP-0099,2025-11,1/11/2025,21,21,0,0,0,0,0,0,0,2,0,100
ATT-004282,EMP-0100,2025-11,1/11/2025,21,21,0,0,0,0,0,0,0,0,18.5,100
ATT-004283,EMP-0102,2025-11,1/11/2025,21,21,0,0,0,0,0,0,0,0,20,100
ATT-004284,EMP-0103,2025-11,1/11/2025,21,18,0,3,0,0,0,3,4,0,22,85.71
ATT-004285,EMP-0104,2025-11,1/11/2025,21,21,0,0,0,0,0,0,0,2,22,100
ATT-004286,EMP-0105,2025-11,1/11/2025,21,21,0,0,0,0,0,0,0,0,8.5,100
ATT-004287,EMP-0106,2025-11,1/11/2025,21,21,0,0,0,0,0,0,0,0,0,100
ATT-004288,EMP-0107,2025-11,1/11/2025,21,21,0,0,0,0,0,0,0,0,0,100
ATT-004289,EMP-0108,2025-11,1/11/2025,21,21,0,0,0,0,0,0,0,0,6.5,100
ATT-004290,EMP-0109,2025-11,1/11/2025,21,18,0,0,3,0,0,3,0,0,0,85.71
ATT-004291,EMP-0111,2025-11,1/11/2025,21,20,0,0,1,0,0,1,0,0,0,95.24
ATT-004292,EMP-0112,2025-11,1/11/2025,21,21,0,0,0,0,0,0,0,0,0,100
ATT-004293,EMP-0113,2025-11,1/11/2025,21,20,1,0,0,0,0,0,1,0,18,95.24
ATT-004294,EMP-0114,2025-11,1/11/2025,21,21,0,0,0,0,0,0,0,4,7,100
ATT-004295,EMP-0116,2025-11,1/11/2025,21,20,0,0,0,0,1,1,0,0,0,95.24
ATT-004296,EMP-0117,2025-11,1/11/2025,21,21,0,0,0,0,0,0,1,0,0,100
ATT-004297,EMP-0118,2025-11,1/11/2025,21,21,0,0,0,0,0,0,0,2,0,100
ATT-004298,EMP-0119,2025-11,1/11/2025,21,21,0,0,0,0,0,0,1,0,0,100
ATT-004299,EMP-0120,2025-11,1/11/2025,21,12,0,6,0,3,0,9,3,0,0,57.14
ATT-004300,EMP-0121,2025-11,1/11/2025,21,21,0,0,0,0,0,0,0,2,5.5,100
ATT-004301,EMP-0122,2025-11,1/11/2025,21,21,0,0,0,0,0,0,0,0,8,100
ATT-004302,EMP-0123,2025-11,1/11/2025,21,12,0,9,0,0,0,9,2,0,0,57.14
ATT-004303,EMP-0124,2025-11,1/11/2025,21,21,0,0,0,0,0,0,0,0,0,100
ATT-004304,EMP-0126,2025-11,1/11/2025,21,21,0,0,0,0,0,0,2,0,0,100
ATT-004305,EMP-0127,2025-11,1/11/2025,21,17,0,4,0,0,0,4,1,0,0,80.95
ATT-004306,EMP-0129,2025-11,1/11/2025,21,21,0,0,0,0,0,0,6,0,16,100
ATT-004307,EMP-0130,2025-11,1/11/2025,21,21,0,0,0,0,0,0,4,0,17,100
ATT-004308,EMP-0131,2025-11,1/11/2025,21,21,0,0,0,0,0,0,0,3,0,100
ATT-004309,EMP-0132,2025-11,1/11/2025,21,17,0,1,3,0,0,4,1,0,0,80.95
ATT-004310,EMP-0133,2025-11,1/11/2025,21,21,0,0,0,0,0,0,0,0,24.5,100
ATT-004311,EMP-0134,2025-11,1/11/2025,21,21,0,0,0,0,0,0,0,0,0,100
ATT-004312,EMP-0135,2025-11,1/11/2025,21,11,0,10,0,0,0,10,3,0,23,52.38
ATT-004313,EMP-0136,2025-11,1/11/2025,21,21,0,0,0,0,0,0,0,0,0,100
ATT-004314,EMP-0137,2025-11,1/11/2025,21,21,0,0,0,0,0,0,0,0,0,100
ATT-004315,EMP-0138,2025-11,1/11/2025,21,17,0,4,0,0,0,4,0,0,0,80.95
ATT-004316,EMP-0140,2025-11,1/11/2025,21,21,0,0,0,0,0,0,1,0,0,100
ATT-004317,EMP-0141,2025-11,1/11/2025,21,21,0,0,0,0,0,0,5,0,0,100
ATT-004318,EMP-0142,2025-11,1/11/2025,21,18,0,1,2,0,0,3,0,0,18.5,85.71
ATT-004319,EMP-0145,2025-11,1/11/2025,21,21,0,0,0,0,0,0,0,0,23,100
ATT-004320,EMP-0146,2025-11,1/11/2025,21,21,0,0,0,0,0,0,0,3,6.5,100
ATT-004321,EMP-0147,2025-11,1/11/2025,21,21,0,0,0,0,0,0,0,0,5.5,100
ATT-004322,EMP-0149,2025-11,1/11/2025,21,21,0,0,0,0,0,0,0,2,22.5,100
ATT-004323,EMP-0150,2025-11,1/11/2025,21,21,0,0,0,0,0,0,0,0,25,100
ATT-004324,EMP-0151,2025-11,1/11/2025,21,21,0,0,0,0,0,0,0,0,26,100
ATT-004325,EMP-0152,2025-11,1/11/2025,21,21,0,0,0,0,0,0,0,0,0,100
ATT-004326,EMP-0153,2025-11,1/11/2025,21,21,0,0,0,0,0,0,0,0,9,100
ATT-004327,EMP-0155,2025-11,1/11/2025,21,21,0,0,0,0,0,0,0,0,0,100
ATT-004328,EMP-0157,2025-11,1/11/2025,21,21,0,0,0,0,0,0,0,0,4,100
ATT-004329,EMP-0158,2025-11,1/11/2025,21,21,0,0,0,0,0,0,0,0,0,100
ATT-004330,EMP-0159,2025-11,1/11/2025,21,20,1,0,0,0,0,0,0,4,5.5,95.24
ATT-004331,EMP-0160,2025-11,1/11/2025,21,21,0,0,0,0,0,0,0,0,17.5,100
ATT-004332,EMP-0161,2025-11,1/11/2025,21,21,0,0,0,0,0,0,0,0,0,100
ATT-004333,EMP-0162,2025-11,1/11/2025,21,21,0,0,0,0,0,0,0,0,2.5,100
ATT-004334,EMP-0163,2025-11,1/11/2025,21,21,0,0,0,0,0,0,4,0,4,100
ATT-004335,EMP-0164,2025-11,1/11/2025,21,21,0,0,0,0,0,0,2,3,0,100
ATT-004336,EMP-0165,2025-11,1/11/2025,21,21,0,0,0,0,0,0,5,0,7,100
ATT-004337,EMP-0167,2025-11,1/11/2025,21,16,0,2,3,0,0,5,0,0,6,76.19
ATT-004338,EMP-0168,2025-11,1/11/2025,21,18,0,0,3,0,0,3,0,0,0,85.71
ATT-004339,EMP-0169,2025-11,1/11/2025,21,21,0,0,0,0,0,0,0,0,0,100
ATT-004340,EMP-0170,2025-11,1/11/2025,21,21,0,0,0,0,0,0,6,0,0,100
ATT-004341,EMP-0171,2025-11,1/11/2025,21,20,1,0,0,0,0,0,0,1,0,95.24
ATT-004342,EMP-0172,2025-11,1/11/2025,21,20,1,0,0,0,0,0,0,0,6,95.24
ATT-004343,EMP-0173,2025-11,1/11/2025,21,21,0,0,0,0,0,0,3,0,0,100
ATT-004344,EMP-0174,2025-11,1/11/2025,21,15,0,5,1,0,0,6,0,0,5.5,71.43
ATT-004345,EMP-0175,2025-11,1/11/2025,21,21,0,0,0,0,0,0,6,0,0,100
ATT-004346,EMP-0176,2025-11,1/11/2025,21,13,0,8,0,0,0,8,0,3,3.5,61.9
ATT-004347,EMP-0177,2025-11,1/11/2025,21,21,0,0,0,0,0,0,1,2,8.5,100
ATT-004348,EMP-0178,2025-11,1/11/2025,21,21,0,0,0,0,0,0,0,0,0,100
ATT-004349,EMP-0180,2025-11,1/11/2025,21,16,0,5,0,0,0,5,1,0,15,76.19
ATT-004350,EMP-0181,2025-11,1/11/2025,21,21,0,0,0,0,0,0,0,0,13,100
ATT-004351,EMP-0182,2025-11,1/11/2025,21,16,0,5,0,0,0,5,6,0,0,76.19
ATT-004352,EMP-0183,2025-11,1/11/2025,21,21,0,0,0,0,0,0,0,0,0,100
ATT-004353,EMP-0184,2025-11,1/11/2025,21,21,0,0,0,0,0,0,3,0,19.5,100
ATT-004354,EMP-0186,2025-11,1/11/2025,21,21,0,0,0,0,0,0,0,1,0,100
ATT-004355,EMP-0187,2025-11,1/11/2025,21,21,0,0,0,0,0,0,4,0,18.5,100
ATT-004356,EMP-0188,2025-11,1/11/2025,21,21,0,0,0,0,0,0,0,0,0,100
ATT-004357,EMP-0189,2025-11,1/11/2025,21,21,0,0,0,0,0,0,6,0,10,100
ATT-004358,EMP-0190,2025-11,1/11/2025,21,16,0,5,0,0,0,5,0,1,9.5,76.19
ATT-004359,EMP-0191,2025-11,1/11/2025,21,12,0,9,0,0,0,9,2,0,0,57.14
ATT-004360,EMP-0193,2025-11,1/11/2025,21,21,0,0,0,0,0,0,0,1,0,100
ATT-004361,EMP-0194,2025-11,1/11/2025,21,21,0,0,0,0,0,0,0,0,20,100
ATT-004362,EMP-0195,2025-11,1/11/2025,21,21,0,0,0,0,0,0,0,0,21,100
ATT-004363,EMP-0196,2025-11,1/11/2025,21,21,0,0,0,0,0,0,4,0,7.5,100
ATT-004364,EMP-0197,2025-11,1/11/2025,21,18,1,0,2,0,0,2,0,0,0,85.71
ATT-004365,EMP-0198,2025-11,1/11/2025,21,21,0,0,0,0,0,0,6,0,5.5,100
ATT-004366,EMP-0199,2025-11,1/11/2025,21,16,0,5,0,0,0,5,0,0,0,76.19
ATT-004367,EMP-0200,2025-11,1/11/2025,21,21,0,0,0,0,0,0,6,1,15.5,100
ATT-004368,EMP-0201,2025-11,1/11/2025,21,21,0,0,0,0,0,0,0,1,0,100
ATT-004369,EMP-0202,2025-11,1/11/2025,21,18,0,0,0,0,3,3,0,3,0,85.71
ATT-004370,EMP-0203,2025-11,1/11/2025,21,16,0,5,0,0,0,5,0,0,5.5,76.19
ATT-004371,EMP-0205,2025-11,1/11/2025,21,21,0,0,0,0,0,0,0,0,0,100
ATT-004372,EMP-0207,2025-11,1/11/2025,21,18,0,0,0,0,3,3,6,0,16.5,85.71
ATT-004373,EMP-0208,2025-11,1/11/2025,21,18,0,0,0,0,3,3,1,0,0,85.71
ATT-004374,EMP-0209,2025-11,1/11/2025,21,21,0,0,0,0,0,0,3,0,22,100
ATT-004375,EMP-0210,2025-11,1/11/2025,21,19,2,0,0,0,0,0,6,3,11.5,90.48
ATT-004376,EMP-0211,2025-11,1/11/2025,21,21,0,0,0,0,0,0,2,1,18,100
ATT-004377,EMP-0212,2025-11,1/11/2025,21,21,0,0,0,0,0,0,0,0,3,100
ATT-004378,EMP-0213,2025-11,1/11/2025,21,19,1,0,0,0,1,1,5,2,0,90.48
ATT-004379,EMP-0214,2025-11,1/11/2025,21,21,0,0,0,0,0,0,0,4,0,100
ATT-004380,EMP-0215,2025-11,1/11/2025,21,13,0,8,0,0,0,8,0,1,4,61.9
ATT-004381,EMP-0216,2025-11,1/11/2025,21,21,0,0,0,0,0,0,3,0,19,100
ATT-004382,EMP-0217,2025-11,1/11/2025,21,21,0,0,0,0,0,0,0,0,0,100
ATT-004383,EMP-0218,2025-11,1/11/2025,21,21,0,0,0,0,0,0,0,0,4,100
ATT-004384,EMP-0219,2025-11,1/11/2025,21,18,0,0,3,0,0,3,0,0,0,85.71
ATT-004385,EMP-0220,2025-11,1/11/2025,21,21,0,0,0,0,0,0,0,0,0,100
ATT-004386,EMP-0221,2025-11,1/11/2025,21,21,0,0,0,0,0,0,4,0,0,100
ATT-004387,EMP-0222,2025-11,1/11/2025,21,11,0,10,0,0,0,10,2,0,0,52.38
ATT-004388,EMP-0223,2025-11,1/11/2025,21,18,0,0,0,0,3,3,4,0,23.5,85.71
ATT-004389,EMP-0225,2025-11,1/11/2025,21,21,0,0,0,0,0,0,0,0,10,100
ATT-004390,EMP-0226,2025-11,1/11/2025,21,21,0,0,0,0,0,0,0,0,7.5,100
ATT-004391,EMP-0227,2025-11,1/11/2025,21,21,0,0,0,0,0,0,2,0,9.5,100
ATT-004392,EMP-0228,2025-11,1/11/2025,21,21,0,0,0,0,0,0,0,0,0,100
ATT-004393,EMP-0229,2025-11,1/11/2025,21,21,0,0,0,0,0,0,0,0,23.5,100
ATT-004394,EMP-0230,2025-11,1/11/2025,21,17,0,4,0,0,0,4,0,0,0,80.95
ATT-004395,EMP-0231,2025-11,1/11/2025,21,21,0,0,0,0,0,0,0,0,0,100
ATT-004396,EMP-0232,2025-11,1/11/2025,21,18,0,0,3,0,0,3,0,3,25,85.71
ATT-004397,EMP-0234,2025-11,1/11/2025,21,21,0,0,0,0,0,0,0,3,26,100
ATT-004398,EMP-0236,2025-11,1/11/2025,21,21,0,0,0,0,0,0,0,0,24.5,100
ATT-004399,EMP-0237,2025-11,1/11/2025,21,21,0,0,0,0,0,0,1,0,22.5,100
ATT-004400,EMP-0238,2025-11,1/11/2025,21,21,0,0,0,0,0,0,3,0,0,100
ATT-004401,EMP-0239,2025-11,1/11/2025,21,21,0,0,0,0,0,0,0,0,0,100
ATT-004402,EMP-0240,2025-11,1/11/2025,21,21,0,0,0,0,0,0,0,0,0,100
ATT-004403,EMP-0241,2025-11,1/11/2025,21,21,0,0,0,0,0,0,0,1,8.5,100
ATT-004404,EMP-0242,2025-11,1/11/2025,21,21,0,0,0,0,0,0,0,0,19.5,100
ATT-004405,EMP-0243,2025-11,1/11/2025,21,19,2,0,0,0,0,0,0,0,6,90.48
ATT-004406,EMP-0244,2025-11,1/11/2025,21,16,2,0,0,3,0,3,4,3,0,76.19
ATT-004407,EMP-0245,2025-11,1/11/2025,21,21,0,0,0,0,0,0,4,0,11,100
ATT-004408,EMP-0246,2025-11,1/11/2025,21,21,0,0,0,0,0,0,4,0,0,100
ATT-004409,EMP-0247,2025-11,1/11/2025,21,21,0,0,0,0,0,0,0,0,21,100
ATT-004410,EMP-0248,2025-11,1/11/2025,21,21,0,0,0,0,0,0,0,1,24.5,100
ATT-004411,EMP-0249,2025-11,1/11/2025,21,20,1,0,0,0,0,0,4,0,22,95.24
ATT-004412,EMP-0250,2025-11,1/11/2025,21,11,0,10,0,0,0,10,2,0,3.5,52.38
ATT-004413,EMP-0251,2025-11,1/11/2025,21,21,0,0,0,0,0,0,2,2,24.5,100
ATT-004414,EMP-0252,2025-11,1/11/2025,21,19,2,0,0,0,0,0,0,1,0,90.48
ATT-004415,EMP-0253,2025-11,1/11/2025,21,21,0,0,0,0,0,0,0,4,0,100
ATT-004416,EMP-0254,2025-11,1/11/2025,21,19,2,0,0,0,0,0,4,1,23,90.48
ATT-004417,EMP-0255,2025-11,1/11/2025,21,20,0,0,0,1,0,1,0,0,0,95.24
ATT-004418,EMP-0256,2025-11,1/11/2025,21,21,0,0,0,0,0,0,0,0,20,100
ATT-004419,EMP-0257,2025-11,1/11/2025,21,21,0,0,0,0,0,0,0,0,20,100
ATT-004420,EMP-0258,2025-11,1/11/2025,21,12,0,9,0,0,0,9,0,3,0,57.14
ATT-004421,EMP-0260,2025-11,1/11/2025,21,20,0,1,0,0,0,1,6,0,0,95.24
ATT-004422,EMP-0261,2025-11,1/11/2025,21,21,0,0,0,0,0,0,6,3,17.5,100
ATT-004423,EMP-0262,2025-11,1/11/2025,21,21,0,0,0,0,0,0,0,1,22.5,100
ATT-004424,EMP-0263,2025-11,1/11/2025,21,20,0,0,0,0,1,1,0,0,22,95.24
ATT-004425,EMP-0264,2025-11,1/11/2025,21,21,0,0,0,0,0,0,0,0,0,100
ATT-004426,EMP-0265,2025-11,1/11/2025,21,21,0,0,0,0,0,0,0,0,0,100
ATT-004427,EMP-0266,2025-11,1/11/2025,21,15,0,5,0,1,0,6,0,0,19,71.43
ATT-004428,EMP-0267,2025-11,1/11/2025,21,21,0,0,0,0,0,0,5,0,10,100
ATT-004429,EMP-0268,2025-11,1/11/2025,21,21,0,0,0,0,0,0,4,0,16.5,100
ATT-004430,EMP-0269,2025-11,1/11/2025,21,21,0,0,0,0,0,0,4,0,24,100
ATT-004431,EMP-0270,2025-11,1/11/2025,21,21,0,0,0,0,0,0,0,0,9.5,100
ATT-004432,EMP-0272,2025-11,1/11/2025,21,21,0,0,0,0,0,0,0,0,20,100
ATT-004433,EMP-0273,2025-11,1/11/2025,21,21,0,0,0,0,0,0,5,0,24.5,100
ATT-004434,EMP-0274,2025-11,1/11/2025,21,21,0,0,0,0,0,0,0,0,6,100
ATT-004435,EMP-0275,2025-11,1/11/2025,21,21,0,0,0,0,0,0,0,0,4,100
ATT-004436,EMP-0276,2025-11,1/11/2025,21,21,0,0,0,0,0,0,0,0,8,100
ATT-004437,EMP-0277,2025-11,1/11/2025,21,21,0,0,0,0,0,0,5,0,0,100
ATT-004438,EMP-0278,2025-11,1/11/2025,21,16,0,5,0,0,0,5,0,1,0,76.19
ATT-004439,EMP-0279,2025-11,1/11/2025,21,21,0,0,0,0,0,0,0,0,21.5,100
ATT-004440,EMP-0280,2025-11,1/11/2025,21,21,0,0,0,0,0,0,0,3,12,100
ATT-004441,EMP-0281,2025-11,1/11/2025,21,21,0,0,0,0,0,0,0,3,12.5,100
ATT-004442,EMP-0282,2025-11,1/11/2025,21,21,0,0,0,0,0,0,0,0,0,100
ATT-004443,EMP-0283,2025-11,1/11/2025,21,20,1,0,0,0,0,0,0,2,0,95.24
ATT-004444,EMP-0286,2025-11,1/11/2025,21,21,0,0,0,0,0,0,0,0,11,100
ATT-004445,EMP-0287,2025-11,1/11/2025,21,18,0,0,3,0,0,3,5,0,10.5,85.71
ATT-004446,EMP-0288,2025-11,1/11/2025,21,21,0,0,0,0,0,0,4,0,0,100
ATT-004447,EMP-0290,2025-11,1/11/2025,21,20,0,0,1,0,0,1,0,0,0,95.24
ATT-004448,EMP-0292,2025-11,1/11/2025,21,21,0,0,0,0,0,0,1,0,19,100
ATT-004449,EMP-0293,2025-11,1/11/2025,21,21,0,0,0,0,0,0,0,0,21.5,100
ATT-004450,EMP-0294,2025-11,1/11/2025,21,12,0,7,2,0,0,9,3,0,0,57.14
ATT-004451,EMP-0295,2025-11,1/11/2025,21,21,0,0,0,0,0,0,0,0,9.5,100
ATT-004452,EMP-0296,2025-11,1/11/2025,21,21,0,0,0,0,0,0,5,0,0,100
ATT-004453,EMP-0297,2025-11,1/11/2025,21,16,0,5,0,0,0,5,5,1,3,76.19
ATT-004454,EMP-0299,2025-11,1/11/2025,21,21,0,0,0,0,0,0,4,0,14.5,100
ATT-004455,EMP-0300,2025-11,1/11/2025,21,13,2,6,0,0,0,6,0,3,21.5,61.9
ATT-004456,EMP-0301,2025-11,1/11/2025,21,11,2,8,0,0,0,8,0,0,11,52.38
ATT-004457,EMP-0303,2025-11,1/11/2025,21,21,0,0,0,0,0,0,0,0,0,100
ATT-004458,EMP-0304,2025-11,1/11/2025,21,21,0,0,0,0,0,0,0,0,20,100
ATT-004459,EMP-0305,2025-11,1/11/2025,21,21,0,0,0,0,0,0,3,0,5,100
ATT-004460,EMP-0306,2025-11,1/11/2025,21,21,0,0,0,0,0,0,0,0,11,100
ATT-004461,EMP-0307,2025-11,1/11/2025,21,21,0,0,0,0,0,0,6,0,0,100
ATT-004462,EMP-0308,2025-11,1/11/2025,21,21,0,0,0,0,0,0,0,0,12,100
ATT-004463,EMP-0309,2025-11,1/11/2025,21,21,0,0,0,0,0,0,0,0,12.5,100
ATT-004464,EMP-0310,2025-11,1/11/2025,21,21,0,0,0,0,0,0,3,0,4.5,100
ATT-004465,EMP-0311,2025-11,1/11/2025,21,18,0,0,0,0,3,3,1,0,23,85.71
ATT-004466,EMP-0312,2025-11,1/11/2025,21,16,0,5,0,0,0,5,0,0,22,76.19
ATT-004467,EMP-0313,2025-11,1/11/2025,21,19,2,0,0,0,0,0,0,0,9.5,90.48
ATT-004468,EMP-0314,2025-11,1/11/2025,21,21,0,0,0,0,0,0,0,1,0,100
ATT-004469,EMP-0315,2025-11,1/11/2025,21,21,0,0,0,0,0,0,6,0,0,100
ATT-004470,EMP-0316,2025-11,1/11/2025,21,21,0,0,0,0,0,0,4,0,12.5,100
ATT-004471,EMP-0318,2025-11,1/11/2025,21,18,0,3,0,0,0,3,0,0,3.5,85.71
ATT-004472,EMP-0320,2025-11,1/11/2025,21,21,0,0,0,0,0,0,0,0,0,100
ATT-004473,EMP-0321,2025-11,1/11/2025,21,20,1,0,0,0,0,0,0,0,0,95.24
ATT-004474,EMP-0322,2025-11,1/11/2025,21,21,0,0,0,0,0,0,0,0,16.5,100
ATT-004475,EMP-0324,2025-11,1/11/2025,21,21,0,0,0,0,0,0,0,0,13.5,100
ATT-004476,EMP-0325,2025-11,1/11/2025,21,21,0,0,0,0,0,0,1,0,18.5,100
ATT-004477,EMP-0326,2025-11,1/11/2025,21,21,0,0,0,0,0,0,3,2,0,100
ATT-004478,EMP-0327,2025-11,1/11/2025,21,21,0,0,0,0,0,0,0,0,8,100
ATT-004479,EMP-0328,2025-11,1/11/2025,21,21,0,0,0,0,0,0,5,0,0,100
ATT-004480,EMP-0329,2025-11,1/11/2025,21,21,0,0,0,0,0,0,4,0,6.5,100
ATT-004481,EMP-0331,2025-11,1/11/2025,21,17,0,4,0,0,0,4,0,0,2,80.95
ATT-004482,EMP-0332,2025-11,1/11/2025,21,21,0,0,0,0,0,0,0,0,0,100
ATT-004483,EMP-0333,2025-11,1/11/2025,21,19,2,0,0,0,0,0,0,0,14.5,90.48
ATT-004484,EMP-0334,2025-11,1/11/2025,21,11,0,9,1,0,0,10,0,4,23,52.38
ATT-004485,EMP-0335,2025-11,1/11/2025,21,21,0,0,0,0,0,0,6,0,0,100
ATT-004486,EMP-0336,2025-11,1/11/2025,21,21,0,0,0,0,0,0,2,0,0,100
ATT-004487,EMP-0337,2025-11,1/11/2025,21,20,0,0,0,0,1,1,0,0,0,95.24
ATT-004488,EMP-0338,2025-11,1/11/2025,21,21,0,0,0,0,0,0,2,0,17,100
ATT-004489,EMP-0339,2025-11,1/11/2025,21,21,0,0,0,0,0,0,3,4,11,100
ATT-004490,EMP-0340,2025-11,1/11/2025,21,21,0,0,0,0,0,0,0,0,0,100
ATT-004491,EMP-0341,2025-11,1/11/2025,21,21,0,0,0,0,0,0,0,0,0,100
ATT-004492,EMP-0342,2025-11,1/11/2025,21,17,0,4,0,0,0,4,0,4,18,80.95
ATT-004493,EMP-0343,2025-11,1/11/2025,21,13,0,8,0,0,0,8,0,0,0,61.9
ATT-004494,EMP-0344,2025-11,1/11/2025,21,21,0,0,0,0,0,0,0,0,0,100
ATT-004495,EMP-0347,2025-11,1/11/2025,21,21,0,0,0,0,0,0,0,0,20,100
ATT-004496,EMP-0349,2025-11,1/11/2025,21,21,0,0,0,0,0,0,6,0,16,100
ATT-004497,EMP-0350,2025-11,1/11/2025,21,19,2,0,0,0,0,0,0,0,0,90.48
ATT-004498,EMP-0352,2025-11,1/11/2025,21,21,0,0,0,0,0,0,0,0,11.5,100
ATT-004499,EMP-0353,2025-11,1/11/2025,21,21,0,0,0,0,0,0,0,0,24,100
ATT-004500,EMP-0354,2025-11,1/11/2025,21,21,0,0,0,0,0,0,0,0,13.5,100
ATT-004501,EMP-0355,2025-11,1/11/2025,21,19,0,0,0,0,2,2,5,0,19.5,90.48
ATT-004502,EMP-0356,2025-11,1/11/2025,21,21,0,0,0,0,0,0,0,2,10.5,100
ATT-004503,EMP-0357,2025-11,1/11/2025,21,21,0,0,0,0,0,0,0,0,13,100
ATT-004504,EMP-0358,2025-11,1/11/2025,21,19,1,0,1,0,0,1,5,0,3,90.48
ATT-004505,EMP-0359,2025-11,1/11/2025,21,11,0,10,0,0,0,10,0,0,8.5,52.38
ATT-004506,EMP-0360,2025-11,1/11/2025,21,21,0,0,0,0,0,0,0,0,2,100
ATT-004507,EMP-0361,2025-11,1/11/2025,21,21,0,0,0,0,0,0,0,4,0,100
ATT-004508,EMP-0363,2025-11,1/11/2025,21,21,0,0,0,0,0,0,0,0,0,100
ATT-004509,EMP-0364,2025-11,1/11/2025,21,21,0,0,0,0,0,0,0,0,26,100
ATT-004510,EMP-0365,2025-11,1/11/2025,21,21,0,0,0,0,0,0,0,0,0,100
ATT-004511,EMP-0366,2025-11,1/11/2025,21,14,0,7,0,0,0,7,0,0,7.5,66.67
ATT-004512,EMP-0367,2025-11,1/11/2025,21,18,0,0,3,0,0,3,3,3,6.5,85.71
ATT-004513,EMP-0368,2025-11,1/11/2025,21,17,2,0,0,0,2,2,0,0,0,80.95
ATT-004514,EMP-0369,2025-11,1/11/2025,21,21,0,0,0,0,0,0,0,0,18.5,100
ATT-004515,EMP-0370,2025-11,1/11/2025,21,21,0,0,0,0,0,0,0,0,12,100
ATT-004516,EMP-0371,2025-11,1/11/2025,21,21,0,0,0,0,0,0,0,0,18,100
ATT-004517,EMP-0372,2025-11,1/11/2025,21,21,0,0,0,0,0,0,5,0,25,100
ATT-004518,EMP-0373,2025-11,1/11/2025,21,21,0,0,0,0,0,0,3,2,0,100
ATT-004519,EMP-0374,2025-11,1/11/2025,21,21,0,0,0,0,0,0,3,0,0,100
ATT-004520,EMP-0375,2025-11,1/11/2025,21,21,0,0,0,0,0,0,5,0,4,100
ATT-004521,EMP-0376,2025-11,1/11/2025,21,21,0,0,0,0,0,0,4,0,0,100
ATT-004522,EMP-0377,2025-11,1/11/2025,21,21,0,0,0,0,0,0,0,2,0,100
ATT-004523,EMP-0378,2025-11,1/11/2025,21,21,0,0,0,0,0,0,0,0,21,100
ATT-004524,EMP-0379,2025-11,1/11/2025,21,10,2,6,3,0,0,9,0,0,3.5,47.62
ATT-004525,EMP-0381,2025-11,1/11/2025,21,21,0,0,0,0,0,0,0,0,25.5,100
ATT-004526,EMP-0382,2025-11,1/11/2025,21,18,0,0,3,0,0,3,2,0,3,85.71
ATT-004527,EMP-0383,2025-11,1/11/2025,21,21,0,0,0,0,0,0,0,3,0,100
ATT-004528,EMP-0384,2025-11,1/11/2025,21,21,0,0,0,0,0,0,0,0,0,100
ATT-004529,EMP-0385,2025-11,1/11/2025,21,21,0,0,0,0,0,0,0,2,0,100
ATT-004530,EMP-0387,2025-11,1/11/2025,21,17,0,4,0,0,0,4,0,0,2.5,80.95
ATT-004531,EMP-0388,2025-11,1/11/2025,21,21,0,0,0,0,0,0,0,2,21.5,100
ATT-004532,EMP-0389,2025-11,1/11/2025,21,21,0,0,0,0,0,0,0,0,20,100
ATT-004533,EMP-0390,2025-11,1/11/2025,21,21,0,0,0,0,0,0,1,3,16.5,100
ATT-004534,EMP-0391,2025-11,1/11/2025,21,20,0,1,0,0,0,1,0,0,24,95.24
ATT-004535,EMP-0393,2025-11,1/11/2025,21,20,0,0,0,1,0,1,0,0,18,95.24
ATT-004536,EMP-0394,2025-11,1/11/2025,21,21,0,0,0,0,0,0,0,0,3.5,100
ATT-004537,EMP-0395,2025-11,1/11/2025,21,21,0,0,0,0,0,0,0,4,0,100
ATT-004538,EMP-0396,2025-11,1/11/2025,21,21,0,0,0,0,0,0,1,0,0,100
ATT-004539,EMP-0397,2025-11,1/11/2025,21,21,0,0,0,0,0,0,0,0,4.5,100
ATT-004540,EMP-0398,2025-11,1/11/2025,21,20,1,0,0,0,0,0,0,0,0,95.24
ATT-004541,EMP-0399,2025-11,1/11/2025,21,21,0,0,0,0,0,0,0,0,9,100
ATT-004542,EMP-0400,2025-11,1/11/2025,21,19,0,0,2,0,0,2,0,0,0,90.48
ATT-004543,EMP-0402,2025-11,1/11/2025,21,21,0,0,0,0,0,0,0,3,0,100
ATT-004544,EMP-0403,2025-11,1/11/2025,21,21,0,0,0,0,0,0,0,0,0,100
ATT-004545,EMP-0405,2025-11,1/11/2025,21,21,0,0,0,0,0,0,2,1,16.5,100
ATT-004546,EMP-0406,2025-11,1/11/2025,21,21,0,0,0,0,0,0,0,0,0,100
ATT-004547,EMP-0407,2025-11,1/11/2025,21,21,0,0,0,0,0,0,0,1,2.5,100
ATT-004548,EMP-0409,2025-11,1/11/2025,21,20,1,0,0,0,0,0,0,0,0,95.24
ATT-004549,EMP-0410,2025-11,1/11/2025,21,16,0,5,0,0,0,5,0,0,4,76.19
ATT-004550,EMP-0411,2025-11,1/11/2025,21,20,1,0,0,0,0,0,0,0,20.5,95.24
ATT-004551,EMP-0412,2025-11,1/11/2025,21,21,0,0,0,0,0,0,0,4,25.5,100
ATT-004552,EMP-0414,2025-11,1/11/2025,21,21,0,0,0,0,0,0,4,3,0,100
ATT-004553,EMP-0415,2025-11,1/11/2025,21,21,0,0,0,0,0,0,0,0,0,100
ATT-004554,EMP-0416,2025-11,1/11/2025,21,16,0,5,0,0,0,5,5,0,0,76.19
ATT-004555,EMP-0417,2025-11,1/11/2025,21,21,0,0,0,0,0,0,0,0,0,100
ATT-004556,EMP-0418,2025-11,1/11/2025,21,21,0,0,0,0,0,0,2,4,23,100
ATT-004557,EMP-0419,2025-11,1/11/2025,21,21,0,0,0,0,0,0,0,0,25,100
ATT-004558,EMP-0420,2025-11,1/11/2025,21,16,0,5,0,0,0,5,0,0,4,76.19
ATT-004559,EMP-0422,2025-11,1/11/2025,21,21,0,0,0,0,0,0,0,0,0,100
ATT-004560,EMP-0424,2025-11,1/11/2025,21,21,0,0,0,0,0,0,3,0,14,100
ATT-004561,EMP-0425,2025-11,1/11/2025,21,20,1,0,0,0,0,0,0,0,0,95.24
ATT-004562,EMP-0426,2025-11,1/11/2025,21,21,0,0,0,0,0,0,0,0,0,100
ATT-004563,EMP-0427,2025-11,1/11/2025,21,20,1,0,0,0,0,0,0,0,19,95.24
ATT-004564,EMP-0428,2025-11,1/11/2025,21,14,0,7,0,0,0,7,1,0,18.5,66.67
ATT-004565,EMP-0429,2025-11,1/11/2025,21,21,0,0,0,0,0,0,4,3,3,100
ATT-004566,EMP-0430,2025-11,1/11/2025,21,21,0,0,0,0,0,0,1,0,0,100
ATT-004567,EMP-0431,2025-11,1/11/2025,21,17,0,0,0,4,0,4,1,0,0,80.95
ATT-004568,EMP-0432,2025-11,1/11/2025,21,19,2,0,0,0,0,0,2,0,9,90.48
ATT-004569,EMP-0433,2025-11,1/11/2025,21,12,0,9,0,0,0,9,2,0,16.5,57.14
ATT-004570,EMP-0434,2025-11,1/11/2025,21,12,0,9,0,0,0,9,0,0,14,57.14
ATT-004571,EMP-0435,2025-11,1/11/2025,21,18,0,3,0,0,0,3,0,2,12.5,85.71
ATT-004572,EMP-0436,2025-11,1/11/2025,21,21,0,0,0,0,0,0,5,0,0,100
ATT-004573,EMP-0438,2025-11,1/11/2025,21,21,0,0,0,0,0,0,0,0,7,100
ATT-004574,EMP-0439,2025-11,1/11/2025,21,19,0,0,2,0,0,2,2,0,0,90.48
ATT-004575,EMP-0440,2025-11,1/11/2025,21,21,0,0,0,0,0,0,0,0,10.5,100
ATT-004576,EMP-0441,2025-11,1/11/2025,21,19,2,0,0,0,0,0,0,0,0,90.48
ATT-004577,EMP-0442,2025-11,1/11/2025,21,17,0,4,0,0,0,4,0,0,0,80.95
ATT-004578,EMP-0443,2025-11,1/11/2025,21,21,0,0,0,0,0,0,0,0,13.5,100
ATT-004579,EMP-0444,2025-11,1/11/2025,21,21,0,0,0,0,0,0,5,0,0,100
ATT-004580,EMP-0445,2025-11,1/11/2025,21,21,0,0,0,0,0,0,5,0,8,100
ATT-004581,EMP-0446,2025-11,1/11/2025,21,21,0,0,0,0,0,0,0,0,0,100
ATT-004582,EMP-0448,2025-11,1/11/2025,21,21,0,0,0,0,0,0,0,0,7,100
ATT-004583,EMP-0449,2025-11,1/11/2025,21,12,2,7,0,0,0,7,0,0,3,57.14
ATT-004584,EMP-0451,2025-11,1/11/2025,21,13,0,8,0,0,0,8,6,0,0,61.9
ATT-004585,EMP-0452,2025-11,1/11/2025,21,21,0,0,0,0,0,0,0,0,23,100
ATT-004586,EMP-0453,2025-11,1/11/2025,21,20,0,0,1,0,0,1,5,0,0,95.24
ATT-004587,EMP-0454,2025-11,1/11/2025,21,20,0,0,1,0,0,1,6,0,0,95.24
ATT-004588,EMP-0455,2025-11,1/11/2025,21,21,0,0,0,0,0,0,0,0,0,100
ATT-004589,EMP-0457,2025-11,1/11/2025,21,19,0,0,2,0,0,2,0,0,10.5,90.48
ATT-004590,EMP-0459,2025-11,1/11/2025,21,21,0,0,0,0,0,0,1,0,20.5,100
ATT-004591,EMP-0460,2025-11,1/11/2025,21,10,1,10,0,0,0,10,0,0,12,47.62
ATT-004592,EMP-0461,2025-11,1/11/2025,21,21,0,0,0,0,0,0,3,0,3,100
ATT-004593,EMP-0463,2025-11,1/11/2025,21,20,1,0,0,0,0,0,1,0,7.5,95.24
ATT-004594,EMP-0464,2025-11,1/11/2025,21,13,2,6,0,0,0,6,2,0,0,61.9
ATT-004595,EMP-0465,2025-11,1/11/2025,21,21,0,0,0,0,0,0,0,0,15,100
ATT-004596,EMP-0466,2025-11,1/11/2025,21,21,0,0,0,0,0,0,6,4,0,100
ATT-004597,EMP-0467,2025-11,1/11/2025,21,21,0,0,0,0,0,0,0,3,5,100
ATT-004598,EMP-0468,2025-11,1/11/2025,21,21,0,0,0,0,0,0,1,2,0,100
ATT-004599,EMP-0469,2025-11,1/11/2025,21,21,0,0,0,0,0,0,5,0,16,100
ATT-004600,EMP-0470,2025-11,1/11/2025,21,21,0,0,0,0,0,0,0,0,2.5,100
ATT-004601,EMP-0471,2025-11,1/11/2025,21,17,0,4,0,0,0,4,0,0,0,80.95
ATT-004602,EMP-0472,2025-11,1/11/2025,21,21,0,0,0,0,0,0,1,0,15,100
ATT-004603,EMP-0473,2025-11,1/11/2025,21,18,0,3,0,0,0,3,4,0,26,85.71
ATT-004604,EMP-0474,2025-11,1/11/2025,21,21,0,0,0,0,0,0,0,0,0,100
ATT-004605,EMP-0475,2025-11,1/11/2025,21,21,0,0,0,0,0,0,0,0,0,100
ATT-004606,EMP-0476,2025-11,1/11/2025,21,21,0,0,0,0,0,0,0,0,15.5,100
ATT-004607,EMP-0478,2025-11,1/11/2025,21,16,0,5,0,0,0,5,6,0,2.5,76.19
ATT-004608,EMP-0480,2025-11,1/11/2025,21,20,0,0,0,0,1,1,0,0,0,95.24
ATT-004609,EMP-0481,2025-11,1/11/2025,21,13,0,8,0,0,0,8,2,0,3,61.9
ATT-004610,EMP-0482,2025-11,1/11/2025,21,19,0,0,2,0,0,2,0,0,25.5,90.48
ATT-004611,EMP-0483,2025-11,1/11/2025,21,21,0,0,0,0,0,0,0,0,8,100
ATT-004612,EMP-0484,2025-11,1/11/2025,21,19,0,0,0,0,2,2,0,0,15.5,90.48
ATT-004613,EMP-0485,2025-11,1/11/2025,21,21,0,0,0,0,0,0,0,0,0,100
ATT-004614,EMP-0487,2025-11,1/11/2025,21,21,0,0,0,0,0,0,5,0,25,100
ATT-004615,EMP-0488,2025-11,1/11/2025,21,21,0,0,0,0,0,0,0,2,12,100
ATT-004616,EMP-0489,2025-11,1/11/2025,21,21,0,0,0,0,0,0,3,0,0,100
ATT-004617,EMP-0490,2025-11,1/11/2025,21,19,0,0,0,0,2,2,5,4,9,90.48
ATT-004618,EMP-0491,2025-11,1/11/2025,21,21,0,0,0,0,0,0,0,3,0,100
ATT-004619,EMP-0492,2025-11,1/11/2025,21,12,0,9,0,0,0,9,3,0,0,57.14
ATT-004620,EMP-0493,2025-11,1/11/2025,21,21,0,0,0,0,0,0,0,0,11,100
ATT-004621,EMP-0494,2025-11,1/11/2025,21,12,0,9,0,0,0,9,5,0,0,57.14
ATT-004622,EMP-0495,2025-11,1/11/2025,21,19,2,0,0,0,0,0,0,0,7.5,90.48
ATT-004623,EMP-0497,2025-11,1/11/2025,21,21,0,0,0,0,0,0,0,0,0,100
ATT-004624,EMP-0498,2025-11,1/11/2025,21,21,0,0,0,0,0,0,6,0,0,100
ATT-004625,EMP-0499,2025-11,1/11/2025,21,21,0,0,0,0,0,0,5,0,0,100
ATT-004626,EMP-0500,2025-11,1/11/2025,21,21,0,0,0,0,0,0,4,1,0,100
ATT-004627,EMP-0001,2025-12,1/12/2025,23,23,0,0,0,0,0,0,0,0,0,100
ATT-004628,EMP-0003,2025-12,1/12/2025,23,14,0,6,0,0,3,9,0,0,0,60.87
ATT-004629,EMP-0004,2025-12,1/12/2025,23,23,0,0,0,0,0,0,0,0,0,100
ATT-004630,EMP-0005,2025-12,1/12/2025,23,23,0,0,0,0,0,0,0,0,0,100
ATT-004631,EMP-0006,2025-12,1/12/2025,23,23,0,0,0,0,0,0,0,2,20.5,100
ATT-004632,EMP-0007,2025-12,1/12/2025,23,23,0,0,0,0,0,0,0,0,0,100
ATT-004633,EMP-0008,2025-12,1/12/2025,23,23,0,0,0,0,0,0,2,0,18.5,100
ATT-004634,EMP-0009,2025-12,1/12/2025,23,23,0,0,0,0,0,0,2,0,7,100
ATT-004635,EMP-0010,2025-12,1/12/2025,23,23,0,0,0,0,0,0,3,0,0,100
ATT-004636,EMP-0011,2025-12,1/12/2025,23,23,0,0,0,0,0,0,1,0,5,100
ATT-004637,EMP-0014,2025-12,1/12/2025,23,23,0,0,0,0,0,0,0,1,0,100
ATT-004638,EMP-0015,2025-12,1/12/2025,23,23,0,0,0,0,0,0,0,0,0,100
ATT-004639,EMP-0016,2025-12,1/12/2025,23,19,0,4,0,0,0,4,2,0,17.5,82.61
ATT-004640,EMP-0017,2025-12,1/12/2025,23,20,0,0,0,0,3,3,1,0,0,86.96
ATT-004641,EMP-0018,2025-12,1/12/2025,23,23,0,0,0,0,0,0,6,3,0,100
ATT-004642,EMP-0019,2025-12,1/12/2025,23,22,0,0,0,0,1,1,0,0,0,95.65
ATT-004643,EMP-0020,2025-12,1/12/2025,23,23,0,0,0,0,0,0,0,0,0,100
ATT-004644,EMP-0021,2025-12,1/12/2025,23,23,0,0,0,0,0,0,0,0,7.5,100
ATT-004645,EMP-0022,2025-12,1/12/2025,23,14,2,7,0,0,0,7,0,0,22.5,60.87
ATT-004646,EMP-0023,2025-12,1/12/2025,23,23,0,0,0,0,0,0,0,0,0,100
ATT-004647,EMP-0024,2025-12,1/12/2025,23,23,0,0,0,0,0,0,0,0,0,100
ATT-004648,EMP-0025,2025-12,1/12/2025,23,23,0,0,0,0,0,0,2,0,0,100
ATT-004649,EMP-0026,2025-12,1/12/2025,23,23,0,0,0,0,0,0,2,0,0,100
ATT-004650,EMP-0027,2025-12,1/12/2025,23,22,1,0,0,0,0,0,0,0,0,95.65
ATT-004651,EMP-0028,2025-12,1/12/2025,23,23,0,0,0,0,0,0,6,0,18,100
ATT-004652,EMP-0029,2025-12,1/12/2025,23,23,0,0,0,0,0,0,0,0,10,100
ATT-004653,EMP-0030,2025-12,1/12/2025,23,23,0,0,0,0,0,0,2,0,0,100
ATT-004654,EMP-0031,2025-12,1/12/2025,23,17,0,6,0,0,0,6,0,0,25.5,73.91
ATT-004655,EMP-0032,2025-12,1/12/2025,23,23,0,0,0,0,0,0,0,0,18.5,100
ATT-004656,EMP-0033,2025-12,1/12/2025,23,23,0,0,0,0,0,0,6,0,0,100
ATT-004657,EMP-0034,2025-12,1/12/2025,23,23,0,0,0,0,0,0,6,0,3.5,100
ATT-004658,EMP-0035,2025-12,1/12/2025,23,23,0,0,0,0,0,0,0,1,0,100
ATT-004659,EMP-0036,2025-12,1/12/2025,23,21,0,0,2,0,0,2,3,3,0,91.3
ATT-004660,EMP-0037,2025-12,1/12/2025,23,22,1,0,0,0,0,0,0,0,12,95.65
ATT-004661,EMP-0038,2025-12,1/12/2025,23,23,0,0,0,0,0,0,0,0,0,100
ATT-004662,EMP-0039,2025-12,1/12/2025,23,23,0,0,0,0,0,0,0,0,6.5,100
ATT-004663,EMP-0040,2025-12,1/12/2025,23,23,0,0,0,0,0,0,6,0,0,100
ATT-004664,EMP-0041,2025-12,1/12/2025,23,23,0,0,0,0,0,0,4,0,9.5,100
ATT-004665,EMP-0042,2025-12,1/12/2025,23,21,0,0,0,2,0,2,0,3,18,91.3
ATT-004666,EMP-0043,2025-12,1/12/2025,23,23,0,0,0,0,0,0,0,0,8.5,100
ATT-004667,EMP-0044,2025-12,1/12/2025,23,20,2,0,0,0,1,1,0,0,22.5,86.96
ATT-004668,EMP-0045,2025-12,1/12/2025,23,23,0,0,0,0,0,0,0,0,0,100
ATT-004669,EMP-0046,2025-12,1/12/2025,23,21,0,0,2,0,0,2,0,2,6.5,91.3
ATT-004670,EMP-0047,2025-12,1/12/2025,23,23,0,0,0,0,0,0,5,0,9.5,100
ATT-004671,EMP-0048,2025-12,1/12/2025,23,23,0,0,0,0,0,0,0,0,0,100
ATT-004672,EMP-0049,2025-12,1/12/2025,23,22,0,0,1,0,0,1,4,0,0,95.65
ATT-004673,EMP-0050,2025-12,1/12/2025,23,21,0,0,2,0,0,2,0,0,16,91.3
ATT-004674,EMP-0051,2025-12,1/12/2025,23,23,0,0,0,0,0,0,2,0,15.5,100
ATT-004675,EMP-0052,2025-12,1/12/2025,23,23,0,0,0,0,0,0,0,0,23.5,100
ATT-004676,EMP-0053,2025-12,1/12/2025,23,23,0,0,0,0,0,0,0,0,0,100
ATT-004677,EMP-0055,2025-12,1/12/2025,23,23,0,0,0,0,0,0,3,0,0,100
ATT-004678,EMP-0057,2025-12,1/12/2025,23,23,0,0,0,0,0,0,0,0,0,100
ATT-004679,EMP-0058,2025-12,1/12/2025,23,23,0,0,0,0,0,0,0,4,0,100
ATT-004680,EMP-0059,2025-12,1/12/2025,23,23,0,0,0,0,0,0,0,0,0,100
ATT-004681,EMP-0060,2025-12,1/12/2025,23,23,0,0,0,0,0,0,0,0,13,100
ATT-004682,EMP-0062,2025-12,1/12/2025,23,23,0,0,0,0,0,0,0,0,18,100
ATT-004683,EMP-0063,2025-12,1/12/2025,23,22,0,0,1,0,0,1,5,0,12,95.65
ATT-004684,EMP-0064,2025-12,1/12/2025,23,23,0,0,0,0,0,0,0,0,12.5,100
ATT-004685,EMP-0065,2025-12,1/12/2025,23,23,0,0,0,0,0,0,0,0,0,100
ATT-004686,EMP-0066,2025-12,1/12/2025,23,22,1,0,0,0,0,0,3,2,0,95.65
ATT-004687,EMP-0067,2025-12,1/12/2025,23,23,0,0,0,0,0,0,0,0,0,100
ATT-004688,EMP-0068,2025-12,1/12/2025,23,23,0,0,0,0,0,0,0,0,0,100
ATT-004689,EMP-0069,2025-12,1/12/2025,23,23,0,0,0,0,0,0,0,0,0,100
ATT-004690,EMP-0070,2025-12,1/12/2025,23,23,0,0,0,0,0,0,0,0,0,100
ATT-004691,EMP-0071,2025-12,1/12/2025,23,23,0,0,0,0,0,0,4,0,15,100
ATT-004692,EMP-0072,2025-12,1/12/2025,23,23,0,0,0,0,0,0,0,0,0,100
ATT-004693,EMP-0073,2025-12,1/12/2025,23,23,0,0,0,0,0,0,1,0,0,100
ATT-004694,EMP-0074,2025-12,1/12/2025,23,23,0,0,0,0,0,0,2,0,0,100
ATT-004695,EMP-0076,2025-12,1/12/2025,23,22,0,0,0,1,0,1,0,0,0,95.65
ATT-004696,EMP-0077,2025-12,1/12/2025,23,23,0,0,0,0,0,0,3,0,18.5,100
ATT-004697,EMP-0079,2025-12,1/12/2025,23,21,2,0,0,0,0,0,0,0,0,91.3
ATT-004698,EMP-0080,2025-12,1/12/2025,23,23,0,0,0,0,0,0,0,0,0,100
ATT-004699,EMP-0081,2025-12,1/12/2025,23,17,0,6,0,0,0,6,0,0,8,73.91
ATT-004700,EMP-0082,2025-12,1/12/2025,23,23,0,0,0,0,0,0,0,0,20.5,100
ATT-004701,EMP-0083,2025-12,1/12/2025,23,23,0,0,0,0,0,0,0,0,23,100
ATT-004702,EMP-0084,2025-12,1/12/2025,23,23,0,0,0,0,0,0,0,0,17,100
ATT-004703,EMP-0086,2025-12,1/12/2025,23,23,0,0,0,0,0,0,4,3,0,100
ATT-004704,EMP-0087,2025-12,1/12/2025,23,13,0,10,0,0,0,10,0,0,0,56.52
ATT-004705,EMP-0088,2025-12,1/12/2025,23,23,0,0,0,0,0,0,0,0,0,100
ATT-004706,EMP-0089,2025-12,1/12/2025,23,23,0,0,0,0,0,0,0,0,0,100
ATT-004707,EMP-0091,2025-12,1/12/2025,23,22,0,1,0,0,0,1,0,0,0,95.65
ATT-004708,EMP-0092,2025-12,1/12/2025,23,22,0,0,0,0,1,1,0,0,13.5,95.65
ATT-004709,EMP-0093,2025-12,1/12/2025,23,20,0,3,0,0,0,3,0,0,0,86.96
ATT-004710,EMP-0095,2025-12,1/12/2025,23,23,0,0,0,0,0,0,0,0,0,100
ATT-004711,EMP-0097,2025-12,1/12/2025,23,23,0,0,0,0,0,0,1,3,7.5,100
ATT-004712,EMP-0098,2025-12,1/12/2025,23,23,0,0,0,0,0,0,0,0,23.5,100
ATT-004713,EMP-0099,2025-12,1/12/2025,23,19,0,0,3,0,1,4,0,0,8,82.61
ATT-004714,EMP-0100,2025-12,1/12/2025,23,23,0,0,0,0,0,0,0,0,22,100
ATT-004715,EMP-0102,2025-12,1/12/2025,23,21,2,0,0,0,0,0,5,0,0,91.3
ATT-004716,EMP-0103,2025-12,1/12/2025,23,15,0,7,0,0,1,8,0,1,0,65.22
ATT-004717,EMP-0104,2025-12,1/12/2025,23,23,0,0,0,0,0,0,4,0,22,100
ATT-004718,EMP-0105,2025-12,1/12/2025,23,23,0,0,0,0,0,0,0,3,13.5,100
ATT-004719,EMP-0106,2025-12,1/12/2025,23,23,0,0,0,0,0,0,0,0,0,100
ATT-004720,EMP-0107,2025-12,1/12/2025,23,23,0,0,0,0,0,0,0,0,0,100
ATT-004721,EMP-0108,2025-12,1/12/2025,23,23,0,0,0,0,0,0,0,1,0,100
ATT-004722,EMP-0109,2025-12,1/12/2025,23,19,2,0,0,0,2,2,0,0,19,82.61
ATT-004723,EMP-0111,2025-12,1/12/2025,23,20,0,0,3,0,0,3,0,0,7.5,86.96
ATT-004724,EMP-0112,2025-12,1/12/2025,23,23,0,0,0,0,0,0,6,0,0,100
ATT-004725,EMP-0113,2025-12,1/12/2025,23,17,0,6,0,0,0,6,0,0,0,73.91
ATT-004726,EMP-0114,2025-12,1/12/2025,23,18,0,5,0,0,0,5,0,0,0,78.26
ATT-004727,EMP-0116,2025-12,1/12/2025,23,23,0,0,0,0,0,0,0,4,19.5,100
ATT-004728,EMP-0117,2025-12,1/12/2025,23,20,1,2,0,0,0,2,0,0,0,86.96
ATT-004729,EMP-0118,2025-12,1/12/2025,23,21,0,0,0,2,0,2,0,0,22,91.3
ATT-004730,EMP-0119,2025-12,1/12/2025,23,23,0,0,0,0,0,0,0,0,24,100
ATT-004731,EMP-0120,2025-12,1/12/2025,23,23,0,0,0,0,0,0,2,0,22.5,100
ATT-004732,EMP-0121,2025-12,1/12/2025,23,23,0,0,0,0,0,0,3,0,0,100
ATT-004733,EMP-0122,2025-12,1/12/2025,23,23,0,0,0,0,0,0,3,0,5.5,100
ATT-004734,EMP-0123,2025-12,1/12/2025,23,23,0,0,0,0,0,0,0,0,0,100
ATT-004735,EMP-0124,2025-12,1/12/2025,23,23,0,0,0,0,0,0,0,0,0,100
ATT-004736,EMP-0126,2025-12,1/12/2025,23,22,0,0,1,0,0,1,3,0,21.5,95.65
ATT-004737,EMP-0127,2025-12,1/12/2025,23,23,0,0,0,0,0,0,0,0,15,100
ATT-004738,EMP-0129,2025-12,1/12/2025,23,22,1,0,0,0,0,0,0,0,16,95.65
ATT-004739,EMP-0130,2025-12,1/12/2025,23,23,0,0,0,0,0,0,2,0,6,100
ATT-004740,EMP-0131,2025-12,1/12/2025,23,23,0,0,0,0,0,0,1,0,0,100
ATT-004741,EMP-0132,2025-12,1/12/2025,23,23,0,0,0,0,0,0,0,0,13.5,100
ATT-004742,EMP-0133,2025-12,1/12/2025,23,23,0,0,0,0,0,0,4,0,0,100
ATT-004743,EMP-0134,2025-12,1/12/2025,23,23,0,0,0,0,0,0,5,2,22.5,100
ATT-004744,EMP-0135,2025-12,1/12/2025,23,22,0,0,0,0,1,1,0,4,0,95.65
ATT-004745,EMP-0136,2025-12,1/12/2025,23,23,0,0,0,0,0,0,0,0,0,100
ATT-004746,EMP-0137,2025-12,1/12/2025,23,17,0,6,0,0,0,6,0,0,0,73.91
ATT-004747,EMP-0138,2025-12,1/12/2025,23,23,0,0,0,0,0,0,0,1,0,100
ATT-004748,EMP-0140,2025-12,1/12/2025,23,23,0,0,0,0,0,0,6,0,23,100
ATT-004749,EMP-0141,2025-12,1/12/2025,23,23,0,0,0,0,0,0,0,2,22.5,100
ATT-004750,EMP-0142,2025-12,1/12/2025,23,23,0,0,0,0,0,0,0,0,21.5,100
ATT-004751,EMP-0145,2025-12,1/12/2025,23,17,0,3,3,0,0,6,0,2,0,73.91
ATT-004752,EMP-0146,2025-12,1/12/2025,23,23,0,0,0,0,0,0,0,0,0,100
ATT-004753,EMP-0147,2025-12,1/12/2025,23,23,0,0,0,0,0,0,1,0,9,100
ATT-004754,EMP-0149,2025-12,1/12/2025,23,23,0,0,0,0,0,0,0,4,0,100
ATT-004755,EMP-0150,2025-12,1/12/2025,23,23,0,0,0,0,0,0,0,0,11.5,100
ATT-004756,EMP-0151,2025-12,1/12/2025,23,23,0,0,0,0,0,0,0,0,5,100
ATT-004757,EMP-0152,2025-12,1/12/2025,23,23,0,0,0,0,0,0,4,0,16.5,100
ATT-004758,EMP-0153,2025-12,1/12/2025,23,23,0,0,0,0,0,0,1,0,3.5,100
ATT-004759,EMP-0155,2025-12,1/12/2025,23,21,1,1,0,0,0,1,2,0,0,91.3
ATT-004760,EMP-0157,2025-12,1/12/2025,23,13,0,8,2,0,0,10,0,0,2,56.52
ATT-004761,EMP-0158,2025-12,1/12/2025,23,23,0,0,0,0,0,0,0,0,0,100
ATT-004762,EMP-0159,2025-12,1/12/2025,23,23,0,0,0,0,0,0,5,4,7.5,100
ATT-004763,EMP-0160,2025-12,1/12/2025,23,22,1,0,0,0,0,0,0,1,5.5,95.65
ATT-004764,EMP-0161,2025-12,1/12/2025,23,17,0,6,0,0,0,6,0,0,0,73.91
ATT-004765,EMP-0162,2025-12,1/12/2025,23,23,0,0,0,0,0,0,6,0,14,100
ATT-004766,EMP-0163,2025-12,1/12/2025,23,23,0,0,0,0,0,0,0,0,8.5,100
ATT-004767,EMP-0164,2025-12,1/12/2025,23,23,0,0,0,0,0,0,6,0,12,100
ATT-004768,EMP-0165,2025-12,1/12/2025,23,23,0,0,0,0,0,0,0,3,0,100
ATT-004769,EMP-0167,2025-12,1/12/2025,23,20,1,1,0,0,1,2,4,0,23.5,86.96
ATT-004770,EMP-0168,2025-12,1/12/2025,23,23,0,0,0,0,0,0,0,4,0,100
ATT-004771,EMP-0169,2025-12,1/12/2025,23,23,0,0,0,0,0,0,6,1,16.5,100
ATT-004772,EMP-0170,2025-12,1/12/2025,23,20,0,0,0,0,3,3,0,2,21,86.96
ATT-004773,EMP-0171,2025-12,1/12/2025,23,23,0,0,0,0,0,0,0,0,17.5,100
ATT-004774,EMP-0172,2025-12,1/12/2025,23,23,0,0,0,0,0,0,6,2,26,100
ATT-004775,EMP-0173,2025-12,1/12/2025,23,23,0,0,0,0,0,0,1,0,0,100
ATT-004776,EMP-0174,2025-12,1/12/2025,23,21,2,0,0,0,0,0,0,0,0,91.3
ATT-004777,EMP-0175,2025-12,1/12/2025,23,14,0,9,0,0,0,9,0,0,0,60.87
ATT-004778,EMP-0176,2025-12,1/12/2025,23,23,0,0,0,0,0,0,0,3,0,100
ATT-004779,EMP-0177,2025-12,1/12/2025,23,19,0,4,0,0,0,4,6,0,8.5,82.61
ATT-004780,EMP-0178,2025-12,1/12/2025,23,23,0,0,0,0,0,0,1,0,0,100
ATT-004781,EMP-0180,2025-12,1/12/2025,23,19,0,4,0,0,0,4,0,0,0,82.61
ATT-004782,EMP-0181,2025-12,1/12/2025,23,23,0,0,0,0,0,0,0,0,25,100
ATT-004783,EMP-0182,2025-12,1/12/2025,23,23,0,0,0,0,0,0,0,0,12,100
ATT-004784,EMP-0183,2025-12,1/12/2025,23,14,0,9,0,0,0,9,1,0,0,60.87
ATT-004785,EMP-0184,2025-12,1/12/2025,23,20,0,0,3,0,0,3,3,2,0,86.96
ATT-004786,EMP-0186,2025-12,1/12/2025,23,23,0,0,0,0,0,0,0,1,0,100
ATT-004787,EMP-0187,2025-12,1/12/2025,23,23,0,0,0,0,0,0,0,0,0,100
ATT-004788,EMP-0188,2025-12,1/12/2025,23,23,0,0,0,0,0,0,3,1,22,100
ATT-004789,EMP-0189,2025-12,1/12/2025,23,23,0,0,0,0,0,0,5,0,16,100
ATT-004790,EMP-0190,2025-12,1/12/2025,23,23,0,0,0,0,0,0,2,4,23.5,100
ATT-004791,EMP-0191,2025-12,1/12/2025,23,23,0,0,0,0,0,0,0,1,0,100
ATT-004792,EMP-0192,2025-12,1/12/2025,23,23,0,0,0,0,0,0,0,4,20,100
ATT-004793,EMP-0193,2025-12,1/12/2025,23,23,0,0,0,0,0,0,0,0,21,100
ATT-004794,EMP-0194,2025-12,1/12/2025,23,23,0,0,0,0,0,0,0,0,0,100
ATT-004795,EMP-0195,2025-12,1/12/2025,23,23,0,0,0,0,0,0,2,0,11.5,100
ATT-004796,EMP-0196,2025-12,1/12/2025,23,20,0,3,0,0,0,3,2,0,7,86.96
ATT-004797,EMP-0197,2025-12,1/12/2025,23,23,0,0,0,0,0,0,0,0,0,100
ATT-004798,EMP-0198,2025-12,1/12/2025,23,23,0,0,0,0,0,0,0,0,18.5,100
ATT-004799,EMP-0199,2025-12,1/12/2025,23,23,0,0,0,0,0,0,0,0,2,100
ATT-004800,EMP-0200,2025-12,1/12/2025,23,23,0,0,0,0,0,0,1,0,3,100
ATT-004801,EMP-0201,2025-12,1/12/2025,23,23,0,0,0,0,0,0,0,0,25.5,100
ATT-004802,EMP-0202,2025-12,1/12/2025,23,22,1,0,0,0,0,0,0,0,21,95.65
ATT-004803,EMP-0203,2025-12,1/12/2025,23,15,0,8,0,0,0,8,0,0,11,65.22
ATT-004804,EMP-0205,2025-12,1/12/2025,23,18,2,0,3,0,0,3,0,0,10,78.26
ATT-004805,EMP-0207,2025-12,1/12/2025,23,23,0,0,0,0,0,0,1,0,4.5,100
ATT-004806,EMP-0208,2025-12,1/12/2025,23,23,0,0,0,0,0,0,0,0,9,100
ATT-004807,EMP-0209,2025-12,1/12/2025,23,21,0,0,2,0,0,2,0,2,7.5,91.3
ATT-004808,EMP-0210,2025-12,1/12/2025,23,19,2,2,0,0,0,2,0,0,23,82.61
ATT-004809,EMP-0211,2025-12,1/12/2025,23,23,0,0,0,0,0,0,1,4,0,100
ATT-004810,EMP-0212,2025-12,1/12/2025,23,23,0,0,0,0,0,0,4,0,0,100
ATT-004811,EMP-0213,2025-12,1/12/2025,23,23,0,0,0,0,0,0,1,0,19.5,100
ATT-004812,EMP-0214,2025-12,1/12/2025,23,21,2,0,0,0,0,0,3,0,6.5,91.3
ATT-004813,EMP-0215,2025-12,1/12/2025,23,23,0,0,0,0,0,0,5,0,16,100
ATT-004814,EMP-0216,2025-12,1/12/2025,23,19,0,4,0,0,0,4,0,0,0,82.61
ATT-004815,EMP-0217,2025-12,1/12/2025,23,23,0,0,0,0,0,0,1,0,25,100
ATT-004816,EMP-0218,2025-12,1/12/2025,23,23,0,0,0,0,0,0,5,0,0,100
ATT-004817,EMP-0219,2025-12,1/12/2025,23,22,0,1,0,0,0,1,5,0,0,95.65
ATT-004818,EMP-0220,2025-12,1/12/2025,23,23,0,0,0,0,0,0,3,3,0,100
ATT-004819,EMP-0221,2025-12,1/12/2025,23,23,0,0,0,0,0,0,0,0,0,100
ATT-004820,EMP-0222,2025-12,1/12/2025,23,23,0,0,0,0,0,0,1,0,0,100
ATT-004821,EMP-0223,2025-12,1/12/2025,23,23,0,0,0,0,0,0,0,0,2.5,100
ATT-004822,EMP-0225,2025-12,1/12/2025,23,23,0,0,0,0,0,0,6,0,11.5,100
ATT-004823,EMP-0226,2025-12,1/12/2025,23,23,0,0,0,0,0,0,0,0,24.5,100
ATT-004824,EMP-0227,2025-12,1/12/2025,23,23,0,0,0,0,0,0,0,1,20.5,100
ATT-004825,EMP-0228,2025-12,1/12/2025,23,13,2,8,0,0,0,8,0,0,25,56.52
ATT-004826,EMP-0229,2025-12,1/12/2025,23,23,0,0,0,0,0,0,0,0,6,100
ATT-004827,EMP-0230,2025-12,1/12/2025,23,20,2,0,1,0,0,1,0,0,0,86.96
ATT-004828,EMP-0231,2025-12,1/12/2025,23,20,0,3,0,0,0,3,0,0,25,86.96
ATT-004829,EMP-0232,2025-12,1/12/2025,23,21,2,0,0,0,0,0,4,0,0,91.3
ATT-004830,EMP-0234,2025-12,1/12/2025,23,20,0,0,0,0,3,3,0,2,9.5,86.96
ATT-004831,EMP-0236,2025-12,1/12/2025,23,21,0,0,2,0,0,2,3,0,0,91.3
ATT-004832,EMP-0237,2025-12,1/12/2025,23,23,0,0,0,0,0,0,0,0,8,100
ATT-004833,EMP-0238,2025-12,1/12/2025,23,23,0,0,0,0,0,0,0,0,11,100
ATT-004834,EMP-0239,2025-12,1/12/2025,23,23,0,0,0,0,0,0,4,0,17,100
ATT-004835,EMP-0240,2025-12,1/12/2025,23,23,0,0,0,0,0,0,5,0,0,100
ATT-004836,EMP-0241,2025-12,1/12/2025,23,23,0,0,0,0,0,0,0,0,7,100
ATT-004837,EMP-0242,2025-12,1/12/2025,23,23,0,0,0,0,0,0,0,3,19,100
ATT-004838,EMP-0243,2025-12,1/12/2025,23,21,0,0,1,1,0,2,0,0,26,91.3
ATT-004839,EMP-0244,2025-12,1/12/2025,23,23,0,0,0,0,0,0,0,0,0,100
ATT-004840,EMP-0245,2025-12,1/12/2025,23,23,0,0,0,0,0,0,0,0,7,100
ATT-004841,EMP-0246,2025-12,1/12/2025,23,22,0,0,0,0,1,1,0,0,13,95.65
ATT-004842,EMP-0247,2025-12,1/12/2025,23,22,1,0,0,0,0,0,0,2,12.5,95.65
ATT-004843,EMP-0248,2025-12,1/12/2025,23,22,1,0,0,0,0,0,0,0,17,95.65
ATT-004844,EMP-0249,2025-12,1/12/2025,23,20,0,0,0,0,3,3,0,0,15.5,86.96
ATT-004845,EMP-0250,2025-12,1/12/2025,23,23,0,0,0,0,0,0,6,0,0,100
ATT-004846,EMP-0251,2025-12,1/12/2025,23,23,0,0,0,0,0,0,0,0,0,100
ATT-004847,EMP-0252,2025-12,1/12/2025,23,23,0,0,0,0,0,0,0,0,0,100
ATT-004848,EMP-0253,2025-12,1/12/2025,23,23,0,0,0,0,0,0,2,0,24,100
ATT-004849,EMP-0254,2025-12,1/12/2025,23,13,0,9,0,0,1,10,0,0,0,56.52
ATT-004850,EMP-0255,2025-12,1/12/2025,23,23,0,0,0,0,0,0,0,1,24,100
ATT-004851,EMP-0256,2025-12,1/12/2025,23,21,2,0,0,0,0,0,0,0,8.5,91.3
ATT-004852,EMP-0257,2025-12,1/12/2025,23,23,0,0,0,0,0,0,0,0,21.5,100
ATT-004853,EMP-0258,2025-12,1/12/2025,23,19,0,1,3,0,0,4,3,0,7.5,82.61
ATT-004854,EMP-0260,2025-12,1/12/2025,23,22,1,0,0,0,0,0,3,0,0,95.65
ATT-004855,EMP-0261,2025-12,1/12/2025,23,23,0,0,0,0,0,0,2,0,0,100
ATT-004856,EMP-0262,2025-12,1/12/2025,23,23,0,0,0,0,0,0,6,0,13,100
ATT-004857,EMP-0263,2025-12,1/12/2025,23,23,0,0,0,0,0,0,4,0,0,100
ATT-004858,EMP-0264,2025-12,1/12/2025,23,23,0,0,0,0,0,0,6,0,19.5,100
ATT-004859,EMP-0265,2025-12,1/12/2025,23,23,0,0,0,0,0,0,0,0,15,100
ATT-004860,EMP-0266,2025-12,1/12/2025,23,21,0,2,0,0,0,2,0,0,14,91.3
ATT-004861,EMP-0267,2025-12,1/12/2025,23,21,0,2,0,0,0,2,0,0,24,91.3
ATT-004862,EMP-0268,2025-12,1/12/2025,23,23,0,0,0,0,0,0,2,0,0,100
ATT-004863,EMP-0269,2025-12,1/12/2025,23,13,0,8,2,0,0,10,0,3,13,56.52
ATT-004864,EMP-0270,2025-12,1/12/2025,23,21,0,0,2,0,0,2,0,0,9.5,91.3
ATT-004865,EMP-0272,2025-12,1/12/2025,23,23,0,0,0,0,0,0,2,0,0,100
ATT-004866,EMP-0273,2025-12,1/12/2025,23,21,0,0,2,0,0,2,3,0,14.5,91.3
ATT-004867,EMP-0274,2025-12,1/12/2025,23,23,0,0,0,0,0,0,2,2,0,100
ATT-004868,EMP-0275,2025-12,1/12/2025,23,23,0,0,0,0,0,0,1,0,0,100
ATT-004869,EMP-0276,2025-12,1/12/2025,23,23,0,0,0,0,0,0,0,0,19.5,100
ATT-004870,EMP-0277,2025-12,1/12/2025,23,14,0,9,0,0,0,9,0,0,0,60.87
ATT-004871,EMP-0278,2025-12,1/12/2025,23,23,0,0,0,0,0,0,4,1,16.5,100
ATT-004872,EMP-0279,2025-12,1/12/2025,23,13,0,10,0,0,0,10,5,0,0,56.52
ATT-004873,EMP-0280,2025-12,1/12/2025,23,23,0,0,0,0,0,0,6,3,7.5,100
ATT-004874,EMP-0281,2025-12,1/12/2025,23,23,0,0,0,0,0,0,6,0,25,100
ATT-004875,EMP-0282,2025-12,1/12/2025,23,23,0,0,0,0,0,0,2,0,25,100
ATT-004876,EMP-0283,2025-12,1/12/2025,23,23,0,0,0,0,0,0,0,0,0,100
ATT-004877,EMP-0286,2025-12,1/12/2025,23,14,0,9,0,0,0,9,0,0,17.5,60.87
ATT-004878,EMP-0287,2025-12,1/12/2025,23,21,0,0,2,0,0,2,0,0,0,91.3
ATT-004879,EMP-0288,2025-12,1/12/2025,23,23,0,0,0,0,0,0,3,0,16.5,100
ATT-004880,EMP-0290,2025-12,1/12/2025,23,23,0,0,0,0,0,0,0,0,21.5,100
ATT-004881,EMP-0292,2025-12,1/12/2025,23,23,0,0,0,0,0,0,2,0,0,100
ATT-004882,EMP-0293,2025-12,1/12/2025,23,20,0,0,3,0,0,3,0,0,9.5,86.96
ATT-004883,EMP-0294,2025-12,1/12/2025,23,23,0,0,0,0,0,0,0,0,3.5,100
ATT-004884,EMP-0295,2025-12,1/12/2025,23,23,0,0,0,0,0,0,0,0,0,100
ATT-004885,EMP-0296,2025-12,1/12/2025,23,19,0,2,2,0,0,4,0,0,18,82.61
ATT-004886,EMP-0297,2025-12,1/12/2025,23,21,0,0,0,0,2,2,0,0,20,91.3
ATT-004887,EMP-0299,2025-12,1/12/2025,23,17,2,4,0,0,0,4,4,0,0,73.91
ATT-004888,EMP-0300,2025-12,1/12/2025,23,23,0,0,0,0,0,0,0,0,21.5,100
ATT-004889,EMP-0301,2025-12,1/12/2025,23,23,0,0,0,0,0,0,0,4,5.5,100
ATT-004890,EMP-0303,2025-12,1/12/2025,23,21,0,0,0,1,1,2,0,0,19,91.3
ATT-004891,EMP-0304,2025-12,1/12/2025,23,20,0,0,3,0,0,3,0,0,0,86.96
ATT-004892,EMP-0305,2025-12,1/12/2025,23,22,1,0,0,0,0,0,0,0,10,95.65
ATT-004893,EMP-0306,2025-12,1/12/2025,23,23,0,0,0,0,0,0,0,0,15.5,100
ATT-004894,EMP-0307,2025-12,1/12/2025,23,23,0,0,0,0,0,0,0,0,0,100
ATT-004895,EMP-0308,2025-12,1/12/2025,23,23,0,0,0,0,0,0,0,0,9,100
ATT-004896,EMP-0309,2025-12,1/12/2025,23,23,0,0,0,0,0,0,0,0,0,100
ATT-004897,EMP-0310,2025-12,1/12/2025,23,23,0,0,0,0,0,0,0,0,13,100
ATT-004898,EMP-0311,2025-12,1/12/2025,23,23,0,0,0,0,0,0,1,0,16.5,100
ATT-004899,EMP-0312,2025-12,1/12/2025,23,23,0,0,0,0,0,0,6,1,0,100
ATT-004900,EMP-0313,2025-12,1/12/2025,23,16,0,7,0,0,0,7,4,0,0,69.57
ATT-004901,EMP-0314,2025-12,1/12/2025,23,23,0,0,0,0,0,0,4,0,26,100
ATT-004902,EMP-0315,2025-12,1/12/2025,23,23,0,0,0,0,0,0,0,0,0,100
ATT-004903,EMP-0316,2025-12,1/12/2025,23,23,0,0,0,0,0,0,2,0,11.5,100
ATT-004904,EMP-0317,2025-12,1/12/2025,23,23,0,0,0,0,0,0,0,0,3.5,100
ATT-004905,EMP-0318,2025-12,1/12/2025,23,20,0,3,0,0,0,3,0,0,17,86.96
ATT-004906,EMP-0320,2025-12,1/12/2025,23,23,0,0,0,0,0,0,0,0,6,100
ATT-004907,EMP-0321,2025-12,1/12/2025,23,17,2,4,0,0,0,4,4,0,0,73.91
ATT-004908,EMP-0322,2025-12,1/12/2025,23,23,0,0,0,0,0,0,0,4,0,100
ATT-004909,EMP-0324,2025-12,1/12/2025,23,20,0,0,3,0,0,3,0,0,6,86.96
ATT-004910,EMP-0325,2025-12,1/12/2025,23,22,0,1,0,0,0,1,0,0,10,95.65
ATT-004911,EMP-0326,2025-12,1/12/2025,23,23,0,0,0,0,0,0,0,0,13.5,100
ATT-004912,EMP-0327,2025-12,1/12/2025,23,22,0,0,1,0,0,1,6,0,0,95.65
ATT-004913,EMP-0328,2025-12,1/12/2025,23,23,0,0,0,0,0,0,6,0,25,100
ATT-004914,EMP-0329,2025-12,1/12/2025,23,21,2,0,0,0,0,0,0,0,20,91.3
ATT-004915,EMP-0331,2025-12,1/12/2025,23,23,0,0,0,0,0,0,0,0,0,100
ATT-004916,EMP-0332,2025-12,1/12/2025,23,19,0,0,0,4,0,4,6,0,0,82.61
ATT-004917,EMP-0333,2025-12,1/12/2025,23,23,0,0,0,0,0,0,5,4,26,100
ATT-004918,EMP-0334,2025-12,1/12/2025,23,22,0,0,1,0,0,1,2,0,24.5,95.65
ATT-004919,EMP-0335,2025-12,1/12/2025,23,22,1,0,0,0,0,0,0,0,11,95.65
ATT-004920,EMP-0336,2025-12,1/12/2025,23,23,0,0,0,0,0,0,0,0,5,100
ATT-004921,EMP-0337,2025-12,1/12/2025,23,23,0,0,0,0,0,0,0,0,14,100
ATT-004922,EMP-0338,2025-12,1/12/2025,23,23,0,0,0,0,0,0,3,0,18.5,100
ATT-004923,EMP-0339,2025-12,1/12/2025,23,23,0,0,0,0,0,0,4,4,10,100
ATT-004924,EMP-0340,2025-12,1/12/2025,23,23,0,0,0,0,0,0,0,0,0,100
ATT-004925,EMP-0341,2025-12,1/12/2025,23,19,0,0,1,0,3,4,2,0,18,82.61
ATT-004926,EMP-0342,2025-12,1/12/2025,23,23,0,0,0,0,0,0,3,0,14,100
ATT-004927,EMP-0343,2025-12,1/12/2025,23,23,0,0,0,0,0,0,0,0,0,100
ATT-004928,EMP-0344,2025-12,1/12/2025,23,23,0,0,0,0,0,0,6,0,0,100
ATT-004929,EMP-0347,2025-12,1/12/2025,23,23,0,0,0,0,0,0,0,0,15.5,100
ATT-004930,EMP-0348,2025-12,1/12/2025,23,23,0,0,0,0,0,0,0,0,0,100
ATT-004931,EMP-0349,2025-12,1/12/2025,23,23,0,0,0,0,0,0,0,0,5,100
ATT-004932,EMP-0350,2025-12,1/12/2025,23,9,0,10,1,0,3,14,3,0,13,39.13
ATT-004933,EMP-0352,2025-12,1/12/2025,23,23,0,0,0,0,0,0,0,0,12,100
ATT-004934,EMP-0353,2025-12,1/12/2025,23,23,0,0,0,0,0,0,0,0,0,100
ATT-004935,EMP-0354,2025-12,1/12/2025,23,23,0,0,0,0,0,0,0,0,21.5,100
ATT-004936,EMP-0355,2025-12,1/12/2025,23,23,0,0,0,0,0,0,3,0,0,100
ATT-004937,EMP-0356,2025-12,1/12/2025,23,23,0,0,0,0,0,0,0,1,0,100
ATT-004938,EMP-0357,2025-12,1/12/2025,23,20,0,0,0,0,3,3,5,0,0,86.96
ATT-004939,EMP-0358,2025-12,1/12/2025,23,23,0,0,0,0,0,0,0,0,0,100
ATT-004940,EMP-0359,2025-12,1/12/2025,23,23,0,0,0,0,0,0,0,0,20,100
ATT-004941,EMP-0360,2025-12,1/12/2025,23,23,0,0,0,0,0,0,0,0,0,100
ATT-004942,EMP-0361,2025-12,1/12/2025,23,23,0,0,0,0,0,0,0,0,0,100
ATT-004943,EMP-0363,2025-12,1/12/2025,23,19,0,0,0,4,0,4,1,2,23,82.61
ATT-004944,EMP-0364,2025-12,1/12/2025,23,23,0,0,0,0,0,0,0,3,0,100
ATT-004945,EMP-0365,2025-12,1/12/2025,23,19,0,0,0,4,0,4,0,3,0,82.61
ATT-004946,EMP-0366,2025-12,1/12/2025,23,23,0,0,0,0,0,0,3,4,15.5,100
ATT-004947,EMP-0367,2025-12,1/12/2025,23,21,2,0,0,0,0,0,4,0,0,91.3
ATT-004948,EMP-0368,2025-12,1/12/2025,23,23,0,0,0,0,0,0,0,0,0,100
ATT-004949,EMP-0369,2025-12,1/12/2025,23,23,0,0,0,0,0,0,0,0,0,100
ATT-004950,EMP-0370,2025-12,1/12/2025,23,23,0,0,0,0,0,0,0,0,3.5,100
ATT-004951,EMP-0371,2025-12,1/12/2025,23,21,2,0,0,0,0,0,2,0,0,91.3
ATT-004952,EMP-0372,2025-12,1/12/2025,23,23,0,0,0,0,0,0,0,0,4.5,100
ATT-004953,EMP-0373,2025-12,1/12/2025,23,23,0,0,0,0,0,0,0,0,0,100
ATT-004954,EMP-0374,2025-12,1/12/2025,23,14,0,9,0,0,0,9,1,0,11.5,60.87
ATT-004955,EMP-0375,2025-12,1/12/2025,23,23,0,0,0,0,0,0,0,0,25,100
ATT-004956,EMP-0376,2025-12,1/12/2025,23,14,0,9,0,0,0,9,4,0,0,60.87
ATT-004957,EMP-0377,2025-12,1/12/2025,23,23,0,0,0,0,0,0,0,0,16,100
ATT-004958,EMP-0378,2025-12,1/12/2025,23,22,0,0,1,0,0,1,0,4,0,95.65
ATT-004959,EMP-0379,2025-12,1/12/2025,23,23,0,0,0,0,0,0,4,1,0,100
ATT-004960,EMP-0381,2025-12,1/12/2025,23,23,0,0,0,0,0,0,0,0,21.5,100
ATT-004961,EMP-0382,2025-12,1/12/2025,23,23,0,0,0,0,0,0,4,3,22.5,100
ATT-004962,EMP-0383,2025-12,1/12/2025,23,23,0,0,0,0,0,0,0,0,5.5,100
ATT-004963,EMP-0384,2025-12,1/12/2025,23,11,2,10,0,0,0,10,0,3,13.5,47.83
ATT-004964,EMP-0385,2025-12,1/12/2025,23,22,1,0,0,0,0,0,0,0,0,95.65
ATT-004965,EMP-0387,2025-12,1/12/2025,23,23,0,0,0,0,0,0,0,0,0,100
ATT-004966,EMP-0388,2025-12,1/12/2025,23,23,0,0,0,0,0,0,4,0,21,100
ATT-004967,EMP-0389,2025-12,1/12/2025,23,21,2,0,0,0,0,0,0,0,10.5,91.3
ATT-004968,EMP-0390,2025-12,1/12/2025,23,21,2,0,0,0,0,0,0,2,3,91.3
ATT-004969,EMP-0391,2025-12,1/12/2025,23,23,0,0,0,0,0,0,0,0,0,100
ATT-004970,EMP-0393,2025-12,1/12/2025,23,21,0,0,0,2,0,2,3,0,0,91.3
ATT-004971,EMP-0394,2025-12,1/12/2025,23,23,0,0,0,0,0,0,0,0,11,100
ATT-004972,EMP-0395,2025-12,1/12/2025,23,20,0,2,1,0,0,3,0,2,0,86.96
ATT-004973,EMP-0396,2025-12,1/12/2025,23,22,0,1,0,0,0,1,0,3,0,95.65
ATT-004974,EMP-0397,2025-12,1/12/2025,23,22,1,0,0,0,0,0,0,0,5,95.65
ATT-004975,EMP-0398,2025-12,1/12/2025,23,23,0,0,0,0,0,0,6,0,0,100
ATT-004976,EMP-0399,2025-12,1/12/2025,23,23,0,0,0,0,0,0,2,0,21,100
ATT-004977,EMP-0400,2025-12,1/12/2025,23,23,0,0,0,0,0,0,0,0,11,100
ATT-004978,EMP-0402,2025-12,1/12/2025,23,23,0,0,0,0,0,0,0,0,0,100
ATT-004979,EMP-0403,2025-12,1/12/2025,23,22,0,1,0,0,0,1,5,3,7,95.65
ATT-004980,EMP-0405,2025-12,1/12/2025,23,23,0,0,0,0,0,0,3,0,15,100
ATT-004981,EMP-0406,2025-12,1/12/2025,23,18,0,5,0,0,0,5,0,3,0,78.26
ATT-004982,EMP-0407,2025-12,1/12/2025,23,23,0,0,0,0,0,0,3,0,10.5,100
ATT-004983,EMP-0409,2025-12,1/12/2025,23,23,0,0,0,0,0,0,1,0,0,100
ATT-004984,EMP-0410,2025-12,1/12/2025,23,23,0,0,0,0,0,0,5,0,0,100
ATT-004985,EMP-0411,2025-12,1/12/2025,23,23,0,0,0,0,0,0,0,0,0,100
ATT-004986,EMP-0412,2025-12,1/12/2025,23,23,0,0,0,0,0,0,0,0,0,100
ATT-004987,EMP-0414,2025-12,1/12/2025,23,16,1,6,0,0,0,6,0,0,24.5,69.57
ATT-004988,EMP-0415,2025-12,1/12/2025,23,22,1,0,0,0,0,0,0,0,4,95.65
ATT-004989,EMP-0416,2025-12,1/12/2025,23,21,0,0,2,0,0,2,0,0,0,91.3
ATT-004990,EMP-0417,2025-12,1/12/2025,23,23,0,0,0,0,0,0,5,0,6,100
ATT-004991,EMP-0418,2025-12,1/12/2025,23,23,0,0,0,0,0,0,0,0,25.5,100
ATT-004992,EMP-0419,2025-12,1/12/2025,23,20,0,0,0,3,0,3,0,0,0,86.96
ATT-004993,EMP-0420,2025-12,1/12/2025,23,23,0,0,0,0,0,0,0,0,0,100
ATT-004994,EMP-0422,2025-12,1/12/2025,23,23,0,0,0,0,0,0,0,1,18,100
ATT-004995,EMP-0424,2025-12,1/12/2025,23,22,1,0,0,0,0,0,0,0,3.5,95.65
ATT-004996,EMP-0425,2025-12,1/12/2025,23,23,0,0,0,0,0,0,0,0,0,100
ATT-004997,EMP-0426,2025-12,1/12/2025,23,23,0,0,0,0,0,0,2,0,0,100
ATT-004998,EMP-0427,2025-12,1/12/2025,23,23,0,0,0,0,0,0,6,0,3.5,100
ATT-004999,EMP-0428,2025-12,1/12/2025,23,23,0,0,0,0,0,0,0,0,0,100
ATT-005000,EMP-0429,2025-12,1/12/2025,23,16,0,7,0,0,0,7,0,0,4,69.57
ATT-005001,EMP-0430,2025-12,1/12/2025,23,23,0,0,0,0,0,0,0,0,21,100
ATT-005002,EMP-0431,2025-12,1/12/2025,23,23,0,0,0,0,0,0,0,0,10.5,100
ATT-005003,EMP-0432,2025-12,1/12/2025,23,23,0,0,0,0,0,0,5,0,0,100
ATT-005004,EMP-0433,2025-12,1/12/2025,23,23,0,0,0,0,0,0,0,0,8.5,100
ATT-005005,EMP-0434,2025-12,1/12/2025,23,20,0,0,3,0,0,3,0,0,9,86.96
ATT-005006,EMP-0435,2025-12,1/12/2025,23,22,0,0,0,0,1,1,0,0,12.5,95.65
ATT-005007,EMP-0436,2025-12,1/12/2025,23,22,0,1,0,0,0,1,0,0,10,95.65
ATT-005008,EMP-0438,2025-12,1/12/2025,23,23,0,0,0,0,0,0,5,0,9.5,100
ATT-005009,EMP-0439,2025-12,1/12/2025,23,23,0,0,0,0,0,0,6,0,10,100
ATT-005010,EMP-0440,2025-12,1/12/2025,23,22,1,0,0,0,0,0,0,4,0,95.65
ATT-005011,EMP-0441,2025-12,1/12/2025,23,23,0,0,0,0,0,0,2,0,0,100
ATT-005012,EMP-0442,2025-12,1/12/2025,23,23,0,0,0,0,0,0,2,0,22.5,100
ATT-005013,EMP-0443,2025-12,1/12/2025,23,20,0,0,3,0,0,3,0,0,0,86.96
ATT-005014,EMP-0444,2025-12,1/12/2025,23,18,0,4,1,0,0,5,6,0,14,78.26
ATT-005015,EMP-0445,2025-12,1/12/2025,23,23,0,0,0,0,0,0,0,0,17.5,100
ATT-005016,EMP-0446,2025-12,1/12/2025,23,20,0,0,3,0,0,3,0,1,0,86.96
ATT-005017,EMP-0448,2025-12,1/12/2025,23,19,1,3,0,0,0,3,0,0,0,82.61
ATT-005018,EMP-0449,2025-12,1/12/2025,23,23,0,0,0,0,0,0,4,2,19,100
ATT-005019,EMP-0451,2025-12,1/12/2025,23,23,0,0,0,0,0,0,0,1,0,100
ATT-005020,EMP-0452,2025-12,1/12/2025,23,23,0,0,0,0,0,0,0,0,23.5,100
ATT-005021,EMP-0453,2025-12,1/12/2025,23,23,0,0,0,0,0,0,0,0,21.5,100
ATT-005022,EMP-0454,2025-12,1/12/2025,23,21,2,0,0,0,0,0,0,0,4.5,91.3
ATT-005023,EMP-0455,2025-12,1/12/2025,23,23,0,0,0,0,0,0,0,0,0,100
ATT-005024,EMP-0457,2025-12,1/12/2025,23,16,0,7,0,0,0,7,0,0,0,69.57
ATT-005025,EMP-0459,2025-12,1/12/2025,23,23,0,0,0,0,0,0,0,0,0,100
ATT-005026,EMP-0460,2025-12,1/12/2025,23,18,0,0,3,2,0,5,0,2,14,78.26
ATT-005027,EMP-0461,2025-12,1/12/2025,23,19,0,4,0,0,0,4,0,1,3,82.61
ATT-005028,EMP-0463,2025-12,1/12/2025,23,21,0,0,0,0,2,2,6,0,22.5,91.3
ATT-005029,EMP-0464,2025-12,1/12/2025,23,23,0,0,0,0,0,0,0,0,0,100
ATT-005030,EMP-0465,2025-12,1/12/2025,23,23,0,0,0,0,0,0,0,2,7,100
ATT-005031,EMP-0466,2025-12,1/12/2025,23,22,1,0,0,0,0,0,2,0,0,95.65
ATT-005032,EMP-0467,2025-12,1/12/2025,23,23,0,0,0,0,0,0,0,0,0,100
ATT-005033,EMP-0468,2025-12,1/12/2025,23,23,0,0,0,0,0,0,5,0,24.5,100
ATT-005034,EMP-0469,2025-12,1/12/2025,23,23,0,0,0,0,0,0,3,0,7,100
ATT-005035,EMP-0470,2025-12,1/12/2025,23,19,0,4,0,0,0,4,0,3,16,82.61
ATT-005036,EMP-0471,2025-12,1/12/2025,23,20,0,0,3,0,0,3,0,0,0,86.96
ATT-005037,EMP-0472,2025-12,1/12/2025,23,23,0,0,0,0,0,0,2,0,0,100
ATT-005038,EMP-0473,2025-12,1/12/2025,23,23,0,0,0,0,0,0,0,0,22,100
ATT-005039,EMP-0474,2025-12,1/12/2025,23,20,1,0,2,0,0,2,0,0,0,86.96
ATT-005040,EMP-0475,2025-12,1/12/2025,23,23,0,0,0,0,0,0,4,0,0,100
ATT-005041,EMP-0476,2025-12,1/12/2025,23,23,0,0,0,0,0,0,0,0,7.5,100
ATT-005042,EMP-0478,2025-12,1/12/2025,23,20,2,1,0,0,0,1,0,0,14.5,86.96
ATT-005043,EMP-0480,2025-12,1/12/2025,23,23,0,0,0,0,0,0,0,3,21,100
ATT-005044,EMP-0481,2025-12,1/12/2025,23,15,0,8,0,0,0,8,0,0,17,65.22
ATT-005045,EMP-0482,2025-12,1/12/2025,23,16,0,7,0,0,0,7,1,0,2.5,69.57
ATT-005046,EMP-0483,2025-12,1/12/2025,23,23,0,0,0,0,0,0,0,0,23,100
ATT-005047,EMP-0484,2025-12,1/12/2025,23,21,0,0,2,0,0,2,1,0,7,91.3
ATT-005048,EMP-0485,2025-12,1/12/2025,23,22,0,0,1,0,0,1,0,0,0,95.65
ATT-005049,EMP-0487,2025-12,1/12/2025,23,22,0,1,0,0,0,1,0,0,0,95.65
ATT-005050,EMP-0488,2025-12,1/12/2025,23,23,0,0,0,0,0,0,0,0,12.5,100
ATT-005051,EMP-0489,2025-12,1/12/2025,23,17,0,6,0,0,0,6,5,0,0,73.91
ATT-005052,EMP-0490,2025-12,1/12/2025,23,23,0,0,0,0,0,0,0,0,11.5,100
ATT-005053,EMP-0491,2025-12,1/12/2025,23,23,0,0,0,0,0,0,0,0,0,100
ATT-005054,EMP-0492,2025-12,1/12/2025,23,23,0,0,0,0,0,0,0,1,0,100
ATT-005055,EMP-0493,2025-12,1/12/2025,23,23,0,0,0,0,0,0,0,0,21.5,100
ATT-005056,EMP-0494,2025-12,1/12/2025,23,20,0,3,0,0,0,3,2,0,0,86.96
ATT-005057,EMP-0495,2025-12,1/12/2025,23,23,0,0,0,0,0,0,0,0,0,100
ATT-005058,EMP-0497,2025-12,1/12/2025,23,20,0,3,0,0,0,3,0,0,0,86.96
ATT-005059,EMP-0498,2025-12,1/12/2025,23,23,0,0,0,0,0,0,0,0,0,100
ATT-005060,EMP-0499,2025-12,1/12/2025,23,23,0,0,0,0,0,0,5,0,0,100
ATT-005061,EMP-0500,2025-12,1/12/2025,23,23,0,0,0,0,0,0,0,0,0,100
ATT-005062,EMP-0001,2026-01,1/1/2026,21,21,0,0,0,0,0,0,0,2,0,100
ATT-005063,EMP-0003,2026-01,1/1/2026,21,21,0,0,0,0,0,0,0,0,0,100
ATT-005064,EMP-0004,2026-01,1/1/2026,21,21,0,0,0,0,0,0,6,0,14.5,100
ATT-005065,EMP-0005,2026-01,1/1/2026,21,21,0,0,0,0,0,0,0,0,16,100
ATT-005066,EMP-0006,2026-01,1/1/2026,21,17,2,0,2,0,0,2,2,0,15,80.95
ATT-005067,EMP-0007,2026-01,1/1/2026,21,21,0,0,0,0,0,0,0,0,2.5,100
ATT-005068,EMP-0008,2026-01,1/1/2026,21,21,0,0,0,0,0,0,0,0,3.5,100
ATT-005069,EMP-0009,2026-01,1/1/2026,21,21,0,0,0,0,0,0,0,0,5.5,100
ATT-005070,EMP-0010,2026-01,1/1/2026,21,20,1,0,0,0,0,0,0,0,0,95.24
ATT-005071,EMP-0011,2026-01,1/1/2026,21,20,1,0,0,0,0,0,2,0,0,95.24
ATT-005072,EMP-0014,2026-01,1/1/2026,21,21,0,0,0,0,0,0,2,0,21,100
ATT-005073,EMP-0015,2026-01,1/1/2026,21,21,0,0,0,0,0,0,0,3,0,100
ATT-005074,EMP-0016,2026-01,1/1/2026,21,21,0,0,0,0,0,0,5,0,21,100
ATT-005075,EMP-0017,2026-01,1/1/2026,21,21,0,0,0,0,0,0,0,3,12.5,100
ATT-005076,EMP-0018,2026-01,1/1/2026,21,21,0,0,0,0,0,0,0,3,0,100
ATT-005077,EMP-0019,2026-01,1/1/2026,21,21,0,0,0,0,0,0,5,0,0,100
ATT-005078,EMP-0020,2026-01,1/1/2026,21,20,0,0,1,0,0,1,0,1,7,95.24
ATT-005079,EMP-0021,2026-01,1/1/2026,21,21,0,0,0,0,0,0,0,0,0,100
ATT-005080,EMP-0022,2026-01,1/1/2026,21,21,0,0,0,0,0,0,0,0,0,100
ATT-005081,EMP-0023,2026-01,1/1/2026,21,21,0,0,0,0,0,0,0,0,0,100
ATT-005082,EMP-0024,2026-01,1/1/2026,21,18,0,3,0,0,0,3,0,0,0,85.71
ATT-005083,EMP-0025,2026-01,1/1/2026,21,21,0,0,0,0,0,0,0,0,0,100
ATT-005084,EMP-0026,2026-01,1/1/2026,21,19,2,0,0,0,0,0,4,0,0,90.48
ATT-005085,EMP-0027,2026-01,1/1/2026,21,21,0,0,0,0,0,0,0,3,8.5,100
ATT-005086,EMP-0028,2026-01,1/1/2026,21,21,0,0,0,0,0,0,2,0,0,100
ATT-005087,EMP-0029,2026-01,1/1/2026,21,19,0,0,2,0,0,2,3,0,0,90.48
ATT-005088,EMP-0030,2026-01,1/1/2026,21,21,0,0,0,0,0,0,6,0,25,100
ATT-005089,EMP-0031,2026-01,1/1/2026,21,21,0,0,0,0,0,0,0,2,4,100
ATT-005090,EMP-0032,2026-01,1/1/2026,21,21,0,0,0,0,0,0,0,0,7,100
ATT-005091,EMP-0033,2026-01,1/1/2026,21,19,0,0,2,0,0,2,1,0,6.5,90.48
ATT-005092,EMP-0034,2026-01,1/1/2026,21,19,0,0,0,2,0,2,0,0,2,90.48
ATT-005093,EMP-0035,2026-01,1/1/2026,21,21,0,0,0,0,0,0,0,0,24,100
ATT-005094,EMP-0036,2026-01,1/1/2026,21,21,0,0,0,0,0,0,0,2,19.5,100
ATT-005095,EMP-0037,2026-01,1/1/2026,21,21,0,0,0,0,0,0,0,0,0,100
ATT-005096,EMP-0038,2026-01,1/1/2026,21,14,0,7,0,0,0,7,0,3,2,66.67
ATT-005097,EMP-0039,2026-01,1/1/2026,21,20,1,0,0,0,0,0,0,3,14.5,95.24
ATT-005098,EMP-0040,2026-01,1/1/2026,21,19,0,0,0,2,0,2,0,0,0,90.48
ATT-005099,EMP-0041,2026-01,1/1/2026,21,21,0,0,0,0,0,0,0,0,0,100
ATT-005100,EMP-0042,2026-01,1/1/2026,21,21,0,0,0,0,0,0,0,0,18,100
ATT-005101,EMP-0043,2026-01,1/1/2026,21,21,0,0,0,0,0,0,0,0,22.5,100
ATT-005102,EMP-0044,2026-01,1/1/2026,21,16,2,0,3,0,0,3,0,0,13.5,76.19
ATT-005103,EMP-0045,2026-01,1/1/2026,21,20,0,0,0,0,1,1,0,3,6.5,95.24
ATT-005104,EMP-0046,2026-01,1/1/2026,21,21,0,0,0,0,0,0,0,0,25,100
ATT-005105,EMP-0047,2026-01,1/1/2026,21,18,0,3,0,0,0,3,5,0,0,85.71
ATT-005106,EMP-0048,2026-01,1/1/2026,21,21,0,0,0,0,0,0,0,2,0,100
ATT-005107,EMP-0049,2026-01,1/1/2026,21,21,0,0,0,0,0,0,0,3,0,100
ATT-005108,EMP-0050,2026-01,1/1/2026,21,19,2,0,0,0,0,0,0,0,0,90.48
ATT-005109,EMP-0051,2026-01,1/1/2026,21,18,0,0,3,0,0,3,6,0,4,85.71
ATT-005110,EMP-0052,2026-01,1/1/2026,21,19,1,0,1,0,0,1,0,0,10.5,90.48
ATT-005111,EMP-0053,2026-01,1/1/2026,21,15,0,0,3,0,3,6,0,1,0,71.43
ATT-005112,EMP-0055,2026-01,1/1/2026,21,18,0,3,0,0,0,3,0,0,8.5,85.71
ATT-005113,EMP-0057,2026-01,1/1/2026,21,21,0,0,0,0,0,0,1,0,10,100
ATT-005114,EMP-0058,2026-01,1/1/2026,21,11,0,10,0,0,0,10,2,0,18,52.38
ATT-005115,EMP-0059,2026-01,1/1/2026,21,19,2,0,0,0,0,0,0,0,4.5,90.48
ATT-005116,EMP-0060,2026-01,1/1/2026,21,21,0,0,0,0,0,0,0,0,0,100
ATT-005117,EMP-0062,2026-01,1/1/2026,21,19,0,0,1,1,0,2,3,4,4.5,90.48
ATT-005118,EMP-0063,2026-01,1/1/2026,21,20,1,0,0,0,0,0,1,0,0,95.24
ATT-005119,EMP-0064,2026-01,1/1/2026,21,18,0,0,0,0,3,3,1,0,0,85.71
ATT-005120,EMP-0065,2026-01,1/1/2026,21,21,0,0,0,0,0,0,1,0,0,100
ATT-005121,EMP-0066,2026-01,1/1/2026,21,21,0,0,0,0,0,0,0,0,0,100
ATT-005122,EMP-0067,2026-01,1/1/2026,21,21,0,0,0,0,0,0,0,0,0,100
ATT-005123,EMP-0068,2026-01,1/1/2026,21,21,0,0,0,0,0,0,5,0,17.5,100
ATT-005124,EMP-0069,2026-01,1/1/2026,21,20,1,0,0,0,0,0,0,0,0,95.24
ATT-005125,EMP-0070,2026-01,1/1/2026,21,13,0,8,0,0,0,8,0,0,9,61.9
ATT-005126,EMP-0071,2026-01,1/1/2026,21,19,0,2,0,0,0,2,2,0,22,90.48
ATT-005127,EMP-0072,2026-01,1/1/2026,21,14,2,5,0,0,0,5,1,0,20,66.67
ATT-005128,EMP-0073,2026-01,1/1/2026,21,15,0,6,0,0,0,6,0,0,0,71.43
ATT-005129,EMP-0074,2026-01,1/1/2026,21,18,0,0,3,0,0,3,0,1,0,85.71
ATT-005130,EMP-0076,2026-01,1/1/2026,21,21,0,0,0,0,0,0,5,0,0,100
ATT-005131,EMP-0077,2026-01,1/1/2026,21,21,0,0,0,0,0,0,0,2,5,100
ATT-005132,EMP-0079,2026-01,1/1/2026,21,21,0,0,0,0,0,0,0,0,0,100
ATT-005133,EMP-0080,2026-01,1/1/2026,21,21,0,0,0,0,0,0,0,0,0,100
ATT-005134,EMP-0081,2026-01,1/1/2026,21,21,0,0,0,0,0,0,0,0,0,100
ATT-005135,EMP-0082,2026-01,1/1/2026,21,18,0,3,0,0,0,3,0,0,7.5,85.71
ATT-005136,EMP-0083,2026-01,1/1/2026,21,21,0,0,0,0,0,0,1,0,0,100
ATT-005137,EMP-0084,2026-01,1/1/2026,21,19,2,0,0,0,0,0,4,0,6,90.48
ATT-005138,EMP-0086,2026-01,1/1/2026,21,21,0,0,0,0,0,0,0,4,0,100
ATT-005139,EMP-0087,2026-01,1/1/2026,21,21,0,0,0,0,0,0,1,0,0,100
ATT-005140,EMP-0088,2026-01,1/1/2026,21,12,0,9,0,0,0,9,6,0,0,57.14
ATT-005141,EMP-0089,2026-01,1/1/2026,21,11,0,8,2,0,0,10,0,0,0,52.38
ATT-005142,EMP-0091,2026-01,1/1/2026,21,16,0,5,0,0,0,5,0,0,0,76.19
ATT-005143,EMP-0092,2026-01,1/1/2026,21,18,2,0,1,0,0,1,0,0,20.5,85.71
ATT-005144,EMP-0093,2026-01,1/1/2026,21,21,0,0,0,0,0,0,1,0,22,100
ATT-005145,EMP-0095,2026-01,1/1/2026,21,18,0,0,0,3,0,3,2,0,23,85.71
ATT-005146,EMP-0097,2026-01,1/1/2026,21,21,0,0,0,0,0,0,5,0,0,100
ATT-005147,EMP-0098,2026-01,1/1/2026,21,21,0,0,0,0,0,0,6,0,11,100
ATT-005148,EMP-0099,2026-01,1/1/2026,21,21,0,0,0,0,0,0,0,0,18,100
ATT-005149,EMP-0100,2026-01,1/1/2026,21,20,0,0,1,0,0,1,0,0,0,95.24
ATT-005150,EMP-0102,2026-01,1/1/2026,21,18,0,0,0,0,3,3,6,0,4,85.71
ATT-005151,EMP-0103,2026-01,1/1/2026,21,21,0,0,0,0,0,0,0,0,0,100
ATT-005152,EMP-0104,2026-01,1/1/2026,21,15,0,6,0,0,0,6,2,4,0,71.43
ATT-005153,EMP-0105,2026-01,1/1/2026,21,21,0,0,0,0,0,0,6,0,0,100
ATT-005154,EMP-0106,2026-01,1/1/2026,21,21,0,0,0,0,0,0,0,0,0,100
ATT-005155,EMP-0107,2026-01,1/1/2026,21,20,1,0,0,0,0,0,5,0,0,95.24
ATT-005156,EMP-0108,2026-01,1/1/2026,21,15,0,5,1,0,0,6,4,0,3,71.43
ATT-005157,EMP-0109,2026-01,1/1/2026,21,19,0,0,2,0,0,2,0,0,4.5,90.48
ATT-005158,EMP-0111,2026-01,1/1/2026,21,21,0,0,0,0,0,0,0,1,16.5,100
ATT-005159,EMP-0112,2026-01,1/1/2026,21,18,0,0,3,0,0,3,0,0,0,85.71
ATT-005160,EMP-0113,2026-01,1/1/2026,21,21,0,0,0,0,0,0,1,1,22.5,100
ATT-005161,EMP-0114,2026-01,1/1/2026,21,21,0,0,0,0,0,0,1,0,23.5,100
ATT-005162,EMP-0116,2026-01,1/1/2026,21,21,0,0,0,0,0,0,4,0,10.5,100
ATT-005163,EMP-0117,2026-01,1/1/2026,21,19,2,0,0,0,0,0,0,0,0,90.48
ATT-005164,EMP-0118,2026-01,1/1/2026,21,21,0,0,0,0,0,0,4,0,0,100
ATT-005165,EMP-0119,2026-01,1/1/2026,21,21,0,0,0,0,0,0,0,0,0,100
ATT-005166,EMP-0120,2026-01,1/1/2026,21,21,0,0,0,0,0,0,5,0,3.5,100
ATT-005167,EMP-0121,2026-01,1/1/2026,21,21,0,0,0,0,0,0,0,0,0,100
ATT-005168,EMP-0122,2026-01,1/1/2026,21,21,0,0,0,0,0,0,0,0,16.5,100
ATT-005169,EMP-0123,2026-01,1/1/2026,21,21,0,0,0,0,0,0,0,0,0,100
ATT-005170,EMP-0124,2026-01,1/1/2026,21,21,0,0,0,0,0,0,0,1,0,100
ATT-005171,EMP-0126,2026-01,1/1/2026,21,21,0,0,0,0,0,0,0,0,6,100
ATT-005172,EMP-0127,2026-01,1/1/2026,21,21,0,0,0,0,0,0,0,0,0,100
ATT-005173,EMP-0129,2026-01,1/1/2026,21,19,0,2,0,0,0,2,3,0,0,90.48
ATT-005174,EMP-0130,2026-01,1/1/2026,21,21,0,0,0,0,0,0,3,4,19.5,100
ATT-005175,EMP-0131,2026-01,1/1/2026,21,18,0,3,0,0,0,3,0,0,0,85.71
ATT-005176,EMP-0132,2026-01,1/1/2026,21,20,0,0,1,0,0,1,4,0,13,95.24
ATT-005177,EMP-0133,2026-01,1/1/2026,21,21,0,0,0,0,0,0,0,0,0,100
ATT-005178,EMP-0134,2026-01,1/1/2026,21,21,0,0,0,0,0,0,0,0,0,100
ATT-005179,EMP-0135,2026-01,1/1/2026,21,21,0,0,0,0,0,0,2,0,0,100
ATT-005180,EMP-0136,2026-01,1/1/2026,21,16,0,5,0,0,0,5,0,1,11.5,76.19
ATT-005181,EMP-0137,2026-01,1/1/2026,21,20,1,0,0,0,0,0,0,2,0,95.24
ATT-005182,EMP-0138,2026-01,1/1/2026,21,21,0,0,0,0,0,0,0,3,0,100
ATT-005183,EMP-0140,2026-01,1/1/2026,21,21,0,0,0,0,0,0,0,0,7.5,100
ATT-005184,EMP-0141,2026-01,1/1/2026,21,21,0,0,0,0,0,0,0,0,0,100
ATT-005185,EMP-0142,2026-01,1/1/2026,21,21,0,0,0,0,0,0,0,2,0,100
ATT-005186,EMP-0145,2026-01,1/1/2026,21,21,0,0,0,0,0,0,5,2,6,100
ATT-005187,EMP-0146,2026-01,1/1/2026,21,21,0,0,0,0,0,0,0,0,13,100
ATT-005188,EMP-0147,2026-01,1/1/2026,21,21,0,0,0,0,0,0,0,3,23.5,100
ATT-005189,EMP-0149,2026-01,1/1/2026,21,21,0,0,0,0,0,0,4,0,4,100
ATT-005190,EMP-0150,2026-01,1/1/2026,21,19,2,0,0,0,0,0,0,0,0,90.48
ATT-005191,EMP-0151,2026-01,1/1/2026,21,21,0,0,0,0,0,0,0,0,4,100
ATT-005192,EMP-0152,2026-01,1/1/2026,21,21,0,0,0,0,0,0,4,0,8,100
ATT-005193,EMP-0153,2026-01,1/1/2026,21,21,0,0,0,0,0,0,0,0,12,100
ATT-005194,EMP-0154,2026-01,1/1/2026,21,21,0,0,0,0,0,0,1,0,9,100
ATT-005195,EMP-0155,2026-01,1/1/2026,21,21,0,0,0,0,0,0,0,0,0,100
ATT-005196,EMP-0157,2026-01,1/1/2026,21,21,0,0,0,0,0,0,2,0,17.5,100
ATT-005197,EMP-0158,2026-01,1/1/2026,21,21,0,0,0,0,0,0,2,1,13.5,100
ATT-005198,EMP-0159,2026-01,1/1/2026,21,21,0,0,0,0,0,0,0,0,19.5,100
ATT-005199,EMP-0160,2026-01,1/1/2026,21,21,0,0,0,0,0,0,0,0,11.5,100
ATT-005200,EMP-0161,2026-01,1/1/2026,21,21,0,0,0,0,0,0,4,0,0,100
ATT-005201,EMP-0162,2026-01,1/1/2026,21,21,0,0,0,0,0,0,0,0,0,100
ATT-005202,EMP-0163,2026-01,1/1/2026,21,21,0,0,0,0,0,0,3,0,0,100
ATT-005203,EMP-0164,2026-01,1/1/2026,21,21,0,0,0,0,0,0,2,3,18,100
ATT-005204,EMP-0165,2026-01,1/1/2026,21,19,2,0,0,0,0,0,6,3,18,90.48
ATT-005205,EMP-0167,2026-01,1/1/2026,21,21,0,0,0,0,0,0,0,0,6.5,100
ATT-005206,EMP-0168,2026-01,1/1/2026,21,21,0,0,0,0,0,0,0,0,3.5,100
ATT-005207,EMP-0169,2026-01,1/1/2026,21,18,1,0,2,0,0,2,0,3,8.5,85.71
ATT-005208,EMP-0170,2026-01,1/1/2026,21,21,0,0,0,0,0,0,2,0,12,100
ATT-005209,EMP-0171,2026-01,1/1/2026,21,19,0,2,0,0,0,2,0,0,11.5,90.48
ATT-005210,EMP-0172,2026-01,1/1/2026,21,21,0,0,0,0,0,0,5,0,0,100
ATT-005211,EMP-0173,2026-01,1/1/2026,21,21,0,0,0,0,0,0,5,0,0,100
ATT-005212,EMP-0174,2026-01,1/1/2026,21,21,0,0,0,0,0,0,0,0,0,100
ATT-005213,EMP-0175,2026-01,1/1/2026,21,21,0,0,0,0,0,0,1,0,18,100
ATT-005214,EMP-0176,2026-01,1/1/2026,21,8,0,10,0,0,3,13,0,0,15.5,38.1
ATT-005215,EMP-0177,2026-01,1/1/2026,21,21,0,0,0,0,0,0,3,0,0,100
ATT-005216,EMP-0178,2026-01,1/1/2026,21,19,0,0,2,0,0,2,0,0,17.5,90.48
ATT-005217,EMP-0180,2026-01,1/1/2026,21,21,0,0,0,0,0,0,0,4,23,100
ATT-005218,EMP-0181,2026-01,1/1/2026,21,21,0,0,0,0,0,0,5,2,0,100
ATT-005219,EMP-0182,2026-01,1/1/2026,21,21,0,0,0,0,0,0,4,0,3,100
ATT-005220,EMP-0183,2026-01,1/1/2026,21,21,0,0,0,0,0,0,4,0,17,100
ATT-005221,EMP-0184,2026-01,1/1/2026,21,21,0,0,0,0,0,0,5,0,10.5,100
ATT-005222,EMP-0186,2026-01,1/1/2026,21,17,0,0,0,4,0,4,0,0,2.5,80.95
ATT-005223,EMP-0187,2026-01,1/1/2026,21,21,0,0,0,0,0,0,5,0,0,100
ATT-005224,EMP-0188,2026-01,1/1/2026,21,21,0,0,0,0,0,0,0,0,16,100
ATT-005225,EMP-0189,2026-01,1/1/2026,21,21,0,0,0,0,0,0,6,4,22,100
ATT-005226,EMP-0190,2026-01,1/1/2026,21,20,0,0,1,0,0,1,3,0,0,95.24
ATT-005227,EMP-0191,2026-01,1/1/2026,21,21,0,0,0,0,0,0,2,0,0,100
ATT-005228,EMP-0192,2026-01,1/1/2026,21,19,0,0,0,0,2,2,5,0,4.5,90.48
ATT-005229,EMP-0193,2026-01,1/1/2026,21,20,0,0,1,0,0,1,4,0,0,95.24
ATT-005230,EMP-0194,2026-01,1/1/2026,21,21,0,0,0,0,0,0,0,0,0,100
ATT-005231,EMP-0195,2026-01,1/1/2026,21,21,0,0,0,0,0,0,0,0,18.5,100
ATT-005232,EMP-0196,2026-01,1/1/2026,21,21,0,0,0,0,0,0,0,2,17.5,100
ATT-005233,EMP-0197,2026-01,1/1/2026,21,21,0,0,0,0,0,0,0,0,0,100
ATT-005234,EMP-0198,2026-01,1/1/2026,21,21,0,0,0,0,0,0,3,3,16,100
ATT-005235,EMP-0199,2026-01,1/1/2026,21,21,0,0,0,0,0,0,4,0,4,100
ATT-005236,EMP-0200,2026-01,1/1/2026,21,21,0,0,0,0,0,0,0,0,3,100
ATT-005237,EMP-0201,2026-01,1/1/2026,21,19,0,0,0,0,2,2,0,0,10.5,90.48
ATT-005238,EMP-0202,2026-01,1/1/2026,21,21,0,0,0,0,0,0,5,0,21,100
ATT-005239,EMP-0203,2026-01,1/1/2026,21,20,0,0,0,0,1,1,0,0,15,95.24
ATT-005240,EMP-0205,2026-01,1/1/2026,21,21,0,0,0,0,0,0,5,0,21,100
ATT-005241,EMP-0207,2026-01,1/1/2026,21,21,0,0,0,0,0,0,0,0,0,100
ATT-005242,EMP-0208,2026-01,1/1/2026,21,21,0,0,0,0,0,0,0,0,16.5,100
ATT-005243,EMP-0209,2026-01,1/1/2026,21,21,0,0,0,0,0,0,5,0,17,100
ATT-005244,EMP-0210,2026-01,1/1/2026,21,18,0,0,3,0,0,3,0,0,9.5,85.71
ATT-005245,EMP-0211,2026-01,1/1/2026,21,18,0,0,3,0,0,3,0,4,25,85.71
ATT-005246,EMP-0212,2026-01,1/1/2026,21,20,1,0,0,0,0,0,4,4,4.5,95.24
ATT-005247,EMP-0213,2026-01,1/1/2026,21,21,0,0,0,0,0,0,0,0,6.5,100
ATT-005248,EMP-0214,2026-01,1/1/2026,21,21,0,0,0,0,0,0,0,0,12.5,100
ATT-005249,EMP-0215,2026-01,1/1/2026,21,21,0,0,0,0,0,0,0,0,0,100
ATT-005250,EMP-0216,2026-01,1/1/2026,21,21,0,0,0,0,0,0,0,0,0,100
ATT-005251,EMP-0217,2026-01,1/1/2026,21,21,0,0,0,0,0,0,0,0,19.5,100
ATT-005252,EMP-0218,2026-01,1/1/2026,21,21,0,0,0,0,0,0,0,4,0,100
ATT-005253,EMP-0219,2026-01,1/1/2026,21,19,2,0,0,0,0,0,0,0,0,90.48
ATT-005254,EMP-0220,2026-01,1/1/2026,21,21,0,0,0,0,0,0,0,0,20.5,100
ATT-005255,EMP-0221,2026-01,1/1/2026,21,18,0,3,0,0,0,3,0,0,0,85.71
ATT-005256,EMP-0222,2026-01,1/1/2026,21,19,0,0,2,0,0,2,3,1,19,90.48
ATT-005257,EMP-0223,2026-01,1/1/2026,21,19,2,0,0,0,0,0,5,2,19.5,90.48
ATT-005258,EMP-0225,2026-01,1/1/2026,21,21,0,0,0,0,0,0,3,0,5.5,100
ATT-005259,EMP-0226,2026-01,1/1/2026,21,21,0,0,0,0,0,0,6,0,0,100
ATT-005260,EMP-0227,2026-01,1/1/2026,21,21,0,0,0,0,0,0,0,0,9,100
ATT-005261,EMP-0228,2026-01,1/1/2026,21,19,0,0,2,0,0,2,0,0,20.5,90.48
ATT-005262,EMP-0229,2026-01,1/1/2026,21,21,0,0,0,0,0,0,0,0,2.5,100
ATT-005263,EMP-0230,2026-01,1/1/2026,21,21,0,0,0,0,0,0,0,2,23.5,100
ATT-005264,EMP-0231,2026-01,1/1/2026,21,21,0,0,0,0,0,0,0,3,0,100
ATT-005265,EMP-0232,2026-01,1/1/2026,21,19,0,0,2,0,0,2,0,0,19.5,90.48
ATT-005266,EMP-0234,2026-01,1/1/2026,21,12,0,9,0,0,0,9,0,3,4,57.14
ATT-005267,EMP-0236,2026-01,1/1/2026,21,21,0,0,0,0,0,0,0,0,0,100
ATT-005268,EMP-0237,2026-01,1/1/2026,21,21,0,0,0,0,0,0,0,1,0,100
ATT-005269,EMP-0238,2026-01,1/1/2026,21,21,0,0,0,0,0,0,0,0,0,100
ATT-005270,EMP-0239,2026-01,1/1/2026,21,20,1,0,0,0,0,0,0,0,0,95.24
ATT-005271,EMP-0240,2026-01,1/1/2026,21,21,0,0,0,0,0,0,0,0,11.5,100
ATT-005272,EMP-0241,2026-01,1/1/2026,21,21,0,0,0,0,0,0,0,0,0,100
ATT-005273,EMP-0242,2026-01,1/1/2026,21,21,0,0,0,0,0,0,0,0,10,100
ATT-005274,EMP-0243,2026-01,1/1/2026,21,21,0,0,0,0,0,0,0,0,10,100
ATT-005275,EMP-0244,2026-01,1/1/2026,21,15,0,6,0,0,0,6,0,0,3.5,71.43
ATT-005276,EMP-0245,2026-01,1/1/2026,21,21,0,0,0,0,0,0,2,0,0,100
ATT-005277,EMP-0246,2026-01,1/1/2026,21,17,0,1,3,0,0,4,0,0,24.5,80.95
ATT-005278,EMP-0247,2026-01,1/1/2026,21,21,0,0,0,0,0,0,4,3,22.5,100
ATT-005279,EMP-0248,2026-01,1/1/2026,21,21,0,0,0,0,0,0,0,0,0,100
ATT-005280,EMP-0249,2026-01,1/1/2026,21,21,0,0,0,0,0,0,5,0,10,100
ATT-005281,EMP-0250,2026-01,1/1/2026,21,21,0,0,0,0,0,0,4,0,9.5,100
ATT-005282,EMP-0251,2026-01,1/1/2026,21,21,0,0,0,0,0,0,0,0,16,100
ATT-005283,EMP-0252,2026-01,1/1/2026,21,17,0,4,0,0,0,4,1,0,21.5,80.95
ATT-005284,EMP-0253,2026-01,1/1/2026,21,20,1,0,0,0,0,0,6,0,8,95.24
ATT-005285,EMP-0254,2026-01,1/1/2026,21,17,0,4,0,0,0,4,4,0,11,80.95
ATT-005286,EMP-0255,2026-01,1/1/2026,21,21,0,0,0,0,0,0,0,0,0,100
ATT-005287,EMP-0256,2026-01,1/1/2026,21,21,0,0,0,0,0,0,3,0,0,100
ATT-005288,EMP-0257,2026-01,1/1/2026,21,21,0,0,0,0,0,0,0,0,13.5,100
ATT-005289,EMP-0258,2026-01,1/1/2026,21,21,0,0,0,0,0,0,6,0,18,100
ATT-005290,EMP-0260,2026-01,1/1/2026,21,21,0,0,0,0,0,0,0,0,17.5,100
ATT-005291,EMP-0261,2026-01,1/1/2026,21,21,0,0,0,0,0,0,0,0,3,100
ATT-005292,EMP-0262,2026-01,1/1/2026,21,21,0,0,0,0,0,0,0,0,14.5,100
ATT-005293,EMP-0263,2026-01,1/1/2026,21,14,0,7,0,0,0,7,0,0,7,66.67
ATT-005294,EMP-0264,2026-01,1/1/2026,21,21,0,0,0,0,0,0,0,0,22,100
ATT-005295,EMP-0265,2026-01,1/1/2026,21,21,0,0,0,0,0,0,0,0,0,100
ATT-005296,EMP-0266,2026-01,1/1/2026,21,21,0,0,0,0,0,0,3,4,21,100
ATT-005297,EMP-0267,2026-01,1/1/2026,21,21,0,0,0,0,0,0,0,1,11.5,100
ATT-005298,EMP-0268,2026-01,1/1/2026,21,11,0,7,0,0,3,10,0,0,10.5,52.38
ATT-005299,EMP-0269,2026-01,1/1/2026,21,21,0,0,0,0,0,0,0,0,13,100
ATT-005300,EMP-0270,2026-01,1/1/2026,21,21,0,0,0,0,0,0,0,0,6,100
ATT-005301,EMP-0272,2026-01,1/1/2026,21,21,0,0,0,0,0,0,2,0,25,100
ATT-005302,EMP-0274,2026-01,1/1/2026,21,21,0,0,0,0,0,0,0,2,7.5,100
ATT-005303,EMP-0275,2026-01,1/1/2026,21,21,0,0,0,0,0,0,0,0,14,100
ATT-005304,EMP-0276,2026-01,1/1/2026,21,19,0,0,2,0,0,2,0,0,0,90.48
ATT-005305,EMP-0277,2026-01,1/1/2026,21,21,0,0,0,0,0,0,0,1,21,100
ATT-005306,EMP-0278,2026-01,1/1/2026,21,21,0,0,0,0,0,0,0,0,18.5,100
ATT-005307,EMP-0279,2026-01,1/1/2026,21,14,2,5,0,0,0,5,0,0,0,66.67
ATT-005308,EMP-0280,2026-01,1/1/2026,21,20,1,0,0,0,0,0,0,0,0,95.24
ATT-005309,EMP-0281,2026-01,1/1/2026,21,21,0,0,0,0,0,0,0,0,22,100
ATT-005310,EMP-0282,2026-01,1/1/2026,21,21,0,0,0,0,0,0,0,0,6.5,100
ATT-005311,EMP-0283,2026-01,1/1/2026,21,20,0,1,0,0,0,1,0,0,0,95.24
ATT-005312,EMP-0284,2026-01,1/1/2026,21,21,0,0,0,0,0,0,0,0,0,100
ATT-005313,EMP-0286,2026-01,1/1/2026,21,15,0,6,0,0,0,6,0,0,12.5,71.43
ATT-005314,EMP-0287,2026-01,1/1/2026,21,21,0,0,0,0,0,0,0,1,20.5,100
ATT-005315,EMP-0288,2026-01,1/1/2026,21,21,0,0,0,0,0,0,0,0,0,100
ATT-005316,EMP-0290,2026-01,1/1/2026,21,21,0,0,0,0,0,0,0,1,3.5,100
ATT-005317,EMP-0292,2026-01,1/1/2026,21,17,0,4,0,0,0,4,0,0,0,80.95
ATT-005318,EMP-0293,2026-01,1/1/2026,21,20,1,0,0,0,0,0,4,0,0,95.24
ATT-005319,EMP-0294,2026-01,1/1/2026,21,16,0,5,0,0,0,5,3,2,5.5,76.19
ATT-005320,EMP-0295,2026-01,1/1/2026,21,21,0,0,0,0,0,0,5,0,24,100
ATT-005321,EMP-0296,2026-01,1/1/2026,21,21,0,0,0,0,0,0,6,0,19.5,100
ATT-005322,EMP-0297,2026-01,1/1/2026,21,20,0,0,0,1,0,1,0,0,24.5,95.24
ATT-005323,EMP-0299,2026-01,1/1/2026,21,21,0,0,0,0,0,0,0,0,14.5,100
ATT-005324,EMP-0300,2026-01,1/1/2026,21,21,0,0,0,0,0,0,0,0,16.5,100
ATT-005325,EMP-0301,2026-01,1/1/2026,21,20,0,0,1,0,0,1,0,2,0,95.24
ATT-005326,EMP-0303,2026-01,1/1/2026,21,20,0,1,0,0,0,1,0,0,7.5,95.24
ATT-005327,EMP-0304,2026-01,1/1/2026,21,21,0,0,0,0,0,0,0,4,16.5,100
ATT-005328,EMP-0305,2026-01,1/1/2026,21,20,1,0,0,0,0,0,0,0,0,95.24
ATT-005329,EMP-0306,2026-01,1/1/2026,21,19,2,0,0,0,0,0,0,0,0,90.48
ATT-005330,EMP-0307,2026-01,1/1/2026,21,21,0,0,0,0,0,0,4,0,22,100
ATT-005331,EMP-0308,2026-01,1/1/2026,21,21,0,0,0,0,0,0,0,4,11,100
ATT-005332,EMP-0309,2026-01,1/1/2026,21,20,1,0,0,0,0,0,0,0,0,95.24
ATT-005333,EMP-0310,2026-01,1/1/2026,21,21,0,0,0,0,0,0,0,0,18.5,100
ATT-005334,EMP-0311,2026-01,1/1/2026,21,20,0,0,1,0,0,1,0,0,0,95.24
ATT-005335,EMP-0312,2026-01,1/1/2026,21,17,1,0,3,0,0,3,0,0,23,80.95
ATT-005336,EMP-0313,2026-01,1/1/2026,21,21,0,0,0,0,0,0,0,0,9.5,100
ATT-005337,EMP-0314,2026-01,1/1/2026,21,21,0,0,0,0,0,0,2,0,0,100
ATT-005338,EMP-0315,2026-01,1/1/2026,21,21,0,0,0,0,0,0,0,0,3,100
ATT-005339,EMP-0316,2026-01,1/1/2026,21,21,0,0,0,0,0,0,0,4,24.5,100
ATT-005340,EMP-0317,2026-01,1/1/2026,21,11,0,10,0,0,0,10,1,4,0,52.38
ATT-005341,EMP-0318,2026-01,1/1/2026,21,21,0,0,0,0,0,0,0,3,0,100
ATT-005342,EMP-0320,2026-01,1/1/2026,21,21,0,0,0,0,0,0,1,0,0,100
ATT-005343,EMP-0321,2026-01,1/1/2026,21,20,1,0,0,0,0,0,6,0,0,95.24
ATT-005344,EMP-0322,2026-01,1/1/2026,21,21,0,0,0,0,0,0,1,0,0,100
ATT-005345,EMP-0324,2026-01,1/1/2026,21,17,0,0,0,4,0,4,2,0,3.5,80.95
ATT-005346,EMP-0325,2026-01,1/1/2026,21,21,0,0,0,0,0,0,1,0,13.5,100
ATT-005347,EMP-0326,2026-01,1/1/2026,21,21,0,0,0,0,0,0,0,0,10.5,100
ATT-005348,EMP-0327,2026-01,1/1/2026,21,21,0,0,0,0,0,0,0,4,24,100
ATT-005349,EMP-0328,2026-01,1/1/2026,21,21,0,0,0,0,0,0,1,0,23.5,100
ATT-005350,EMP-0329,2026-01,1/1/2026,21,21,0,0,0,0,0,0,0,0,0,100
ATT-005351,EMP-0332,2026-01,1/1/2026,21,20,1,0,0,0,0,0,0,0,10,95.24
ATT-005352,EMP-0333,2026-01,1/1/2026,21,21,0,0,0,0,0,0,0,0,4,100
ATT-005353,EMP-0334,2026-01,1/1/2026,21,21,0,0,0,0,0,0,0,0,0,100
ATT-005354,EMP-0335,2026-01,1/1/2026,21,21,0,0,0,0,0,0,0,0,20,100
ATT-005355,EMP-0336,2026-01,1/1/2026,21,21,0,0,0,0,0,0,1,0,0,100
ATT-005356,EMP-0337,2026-01,1/1/2026,21,21,0,0,0,0,0,0,0,0,5.5,100
ATT-005357,EMP-0338,2026-01,1/1/2026,21,18,0,0,3,0,0,3,6,1,0,85.71
ATT-005358,EMP-0339,2026-01,1/1/2026,21,21,0,0,0,0,0,0,3,3,17,100
ATT-005359,EMP-0340,2026-01,1/1/2026,21,18,0,0,0,0,3,3,6,3,0,85.71
ATT-005360,EMP-0341,2026-01,1/1/2026,21,21,0,0,0,0,0,0,0,0,6,100
ATT-005361,EMP-0342,2026-01,1/1/2026,21,21,0,0,0,0,0,0,0,0,0,100
ATT-005362,EMP-0343,2026-01,1/1/2026,21,21,0,0,0,0,0,0,0,0,0,100
ATT-005363,EMP-0344,2026-01,1/1/2026,21,21,0,0,0,0,0,0,0,4,12.5,100
ATT-005364,EMP-0347,2026-01,1/1/2026,21,21,0,0,0,0,0,0,3,3,2.5,100
ATT-005365,EMP-0348,2026-01,1/1/2026,21,21,0,0,0,0,0,0,4,0,4,100
ATT-005366,EMP-0349,2026-01,1/1/2026,21,19,2,0,0,0,0,0,0,0,22,90.48
ATT-005367,EMP-0350,2026-01,1/1/2026,21,21,0,0,0,0,0,0,0,0,0,100
ATT-005368,EMP-0352,2026-01,1/1/2026,21,21,0,0,0,0,0,0,0,0,4,100
ATT-005369,EMP-0353,2026-01,1/1/2026,21,21,0,0,0,0,0,0,0,0,0,100
ATT-005370,EMP-0354,2026-01,1/1/2026,21,21,0,0,0,0,0,0,0,0,0,100
ATT-005371,EMP-0355,2026-01,1/1/2026,21,20,1,0,0,0,0,0,0,0,0,95.24
ATT-005372,EMP-0356,2026-01,1/1/2026,21,21,0,0,0,0,0,0,0,0,19.5,100
ATT-005373,EMP-0357,2026-01,1/1/2026,21,21,0,0,0,0,0,0,0,0,11.5,100
ATT-005374,EMP-0358,2026-01,1/1/2026,21,18,0,3,0,0,0,3,0,0,7.5,85.71
ATT-005375,EMP-0359,2026-01,1/1/2026,21,21,0,0,0,0,0,0,0,0,14.5,100
ATT-005376,EMP-0360,2026-01,1/1/2026,21,11,0,10,0,0,0,10,2,2,0,52.38
ATT-005377,EMP-0361,2026-01,1/1/2026,21,20,1,0,0,0,0,0,0,0,0,95.24
ATT-005378,EMP-0363,2026-01,1/1/2026,21,20,0,0,1,0,0,1,0,0,0,95.24
ATT-005379,EMP-0364,2026-01,1/1/2026,21,21,0,0,0,0,0,0,0,0,22,100
ATT-005380,EMP-0365,2026-01,1/1/2026,21,21,0,0,0,0,0,0,2,1,0,100
ATT-005381,EMP-0366,2026-01,1/1/2026,21,20,1,0,0,0,0,0,0,0,8.5,95.24
ATT-005382,EMP-0367,2026-01,1/1/2026,21,21,0,0,0,0,0,0,0,0,0,100
ATT-005383,EMP-0368,2026-01,1/1/2026,21,20,1,0,0,0,0,0,0,0,0,95.24
ATT-005384,EMP-0369,2026-01,1/1/2026,21,15,0,6,0,0,0,6,0,2,0,71.43
ATT-005385,EMP-0370,2026-01,1/1/2026,21,21,0,0,0,0,0,0,3,0,24,100
ATT-005386,EMP-0371,2026-01,1/1/2026,21,15,0,6,0,0,0,6,4,0,9.5,71.43
ATT-005387,EMP-0372,2026-01,1/1/2026,21,21,0,0,0,0,0,0,0,0,0,100
ATT-005388,EMP-0373,2026-01,1/1/2026,21,21,0,0,0,0,0,0,0,0,0,100
ATT-005389,EMP-0374,2026-01,1/1/2026,21,21,0,0,0,0,0,0,6,0,21.5,100
ATT-005390,EMP-0375,2026-01,1/1/2026,21,21,0,0,0,0,0,0,6,0,0,100
ATT-005391,EMP-0376,2026-01,1/1/2026,21,21,0,0,0,0,0,0,0,0,0,100
ATT-005392,EMP-0377,2026-01,1/1/2026,21,21,0,0,0,0,0,0,5,0,11.5,100
ATT-005393,EMP-0378,2026-01,1/1/2026,21,21,0,0,0,0,0,0,0,0,9.5,100
ATT-005394,EMP-0379,2026-01,1/1/2026,21,21,0,0,0,0,0,0,3,0,4,100
ATT-005395,EMP-0381,2026-01,1/1/2026,21,21,0,0,0,0,0,0,0,0,0,100
ATT-005396,EMP-0382,2026-01,1/1/2026,21,21,0,0,0,0,0,0,6,0,8.5,100
ATT-005397,EMP-0383,2026-01,1/1/2026,21,19,2,0,0,0,0,0,4,0,0,90.48
ATT-005398,EMP-0384,2026-01,1/1/2026,21,21,0,0,0,0,0,0,0,0,23,100
ATT-005399,EMP-0385,2026-01,1/1/2026,21,20,1,0,0,0,0,0,0,1,23,95.24
ATT-005400,EMP-0387,2026-01,1/1/2026,21,21,0,0,0,0,0,0,0,0,22,100
ATT-005401,EMP-0388,2026-01,1/1/2026,21,21,0,0,0,0,0,0,0,0,11.5,100
ATT-005402,EMP-0389,2026-01,1/1/2026,21,21,0,0,0,0,0,0,0,0,24,100
ATT-005403,EMP-0390,2026-01,1/1/2026,21,19,2,0,0,0,0,0,0,0,0,90.48
ATT-005404,EMP-0391,2026-01,1/1/2026,21,21,0,0,0,0,0,0,0,0,6.5,100
ATT-005405,EMP-0393,2026-01,1/1/2026,21,19,0,2,0,0,0,2,0,0,23,90.48
ATT-005406,EMP-0394,2026-01,1/1/2026,21,21,0,0,0,0,0,0,0,0,0,100
ATT-005407,EMP-0395,2026-01,1/1/2026,21,21,0,0,0,0,0,0,0,0,0,100
ATT-005408,EMP-0396,2026-01,1/1/2026,21,14,0,7,0,0,0,7,0,2,0,66.67
ATT-005409,EMP-0397,2026-01,1/1/2026,21,19,2,0,0,0,0,0,0,0,8,90.48
ATT-005410,EMP-0398,2026-01,1/1/2026,21,20,0,0,0,1,0,1,6,0,11,95.24
ATT-005411,EMP-0399,2026-01,1/1/2026,21,21,0,0,0,0,0,0,5,3,0,100
ATT-005412,EMP-0400,2026-01,1/1/2026,21,21,0,0,0,0,0,0,1,1,0,100
ATT-005413,EMP-0402,2026-01,1/1/2026,21,19,0,0,1,1,0,2,0,0,19,90.48
ATT-005414,EMP-0403,2026-01,1/1/2026,21,21,0,0,0,0,0,0,5,2,0,100
ATT-005415,EMP-0405,2026-01,1/1/2026,21,20,1,0,0,0,0,0,0,4,8.5,95.24
ATT-005416,EMP-0406,2026-01,1/1/2026,21,21,0,0,0,0,0,0,0,0,4,100
ATT-005417,EMP-0407,2026-01,1/1/2026,21,15,0,6,0,0,0,6,0,0,0,71.43
ATT-005418,EMP-0409,2026-01,1/1/2026,21,19,2,0,0,0,0,0,0,0,3,90.48
ATT-005419,EMP-0410,2026-01,1/1/2026,21,20,0,0,0,0,1,1,0,0,4,95.24
ATT-005420,EMP-0411,2026-01,1/1/2026,21,19,0,0,0,2,0,2,0,0,15.5,90.48
ATT-005421,EMP-0412,2026-01,1/1/2026,21,21,0,0,0,0,0,0,0,0,0,100
ATT-005422,EMP-0414,2026-01,1/1/2026,21,15,0,6,0,0,0,6,1,0,0,71.43
ATT-005423,EMP-0415,2026-01,1/1/2026,21,21,0,0,0,0,0,0,0,0,21,100
ATT-005424,EMP-0416,2026-01,1/1/2026,21,21,0,0,0,0,0,0,0,0,0,100
ATT-005425,EMP-0417,2026-01,1/1/2026,21,21,0,0,0,0,0,0,0,0,20.5,100
ATT-005426,EMP-0418,2026-01,1/1/2026,21,21,0,0,0,0,0,0,0,0,0,100
ATT-005427,EMP-0419,2026-01,1/1/2026,21,17,1,3,0,0,0,3,0,2,0,80.95
ATT-005428,EMP-0420,2026-01,1/1/2026,21,21,0,0,0,0,0,0,2,4,0,100
ATT-005429,EMP-0422,2026-01,1/1/2026,21,20,1,0,0,0,0,0,0,0,14.5,95.24
ATT-005430,EMP-0424,2026-01,1/1/2026,21,19,0,0,2,0,0,2,0,0,0,90.48
ATT-005431,EMP-0425,2026-01,1/1/2026,21,21,0,0,0,0,0,0,0,0,4.5,100
ATT-005432,EMP-0426,2026-01,1/1/2026,21,21,0,0,0,0,0,0,0,0,0,100
ATT-005433,EMP-0427,2026-01,1/1/2026,21,19,2,0,0,0,0,0,0,0,20.5,90.48
ATT-005434,EMP-0428,2026-01,1/1/2026,21,16,0,5,0,0,0,5,0,2,19.5,76.19
ATT-005435,EMP-0429,2026-01,1/1/2026,21,20,1,0,0,0,0,0,4,0,17.5,95.24
ATT-005436,EMP-0430,2026-01,1/1/2026,21,21,0,0,0,0,0,0,0,0,0,100
ATT-005437,EMP-0431,2026-01,1/1/2026,21,19,0,0,2,0,0,2,0,0,9,90.48
ATT-005438,EMP-0432,2026-01,1/1/2026,21,19,0,0,2,0,0,2,5,0,12,90.48
ATT-005439,EMP-0433,2026-01,1/1/2026,21,21,0,0,0,0,0,0,0,1,10.5,100
ATT-005440,EMP-0434,2026-01,1/1/2026,21,21,0,0,0,0,0,0,0,0,0,100
ATT-005441,EMP-0435,2026-01,1/1/2026,21,21,0,0,0,0,0,0,0,0,25.5,100
ATT-005442,EMP-0436,2026-01,1/1/2026,21,21,0,0,0,0,0,0,6,0,0,100
ATT-005443,EMP-0438,2026-01,1/1/2026,21,20,0,0,1,0,0,1,1,2,23.5,95.24
ATT-005444,EMP-0439,2026-01,1/1/2026,21,18,0,3,0,0,0,3,3,0,6.5,85.71
ATT-005445,EMP-0440,2026-01,1/1/2026,21,20,1,0,0,0,0,0,2,1,14.5,95.24
ATT-005446,EMP-0441,2026-01,1/1/2026,21,21,0,0,0,0,0,0,2,0,0,100
ATT-005447,EMP-0442,2026-01,1/1/2026,21,21,0,0,0,0,0,0,0,0,0,100
ATT-005448,EMP-0443,2026-01,1/1/2026,21,19,2,0,0,0,0,0,0,0,0,90.48
ATT-005449,EMP-0444,2026-01,1/1/2026,21,21,0,0,0,0,0,0,0,4,0,100
ATT-005450,EMP-0445,2026-01,1/1/2026,21,20,1,0,0,0,0,0,0,0,6.5,95.24
ATT-005451,EMP-0446,2026-01,1/1/2026,21,21,0,0,0,0,0,0,0,0,0,100
ATT-005452,EMP-0448,2026-01,1/1/2026,21,20,1,0,0,0,0,0,0,0,0,95.24
ATT-005453,EMP-0449,2026-01,1/1/2026,21,21,0,0,0,0,0,0,0,0,17.5,100
ATT-005454,EMP-0451,2026-01,1/1/2026,21,14,0,7,0,0,0,7,0,0,0,66.67
ATT-005455,EMP-0452,2026-01,1/1/2026,21,21,0,0,0,0,0,0,5,0,0,100
ATT-005456,EMP-0453,2026-01,1/1/2026,21,20,1,0,0,0,0,0,0,0,0,95.24
ATT-005457,EMP-0454,2026-01,1/1/2026,21,19,2,0,0,0,0,0,0,0,0,90.48
ATT-005458,EMP-0455,2026-01,1/1/2026,21,20,0,0,1,0,0,1,4,0,0,95.24
ATT-005459,EMP-0457,2026-01,1/1/2026,21,21,0,0,0,0,0,0,6,0,17,100
ATT-005460,EMP-0459,2026-01,1/1/2026,21,19,2,0,0,0,0,0,0,1,20.5,90.48
ATT-005461,EMP-0460,2026-01,1/1/2026,21,19,0,2,0,0,0,2,0,0,10,90.48
ATT-005462,EMP-0461,2026-01,1/1/2026,21,21,0,0,0,0,0,0,0,0,16.5,100
ATT-005463,EMP-0463,2026-01,1/1/2026,21,16,0,5,0,0,0,5,3,0,19.5,76.19
ATT-005464,EMP-0464,2026-01,1/1/2026,21,21,0,0,0,0,0,0,5,0,17,100
ATT-005465,EMP-0465,2026-01,1/1/2026,21,14,1,6,0,0,0,6,6,0,0,66.67
ATT-005466,EMP-0466,2026-01,1/1/2026,21,21,0,0,0,0,0,0,6,0,0,100
ATT-005467,EMP-0467,2026-01,1/1/2026,21,19,0,2,0,0,0,2,4,3,0,90.48
ATT-005468,EMP-0468,2026-01,1/1/2026,21,16,0,5,0,0,0,5,0,0,22.5,76.19
ATT-005469,EMP-0469,2026-01,1/1/2026,21,21,0,0,0,0,0,0,0,0,0,100
ATT-005470,EMP-0470,2026-01,1/1/2026,21,21,0,0,0,0,0,0,0,0,16.5,100
ATT-005471,EMP-0471,2026-01,1/1/2026,21,21,0,0,0,0,0,0,0,2,0,100
ATT-005472,EMP-0472,2026-01,1/1/2026,21,19,2,0,0,0,0,0,0,0,6.5,90.48
ATT-005473,EMP-0473,2026-01,1/1/2026,21,18,0,0,3,0,0,3,0,0,14.5,85.71
ATT-005474,EMP-0474,2026-01,1/1/2026,21,18,0,0,3,0,0,3,4,3,0,85.71
ATT-005475,EMP-0475,2026-01,1/1/2026,21,21,0,0,0,0,0,0,0,0,13,100
ATT-005476,EMP-0476,2026-01,1/1/2026,21,17,2,0,2,0,0,2,3,0,8.5,80.95
ATT-005477,EMP-0477,2026-01,1/1/2026,21,20,0,0,0,1,0,1,0,0,0,95.24
ATT-005478,EMP-0478,2026-01,1/1/2026,21,21,0,0,0,0,0,0,0,0,13.5,100
ATT-005479,EMP-0479,2026-01,1/1/2026,21,21,0,0,0,0,0,0,2,2,5,100
ATT-005480,EMP-0480,2026-01,1/1/2026,21,19,2,0,0,0,0,0,0,0,21,90.48
ATT-005481,EMP-0481,2026-01,1/1/2026,21,20,0,0,1,0,0,1,2,0,15,95.24
ATT-005482,EMP-0482,2026-01,1/1/2026,21,15,0,6,0,0,0,6,0,4,4,71.43
ATT-005483,EMP-0483,2026-01,1/1/2026,21,21,0,0,0,0,0,0,0,0,0,100
ATT-005484,EMP-0484,2026-01,1/1/2026,21,21,0,0,0,0,0,0,0,0,8,100
ATT-005485,EMP-0485,2026-01,1/1/2026,21,21,0,0,0,0,0,0,0,4,0,100
ATT-005486,EMP-0487,2026-01,1/1/2026,21,20,0,0,1,0,0,1,0,0,22.5,95.24
ATT-005487,EMP-0488,2026-01,1/1/2026,21,20,1,0,0,0,0,0,0,4,0,95.24
ATT-005488,EMP-0489,2026-01,1/1/2026,21,19,0,0,2,0,0,2,0,3,13.5,90.48
ATT-005489,EMP-0490,2026-01,1/1/2026,21,21,0,0,0,0,0,0,0,2,4.5,100
ATT-005490,EMP-0491,2026-01,1/1/2026,21,16,0,5,0,0,0,5,0,0,0,76.19
ATT-005491,EMP-0492,2026-01,1/1/2026,21,21,0,0,0,0,0,0,0,0,0,100
ATT-005492,EMP-0493,2026-01,1/1/2026,21,15,2,0,1,0,3,4,5,0,0,71.43
ATT-005493,EMP-0494,2026-01,1/1/2026,21,21,0,0,0,0,0,0,0,4,18,100
ATT-005494,EMP-0495,2026-01,1/1/2026,21,21,0,0,0,0,0,0,0,0,10,100
ATT-005495,EMP-0497,2026-01,1/1/2026,21,21,0,0,0,0,0,0,0,0,0,100
ATT-005496,EMP-0498,2026-01,1/1/2026,21,13,0,8,0,0,0,8,1,0,25.5,61.9
ATT-005497,EMP-0499,2026-01,1/1/2026,21,20,0,0,0,0,1,1,0,0,0,95.24
ATT-005498,EMP-0500,2026-01,1/1/2026,21,21,0,0,0,0,0,0,0,0,0,100
ATT-005499,EMP-0001,2026-02,1/2/2026,19,19,0,0,0,0,0,0,6,1,0,100
ATT-005500,EMP-0003,2026-02,1/2/2026,19,17,0,2,0,0,0,2,1,4,12,89.47
ATT-005501,EMP-0004,2026-02,1/2/2026,19,17,0,0,0,0,2,2,0,0,14,89.47
ATT-005502,EMP-0005,2026-02,1/2/2026,19,19,0,0,0,0,0,0,0,2,0,100
ATT-005503,EMP-0006,2026-02,1/2/2026,19,19,0,0,0,0,0,0,0,0,0,100
ATT-005504,EMP-0007,2026-02,1/2/2026,19,19,0,0,0,0,0,0,0,0,0,100
ATT-005505,EMP-0008,2026-02,1/2/2026,19,19,0,0,0,0,0,0,0,0,0,100
ATT-005506,EMP-0009,2026-02,1/2/2026,19,19,0,0,0,0,0,0,1,1,11.5,100
ATT-005507,EMP-0010,2026-02,1/2/2026,19,19,0,0,0,0,0,0,2,0,0,100
ATT-005508,EMP-0011,2026-02,1/2/2026,19,19,0,0,0,0,0,0,5,4,13.5,100
ATT-005509,EMP-0013,2026-02,1/2/2026,19,19,0,0,0,0,0,0,0,0,0,100
ATT-005510,EMP-0014,2026-02,1/2/2026,19,19,0,0,0,0,0,0,2,2,10,100
ATT-005511,EMP-0015,2026-02,1/2/2026,19,19,0,0,0,0,0,0,0,3,8.5,100
ATT-005512,EMP-0016,2026-02,1/2/2026,19,19,0,0,0,0,0,0,0,0,15.5,100
ATT-005513,EMP-0017,2026-02,1/2/2026,19,19,0,0,0,0,0,0,0,0,20.5,100
ATT-005514,EMP-0018,2026-02,1/2/2026,19,19,0,0,0,0,0,0,2,0,19.5,100
ATT-005515,EMP-0019,2026-02,1/2/2026,19,18,1,0,0,0,0,0,0,0,24.5,94.74
ATT-005516,EMP-0020,2026-02,1/2/2026,19,17,1,0,1,0,0,1,1,0,0,89.47
ATT-005517,EMP-0021,2026-02,1/2/2026,19,19,0,0,0,0,0,0,0,1,0,100
ATT-005518,EMP-0022,2026-02,1/2/2026,19,9,0,10,0,0,0,10,0,0,0,47.37
ATT-005519,EMP-0023,2026-02,1/2/2026,19,9,0,10,0,0,0,10,5,0,0,47.37
ATT-005520,EMP-0024,2026-02,1/2/2026,19,19,0,0,0,0,0,0,0,0,0,100
ATT-005521,EMP-0025,2026-02,1/2/2026,19,19,0,0,0,0,0,0,5,0,14.5,100
ATT-005522,EMP-0026,2026-02,1/2/2026,19,19,0,0,0,0,0,0,0,4,0,100
ATT-005523,EMP-0027,2026-02,1/2/2026,19,19,0,0,0,0,0,0,1,0,0,100
ATT-005524,EMP-0028,2026-02,1/2/2026,19,16,0,0,0,0,3,3,0,0,21,84.21
ATT-005525,EMP-0029,2026-02,1/2/2026,19,14,0,3,2,0,0,5,3,4,0,73.68
ATT-005526,EMP-0030,2026-02,1/2/2026,19,19,0,0,0,0,0,0,0,0,0,100
ATT-005527,EMP-0031,2026-02,1/2/2026,19,15,0,4,0,0,0,4,0,0,0,78.95
ATT-005528,EMP-0032,2026-02,1/2/2026,19,19,0,0,0,0,0,0,3,0,7.5,100
ATT-005529,EMP-0033,2026-02,1/2/2026,19,19,0,0,0,0,0,0,0,0,22,100
ATT-005530,EMP-0034,2026-02,1/2/2026,19,19,0,0,0,0,0,0,0,0,0,100
ATT-005531,EMP-0035,2026-02,1/2/2026,19,19,0,0,0,0,0,0,0,0,23.5,100
ATT-005532,EMP-0036,2026-02,1/2/2026,19,19,0,0,0,0,0,0,0,0,6.5,100
ATT-005533,EMP-0037,2026-02,1/2/2026,19,19,0,0,0,0,0,0,2,0,0,100
ATT-005534,EMP-0038,2026-02,1/2/2026,19,19,0,0,0,0,0,0,0,0,2,100
ATT-005535,EMP-0039,2026-02,1/2/2026,19,19,0,0,0,0,0,0,0,0,0,100
ATT-005536,EMP-0040,2026-02,1/2/2026,19,19,0,0,0,0,0,0,3,0,0,100
ATT-005537,EMP-0041,2026-02,1/2/2026,19,11,0,8,0,0,0,8,5,2,2.5,57.89
ATT-005538,EMP-0042,2026-02,1/2/2026,19,19,0,0,0,0,0,0,3,0,7.5,100
ATT-005539,EMP-0043,2026-02,1/2/2026,19,15,2,0,2,0,0,2,3,0,0,78.95
ATT-005540,EMP-0044,2026-02,1/2/2026,19,19,0,0,0,0,0,0,0,0,0,100
ATT-005541,EMP-0045,2026-02,1/2/2026,19,15,0,4,0,0,0,4,0,0,9.5,78.95
ATT-005542,EMP-0046,2026-02,1/2/2026,19,19,0,0,0,0,0,0,0,0,0,100
ATT-005543,EMP-0047,2026-02,1/2/2026,19,19,0,0,0,0,0,0,0,0,0,100
ATT-005544,EMP-0048,2026-02,1/2/2026,19,14,2,3,0,0,0,3,0,0,0,73.68
ATT-005545,EMP-0049,2026-02,1/2/2026,19,19,0,0,0,0,0,0,0,2,0,100
ATT-005546,EMP-0050,2026-02,1/2/2026,19,19,0,0,0,0,0,0,3,0,9,100
ATT-005547,EMP-0051,2026-02,1/2/2026,19,19,0,0,0,0,0,0,0,0,13,100
ATT-005548,EMP-0052,2026-02,1/2/2026,19,19,0,0,0,0,0,0,3,0,25.5,100
ATT-005549,EMP-0053,2026-02,1/2/2026,19,19,0,0,0,0,0,0,0,0,6.5,100
ATT-005550,EMP-0055,2026-02,1/2/2026,19,19,0,0,0,0,0,0,0,3,22.5,100
ATT-005551,EMP-0057,2026-02,1/2/2026,19,19,0,0,0,0,0,0,0,0,0,100
ATT-005552,EMP-0058,2026-02,1/2/2026,19,19,0,0,0,0,0,0,0,0,0,100
ATT-005553,EMP-0059,2026-02,1/2/2026,19,19,0,0,0,0,0,0,0,0,0,100
ATT-005554,EMP-0060,2026-02,1/2/2026,19,16,0,0,0,3,0,3,1,2,0,84.21
ATT-005555,EMP-0062,2026-02,1/2/2026,19,17,0,2,0,0,0,2,0,1,21.5,89.47
ATT-005556,EMP-0063,2026-02,1/2/2026,19,6,0,10,3,0,0,13,0,2,0,31.58
ATT-005557,EMP-0064,2026-02,1/2/2026,19,19,0,0,0,0,0,0,4,0,20,100
ATT-005558,EMP-0065,2026-02,1/2/2026,19,19,0,0,0,0,0,0,0,0,0,100
ATT-005559,EMP-0066,2026-02,1/2/2026,19,19,0,0,0,0,0,0,0,3,17,100
ATT-005560,EMP-0067,2026-02,1/2/2026,19,19,0,0,0,0,0,0,0,0,26,100
ATT-005561,EMP-0068,2026-02,1/2/2026,19,16,1,0,2,0,0,2,2,0,0,84.21
ATT-005562,EMP-0069,2026-02,1/2/2026,19,11,0,8,0,0,0,8,0,0,0,57.89
ATT-005563,EMP-0070,2026-02,1/2/2026,19,19,0,0,0,0,0,0,0,0,0,100
ATT-005564,EMP-0071,2026-02,1/2/2026,19,19,0,0,0,0,0,0,0,0,0,100
ATT-005565,EMP-0072,2026-02,1/2/2026,19,19,0,0,0,0,0,0,0,4,0,100
ATT-005566,EMP-0073,2026-02,1/2/2026,19,19,0,0,0,0,0,0,0,0,0,100
ATT-005567,EMP-0074,2026-02,1/2/2026,19,19,0,0,0,0,0,0,0,0,0,100
ATT-005568,EMP-0076,2026-02,1/2/2026,19,19,0,0,0,0,0,0,0,4,13.5,100
ATT-005569,EMP-0077,2026-02,1/2/2026,19,19,0,0,0,0,0,0,0,0,0,100
ATT-005570,EMP-0079,2026-02,1/2/2026,19,19,0,0,0,0,0,0,0,0,0,100
ATT-005571,EMP-0080,2026-02,1/2/2026,19,19,0,0,0,0,0,0,2,0,22,100
ATT-005572,EMP-0081,2026-02,1/2/2026,19,19,0,0,0,0,0,0,0,0,0,100
ATT-005573,EMP-0083,2026-02,1/2/2026,19,19,0,0,0,0,0,0,6,0,0,100
ATT-005574,EMP-0084,2026-02,1/2/2026,19,19,0,0,0,0,0,0,3,0,22.5,100
ATT-005575,EMP-0086,2026-02,1/2/2026,19,10,0,9,0,0,0,9,0,0,22.5,52.63
ATT-005576,EMP-0087,2026-02,1/2/2026,19,19,0,0,0,0,0,0,0,0,0,100
ATT-005577,EMP-0088,2026-02,1/2/2026,19,19,0,0,0,0,0,0,0,0,0,100
ATT-005578,EMP-0089,2026-02,1/2/2026,19,19,0,0,0,0,0,0,6,0,0,100
ATT-005579,EMP-0091,2026-02,1/2/2026,19,19,0,0,0,0,0,0,0,0,0,100
ATT-005580,EMP-0092,2026-02,1/2/2026,19,19,0,0,0,0,0,0,3,1,0,100
ATT-005581,EMP-0093,2026-02,1/2/2026,19,18,1,0,0,0,0,0,0,1,0,94.74
ATT-005582,EMP-0095,2026-02,1/2/2026,19,19,0,0,0,0,0,0,2,0,0,100
ATT-005583,EMP-0096,2026-02,1/2/2026,19,19,0,0,0,0,0,0,0,0,2,100
ATT-005584,EMP-0097,2026-02,1/2/2026,19,19,0,0,0,0,0,0,0,0,22.5,100
ATT-005585,EMP-0098,2026-02,1/2/2026,19,19,0,0,0,0,0,0,0,0,0,100
ATT-005586,EMP-0099,2026-02,1/2/2026,19,19,0,0,0,0,0,0,3,2,0,100
ATT-005587,EMP-0100,2026-02,1/2/2026,19,19,0,0,0,0,0,0,2,0,17.5,100
ATT-005588,EMP-0102,2026-02,1/2/2026,19,19,0,0,0,0,0,0,5,0,24.5,100
ATT-005589,EMP-0103,2026-02,1/2/2026,19,19,0,0,0,0,0,0,6,3,0,100
ATT-005590,EMP-0104,2026-02,1/2/2026,19,18,0,0,1,0,0,1,0,0,0,94.74
ATT-005591,EMP-0105,2026-02,1/2/2026,19,15,0,3,1,0,0,4,3,4,0,78.95
ATT-005592,EMP-0106,2026-02,1/2/2026,19,19,0,0,0,0,0,0,0,0,0,100
ATT-005593,EMP-0107,2026-02,1/2/2026,19,19,0,0,0,0,0,0,0,0,0,100
ATT-005594,EMP-0108,2026-02,1/2/2026,19,19,0,0,0,0,0,0,1,1,26,100
ATT-005595,EMP-0109,2026-02,1/2/2026,19,19,0,0,0,0,0,0,0,0,0,100
ATT-005596,EMP-0111,2026-02,1/2/2026,19,19,0,0,0,0,0,0,6,0,3.5,100
ATT-005597,EMP-0112,2026-02,1/2/2026,19,19,0,0,0,0,0,0,4,0,7,100
ATT-005598,EMP-0113,2026-02,1/2/2026,19,18,0,0,1,0,0,1,0,0,0,94.74
ATT-005599,EMP-0114,2026-02,1/2/2026,19,7,0,10,2,0,0,12,0,0,0,36.84
ATT-005600,EMP-0115,2026-02,1/2/2026,19,17,0,0,0,0,2,2,0,0,23.5,89.47
ATT-005601,EMP-0116,2026-02,1/2/2026,19,13,0,6,0,0,0,6,0,0,21,68.42
ATT-005602,EMP-0117,2026-02,1/2/2026,19,17,2,0,0,0,0,0,5,0,0,89.47
ATT-005603,EMP-0118,2026-02,1/2/2026,19,18,0,0,0,0,1,1,0,0,18.5,94.74
ATT-005604,EMP-0119,2026-02,1/2/2026,19,19,0,0,0,0,0,0,2,0,0,100
ATT-005605,EMP-0120,2026-02,1/2/2026,19,17,2,0,0,0,0,0,0,0,0,89.47
ATT-005606,EMP-0121,2026-02,1/2/2026,19,19,0,0,0,0,0,0,0,0,0,100
ATT-005607,EMP-0122,2026-02,1/2/2026,19,19,0,0,0,0,0,0,0,0,0,100
ATT-005608,EMP-0123,2026-02,1/2/2026,19,19,0,0,0,0,0,0,3,0,0,100
ATT-005609,EMP-0124,2026-02,1/2/2026,19,19,0,0,0,0,0,0,0,0,0,100
ATT-005610,EMP-0126,2026-02,1/2/2026,19,19,0,0,0,0,0,0,0,0,0,100
ATT-005611,EMP-0127,2026-02,1/2/2026,19,19,0,0,0,0,0,0,3,4,0,100
ATT-005612,EMP-0129,2026-02,1/2/2026,19,19,0,0,0,0,0,0,0,0,0,100
ATT-005613,EMP-0130,2026-02,1/2/2026,19,19,0,0,0,0,0,0,3,0,0,100
ATT-005614,EMP-0131,2026-02,1/2/2026,19,16,0,0,3,0,0,3,0,0,0,84.21
ATT-005615,EMP-0132,2026-02,1/2/2026,19,19,0,0,0,0,0,0,0,0,0,100
ATT-005616,EMP-0133,2026-02,1/2/2026,19,19,0,0,0,0,0,0,0,0,24.5,100
ATT-005617,EMP-0134,2026-02,1/2/2026,19,19,0,0,0,0,0,0,1,0,0,100
ATT-005618,EMP-0135,2026-02,1/2/2026,19,19,0,0,0,0,0,0,0,0,18.5,100
ATT-005619,EMP-0136,2026-02,1/2/2026,19,19,0,0,0,0,0,0,1,0,0,100
ATT-005620,EMP-0137,2026-02,1/2/2026,19,13,0,6,0,0,0,6,0,0,0,68.42
ATT-005621,EMP-0138,2026-02,1/2/2026,19,15,0,4,0,0,0,4,0,0,0,78.95
ATT-005622,EMP-0140,2026-02,1/2/2026,19,19,0,0,0,0,0,0,0,0,10,100
ATT-005623,EMP-0141,2026-02,1/2/2026,19,19,0,0,0,0,0,0,2,0,0,100
ATT-005624,EMP-0142,2026-02,1/2/2026,19,15,2,2,0,0,0,2,0,0,0,78.95
ATT-005625,EMP-0143,2026-02,1/2/2026,19,19,0,0,0,0,0,0,5,0,0,100
ATT-005626,EMP-0145,2026-02,1/2/2026,19,19,0,0,0,0,0,0,0,0,0,100
ATT-005627,EMP-0146,2026-02,1/2/2026,19,19,0,0,0,0,0,0,0,0,0,100
ATT-005628,EMP-0147,2026-02,1/2/2026,19,19,0,0,0,0,0,0,6,0,0,100
ATT-005629,EMP-0149,2026-02,1/2/2026,19,19,0,0,0,0,0,0,2,0,0,100
ATT-005630,EMP-0150,2026-02,1/2/2026,19,17,2,0,0,0,0,0,0,0,2,89.47
ATT-005631,EMP-0151,2026-02,1/2/2026,19,14,0,5,0,0,0,5,0,0,0,73.68
ATT-005632,EMP-0152,2026-02,1/2/2026,19,19,0,0,0,0,0,0,0,0,0,100
ATT-005633,EMP-0153,2026-02,1/2/2026,19,18,0,0,0,0,1,1,0,0,0,94.74
ATT-005634,EMP-0154,2026-02,1/2/2026,19,19,0,0,0,0,0,0,0,4,0,100
ATT-005635,EMP-0155,2026-02,1/2/2026,19,13,2,3,0,0,1,4,0,0,0,68.42
ATT-005636,EMP-0156,2026-02,1/2/2026,19,19,0,0,0,0,0,0,0,0,25,100
ATT-005637,EMP-0157,2026-02,1/2/2026,19,19,0,0,0,0,0,0,0,0,0,100
ATT-005638,EMP-0158,2026-02,1/2/2026,19,19,0,0,0,0,0,0,0,1,0,100
ATT-005639,EMP-0159,2026-02,1/2/2026,19,16,0,0,3,0,0,3,0,0,0,84.21
ATT-005640,EMP-0160,2026-02,1/2/2026,19,18,0,0,0,1,0,1,1,1,0,94.74
ATT-005641,EMP-0161,2026-02,1/2/2026,19,16,0,3,0,0,0,3,0,0,0,84.21
ATT-005642,EMP-0162,2026-02,1/2/2026,19,19,0,0,0,0,0,0,0,0,0,100
ATT-005643,EMP-0163,2026-02,1/2/2026,19,11,0,8,0,0,0,8,1,0,0,57.89
ATT-005644,EMP-0164,2026-02,1/2/2026,19,15,1,3,0,0,0,3,3,0,0,78.95
ATT-005645,EMP-0165,2026-02,1/2/2026,19,19,0,0,0,0,0,0,0,0,0,100
ATT-005646,EMP-0167,2026-02,1/2/2026,19,12,0,7,0,0,0,7,3,0,9,63.16
ATT-005647,EMP-0168,2026-02,1/2/2026,19,15,2,0,0,0,2,2,0,0,0,78.95
ATT-005648,EMP-0169,2026-02,1/2/2026,19,19,0,0,0,0,0,0,2,0,13,100
ATT-005649,EMP-0170,2026-02,1/2/2026,19,17,2,0,0,0,0,0,6,0,0,89.47
ATT-005650,EMP-0171,2026-02,1/2/2026,19,19,0,0,0,0,0,0,0,2,0,100
ATT-005651,EMP-0172,2026-02,1/2/2026,19,16,0,3,0,0,0,3,2,0,0,84.21
ATT-005652,EMP-0173,2026-02,1/2/2026,19,19,0,0,0,0,0,0,0,0,23.5,100
ATT-005653,EMP-0174,2026-02,1/2/2026,19,19,0,0,0,0,0,0,0,0,3,100
ATT-005654,EMP-0175,2026-02,1/2/2026,19,19,0,0,0,0,0,0,0,0,16.5,100
ATT-005655,EMP-0176,2026-02,1/2/2026,19,19,0,0,0,0,0,0,0,0,24.5,100
ATT-005656,EMP-0177,2026-02,1/2/2026,19,19,0,0,0,0,0,0,0,0,3,100
ATT-005657,EMP-0178,2026-02,1/2/2026,19,19,0,0,0,0,0,0,5,0,5.5,100
ATT-005658,EMP-0180,2026-02,1/2/2026,19,16,0,3,0,0,0,3,0,0,0,84.21
ATT-005659,EMP-0181,2026-02,1/2/2026,19,19,0,0,0,0,0,0,1,3,0,100
ATT-005660,EMP-0182,2026-02,1/2/2026,19,19,0,0,0,0,0,0,0,0,3,100
ATT-005661,EMP-0183,2026-02,1/2/2026,19,19,0,0,0,0,0,0,1,0,18,100
ATT-005662,EMP-0184,2026-02,1/2/2026,19,19,0,0,0,0,0,0,0,0,0,100
ATT-005663,EMP-0186,2026-02,1/2/2026,19,17,0,0,2,0,0,2,0,0,0,89.47
ATT-005664,EMP-0187,2026-02,1/2/2026,19,19,0,0,0,0,0,0,0,0,0,100
ATT-005665,EMP-0188,2026-02,1/2/2026,19,8,2,9,0,0,0,9,4,0,0,42.11
ATT-005666,EMP-0189,2026-02,1/2/2026,19,19,0,0,0,0,0,0,0,0,15.5,100
ATT-005667,EMP-0190,2026-02,1/2/2026,19,19,0,0,0,0,0,0,0,0,9,100
ATT-005668,EMP-0191,2026-02,1/2/2026,19,19,0,0,0,0,0,0,0,0,19,100
ATT-005669,EMP-0192,2026-02,1/2/2026,19,19,0,0,0,0,0,0,0,0,0,100
ATT-005670,EMP-0193,2026-02,1/2/2026,19,19,0,0,0,0,0,0,0,2,0,100
ATT-005671,EMP-0194,2026-02,1/2/2026,19,19,0,0,0,0,0,0,0,0,0,100
ATT-005672,EMP-0195,2026-02,1/2/2026,19,19,0,0,0,0,0,0,0,0,6.5,100
ATT-005673,EMP-0196,2026-02,1/2/2026,19,19,0,0,0,0,0,0,5,0,6,100
ATT-005674,EMP-0197,2026-02,1/2/2026,19,19,0,0,0,0,0,0,2,0,21,100
ATT-005675,EMP-0198,2026-02,1/2/2026,19,19,0,0,0,0,0,0,0,0,0,100
ATT-005676,EMP-0199,2026-02,1/2/2026,19,19,0,0,0,0,0,0,2,0,0,100
ATT-005677,EMP-0200,2026-02,1/2/2026,19,19,0,0,0,0,0,0,6,0,0,100
ATT-005678,EMP-0201,2026-02,1/2/2026,19,13,0,5,1,0,0,6,0,0,0,68.42
ATT-005679,EMP-0202,2026-02,1/2/2026,19,11,1,7,0,0,0,7,2,0,0,57.89
ATT-005680,EMP-0203,2026-02,1/2/2026,19,19,0,0,0,0,0,0,0,3,0,100
ATT-005681,EMP-0205,2026-02,1/2/2026,19,19,0,0,0,0,0,0,0,0,0,100
ATT-005682,EMP-0207,2026-02,1/2/2026,19,19,0,0,0,0,0,0,0,0,0,100
ATT-005683,EMP-0208,2026-02,1/2/2026,19,15,0,0,0,4,0,4,3,4,21.5,78.95
ATT-005684,EMP-0209,2026-02,1/2/2026,19,19,0,0,0,0,0,0,3,0,14,100
ATT-005685,EMP-0210,2026-02,1/2/2026,19,19,0,0,0,0,0,0,0,0,18.5,100
ATT-005686,EMP-0211,2026-02,1/2/2026,19,17,2,0,0,0,0,0,0,0,0,89.47
ATT-005687,EMP-0212,2026-02,1/2/2026,19,19,0,0,0,0,0,0,0,0,0,100
ATT-005688,EMP-0213,2026-02,1/2/2026,19,19,0,0,0,0,0,0,5,0,0,100
ATT-005689,EMP-0214,2026-02,1/2/2026,19,19,0,0,0,0,0,0,2,0,0,100
ATT-005690,EMP-0215,2026-02,1/2/2026,19,19,0,0,0,0,0,0,0,0,18,100
ATT-005691,EMP-0216,2026-02,1/2/2026,19,19,0,0,0,0,0,0,6,0,23.5,100
ATT-005692,EMP-0217,2026-02,1/2/2026,19,19,0,0,0,0,0,0,3,0,0,100
ATT-005693,EMP-0218,2026-02,1/2/2026,19,16,0,0,3,0,0,3,3,0,0,84.21
ATT-005694,EMP-0219,2026-02,1/2/2026,19,19,0,0,0,0,0,0,0,0,0,100
ATT-005695,EMP-0220,2026-02,1/2/2026,19,18,1,0,0,0,0,0,3,0,0,94.74
ATT-005696,EMP-0221,2026-02,1/2/2026,19,19,0,0,0,0,0,0,0,0,0,100
ATT-005697,EMP-0222,2026-02,1/2/2026,19,19,0,0,0,0,0,0,0,4,19,100
ATT-005698,EMP-0223,2026-02,1/2/2026,19,19,0,0,0,0,0,0,4,0,2.5,100
ATT-005699,EMP-0225,2026-02,1/2/2026,19,19,0,0,0,0,0,0,0,0,0,100
ATT-005700,EMP-0226,2026-02,1/2/2026,19,17,0,2,0,0,0,2,0,2,0,89.47
ATT-005701,EMP-0227,2026-02,1/2/2026,19,19,0,0,0,0,0,0,4,0,0,100
ATT-005702,EMP-0228,2026-02,1/2/2026,19,19,0,0,0,0,0,0,5,3,0,100
ATT-005703,EMP-0229,2026-02,1/2/2026,19,16,0,0,3,0,0,3,0,0,14.5,84.21
ATT-005704,EMP-0230,2026-02,1/2/2026,19,19,0,0,0,0,0,0,0,0,0,100
ATT-005705,EMP-0231,2026-02,1/2/2026,19,19,0,0,0,0,0,0,1,0,19.5,100
ATT-005706,EMP-0232,2026-02,1/2/2026,19,19,0,0,0,0,0,0,0,0,0,100
ATT-005707,EMP-0234,2026-02,1/2/2026,19,19,0,0,0,0,0,0,0,0,14,100
ATT-005708,EMP-0236,2026-02,1/2/2026,19,16,0,0,0,0,3,3,0,0,3.5,84.21
ATT-005709,EMP-0237,2026-02,1/2/2026,19,19,0,0,0,0,0,0,1,0,0,100
ATT-005710,EMP-0238,2026-02,1/2/2026,19,15,1,3,0,0,0,3,0,0,0,78.95
ATT-005711,EMP-0239,2026-02,1/2/2026,19,19,0,0,0,0,0,0,0,0,0,100
ATT-005712,EMP-0240,2026-02,1/2/2026,19,19,0,0,0,0,0,0,0,0,14.5,100
ATT-005713,EMP-0241,2026-02,1/2/2026,19,9,0,10,0,0,0,10,5,2,16,47.37
ATT-005714,EMP-0242,2026-02,1/2/2026,19,17,0,2,0,0,0,2,0,0,16.5,89.47
ATT-005715,EMP-0243,2026-02,1/2/2026,19,19,0,0,0,0,0,0,0,0,0,100
ATT-005716,EMP-0244,2026-02,1/2/2026,19,19,0,0,0,0,0,0,0,0,22.5,100
ATT-005717,EMP-0245,2026-02,1/2/2026,19,19,0,0,0,0,0,0,0,0,0,100
ATT-005718,EMP-0246,2026-02,1/2/2026,19,19,0,0,0,0,0,0,0,0,0,100
ATT-005719,EMP-0247,2026-02,1/2/2026,19,19,0,0,0,0,0,0,0,0,16,100
ATT-005720,EMP-0248,2026-02,1/2/2026,19,19,0,0,0,0,0,0,0,0,9.5,100
ATT-005721,EMP-0249,2026-02,1/2/2026,19,19,0,0,0,0,0,0,6,1,21,100
ATT-005722,EMP-0250,2026-02,1/2/2026,19,19,0,0,0,0,0,0,0,0,0,100
ATT-005723,EMP-0251,2026-02,1/2/2026,19,15,0,4,0,0,0,4,0,0,0,78.95
ATT-005724,EMP-0252,2026-02,1/2/2026,19,19,0,0,0,0,0,0,0,0,0,100
ATT-005725,EMP-0253,2026-02,1/2/2026,19,17,2,0,0,0,0,0,0,0,5.5,89.47
ATT-005726,EMP-0254,2026-02,1/2/2026,19,19,0,0,0,0,0,0,0,0,3.5,100
ATT-005727,EMP-0255,2026-02,1/2/2026,19,19,0,0,0,0,0,0,0,0,0,100
ATT-005728,EMP-0256,2026-02,1/2/2026,19,19,0,0,0,0,0,0,3,4,17.5,100
ATT-005729,EMP-0257,2026-02,1/2/2026,19,19,0,0,0,0,0,0,0,0,14,100
ATT-005730,EMP-0258,2026-02,1/2/2026,19,19,0,0,0,0,0,0,0,0,0,100
ATT-005731,EMP-0260,2026-02,1/2/2026,19,18,0,0,0,0,1,1,3,0,14,94.74
ATT-005732,EMP-0261,2026-02,1/2/2026,19,14,2,0,3,0,0,3,0,0,20.5,73.68
ATT-005733,EMP-0262,2026-02,1/2/2026,19,19,0,0,0,0,0,0,0,0,9,100
ATT-005734,EMP-0263,2026-02,1/2/2026,19,19,0,0,0,0,0,0,0,0,0,100
ATT-005735,EMP-0264,2026-02,1/2/2026,19,19,0,0,0,0,0,0,0,0,0,100
ATT-005736,EMP-0265,2026-02,1/2/2026,19,19,0,0,0,0,0,0,6,0,24,100
ATT-005737,EMP-0266,2026-02,1/2/2026,19,13,0,6,0,0,0,6,6,0,0,68.42
ATT-005738,EMP-0267,2026-02,1/2/2026,19,19,0,0,0,0,0,0,0,0,0,100
ATT-005739,EMP-0268,2026-02,1/2/2026,19,19,0,0,0,0,0,0,6,0,0,100
ATT-005740,EMP-0269,2026-02,1/2/2026,19,19,0,0,0,0,0,0,0,2,0,100
ATT-005741,EMP-0270,2026-02,1/2/2026,19,16,0,3,0,0,0,3,4,0,4,84.21
ATT-005742,EMP-0272,2026-02,1/2/2026,19,19,0,0,0,0,0,0,0,1,0,100
ATT-005743,EMP-0274,2026-02,1/2/2026,19,19,0,0,0,0,0,0,0,2,12.5,100
ATT-005744,EMP-0275,2026-02,1/2/2026,19,19,0,0,0,0,0,0,0,0,0,100
ATT-005745,EMP-0276,2026-02,1/2/2026,19,17,1,0,1,0,0,1,0,0,0,89.47
ATT-005746,EMP-0277,2026-02,1/2/2026,19,19,0,0,0,0,0,0,0,0,0,100
ATT-005747,EMP-0278,2026-02,1/2/2026,19,19,0,0,0,0,0,0,0,0,20.5,100
ATT-005748,EMP-0279,2026-02,1/2/2026,19,19,0,0,0,0,0,0,4,0,0,100
ATT-005749,EMP-0280,2026-02,1/2/2026,19,19,0,0,0,0,0,0,0,1,0,100
ATT-005750,EMP-0281,2026-02,1/2/2026,19,19,0,0,0,0,0,0,0,0,9.5,100
ATT-005751,EMP-0282,2026-02,1/2/2026,19,19,0,0,0,0,0,0,0,0,18,100
ATT-005752,EMP-0283,2026-02,1/2/2026,19,19,0,0,0,0,0,0,0,1,0,100
ATT-005753,EMP-0284,2026-02,1/2/2026,19,19,0,0,0,0,0,0,0,0,9,100
ATT-005754,EMP-0286,2026-02,1/2/2026,19,14,0,5,0,0,0,5,0,0,0,73.68
ATT-005755,EMP-0287,2026-02,1/2/2026,19,19,0,0,0,0,0,0,0,0,0,100
ATT-005756,EMP-0288,2026-02,1/2/2026,19,18,0,1,0,0,0,1,0,1,0,94.74
ATT-005757,EMP-0290,2026-02,1/2/2026,19,19,0,0,0,0,0,0,0,0,0,100
ATT-005758,EMP-0292,2026-02,1/2/2026,19,19,0,0,0,0,0,0,0,0,0,100
ATT-005759,EMP-0293,2026-02,1/2/2026,19,19,0,0,0,0,0,0,0,0,0,100
ATT-005760,EMP-0294,2026-02,1/2/2026,19,17,0,2,0,0,0,2,0,0,0,89.47
ATT-005761,EMP-0295,2026-02,1/2/2026,19,17,2,0,0,0,0,0,0,0,7,89.47
ATT-005762,EMP-0296,2026-02,1/2/2026,19,19,0,0,0,0,0,0,0,0,7,100
ATT-005763,EMP-0297,2026-02,1/2/2026,19,18,0,0,1,0,0,1,0,0,19.5,94.74
ATT-005764,EMP-0298,2026-02,1/2/2026,19,19,0,0,0,0,0,0,0,0,20,100
ATT-005765,EMP-0299,2026-02,1/2/2026,19,19,0,0,0,0,0,0,0,0,22.5,100
ATT-005766,EMP-0300,2026-02,1/2/2026,19,19,0,0,0,0,0,0,3,3,24,100
ATT-005767,EMP-0301,2026-02,1/2/2026,19,17,0,0,2,0,0,2,0,1,15,89.47
ATT-005768,EMP-0303,2026-02,1/2/2026,19,19,0,0,0,0,0,0,6,0,0,100
ATT-005769,EMP-0304,2026-02,1/2/2026,19,19,0,0,0,0,0,0,0,0,0,100
ATT-005770,EMP-0305,2026-02,1/2/2026,19,16,0,2,1,0,0,3,0,0,9,84.21
ATT-005771,EMP-0306,2026-02,1/2/2026,19,17,0,2,0,0,0,2,5,0,0,89.47
ATT-005772,EMP-0307,2026-02,1/2/2026,19,18,0,1,0,0,0,1,0,1,16.5,94.74
ATT-005773,EMP-0308,2026-02,1/2/2026,19,9,0,10,0,0,0,10,0,0,0,47.37
ATT-005774,EMP-0309,2026-02,1/2/2026,19,19,0,0,0,0,0,0,0,2,14,100
ATT-005775,EMP-0310,2026-02,1/2/2026,19,17,2,0,0,0,0,0,2,0,17,89.47
ATT-005776,EMP-0311,2026-02,1/2/2026,19,19,0,0,0,0,0,0,3,2,0,100
ATT-005777,EMP-0312,2026-02,1/2/2026,19,15,0,4,0,0,0,4,0,0,15,78.95
ATT-005778,EMP-0313,2026-02,1/2/2026,19,19,0,0,0,0,0,0,0,0,0,100
ATT-005779,EMP-0314,2026-02,1/2/2026,19,18,1,0,0,0,0,0,0,0,0,94.74
ATT-005780,EMP-0315,2026-02,1/2/2026,19,19,0,0,0,0,0,0,4,0,15.5,100
ATT-005781,EMP-0316,2026-02,1/2/2026,19,19,0,0,0,0,0,0,0,2,0,100
ATT-005782,EMP-0317,2026-02,1/2/2026,19,19,0,0,0,0,0,0,0,0,0,100
ATT-005783,EMP-0318,2026-02,1/2/2026,19,11,0,8,0,0,0,8,0,0,25,57.89
ATT-005784,EMP-0320,2026-02,1/2/2026,19,18,0,0,1,0,0,1,0,3,0,94.74
ATT-005785,EMP-0321,2026-02,1/2/2026,19,19,0,0,0,0,0,0,1,0,0,100
ATT-005786,EMP-0322,2026-02,1/2/2026,19,19,0,0,0,0,0,0,0,3,15,100
ATT-005787,EMP-0323,2026-02,1/2/2026,19,19,0,0,0,0,0,0,0,0,13.5,100
ATT-005788,EMP-0324,2026-02,1/2/2026,19,19,0,0,0,0,0,0,5,0,23.5,100
ATT-005789,EMP-0325,2026-02,1/2/2026,19,18,0,0,1,0,0,1,1,3,7,94.74
ATT-005790,EMP-0326,2026-02,1/2/2026,19,18,1,0,0,0,0,0,0,1,0,94.74
ATT-005791,EMP-0327,2026-02,1/2/2026,19,19,0,0,0,0,0,0,0,0,10,100
ATT-005792,EMP-0328,2026-02,1/2/2026,19,19,0,0,0,0,0,0,0,0,22,100
ATT-005793,EMP-0329,2026-02,1/2/2026,19,17,2,0,0,0,0,0,0,0,17.5,89.47
ATT-005794,EMP-0332,2026-02,1/2/2026,19,19,0,0,0,0,0,0,5,0,18,100
ATT-005795,EMP-0333,2026-02,1/2/2026,19,19,0,0,0,0,0,0,0,0,0,100
ATT-005796,EMP-0334,2026-02,1/2/2026,19,18,0,0,1,0,0,1,3,0,0,94.74
ATT-005797,EMP-0335,2026-02,1/2/2026,19,19,0,0,0,0,0,0,0,0,0,100
ATT-005798,EMP-0336,2026-02,1/2/2026,19,15,1,0,3,0,0,3,5,0,0,78.95
ATT-005799,EMP-0337,2026-02,1/2/2026,19,19,0,0,0,0,0,0,0,0,10,100
ATT-005800,EMP-0338,2026-02,1/2/2026,19,19,0,0,0,0,0,0,3,0,0,100
ATT-005801,EMP-0339,2026-02,1/2/2026,19,19,0,0,0,0,0,0,0,0,0,100
ATT-005802,EMP-0340,2026-02,1/2/2026,19,19,0,0,0,0,0,0,4,0,0,100
ATT-005803,EMP-0341,2026-02,1/2/2026,19,19,0,0,0,0,0,0,3,0,0,100
ATT-005804,EMP-0342,2026-02,1/2/2026,19,17,0,2,0,0,0,2,0,0,13.5,89.47
ATT-005805,EMP-0343,2026-02,1/2/2026,19,19,0,0,0,0,0,0,0,0,0,100
ATT-005806,EMP-0344,2026-02,1/2/2026,19,19,0,0,0,0,0,0,0,0,21,100
ATT-005807,EMP-0346,2026-02,1/2/2026,19,19,0,0,0,0,0,0,6,0,0,100
ATT-005808,EMP-0347,2026-02,1/2/2026,19,19,0,0,0,0,0,0,5,0,22,100
ATT-005809,EMP-0348,2026-02,1/2/2026,19,19,0,0,0,0,0,0,0,0,18.5,100
ATT-005810,EMP-0349,2026-02,1/2/2026,19,19,0,0,0,0,0,0,0,0,0,100
ATT-005811,EMP-0350,2026-02,1/2/2026,19,15,0,0,1,0,3,4,0,0,0,78.95
ATT-005812,EMP-0352,2026-02,1/2/2026,19,19,0,0,0,0,0,0,1,0,5,100
ATT-005813,EMP-0353,2026-02,1/2/2026,19,10,0,9,0,0,0,9,5,0,0,52.63
ATT-005814,EMP-0354,2026-02,1/2/2026,19,16,0,3,0,0,0,3,2,1,0,84.21
ATT-005815,EMP-0355,2026-02,1/2/2026,19,19,0,0,0,0,0,0,6,0,25,100
ATT-005816,EMP-0356,2026-02,1/2/2026,19,19,0,0,0,0,0,0,0,0,0,100
ATT-005817,EMP-0357,2026-02,1/2/2026,19,19,0,0,0,0,0,0,0,0,25,100
ATT-005818,EMP-0358,2026-02,1/2/2026,19,12,0,7,0,0,0,7,5,0,0,63.16
ATT-005819,EMP-0359,2026-02,1/2/2026,19,15,0,0,0,4,0,4,0,0,0,78.95
ATT-005820,EMP-0360,2026-02,1/2/2026,19,17,0,0,2,0,0,2,1,3,0,89.47
ATT-005821,EMP-0361,2026-02,1/2/2026,19,19,0,0,0,0,0,0,0,0,0,100
ATT-005822,EMP-0363,2026-02,1/2/2026,19,14,0,5,0,0,0,5,5,0,0,73.68
ATT-005823,EMP-0364,2026-02,1/2/2026,19,17,2,0,0,0,0,0,0,0,0,89.47
ATT-005824,EMP-0365,2026-02,1/2/2026,19,19,0,0,0,0,0,0,0,0,0,100
ATT-005825,EMP-0366,2026-02,1/2/2026,19,17,0,2,0,0,0,2,3,0,0,89.47
ATT-005826,EMP-0367,2026-02,1/2/2026,19,19,0,0,0,0,0,0,0,3,0,100
ATT-005827,EMP-0368,2026-02,1/2/2026,19,19,0,0,0,0,0,0,0,2,0,100
ATT-005828,EMP-0369,2026-02,1/2/2026,19,19,0,0,0,0,0,0,0,3,0,100
ATT-005829,EMP-0370,2026-02,1/2/2026,19,16,0,0,0,0,3,3,0,0,11.5,84.21
ATT-005830,EMP-0371,2026-02,1/2/2026,19,19,0,0,0,0,0,0,0,1,0,100
ATT-005831,EMP-0372,2026-02,1/2/2026,19,19,0,0,0,0,0,0,0,0,0,100
ATT-005832,EMP-0373,2026-02,1/2/2026,19,19,0,0,0,0,0,0,5,0,0,100
ATT-005833,EMP-0374,2026-02,1/2/2026,19,19,0,0,0,0,0,0,0,0,15,100
ATT-005834,EMP-0375,2026-02,1/2/2026,19,19,0,0,0,0,0,0,0,0,0,100
ATT-005835,EMP-0376,2026-02,1/2/2026,19,19,0,0,0,0,0,0,0,0,0,100
ATT-005836,EMP-0377,2026-02,1/2/2026,19,19,0,0,0,0,0,0,0,0,0,100
ATT-005837,EMP-0378,2026-02,1/2/2026,19,19,0,0,0,0,0,0,0,0,7.5,100
ATT-005838,EMP-0379,2026-02,1/2/2026,19,18,0,0,0,1,0,1,2,0,0,94.74
ATT-005839,EMP-0381,2026-02,1/2/2026,19,19,0,0,0,0,0,0,0,0,16.5,100
ATT-005840,EMP-0382,2026-02,1/2/2026,19,19,0,0,0,0,0,0,0,0,0,100
ATT-005841,EMP-0383,2026-02,1/2/2026,19,9,0,8,2,0,0,10,0,0,12.5,47.37
ATT-005842,EMP-0384,2026-02,1/2/2026,19,17,0,0,0,0,2,2,0,0,9.5,89.47
ATT-005843,EMP-0385,2026-02,1/2/2026,19,19,0,0,0,0,0,0,2,0,0,100
ATT-005844,EMP-0387,2026-02,1/2/2026,19,16,0,0,3,0,0,3,1,0,13,84.21
ATT-005845,EMP-0388,2026-02,1/2/2026,19,9,2,8,0,0,0,8,0,0,0,47.37
ATT-005846,EMP-0389,2026-02,1/2/2026,19,19,0,0,0,0,0,0,3,0,20.5,100
ATT-005847,EMP-0390,2026-02,1/2/2026,19,17,0,0,2,0,0,2,6,0,0,89.47
ATT-005848,EMP-0391,2026-02,1/2/2026,19,19,0,0,0,0,0,0,0,0,0,100
ATT-005849,EMP-0393,2026-02,1/2/2026,19,19,0,0,0,0,0,0,2,0,0,100
ATT-005850,EMP-0394,2026-02,1/2/2026,19,17,1,0,1,0,0,1,1,0,0,89.47
ATT-005851,EMP-0395,2026-02,1/2/2026,19,18,0,0,0,1,0,1,1,0,0,94.74
ATT-005852,EMP-0396,2026-02,1/2/2026,19,17,2,0,0,0,0,0,0,1,0,89.47
ATT-005853,EMP-0397,2026-02,1/2/2026,19,18,1,0,0,0,0,0,0,0,0,94.74
ATT-005854,EMP-0398,2026-02,1/2/2026,19,19,0,0,0,0,0,0,3,0,10.5,100
ATT-005855,EMP-0399,2026-02,1/2/2026,19,19,0,0,0,0,0,0,5,0,0,100
ATT-005856,EMP-0400,2026-02,1/2/2026,19,19,0,0,0,0,0,0,4,0,0,100
ATT-005857,EMP-0402,2026-02,1/2/2026,19,19,0,0,0,0,0,0,0,1,0,100
ATT-005858,EMP-0403,2026-02,1/2/2026,19,19,0,0,0,0,0,0,0,0,0,100
ATT-005859,EMP-0406,2026-02,1/2/2026,19,19,0,0,0,0,0,0,5,0,6,100
ATT-005860,EMP-0407,2026-02,1/2/2026,19,17,2,0,0,0,0,0,0,0,10,89.47
ATT-005861,EMP-0408,2026-02,1/2/2026,19,18,0,0,0,0,1,1,0,0,25.5,94.74
ATT-005862,EMP-0409,2026-02,1/2/2026,19,16,0,0,3,0,0,3,4,0,0,84.21
ATT-005863,EMP-0410,2026-02,1/2/2026,19,19,0,0,0,0,0,0,0,0,12.5,100
ATT-005864,EMP-0411,2026-02,1/2/2026,19,18,0,1,0,0,0,1,4,0,24.5,94.74
ATT-005865,EMP-0412,2026-02,1/2/2026,19,19,0,0,0,0,0,0,0,2,19.5,100
ATT-005866,EMP-0414,2026-02,1/2/2026,19,19,0,0,0,0,0,0,6,0,0,100
ATT-005867,EMP-0415,2026-02,1/2/2026,19,19,0,0,0,0,0,0,0,0,0,100
ATT-005868,EMP-0416,2026-02,1/2/2026,19,19,0,0,0,0,0,0,0,0,3.5,100
ATT-005869,EMP-0417,2026-02,1/2/2026,19,17,0,2,0,0,0,2,0,3,15,89.47
ATT-005870,EMP-0418,2026-02,1/2/2026,19,19,0,0,0,0,0,0,0,0,2,100
ATT-005871,EMP-0419,2026-02,1/2/2026,19,19,0,0,0,0,0,0,6,0,0,100
ATT-005872,EMP-0420,2026-02,1/2/2026,19,19,0,0,0,0,0,0,0,0,8.5,100
ATT-005873,EMP-0422,2026-02,1/2/2026,19,19,0,0,0,0,0,0,0,4,0,100
ATT-005874,EMP-0424,2026-02,1/2/2026,19,9,0,10,0,0,0,10,0,0,0,47.37
ATT-005875,EMP-0425,2026-02,1/2/2026,19,17,0,0,2,0,0,2,0,3,21,89.47
ATT-005876,EMP-0426,2026-02,1/2/2026,19,14,0,5,0,0,0,5,6,0,0,73.68
ATT-005877,EMP-0427,2026-02,1/2/2026,19,19,0,0,0,0,0,0,2,2,0,100
ATT-005878,EMP-0428,2026-02,1/2/2026,19,19,0,0,0,0,0,0,5,0,0,100
ATT-005879,EMP-0429,2026-02,1/2/2026,19,19,0,0,0,0,0,0,0,0,0,100
ATT-005880,EMP-0430,2026-02,1/2/2026,19,14,2,0,0,0,3,3,0,0,11.5,73.68
ATT-005881,EMP-0431,2026-02,1/2/2026,19,16,0,0,0,0,3,3,0,0,22.5,84.21
ATT-005882,EMP-0432,2026-02,1/2/2026,19,18,1,0,0,0,0,0,0,0,0,94.74
ATT-005883,EMP-0433,2026-02,1/2/2026,19,19,0,0,0,0,0,0,4,4,0,100
ATT-005884,EMP-0434,2026-02,1/2/2026,19,19,0,0,0,0,0,0,0,3,0,100
ATT-005885,EMP-0435,2026-02,1/2/2026,19,16,0,0,3,0,0,3,6,3,17.5,84.21
ATT-005886,EMP-0436,2026-02,1/2/2026,19,12,0,7,0,0,0,7,0,0,5.5,63.16
ATT-005887,EMP-0438,2026-02,1/2/2026,19,19,0,0,0,0,0,0,0,4,0,100
ATT-005888,EMP-0439,2026-02,1/2/2026,19,17,2,0,0,0,0,0,0,0,13,89.47
ATT-005889,EMP-0440,2026-02,1/2/2026,19,19,0,0,0,0,0,0,0,4,0,100
ATT-005890,EMP-0441,2026-02,1/2/2026,19,19,0,0,0,0,0,0,1,0,2.5,100
ATT-005891,EMP-0442,2026-02,1/2/2026,19,19,0,0,0,0,0,0,0,0,0,100
ATT-005892,EMP-0443,2026-02,1/2/2026,19,15,0,4,0,0,0,4,3,0,13,78.95
ATT-005893,EMP-0444,2026-02,1/2/2026,19,19,0,0,0,0,0,0,0,0,0,100
ATT-005894,EMP-0445,2026-02,1/2/2026,19,17,2,0,0,0,0,0,0,0,23,89.47
ATT-005895,EMP-0446,2026-02,1/2/2026,19,16,0,0,3,0,0,3,0,0,0,84.21
ATT-005896,EMP-0448,2026-02,1/2/2026,19,9,2,8,0,0,0,8,0,0,4.5,47.37
ATT-005897,EMP-0449,2026-02,1/2/2026,19,18,0,0,0,1,0,1,0,0,0,94.74
ATT-005898,EMP-0451,2026-02,1/2/2026,19,19,0,0,0,0,0,0,0,0,0,100
ATT-005899,EMP-0452,2026-02,1/2/2026,19,19,0,0,0,0,0,0,0,4,17.5,100
ATT-005900,EMP-0453,2026-02,1/2/2026,19,16,0,3,0,0,0,3,0,0,0,84.21
ATT-005901,EMP-0454,2026-02,1/2/2026,19,15,0,0,0,4,0,4,3,3,18,78.95
ATT-005902,EMP-0455,2026-02,1/2/2026,19,9,0,10,0,0,0,10,0,0,7.5,47.37
ATT-005903,EMP-0457,2026-02,1/2/2026,19,18,1,0,0,0,0,0,4,0,0,94.74
ATT-005904,EMP-0459,2026-02,1/2/2026,19,19,0,0,0,0,0,0,0,0,15.5,100
ATT-005905,EMP-0460,2026-02,1/2/2026,19,19,0,0,0,0,0,0,0,0,22,100
ATT-005906,EMP-0461,2026-02,1/2/2026,19,19,0,0,0,0,0,0,0,4,0,100
ATT-005907,EMP-0463,2026-02,1/2/2026,19,18,0,0,1,0,0,1,5,0,16.5,94.74
ATT-005908,EMP-0464,2026-02,1/2/2026,19,19,0,0,0,0,0,0,0,0,0,100
ATT-005909,EMP-0465,2026-02,1/2/2026,19,9,0,10,0,0,0,10,0,0,0,47.37
ATT-005910,EMP-0466,2026-02,1/2/2026,19,19,0,0,0,0,0,0,0,0,26,100
ATT-005911,EMP-0467,2026-02,1/2/2026,19,16,0,0,0,0,3,3,0,0,0,84.21
ATT-005912,EMP-0468,2026-02,1/2/2026,19,19,0,0,0,0,0,0,0,0,4,100
ATT-005913,EMP-0469,2026-02,1/2/2026,19,19,0,0,0,0,0,0,1,1,25,100
ATT-005914,EMP-0470,2026-02,1/2/2026,19,19,0,0,0,0,0,0,0,3,0,100
ATT-005915,EMP-0471,2026-02,1/2/2026,19,19,0,0,0,0,0,0,6,4,0,100
ATT-005916,EMP-0472,2026-02,1/2/2026,19,14,1,3,1,0,0,4,0,0,26,73.68
ATT-005917,EMP-0473,2026-02,1/2/2026,19,19,0,0,0,0,0,0,0,2,0,100
ATT-005918,EMP-0474,2026-02,1/2/2026,19,19,0,0,0,0,0,0,0,3,0,100
ATT-005919,EMP-0475,2026-02,1/2/2026,19,19,0,0,0,0,0,0,0,0,17.5,100
ATT-005920,EMP-0476,2026-02,1/2/2026,19,16,1,0,2,0,0,2,0,0,21.5,84.21
ATT-005921,EMP-0477,2026-02,1/2/2026,19,19,0,0,0,0,0,0,0,0,23,100
ATT-005922,EMP-0478,2026-02,1/2/2026,19,17,0,0,2,0,0,2,0,4,0,89.47
ATT-005923,EMP-0479,2026-02,1/2/2026,19,19,0,0,0,0,0,0,0,0,0,100
ATT-005924,EMP-0480,2026-02,1/2/2026,19,19,0,0,0,0,0,0,4,0,25,100
ATT-005925,EMP-0481,2026-02,1/2/2026,19,17,0,0,2,0,0,2,0,0,0,89.47
ATT-005926,EMP-0482,2026-02,1/2/2026,19,16,0,0,0,3,0,3,0,0,0,84.21
ATT-005927,EMP-0483,2026-02,1/2/2026,19,19,0,0,0,0,0,0,0,0,20,100
ATT-005928,EMP-0484,2026-02,1/2/2026,19,19,0,0,0,0,0,0,4,4,0,100
ATT-005929,EMP-0485,2026-02,1/2/2026,19,19,0,0,0,0,0,0,0,0,21,100
ATT-005930,EMP-0487,2026-02,1/2/2026,19,19,0,0,0,0,0,0,0,0,16.5,100
ATT-005931,EMP-0488,2026-02,1/2/2026,19,19,0,0,0,0,0,0,0,0,0,100
ATT-005932,EMP-0489,2026-02,1/2/2026,19,18,0,0,0,0,1,1,0,0,0,94.74
ATT-005933,EMP-0490,2026-02,1/2/2026,19,19,0,0,0,0,0,0,0,0,8,100
ATT-005934,EMP-0491,2026-02,1/2/2026,19,18,0,0,0,1,0,1,0,0,0,94.74
ATT-005935,EMP-0492,2026-02,1/2/2026,19,19,0,0,0,0,0,0,0,0,0,100
ATT-005936,EMP-0493,2026-02,1/2/2026,19,19,0,0,0,0,0,0,5,0,0,100
ATT-005937,EMP-0494,2026-02,1/2/2026,19,17,2,0,0,0,0,0,0,0,0,89.47
ATT-005938,EMP-0495,2026-02,1/2/2026,19,19,0,0,0,0,0,0,0,0,0,100
ATT-005939,EMP-0497,2026-02,1/2/2026,19,17,2,0,0,0,0,0,0,0,0,89.47
ATT-005940,EMP-0498,2026-02,1/2/2026,19,17,2,0,0,0,0,0,0,0,0,89.47
ATT-005941,EMP-0499,2026-02,1/2/2026,19,19,0,0,0,0,0,0,0,0,9.5,100
ATT-005942,EMP-0500,2026-02,1/2/2026,19,19,0,0,0,0,0,0,0,0,0,100
ATT-005943,EMP-0001,2026-03,1/3/2026,19,19,0,0,0,0,0,0,5,0,0,100
ATT-005944,EMP-0003,2026-03,1/3/2026,19,19,0,0,0,0,0,0,5,0,4.5,100
ATT-005945,EMP-0004,2026-03,1/3/2026,19,11,0,8,0,0,0,8,0,0,0,57.89
ATT-005946,EMP-0005,2026-03,1/3/2026,19,19,0,0,0,0,0,0,0,0,3.5,100
ATT-005947,EMP-0006,2026-03,1/3/2026,19,12,0,6,1,0,0,7,0,0,12,63.16
ATT-005948,EMP-0007,2026-03,1/3/2026,19,19,0,0,0,0,0,0,0,0,0,100
ATT-005949,EMP-0008,2026-03,1/3/2026,19,12,0,7,0,0,0,7,0,0,0,63.16
ATT-005950,EMP-0009,2026-03,1/3/2026,19,14,0,5,0,0,0,5,5,0,0,73.68
ATT-005951,EMP-0010,2026-03,1/3/2026,19,19,0,0,0,0,0,0,0,2,0,100
ATT-005952,EMP-0011,2026-03,1/3/2026,19,11,0,8,0,0,0,8,0,1,0,57.89
ATT-005953,EMP-0013,2026-03,1/3/2026,19,19,0,0,0,0,0,0,5,0,0,100
ATT-005954,EMP-0014,2026-03,1/3/2026,19,18,1,0,0,0,0,0,2,0,0,94.74
ATT-005955,EMP-0015,2026-03,1/3/2026,19,12,0,7,0,0,0,7,0,0,0,63.16
ATT-005956,EMP-0016,2026-03,1/3/2026,19,19,0,0,0,0,0,0,0,0,0,100
ATT-005957,EMP-0017,2026-03,1/3/2026,19,19,0,0,0,0,0,0,0,0,0,100
ATT-005958,EMP-0018,2026-03,1/3/2026,19,16,1,2,0,0,0,2,0,0,0,84.21
ATT-005959,EMP-0019,2026-03,1/3/2026,19,19,0,0,0,0,0,0,0,0,2.5,100
ATT-005960,EMP-0020,2026-03,1/3/2026,19,19,0,0,0,0,0,0,0,0,0,100
ATT-005961,EMP-0021,2026-03,1/3/2026,19,12,0,7,0,0,0,7,0,0,8,63.16
ATT-005962,EMP-0022,2026-03,1/3/2026,19,18,1,0,0,0,0,0,0,0,11.5,94.74
ATT-005963,EMP-0023,2026-03,1/3/2026,19,18,0,0,1,0,0,1,0,0,6,94.74
ATT-005964,EMP-0024,2026-03,1/3/2026,19,19,0,0,0,0,0,0,0,0,0,100
ATT-005965,EMP-0025,2026-03,1/3/2026,19,19,0,0,0,0,0,0,4,0,24.5,100
ATT-005966,EMP-0026,2026-03,1/3/2026,19,19,0,0,0,0,0,0,0,0,21.5,100
ATT-005967,EMP-0027,2026-03,1/3/2026,19,19,0,0,0,0,0,0,5,0,14,100
ATT-005968,EMP-0028,2026-03,1/3/2026,19,19,0,0,0,0,0,0,4,0,0,100
ATT-005969,EMP-0029,2026-03,1/3/2026,19,17,2,0,0,0,0,0,0,0,16.5,89.47
ATT-005970,EMP-0030,2026-03,1/3/2026,19,16,0,3,0,0,0,3,6,1,0,84.21
ATT-005971,EMP-0031,2026-03,1/3/2026,19,19,0,0,0,0,0,0,0,1,0,100
ATT-005972,EMP-0032,2026-03,1/3/2026,19,17,0,2,0,0,0,2,0,0,20,89.47
ATT-005973,EMP-0033,2026-03,1/3/2026,19,17,2,0,0,0,0,0,1,0,6.5,89.47
ATT-005974,EMP-0034,2026-03,1/3/2026,19,19,0,0,0,0,0,0,4,1,0,100
ATT-005975,EMP-0035,2026-03,1/3/2026,19,19,0,0,0,0,0,0,6,0,0,100
ATT-005976,EMP-0036,2026-03,1/3/2026,19,19,0,0,0,0,0,0,0,0,5,100
ATT-005977,EMP-0037,2026-03,1/3/2026,19,19,0,0,0,0,0,0,4,4,22,100
ATT-005978,EMP-0038,2026-03,1/3/2026,19,14,0,5,0,0,0,5,0,0,6,73.68
ATT-005979,EMP-0039,2026-03,1/3/2026,19,18,1,0,0,0,0,0,3,0,0,94.74
ATT-005980,EMP-0040,2026-03,1/3/2026,19,11,0,5,0,0,3,8,0,0,0,57.89
ATT-005981,EMP-0041,2026-03,1/3/2026,19,19,0,0,0,0,0,0,5,0,0,100
ATT-005982,EMP-0042,2026-03,1/3/2026,19,19,0,0,0,0,0,0,0,0,0,100
ATT-005983,EMP-0043,2026-03,1/3/2026,19,19,0,0,0,0,0,0,4,0,0,100
ATT-005984,EMP-0044,2026-03,1/3/2026,19,14,0,5,0,0,0,5,0,0,0,73.68
ATT-005985,EMP-0045,2026-03,1/3/2026,19,14,0,3,2,0,0,5,2,0,26,73.68
ATT-005986,EMP-0046,2026-03,1/3/2026,19,19,0,0,0,0,0,0,4,0,0,100
ATT-005987,EMP-0047,2026-03,1/3/2026,19,19,0,0,0,0,0,0,0,0,6.5,100
ATT-005988,EMP-0048,2026-03,1/3/2026,19,19,0,0,0,0,0,0,0,0,0,100
ATT-005989,EMP-0049,2026-03,1/3/2026,19,19,0,0,0,0,0,0,0,0,0,100
ATT-005990,EMP-0050,2026-03,1/3/2026,19,16,0,0,0,3,0,3,0,0,19,84.21
ATT-005991,EMP-0051,2026-03,1/3/2026,19,19,0,0,0,0,0,0,0,0,0,100
ATT-005992,EMP-0052,2026-03,1/3/2026,19,19,0,0,0,0,0,0,0,0,25,100
ATT-005993,EMP-0053,2026-03,1/3/2026,19,19,0,0,0,0,0,0,0,1,0,100
ATT-005994,EMP-0055,2026-03,1/3/2026,19,13,0,6,0,0,0,6,0,0,8.5,68.42
ATT-005995,EMP-0057,2026-03,1/3/2026,19,19,0,0,0,0,0,0,1,0,0,100
ATT-005996,EMP-0058,2026-03,1/3/2026,19,19,0,0,0,0,0,0,3,0,0,100
ATT-005997,EMP-0059,2026-03,1/3/2026,19,19,0,0,0,0,0,0,5,0,0,100
ATT-005998,EMP-0060,2026-03,1/3/2026,19,14,1,4,0,0,0,4,6,0,0,73.68
ATT-005999,EMP-0062,2026-03,1/3/2026,19,19,0,0,0,0,0,0,0,3,0,100
ATT-006000,EMP-0063,2026-03,1/3/2026,19,16,0,3,0,0,0,3,0,0,13,84.21
ATT-006001,EMP-0064,2026-03,1/3/2026,19,14,0,5,0,0,0,5,0,0,14,73.68
ATT-006002,EMP-0065,2026-03,1/3/2026,19,19,0,0,0,0,0,0,5,0,0,100
ATT-006003,EMP-0066,2026-03,1/3/2026,19,19,0,0,0,0,0,0,0,0,8,100
ATT-006004,EMP-0067,2026-03,1/3/2026,19,18,0,1,0,0,0,1,3,0,0,94.74
ATT-006005,EMP-0068,2026-03,1/3/2026,19,11,2,6,0,0,0,6,4,0,23.5,57.89
ATT-006006,EMP-0069,2026-03,1/3/2026,19,18,0,1,0,0,0,1,0,0,0,94.74
ATT-006007,EMP-0070,2026-03,1/3/2026,19,19,0,0,0,0,0,0,0,0,6,100
ATT-006008,EMP-0071,2026-03,1/3/2026,19,9,0,10,0,0,0,10,3,0,0,47.37
ATT-006009,EMP-0072,2026-03,1/3/2026,19,19,0,0,0,0,0,0,0,0,19.5,100
ATT-006010,EMP-0073,2026-03,1/3/2026,19,16,0,0,3,0,0,3,0,0,0,84.21
ATT-006011,EMP-0074,2026-03,1/3/2026,19,19,0,0,0,0,0,0,0,0,0,100
ATT-006012,EMP-0076,2026-03,1/3/2026,19,9,0,10,0,0,0,10,0,0,7,47.37
ATT-006013,EMP-0077,2026-03,1/3/2026,19,16,0,0,0,0,3,3,3,1,5,84.21
ATT-006014,EMP-0078,2026-03,1/3/2026,19,11,0,8,0,0,0,8,0,0,11,57.89
ATT-006015,EMP-0079,2026-03,1/3/2026,19,19,0,0,0,0,0,0,0,0,9.5,100
ATT-006016,EMP-0080,2026-03,1/3/2026,19,17,2,0,0,0,0,0,3,0,0,89.47
ATT-006017,EMP-0081,2026-03,1/3/2026,19,18,1,0,0,0,0,0,0,0,11,94.74
ATT-006018,EMP-0083,2026-03,1/3/2026,19,18,1,0,0,0,0,0,0,0,0,94.74
ATT-006019,EMP-0084,2026-03,1/3/2026,19,15,0,4,0,0,0,4,4,0,4,78.95
ATT-006020,EMP-0086,2026-03,1/3/2026,19,19,0,0,0,0,0,0,4,0,0,100
ATT-006021,EMP-0087,2026-03,1/3/2026,19,19,0,0,0,0,0,0,0,0,0,100
ATT-006022,EMP-0088,2026-03,1/3/2026,19,19,0,0,0,0,0,0,0,0,0,100
ATT-006023,EMP-0089,2026-03,1/3/2026,19,19,0,0,0,0,0,0,2,0,0,100
ATT-006024,EMP-0091,2026-03,1/3/2026,19,19,0,0,0,0,0,0,0,0,0,100
ATT-006025,EMP-0092,2026-03,1/3/2026,19,19,0,0,0,0,0,0,0,2,21,100
ATT-006026,EMP-0093,2026-03,1/3/2026,19,19,0,0,0,0,0,0,0,0,0,100
ATT-006027,EMP-0095,2026-03,1/3/2026,19,19,0,0,0,0,0,0,0,0,13,100
ATT-006028,EMP-0096,2026-03,1/3/2026,19,19,0,0,0,0,0,0,0,0,6,100
ATT-006029,EMP-0097,2026-03,1/3/2026,19,19,0,0,0,0,0,0,0,4,23,100
ATT-006030,EMP-0098,2026-03,1/3/2026,19,18,0,0,1,0,0,1,0,0,0,94.74
ATT-006031,EMP-0099,2026-03,1/3/2026,19,8,0,8,3,0,0,11,3,0,0,42.11
ATT-006032,EMP-0100,2026-03,1/3/2026,19,19,0,0,0,0,0,0,0,4,7,100
ATT-006033,EMP-0102,2026-03,1/3/2026,19,19,0,0,0,0,0,0,4,3,0,100
ATT-006034,EMP-0103,2026-03,1/3/2026,19,19,0,0,0,0,0,0,0,0,0,100
ATT-006035,EMP-0104,2026-03,1/3/2026,19,17,2,0,0,0,0,0,0,2,15.5,89.47
ATT-006036,EMP-0105,2026-03,1/3/2026,19,19,0,0,0,0,0,0,0,0,2.5,100
ATT-006037,EMP-0106,2026-03,1/3/2026,19,17,0,0,2,0,0,2,4,0,0,89.47
ATT-006038,EMP-0107,2026-03,1/3/2026,19,19,0,0,0,0,0,0,3,0,0,100
ATT-006039,EMP-0108,2026-03,1/3/2026,19,19,0,0,0,0,0,0,0,4,0,100
ATT-006040,EMP-0109,2026-03,1/3/2026,19,12,0,7,0,0,0,7,6,0,0,63.16
ATT-006041,EMP-0111,2026-03,1/3/2026,19,19,0,0,0,0,0,0,0,0,0,100
ATT-006042,EMP-0112,2026-03,1/3/2026,19,17,0,0,2,0,0,2,0,0,0,89.47
ATT-006043,EMP-0113,2026-03,1/3/2026,19,18,0,1,0,0,0,1,0,0,7,94.74
ATT-006044,EMP-0114,2026-03,1/3/2026,19,19,0,0,0,0,0,0,0,2,0,100
ATT-006045,EMP-0115,2026-03,1/3/2026,19,18,0,0,0,1,0,1,0,0,22.5,94.74
ATT-006046,EMP-0116,2026-03,1/3/2026,19,14,2,3,0,0,0,3,3,0,9,73.68
ATT-006047,EMP-0117,2026-03,1/3/2026,19,19,0,0,0,0,0,0,1,0,0,100
ATT-006048,EMP-0118,2026-03,1/3/2026,19,19,0,0,0,0,0,0,0,0,21,100
ATT-006049,EMP-0119,2026-03,1/3/2026,19,16,0,0,3,0,0,3,4,0,0,84.21
ATT-006050,EMP-0120,2026-03,1/3/2026,19,18,1,0,0,0,0,0,0,0,20.5,94.74
ATT-006051,EMP-0121,2026-03,1/3/2026,19,17,1,1,0,0,0,1,6,0,14,89.47
ATT-006052,EMP-0122,2026-03,1/3/2026,19,19,0,0,0,0,0,0,0,3,13.5,100
ATT-006053,EMP-0123,2026-03,1/3/2026,19,11,0,6,2,0,0,8,5,3,0,57.89
ATT-006054,EMP-0124,2026-03,1/3/2026,19,11,0,8,0,0,0,8,1,0,0,57.89
ATT-006055,EMP-0125,2026-03,1/3/2026,19,19,0,0,0,0,0,0,4,4,0,100
ATT-006056,EMP-0126,2026-03,1/3/2026,19,19,0,0,0,0,0,0,0,4,0,100
ATT-006057,EMP-0127,2026-03,1/3/2026,19,19,0,0,0,0,0,0,0,2,0,100
ATT-006058,EMP-0129,2026-03,1/3/2026,19,19,0,0,0,0,0,0,0,0,22,100
ATT-006059,EMP-0130,2026-03,1/3/2026,19,19,0,0,0,0,0,0,0,3,10.5,100
ATT-006060,EMP-0131,2026-03,1/3/2026,19,19,0,0,0,0,0,0,0,0,0,100
ATT-006061,EMP-0132,2026-03,1/3/2026,19,18,0,0,1,0,0,1,0,0,21,94.74
ATT-006062,EMP-0133,2026-03,1/3/2026,19,19,0,0,0,0,0,0,6,0,0,100
ATT-006063,EMP-0134,2026-03,1/3/2026,19,19,0,0,0,0,0,0,4,0,0,100
ATT-006064,EMP-0135,2026-03,1/3/2026,19,19,0,0,0,0,0,0,0,2,0,100
ATT-006065,EMP-0136,2026-03,1/3/2026,19,17,0,0,0,0,2,2,4,0,25,89.47
ATT-006066,EMP-0137,2026-03,1/3/2026,19,15,0,4,0,0,0,4,0,0,0,78.95
ATT-006067,EMP-0138,2026-03,1/3/2026,19,17,0,0,2,0,0,2,0,4,0,89.47
ATT-006068,EMP-0140,2026-03,1/3/2026,19,19,0,0,0,0,0,0,0,0,0,100
ATT-006069,EMP-0141,2026-03,1/3/2026,19,19,0,0,0,0,0,0,0,0,0,100
ATT-006070,EMP-0142,2026-03,1/3/2026,19,16,0,1,2,0,0,3,6,0,8.5,84.21
ATT-006071,EMP-0143,2026-03,1/3/2026,19,10,0,9,0,0,0,9,1,0,0,52.63
ATT-006072,EMP-0144,2026-03,1/3/2026,19,18,1,0,0,0,0,0,0,0,0,94.74
ATT-006073,EMP-0145,2026-03,1/3/2026,19,19,0,0,0,0,0,0,0,1,0,100
ATT-006074,EMP-0146,2026-03,1/3/2026,19,19,0,0,0,0,0,0,0,0,2.5,100
ATT-006075,EMP-0147,2026-03,1/3/2026,19,19,0,0,0,0,0,0,0,0,19.5,100
ATT-006076,EMP-0149,2026-03,1/3/2026,19,13,0,2,0,4,0,6,0,0,0,68.42
ATT-006077,EMP-0150,2026-03,1/3/2026,19,16,0,3,0,0,0,3,1,4,0,84.21
ATT-006078,EMP-0151,2026-03,1/3/2026,19,19,0,0,0,0,0,0,2,2,0,100
ATT-006079,EMP-0152,2026-03,1/3/2026,19,15,0,0,0,4,0,4,0,2,3.5,78.95
ATT-006080,EMP-0153,2026-03,1/3/2026,19,19,0,0,0,0,0,0,0,4,17,100
ATT-006081,EMP-0154,2026-03,1/3/2026,19,17,2,0,0,0,0,0,0,0,0,89.47
ATT-006082,EMP-0155,2026-03,1/3/2026,19,16,0,3,0,0,0,3,0,0,0,84.21
ATT-006083,EMP-0156,2026-03,1/3/2026,19,16,0,3,0,0,0,3,0,0,0,84.21
ATT-006084,EMP-0157,2026-03,1/3/2026,19,16,1,2,0,0,0,2,0,0,12,84.21
ATT-006085,EMP-0158,2026-03,1/3/2026,19,19,0,0,0,0,0,0,6,0,8.5,100
ATT-006086,EMP-0159,2026-03,1/3/2026,19,13,0,6,0,0,0,6,6,4,0,68.42
ATT-006087,EMP-0160,2026-03,1/3/2026,19,19,0,0,0,0,0,0,0,0,0,100
ATT-006088,EMP-0161,2026-03,1/3/2026,19,17,2,0,0,0,0,0,6,0,0,89.47
ATT-006089,EMP-0162,2026-03,1/3/2026,19,19,0,0,0,0,0,0,5,4,12,100
ATT-006090,EMP-0163,2026-03,1/3/2026,19,19,0,0,0,0,0,0,1,0,25.5,100
ATT-006091,EMP-0164,2026-03,1/3/2026,19,19,0,0,0,0,0,0,0,0,0,100
ATT-006092,EMP-0165,2026-03,1/3/2026,19,19,0,0,0,0,0,0,0,0,0,100
ATT-006093,EMP-0166,2026-03,1/3/2026,19,17,0,2,0,0,0,2,0,0,6.5,89.47
ATT-006094,EMP-0167,2026-03,1/3/2026,19,15,0,3,1,0,0,4,1,0,0,78.95
ATT-006095,EMP-0168,2026-03,1/3/2026,19,19,0,0,0,0,0,0,0,0,0,100
ATT-006096,EMP-0169,2026-03,1/3/2026,19,19,0,0,0,0,0,0,0,0,0,100
ATT-006097,EMP-0170,2026-03,1/3/2026,19,15,0,0,0,4,0,4,0,0,0,78.95
ATT-006098,EMP-0171,2026-03,1/3/2026,19,9,2,8,0,0,0,8,0,0,0,47.37
ATT-006099,EMP-0172,2026-03,1/3/2026,19,17,0,2,0,0,0,2,6,0,0,89.47
ATT-006100,EMP-0173,2026-03,1/3/2026,19,15,0,4,0,0,0,4,1,0,0,78.95
ATT-006101,EMP-0174,2026-03,1/3/2026,19,18,0,0,1,0,0,1,5,0,16,94.74
ATT-006102,EMP-0175,2026-03,1/3/2026,19,11,0,8,0,0,0,8,1,0,22,57.89
ATT-006103,EMP-0176,2026-03,1/3/2026,19,14,2,3,0,0,0,3,4,0,0,73.68
ATT-006104,EMP-0177,2026-03,1/3/2026,19,15,0,4,0,0,0,4,0,0,0,78.95
ATT-006105,EMP-0178,2026-03,1/3/2026,19,17,2,0,0,0,0,0,2,1,4,89.47
ATT-006106,EMP-0180,2026-03,1/3/2026,19,19,0,0,0,0,0,0,0,1,5.5,100
ATT-006107,EMP-0181,2026-03,1/3/2026,19,19,0,0,0,0,0,0,0,0,0,100
ATT-006108,EMP-0182,2026-03,1/3/2026,19,19,0,0,0,0,0,0,0,0,12,100
ATT-006109,EMP-0183,2026-03,1/3/2026,19,12,0,7,0,0,0,7,3,0,0,63.16
ATT-006110,EMP-0184,2026-03,1/3/2026,19,19,0,0,0,0,0,0,0,0,0,100
ATT-006111,EMP-0186,2026-03,1/3/2026,19,13,0,6,0,0,0,6,5,0,0,68.42
ATT-006112,EMP-0187,2026-03,1/3/2026,19,18,0,1,0,0,0,1,4,3,0,94.74
ATT-006113,EMP-0188,2026-03,1/3/2026,19,13,0,6,0,0,0,6,5,0,0,68.42
ATT-006114,EMP-0189,2026-03,1/3/2026,19,19,0,0,0,0,0,0,0,0,6,100
ATT-006115,EMP-0190,2026-03,1/3/2026,19,14,0,5,0,0,0,5,3,2,6.5,73.68
ATT-006116,EMP-0191,2026-03,1/3/2026,19,19,0,0,0,0,0,0,0,0,0,100
ATT-006117,EMP-0192,2026-03,1/3/2026,19,19,0,0,0,0,0,0,0,0,0,100
ATT-006118,EMP-0193,2026-03,1/3/2026,19,19,0,0,0,0,0,0,5,0,0,100
ATT-006119,EMP-0194,2026-03,1/3/2026,19,19,0,0,0,0,0,0,0,0,24,100
ATT-006120,EMP-0195,2026-03,1/3/2026,19,19,0,0,0,0,0,0,0,0,2,100
ATT-006121,EMP-0196,2026-03,1/3/2026,19,16,2,0,0,0,1,1,0,4,0,84.21
ATT-006122,EMP-0197,2026-03,1/3/2026,19,19,0,0,0,0,0,0,0,0,0,100
ATT-006123,EMP-0198,2026-03,1/3/2026,19,19,0,0,0,0,0,0,2,3,15,100
ATT-006124,EMP-0199,2026-03,1/3/2026,19,18,0,1,0,0,0,1,0,0,21,94.74
ATT-006125,EMP-0200,2026-03,1/3/2026,19,12,0,7,0,0,0,7,0,0,0,63.16
ATT-006126,EMP-0201,2026-03,1/3/2026,19,19,0,0,0,0,0,0,0,0,0,100
ATT-006127,EMP-0202,2026-03,1/3/2026,19,19,0,0,0,0,0,0,0,0,0,100
ATT-006128,EMP-0203,2026-03,1/3/2026,19,14,0,5,0,0,0,5,3,0,0,73.68
ATT-006129,EMP-0205,2026-03,1/3/2026,19,19,0,0,0,0,0,0,3,0,17.5,100
ATT-006130,EMP-0206,2026-03,1/3/2026,19,15,0,4,0,0,0,4,0,4,0,78.95
ATT-006131,EMP-0207,2026-03,1/3/2026,19,19,0,0,0,0,0,0,0,0,0,100
ATT-006132,EMP-0208,2026-03,1/3/2026,19,15,0,4,0,0,0,4,4,1,0,78.95
ATT-006133,EMP-0209,2026-03,1/3/2026,19,19,0,0,0,0,0,0,3,0,0,100
ATT-006134,EMP-0210,2026-03,1/3/2026,19,16,0,3,0,0,0,3,0,0,0,84.21
ATT-006135,EMP-0211,2026-03,1/3/2026,19,19,0,0,0,0,0,0,0,1,0,100
ATT-006136,EMP-0212,2026-03,1/3/2026,19,19,0,0,0,0,0,0,5,0,9.5,100
ATT-006137,EMP-0213,2026-03,1/3/2026,19,19,0,0,0,0,0,0,2,0,24.5,100
ATT-006138,EMP-0214,2026-03,1/3/2026,19,19,0,0,0,0,0,0,0,0,0,100
ATT-006139,EMP-0215,2026-03,1/3/2026,19,13,1,5,0,0,0,5,0,0,0,68.42
ATT-006140,EMP-0216,2026-03,1/3/2026,19,19,0,0,0,0,0,0,0,0,0,100
ATT-006141,EMP-0217,2026-03,1/3/2026,19,12,0,7,0,0,0,7,0,0,0,63.16
ATT-006142,EMP-0218,2026-03,1/3/2026,19,13,0,6,0,0,0,6,2,0,24,68.42
ATT-006143,EMP-0219,2026-03,1/3/2026,19,19,0,0,0,0,0,0,0,2,4.5,100
ATT-006144,EMP-0220,2026-03,1/3/2026,19,19,0,0,0,0,0,0,0,1,10,100
ATT-006145,EMP-0221,2026-03,1/3/2026,19,15,0,0,0,4,0,4,2,0,0,78.95
ATT-006146,EMP-0222,2026-03,1/3/2026,19,12,2,5,0,0,0,5,5,0,13.5,63.16
ATT-006147,EMP-0223,2026-03,1/3/2026,19,11,0,8,0,0,0,8,0,0,3,57.89
ATT-006148,EMP-0225,2026-03,1/3/2026,19,19,0,0,0,0,0,0,0,0,0,100
ATT-006149,EMP-0226,2026-03,1/3/2026,19,19,0,0,0,0,0,0,0,3,10,100
ATT-006150,EMP-0227,2026-03,1/3/2026,19,19,0,0,0,0,0,0,6,0,0,100
ATT-006151,EMP-0228,2026-03,1/3/2026,19,19,0,0,0,0,0,0,0,0,0,100
ATT-006152,EMP-0229,2026-03,1/3/2026,19,19,0,0,0,0,0,0,0,0,0,100
ATT-006153,EMP-0230,2026-03,1/3/2026,19,19,0,0,0,0,0,0,0,0,14,100
ATT-006154,EMP-0231,2026-03,1/3/2026,19,12,0,7,0,0,0,7,0,0,8.5,63.16
ATT-006155,EMP-0232,2026-03,1/3/2026,19,19,0,0,0,0,0,0,0,0,0,100
ATT-006156,EMP-0234,2026-03,1/3/2026,19,17,0,2,0,0,0,2,0,0,25.5,89.47
ATT-006157,EMP-0236,2026-03,1/3/2026,19,17,0,0,2,0,0,2,0,0,8.5,89.47
ATT-006158,EMP-0237,2026-03,1/3/2026,19,11,1,7,0,0,0,7,4,0,8,57.89
ATT-006159,EMP-0238,2026-03,1/3/2026,19,12,2,5,0,0,0,5,0,0,21,63.16
ATT-006160,EMP-0239,2026-03,1/3/2026,19,19,0,0,0,0,0,0,0,0,0,100
ATT-006161,EMP-0240,2026-03,1/3/2026,19,19,0,0,0,0,0,0,0,0,0,100
ATT-006162,EMP-0241,2026-03,1/3/2026,19,19,0,0,0,0,0,0,5,3,0,100
ATT-006163,EMP-0242,2026-03,1/3/2026,19,19,0,0,0,0,0,0,1,0,18.5,100
ATT-006164,EMP-0243,2026-03,1/3/2026,19,11,0,5,3,0,0,8,0,0,0,57.89
ATT-006165,EMP-0244,2026-03,1/3/2026,19,9,0,10,0,0,0,10,6,0,0,47.37
ATT-006166,EMP-0245,2026-03,1/3/2026,19,19,0,0,0,0,0,0,0,0,0,100
ATT-006167,EMP-0246,2026-03,1/3/2026,19,19,0,0,0,0,0,0,0,0,18.5,100
ATT-006168,EMP-0247,2026-03,1/3/2026,19,9,0,10,0,0,0,10,5,0,0,47.37
ATT-006169,EMP-0248,2026-03,1/3/2026,19,17,0,2,0,0,0,2,0,3,10.5,89.47
ATT-006170,EMP-0249,2026-03,1/3/2026,19,12,2,5,0,0,0,5,0,0,0,63.16
ATT-006171,EMP-0250,2026-03,1/3/2026,19,19,0,0,0,0,0,0,5,0,0,100
ATT-006172,EMP-0251,2026-03,1/3/2026,19,19,0,0,0,0,0,0,5,0,0,100
ATT-006173,EMP-0252,2026-03,1/3/2026,19,19,0,0,0,0,0,0,0,3,0,100
ATT-006174,EMP-0253,2026-03,1/3/2026,19,19,0,0,0,0,0,0,0,0,0,100
ATT-006175,EMP-0254,2026-03,1/3/2026,19,15,0,0,0,4,0,4,0,1,0,78.95
ATT-006176,EMP-0255,2026-03,1/3/2026,19,13,0,6,0,0,0,6,0,1,3,68.42
ATT-006177,EMP-0256,2026-03,1/3/2026,19,7,0,9,3,0,0,12,0,4,2,36.84
ATT-006178,EMP-0257,2026-03,1/3/2026,19,19,0,0,0,0,0,0,0,0,0,100
ATT-006179,EMP-0258,2026-03,1/3/2026,19,18,0,1,0,0,0,1,0,4,0,94.74
ATT-006180,EMP-0260,2026-03,1/3/2026,19,18,0,1,0,0,0,1,3,4,0,94.74
ATT-006181,EMP-0261,2026-03,1/3/2026,19,19,0,0,0,0,0,0,0,0,0,100
ATT-006182,EMP-0262,2026-03,1/3/2026,19,5,0,10,0,4,0,14,2,0,10.5,26.32
ATT-006183,EMP-0263,2026-03,1/3/2026,19,19,0,0,0,0,0,0,2,0,0,100
ATT-006184,EMP-0264,2026-03,1/3/2026,19,13,0,6,0,0,0,6,0,0,0,68.42
ATT-006185,EMP-0265,2026-03,1/3/2026,19,18,1,0,0,0,0,0,6,0,0,94.74
ATT-006186,EMP-0266,2026-03,1/3/2026,19,15,2,2,0,0,0,2,6,0,0,78.95
ATT-006187,EMP-0267,2026-03,1/3/2026,19,18,0,1,0,0,0,1,1,0,14,94.74
ATT-006188,EMP-0268,2026-03,1/3/2026,19,17,0,2,0,0,0,2,1,0,0,89.47
ATT-006189,EMP-0269,2026-03,1/3/2026,19,19,0,0,0,0,0,0,1,0,24,100
ATT-006190,EMP-0270,2026-03,1/3/2026,19,7,2,9,0,0,1,10,0,0,17.5,36.84
ATT-006191,EMP-0271,2026-03,1/3/2026,19,14,0,5,0,0,0,5,0,0,0,73.68
ATT-006192,EMP-0272,2026-03,1/3/2026,19,19,0,0,0,0,0,0,5,0,0,100
ATT-006193,EMP-0274,2026-03,1/3/2026,19,19,0,0,0,0,0,0,1,0,10,100
ATT-006194,EMP-0275,2026-03,1/3/2026,19,15,0,4,0,0,0,4,0,0,2.5,78.95
ATT-006195,EMP-0276,2026-03,1/3/2026,19,19,0,0,0,0,0,0,0,3,11.5,100
ATT-006196,EMP-0277,2026-03,1/3/2026,19,19,0,0,0,0,0,0,0,0,21,100
ATT-006197,EMP-0278,2026-03,1/3/2026,19,19,0,0,0,0,0,0,0,0,11,100
ATT-006198,EMP-0279,2026-03,1/3/2026,19,18,1,0,0,0,0,0,4,0,0,94.74
ATT-006199,EMP-0280,2026-03,1/3/2026,19,19,0,0,0,0,0,0,2,0,19.5,100
ATT-006200,EMP-0281,2026-03,1/3/2026,19,19,0,0,0,0,0,0,0,0,13.5,100
ATT-006201,EMP-0282,2026-03,1/3/2026,19,19,0,0,0,0,0,0,6,0,0,100
ATT-006202,EMP-0283,2026-03,1/3/2026,19,19,0,0,0,0,0,0,0,0,0,100
ATT-006203,EMP-0284,2026-03,1/3/2026,19,19,0,0,0,0,0,0,0,0,0,100
ATT-006204,EMP-0286,2026-03,1/3/2026,19,19,0,0,0,0,0,0,0,0,23.5,100
ATT-006205,EMP-0287,2026-03,1/3/2026,19,16,0,0,3,0,0,3,3,0,0,84.21
ATT-006206,EMP-0288,2026-03,1/3/2026,19,19,0,0,0,0,0,0,0,0,0,100
ATT-006207,EMP-0290,2026-03,1/3/2026,19,19,0,0,0,0,0,0,0,0,0,100
ATT-006208,EMP-0292,2026-03,1/3/2026,19,18,1,0,0,0,0,0,0,0,13.5,94.74
ATT-006209,EMP-0293,2026-03,1/3/2026,19,11,0,8,0,0,0,8,5,0,13.5,57.89
ATT-006210,EMP-0294,2026-03,1/3/2026,19,17,2,0,0,0,0,0,0,0,0,89.47
ATT-006211,EMP-0295,2026-03,1/3/2026,19,19,0,0,0,0,0,0,2,0,0,100
ATT-006212,EMP-0296,2026-03,1/3/2026,19,17,2,0,0,0,0,0,0,0,0,89.47
ATT-006213,EMP-0297,2026-03,1/3/2026,19,19,0,0,0,0,0,0,6,3,0,100
ATT-006214,EMP-0298,2026-03,1/3/2026,19,19,0,0,0,0,0,0,0,0,0,100
ATT-006215,EMP-0299,2026-03,1/3/2026,19,11,0,8,0,0,0,8,0,1,0,57.89
ATT-006216,EMP-0300,2026-03,1/3/2026,19,18,0,1,0,0,0,1,0,2,0,94.74
ATT-006217,EMP-0301,2026-03,1/3/2026,19,18,1,0,0,0,0,0,0,0,0,94.74
ATT-006218,EMP-0302,2026-03,1/3/2026,19,9,0,7,3,0,0,10,4,0,23.5,47.37
ATT-006219,EMP-0303,2026-03,1/3/2026,19,19,0,0,0,0,0,0,0,1,0,100
ATT-006220,EMP-0304,2026-03,1/3/2026,19,19,0,0,0,0,0,0,1,0,0,100
ATT-006221,EMP-0305,2026-03,1/3/2026,19,14,0,5,0,0,0,5,0,0,7.5,73.68
ATT-006222,EMP-0306,2026-03,1/3/2026,19,19,0,0,0,0,0,0,2,0,0,100
ATT-006223,EMP-0307,2026-03,1/3/2026,19,18,0,1,0,0,0,1,5,0,0,94.74
ATT-006224,EMP-0308,2026-03,1/3/2026,19,10,0,7,0,2,0,9,0,4,0,52.63
ATT-006225,EMP-0309,2026-03,1/3/2026,19,17,2,0,0,0,0,0,0,0,16.5,89.47
ATT-006226,EMP-0310,2026-03,1/3/2026,19,11,0,8,0,0,0,8,3,0,20.5,57.89
ATT-006227,EMP-0311,2026-03,1/3/2026,19,17,2,0,0,0,0,0,5,0,0,89.47
ATT-006228,EMP-0312,2026-03,1/3/2026,19,11,0,8,0,0,0,8,0,0,15.5,57.89
ATT-006229,EMP-0313,2026-03,1/3/2026,19,19,0,0,0,0,0,0,6,0,0,100
ATT-006230,EMP-0314,2026-03,1/3/2026,19,19,0,0,0,0,0,0,3,0,0,100
ATT-006231,EMP-0315,2026-03,1/3/2026,19,19,0,0,0,0,0,0,0,0,0,100
ATT-006232,EMP-0316,2026-03,1/3/2026,19,15,0,4,0,0,0,4,0,1,0,78.95
ATT-006233,EMP-0317,2026-03,1/3/2026,19,19,0,0,0,0,0,0,0,0,10.5,100
ATT-006234,EMP-0318,2026-03,1/3/2026,19,10,2,7,0,0,0,7,5,0,0,52.63
ATT-006235,EMP-0319,2026-03,1/3/2026,19,14,1,4,0,0,0,4,4,0,6,73.68
ATT-006236,EMP-0320,2026-03,1/3/2026,19,18,0,1,0,0,0,1,0,0,0,94.74
ATT-006237,EMP-0321,2026-03,1/3/2026,19,19,0,0,0,0,0,0,0,0,0,100
ATT-006238,EMP-0322,2026-03,1/3/2026,19,19,0,0,0,0,0,0,3,4,0,100
ATT-006239,EMP-0323,2026-03,1/3/2026,19,16,0,3,0,0,0,3,0,0,0,84.21
ATT-006240,EMP-0324,2026-03,1/3/2026,19,19,0,0,0,0,0,0,0,0,7.5,100
ATT-006241,EMP-0325,2026-03,1/3/2026,19,19,0,0,0,0,0,0,0,2,20.5,100
ATT-006242,EMP-0326,2026-03,1/3/2026,19,19,0,0,0,0,0,0,0,0,8,100
ATT-006243,EMP-0327,2026-03,1/3/2026,19,13,0,6,0,0,0,6,1,0,0,68.42
ATT-006244,EMP-0328,2026-03,1/3/2026,19,19,0,0,0,0,0,0,0,2,21,100
ATT-006245,EMP-0329,2026-03,1/3/2026,19,19,0,0,0,0,0,0,0,0,0,100
ATT-006246,EMP-0332,2026-03,1/3/2026,19,18,1,0,0,0,0,0,0,0,10.5,94.74
ATT-006247,EMP-0333,2026-03,1/3/2026,19,19,0,0,0,0,0,0,0,0,0,100
ATT-006248,EMP-0334,2026-03,1/3/2026,19,19,0,0,0,0,0,0,0,0,0,100
ATT-006249,EMP-0335,2026-03,1/3/2026,19,15,0,4,0,0,0,4,1,1,11,78.95
ATT-006250,EMP-0336,2026-03,1/3/2026,19,19,0,0,0,0,0,0,0,0,22,100
ATT-006251,EMP-0337,2026-03,1/3/2026,19,18,0,0,1,0,0,1,0,0,11.5,94.74
ATT-006252,EMP-0338,2026-03,1/3/2026,19,11,0,8,0,0,0,8,0,0,22.5,57.89
ATT-006253,EMP-0339,2026-03,1/3/2026,19,10,0,8,1,0,0,9,0,3,0,52.63
ATT-006254,EMP-0340,2026-03,1/3/2026,19,16,1,0,0,2,0,2,2,0,0,84.21
ATT-006255,EMP-0341,2026-03,1/3/2026,19,19,0,0,0,0,0,0,3,0,0,100
ATT-006256,EMP-0342,2026-03,1/3/2026,19,19,0,0,0,0,0,0,4,0,18.5,100
ATT-006257,EMP-0343,2026-03,1/3/2026,19,14,0,5,0,0,0,5,0,0,0,73.68
ATT-006258,EMP-0344,2026-03,1/3/2026,19,19,0,0,0,0,0,0,0,0,0,100
ATT-006259,EMP-0346,2026-03,1/3/2026,19,19,0,0,0,0,0,0,4,4,0,100
ATT-006260,EMP-0347,2026-03,1/3/2026,19,19,0,0,0,0,0,0,4,0,12,100
ATT-006261,EMP-0348,2026-03,1/3/2026,19,10,0,9,0,0,0,9,0,3,19.5,52.63
ATT-006262,EMP-0349,2026-03,1/3/2026,19,17,0,0,0,2,0,2,6,0,0,89.47
ATT-006263,EMP-0350,2026-03,1/3/2026,19,19,0,0,0,0,0,0,0,0,12,100
ATT-006264,EMP-0352,2026-03,1/3/2026,19,19,0,0,0,0,0,0,0,0,0,100
ATT-006265,EMP-0353,2026-03,1/3/2026,19,19,0,0,0,0,0,0,0,3,23.5,100
ATT-006266,EMP-0354,2026-03,1/3/2026,19,19,0,0,0,0,0,0,2,0,0,100
ATT-006267,EMP-0355,2026-03,1/3/2026,19,19,0,0,0,0,0,0,3,0,19,100
ATT-006268,EMP-0356,2026-03,1/3/2026,19,17,2,0,0,0,0,0,5,0,0,89.47
ATT-006269,EMP-0357,2026-03,1/3/2026,19,19,0,0,0,0,0,0,0,4,0,100
ATT-006270,EMP-0358,2026-03,1/3/2026,19,18,0,0,1,0,0,1,0,2,14.5,94.74
ATT-006271,EMP-0359,2026-03,1/3/2026,19,17,2,0,0,0,0,0,0,0,6,89.47
ATT-006272,EMP-0360,2026-03,1/3/2026,19,9,0,10,0,0,0,10,0,0,0,47.37
ATT-006273,EMP-0361,2026-03,1/3/2026,19,19,0,0,0,0,0,0,5,2,0,100
ATT-006274,EMP-0363,2026-03,1/3/2026,19,9,0,10,0,0,0,10,0,1,0,47.37
ATT-006275,EMP-0364,2026-03,1/3/2026,19,19,0,0,0,0,0,0,0,2,0,100
ATT-006276,EMP-0365,2026-03,1/3/2026,19,10,0,9,0,0,0,9,1,0,0,52.63
ATT-006277,EMP-0366,2026-03,1/3/2026,19,10,0,9,0,0,0,9,0,0,0,52.63
ATT-006278,EMP-0367,2026-03,1/3/2026,19,19,0,0,0,0,0,0,0,2,0,100
ATT-006279,EMP-0368,2026-03,1/3/2026,19,19,0,0,0,0,0,0,0,0,0,100
ATT-006280,EMP-0369,2026-03,1/3/2026,19,19,0,0,0,0,0,0,0,0,6,100
ATT-006281,EMP-0370,2026-03,1/3/2026,19,19,0,0,0,0,0,0,0,1,7,100
ATT-006282,EMP-0371,2026-03,1/3/2026,19,19,0,0,0,0,0,0,0,0,9,100
ATT-006283,EMP-0372,2026-03,1/3/2026,19,19,0,0,0,0,0,0,6,0,9,100
ATT-006284,EMP-0373,2026-03,1/3/2026,19,13,0,6,0,0,0,6,0,4,0,68.42
ATT-006285,EMP-0374,2026-03,1/3/2026,19,19,0,0,0,0,0,0,0,4,16.5,100
ATT-006286,EMP-0375,2026-03,1/3/2026,19,16,0,3,0,0,0,3,0,0,13,84.21
ATT-006287,EMP-0376,2026-03,1/3/2026,19,19,0,0,0,0,0,0,0,0,0,100
ATT-006288,EMP-0377,2026-03,1/3/2026,19,17,2,0,0,0,0,0,0,0,6,89.47
ATT-006289,EMP-0378,2026-03,1/3/2026,19,14,0,5,0,0,0,5,0,0,0,73.68
ATT-006290,EMP-0379,2026-03,1/3/2026,19,12,0,7,0,0,0,7,4,0,0,63.16
ATT-006291,EMP-0381,2026-03,1/3/2026,19,19,0,0,0,0,0,0,2,0,24,100
ATT-006292,EMP-0382,2026-03,1/3/2026,19,19,0,0,0,0,0,0,0,0,0,100
ATT-006293,EMP-0383,2026-03,1/3/2026,19,19,0,0,0,0,0,0,0,0,0,100
ATT-006294,EMP-0384,2026-03,1/3/2026,19,19,0,0,0,0,0,0,0,0,12,100
ATT-006295,EMP-0385,2026-03,1/3/2026,19,17,2,0,0,0,0,0,3,1,13,89.47
ATT-006296,EMP-0387,2026-03,1/3/2026,19,19,0,0,0,0,0,0,4,0,0,100
ATT-006297,EMP-0388,2026-03,1/3/2026,19,17,0,0,2,0,0,2,5,0,20.5,89.47
ATT-006298,EMP-0389,2026-03,1/3/2026,19,19,0,0,0,0,0,0,5,4,10.5,100
ATT-006299,EMP-0390,2026-03,1/3/2026,19,15,1,3,0,0,0,3,5,0,0,78.95
ATT-006300,EMP-0391,2026-03,1/3/2026,19,19,0,0,0,0,0,0,0,1,2.5,100
ATT-006301,EMP-0393,2026-03,1/3/2026,19,19,0,0,0,0,0,0,3,4,13.5,100
ATT-006302,EMP-0394,2026-03,1/3/2026,19,19,0,0,0,0,0,0,6,0,0,100
ATT-006303,EMP-0395,2026-03,1/3/2026,19,19,0,0,0,0,0,0,0,0,0,100
ATT-006304,EMP-0396,2026-03,1/3/2026,19,19,0,0,0,0,0,0,0,0,0,100
ATT-006305,EMP-0397,2026-03,1/3/2026,19,19,0,0,0,0,0,0,3,0,15,100
ATT-006306,EMP-0398,2026-03,1/3/2026,19,17,1,1,0,0,0,1,3,4,0,89.47
ATT-006307,EMP-0399,2026-03,1/3/2026,19,16,0,0,3,0,0,3,0,0,0,84.21
ATT-006308,EMP-0400,2026-03,1/3/2026,19,19,0,0,0,0,0,0,0,0,19.5,100
ATT-006309,EMP-0402,2026-03,1/3/2026,19,19,0,0,0,0,0,0,0,0,4.5,100
ATT-006310,EMP-0403,2026-03,1/3/2026,19,17,0,0,0,0,2,2,1,0,4,89.47
ATT-006311,EMP-0404,2026-03,1/3/2026,19,16,0,0,2,0,1,3,5,0,20,84.21
ATT-006312,EMP-0406,2026-03,1/3/2026,19,19,0,0,0,0,0,0,5,3,0,100
ATT-006313,EMP-0407,2026-03,1/3/2026,19,19,0,0,0,0,0,0,4,3,3.5,100
ATT-006314,EMP-0408,2026-03,1/3/2026,19,19,0,0,0,0,0,0,1,0,14,100
ATT-006315,EMP-0409,2026-03,1/3/2026,19,18,0,1,0,0,0,1,0,0,11.5,94.74
ATT-006316,EMP-0410,2026-03,1/3/2026,19,19,0,0,0,0,0,0,2,0,0,100
ATT-006317,EMP-0411,2026-03,1/3/2026,19,19,0,0,0,0,0,0,1,4,0,100
ATT-006318,EMP-0414,2026-03,1/3/2026,19,19,0,0,0,0,0,0,1,2,5.5,100
ATT-006319,EMP-0415,2026-03,1/3/2026,19,19,0,0,0,0,0,0,0,0,0,100
ATT-006320,EMP-0416,2026-03,1/3/2026,19,13,0,6,0,0,0,6,0,0,22.5,68.42
ATT-006321,EMP-0417,2026-03,1/3/2026,19,17,2,0,0,0,0,0,0,0,0,89.47
ATT-006322,EMP-0418,2026-03,1/3/2026,19,19,0,0,0,0,0,0,5,2,0,100
ATT-006323,EMP-0419,2026-03,1/3/2026,19,19,0,0,0,0,0,0,0,0,11,100
ATT-006324,EMP-0420,2026-03,1/3/2026,19,19,0,0,0,0,0,0,0,0,0,100
ATT-006325,EMP-0422,2026-03,1/3/2026,19,16,0,3,0,0,0,3,3,0,10,84.21
ATT-006326,EMP-0424,2026-03,1/3/2026,19,19,0,0,0,0,0,0,0,0,0,100
ATT-006327,EMP-0425,2026-03,1/3/2026,19,18,0,1,0,0,0,1,0,0,22,94.74
ATT-006328,EMP-0426,2026-03,1/3/2026,19,19,0,0,0,0,0,0,2,3,0,100
ATT-006329,EMP-0427,2026-03,1/3/2026,19,16,0,0,0,0,3,3,0,2,18.5,84.21
ATT-006330,EMP-0428,2026-03,1/3/2026,19,19,0,0,0,0,0,0,0,3,19,100
ATT-006331,EMP-0429,2026-03,1/3/2026,19,19,0,0,0,0,0,0,4,0,22.5,100
ATT-006332,EMP-0430,2026-03,1/3/2026,19,19,0,0,0,0,0,0,0,3,0,100
ATT-006333,EMP-0431,2026-03,1/3/2026,19,19,0,0,0,0,0,0,0,3,0,100
ATT-006334,EMP-0432,2026-03,1/3/2026,19,19,0,0,0,0,0,0,4,0,12.5,100
ATT-006335,EMP-0433,2026-03,1/3/2026,19,10,0,9,0,0,0,9,1,0,12.5,52.63
ATT-006336,EMP-0434,2026-03,1/3/2026,19,19,0,0,0,0,0,0,3,0,0,100
ATT-006337,EMP-0435,2026-03,1/3/2026,19,15,0,4,0,0,0,4,6,0,0,78.95
ATT-006338,EMP-0436,2026-03,1/3/2026,19,19,0,0,0,0,0,0,1,0,0,100
ATT-006339,EMP-0437,2026-03,1/3/2026,19,19,0,0,0,0,0,0,0,2,24.5,100
ATT-006340,EMP-0438,2026-03,1/3/2026,19,18,0,1,0,0,0,1,4,1,13,94.74
ATT-006341,EMP-0439,2026-03,1/3/2026,19,19,0,0,0,0,0,0,0,4,23,100
ATT-006342,EMP-0440,2026-03,1/3/2026,19,19,0,0,0,0,0,0,5,0,0,100
ATT-006343,EMP-0441,2026-03,1/3/2026,19,16,2,0,1,0,0,1,0,0,14.5,84.21
ATT-006344,EMP-0442,2026-03,1/3/2026,19,17,2,0,0,0,0,0,6,0,0,89.47
ATT-006345,EMP-0443,2026-03,1/3/2026,19,19,0,0,0,0,0,0,0,0,15.5,100
ATT-006346,EMP-0444,2026-03,1/3/2026,19,16,0,0,0,0,3,3,0,0,6,84.21
ATT-006347,EMP-0445,2026-03,1/3/2026,19,19,0,0,0,0,0,0,6,0,0,100
ATT-006348,EMP-0446,2026-03,1/3/2026,19,18,0,0,1,0,0,1,0,0,3.5,94.74
ATT-006349,EMP-0448,2026-03,1/3/2026,19,19,0,0,0,0,0,0,0,0,9,100
ATT-006350,EMP-0449,2026-03,1/3/2026,19,19,0,0,0,0,0,0,0,0,21,100
ATT-006351,EMP-0451,2026-03,1/3/2026,19,19,0,0,0,0,0,0,0,0,0,100
ATT-006352,EMP-0452,2026-03,1/3/2026,19,19,0,0,0,0,0,0,0,3,0,100
ATT-006353,EMP-0453,2026-03,1/3/2026,19,19,0,0,0,0,0,0,0,0,0,100
ATT-006354,EMP-0454,2026-03,1/3/2026,19,17,0,2,0,0,0,2,0,0,0,89.47
ATT-006355,EMP-0455,2026-03,1/3/2026,19,19,0,0,0,0,0,0,0,0,0,100
ATT-006356,EMP-0457,2026-03,1/3/2026,19,19,0,0,0,0,0,0,0,0,0,100
ATT-006357,EMP-0459,2026-03,1/3/2026,19,18,0,1,0,0,0,1,1,0,0,94.74
ATT-006358,EMP-0460,2026-03,1/3/2026,19,19,0,0,0,0,0,0,0,0,0,100
ATT-006359,EMP-0461,2026-03,1/3/2026,19,19,0,0,0,0,0,0,0,1,16,100
ATT-006360,EMP-0463,2026-03,1/3/2026,19,19,0,0,0,0,0,0,3,1,17.5,100
ATT-006361,EMP-0464,2026-03,1/3/2026,19,19,0,0,0,0,0,0,0,0,0,100
ATT-006362,EMP-0465,2026-03,1/3/2026,19,16,0,0,0,0,3,3,0,0,3,84.21
ATT-006363,EMP-0466,2026-03,1/3/2026,19,19,0,0,0,0,0,0,0,0,0,100
ATT-006364,EMP-0467,2026-03,1/3/2026,19,18,0,1,0,0,0,1,0,0,0,94.74
ATT-006365,EMP-0468,2026-03,1/3/2026,19,12,0,7,0,0,0,7,0,3,0,63.16
ATT-006366,EMP-0469,2026-03,1/3/2026,19,19,0,0,0,0,0,0,0,4,17,100
ATT-006367,EMP-0470,2026-03,1/3/2026,19,19,0,0,0,0,0,0,0,0,5,100
ATT-006368,EMP-0471,2026-03,1/3/2026,19,8,0,10,0,0,1,11,0,0,0,42.11
ATT-006369,EMP-0472,2026-03,1/3/2026,19,19,0,0,0,0,0,0,0,0,19,100
ATT-006370,EMP-0473,2026-03,1/3/2026,19,19,0,0,0,0,0,0,0,4,23.5,100
ATT-006371,EMP-0474,2026-03,1/3/2026,19,17,0,0,2,0,0,2,0,0,0,89.47
ATT-006372,EMP-0475,2026-03,1/3/2026,19,19,0,0,0,0,0,0,2,1,9,100
ATT-006373,EMP-0476,2026-03,1/3/2026,19,17,0,2,0,0,0,2,1,0,13,89.47
ATT-006374,EMP-0477,2026-03,1/3/2026,19,17,0,0,2,0,0,2,0,0,0,89.47
ATT-006375,EMP-0478,2026-03,1/3/2026,19,17,0,2,0,0,0,2,0,0,0,89.47
ATT-006376,EMP-0479,2026-03,1/3/2026,19,18,1,0,0,0,0,0,0,0,0,94.74
ATT-006377,EMP-0480,2026-03,1/3/2026,19,19,0,0,0,0,0,0,4,0,0,100
ATT-006378,EMP-0481,2026-03,1/3/2026,19,18,0,1,0,0,0,1,0,0,10,94.74
ATT-006379,EMP-0482,2026-03,1/3/2026,19,11,0,8,0,0,0,8,0,0,0,57.89
ATT-006380,EMP-0483,2026-03,1/3/2026,19,19,0,0,0,0,0,0,5,0,0,100
ATT-006381,EMP-0484,2026-03,1/3/2026,19,18,0,1,0,0,0,1,0,0,0,94.74
ATT-006382,EMP-0485,2026-03,1/3/2026,19,18,1,0,0,0,0,0,0,0,22.5,94.74
ATT-006383,EMP-0487,2026-03,1/3/2026,19,19,0,0,0,0,0,0,0,0,12,100
ATT-006384,EMP-0488,2026-03,1/3/2026,19,17,2,0,0,0,0,0,0,1,0,89.47
ATT-006385,EMP-0489,2026-03,1/3/2026,19,9,0,10,0,0,0,10,3,3,0,47.37
ATT-006386,EMP-0490,2026-03,1/3/2026,19,14,0,0,2,3,0,5,6,0,5.5,73.68
ATT-006387,EMP-0491,2026-03,1/3/2026,19,19,0,0,0,0,0,0,0,3,0,100
ATT-006388,EMP-0492,2026-03,1/3/2026,19,19,0,0,0,0,0,0,2,0,0,100
ATT-006389,EMP-0493,2026-03,1/3/2026,19,16,0,0,0,2,1,3,5,0,6,84.21
ATT-006390,EMP-0494,2026-03,1/3/2026,19,17,0,0,0,0,2,2,0,2,24.5,89.47
ATT-006391,EMP-0495,2026-03,1/3/2026,19,19,0,0,0,0,0,0,0,0,14.5,100
ATT-006392,EMP-0497,2026-03,1/3/2026,19,9,0,10,0,0,0,10,1,3,0,47.37
ATT-006393,EMP-0498,2026-03,1/3/2026,19,19,0,0,0,0,0,0,0,0,0,100
ATT-006394,EMP-0499,2026-03,1/3/2026,19,19,0,0,0,0,0,0,0,0,21.5,100
ATT-006395,EMP-0500,2026-03,1/3/2026,19,10,0,9,0,0,0,9,1,0,0,52.63
ATT-006396,EMP-0001,2026-04,1/4/2026,22,20,0,0,2,0,0,2,0,0,0,90.91
ATT-006397,EMP-0003,2026-04,1/4/2026,22,22,0,0,0,0,0,0,0,0,23.5,100
ATT-006398,EMP-0004,2026-04,1/4/2026,22,22,0,0,0,0,0,0,0,3,0,100
ATT-006399,EMP-0005,2026-04,1/4/2026,22,22,0,0,0,0,0,0,0,0,0,100
ATT-006400,EMP-0006,2026-04,1/4/2026,22,16,0,6,0,0,0,6,4,0,0,72.73
ATT-006401,EMP-0007,2026-04,1/4/2026,22,22,0,0,0,0,0,0,3,0,13,100
ATT-006402,EMP-0008,2026-04,1/4/2026,22,22,0,0,0,0,0,0,0,0,26,100
ATT-006403,EMP-0009,2026-04,1/4/2026,22,22,0,0,0,0,0,0,0,0,10.5,100
ATT-006404,EMP-0010,2026-04,1/4/2026,22,22,0,0,0,0,0,0,2,4,0,100
ATT-006405,EMP-0011,2026-04,1/4/2026,22,22,0,0,0,0,0,0,0,0,0,100
ATT-006406,EMP-0013,2026-04,1/4/2026,22,22,0,0,0,0,0,0,0,0,0,100
ATT-006407,EMP-0014,2026-04,1/4/2026,22,22,0,0,0,0,0,0,0,0,0,100
ATT-006408,EMP-0015,2026-04,1/4/2026,22,22,0,0,0,0,0,0,0,0,7.5,100
ATT-006409,EMP-0016,2026-04,1/4/2026,22,22,0,0,0,0,0,0,4,0,0,100
ATT-006410,EMP-0017,2026-04,1/4/2026,22,22,0,0,0,0,0,0,0,0,0,100
ATT-006411,EMP-0018,2026-04,1/4/2026,22,20,0,0,2,0,0,2,0,0,0,90.91
ATT-006412,EMP-0019,2026-04,1/4/2026,22,20,2,0,0,0,0,0,0,0,17,90.91
ATT-006413,EMP-0020,2026-04,1/4/2026,22,16,0,6,0,0,0,6,5,1,0,72.73
ATT-006414,EMP-0021,2026-04,1/4/2026,22,16,0,6,0,0,0,6,0,0,0,72.73
ATT-006415,EMP-0022,2026-04,1/4/2026,22,21,0,0,0,1,0,1,0,0,0,95.45
ATT-006416,EMP-0023,2026-04,1/4/2026,22,19,0,0,3,0,0,3,0,0,25,86.36
ATT-006417,EMP-0024,2026-04,1/4/2026,22,22,0,0,0,0,0,0,0,0,0,100
ATT-006418,EMP-0025,2026-04,1/4/2026,22,20,0,0,2,0,0,2,5,0,0,90.91
ATT-006419,EMP-0026,2026-04,1/4/2026,22,22,0,0,0,0,0,0,2,0,0,100
ATT-006420,EMP-0027,2026-04,1/4/2026,22,21,0,1,0,0,0,1,2,4,4,95.45
ATT-006421,EMP-0028,2026-04,1/4/2026,22,22,0,0,0,0,0,0,0,0,0,100
ATT-006422,EMP-0029,2026-04,1/4/2026,22,22,0,0,0,0,0,0,4,4,17.5,100
ATT-006423,EMP-0030,2026-04,1/4/2026,22,18,1,0,3,0,0,3,0,0,12,81.82
ATT-006424,EMP-0031,2026-04,1/4/2026,22,22,0,0,0,0,0,0,5,0,5.5,100
ATT-006425,EMP-0032,2026-04,1/4/2026,22,22,0,0,0,0,0,0,0,0,9,100
ATT-006426,EMP-0033,2026-04,1/4/2026,22,22,0,0,0,0,0,0,0,0,21,100
ATT-006427,EMP-0034,2026-04,1/4/2026,22,22,0,0,0,0,0,0,4,0,7.5,100
ATT-006428,EMP-0035,2026-04,1/4/2026,22,21,1,0,0,0,0,0,0,3,0,95.45
ATT-006429,EMP-0036,2026-04,1/4/2026,22,12,0,10,0,0,0,10,5,0,8,54.55
ATT-006430,EMP-0037,2026-04,1/4/2026,22,22,0,0,0,0,0,0,0,0,0,100
ATT-006431,EMP-0038,2026-04,1/4/2026,22,22,0,0,0,0,0,0,0,0,0,100
ATT-006432,EMP-0039,2026-04,1/4/2026,22,19,0,0,0,3,0,3,0,0,0,86.36
ATT-006433,EMP-0040,2026-04,1/4/2026,22,20,0,0,0,0,2,2,2,0,0,90.91
ATT-006434,EMP-0041,2026-04,1/4/2026,22,22,0,0,0,0,0,0,1,0,0,100
ATT-006435,EMP-0042,2026-04,1/4/2026,22,21,0,1,0,0,0,1,6,0,24,95.45
ATT-006436,EMP-0043,2026-04,1/4/2026,22,19,0,0,0,0,3,3,0,0,0,86.36
ATT-006437,EMP-0044,2026-04,1/4/2026,22,22,0,0,0,0,0,0,0,4,0,100
ATT-006438,EMP-0045,2026-04,1/4/2026,22,22,0,0,0,0,0,0,0,0,15,100
ATT-006439,EMP-0046,2026-04,1/4/2026,22,22,0,0,0,0,0,0,0,0,0,100
ATT-006440,EMP-0047,2026-04,1/4/2026,22,22,0,0,0,0,0,0,2,0,2.5,100
ATT-006441,EMP-0048,2026-04,1/4/2026,22,14,0,7,0,0,1,8,5,0,0,63.64
ATT-006442,EMP-0049,2026-04,1/4/2026,22,20,0,0,2,0,0,2,0,0,0,90.91
ATT-006443,EMP-0050,2026-04,1/4/2026,22,22,0,0,0,0,0,0,6,0,19,100
ATT-006444,EMP-0051,2026-04,1/4/2026,22,22,0,0,0,0,0,0,2,0,18.5,100
ATT-006445,EMP-0052,2026-04,1/4/2026,22,21,1,0,0,0,0,0,0,0,0,95.45
ATT-006446,EMP-0053,2026-04,1/4/2026,22,21,0,0,1,0,0,1,5,0,21,95.45
ATT-006447,EMP-0055,2026-04,1/4/2026,22,22,0,0,0,0,0,0,4,0,0,100
ATT-006448,EMP-0057,2026-04,1/4/2026,22,22,0,0,0,0,0,0,0,0,0,100
ATT-006449,EMP-0058,2026-04,1/4/2026,22,22,0,0,0,0,0,0,2,4,0,100
ATT-006450,EMP-0059,2026-04,1/4/2026,22,22,0,0,0,0,0,0,0,4,0,100
ATT-006451,EMP-0060,2026-04,1/4/2026,22,22,0,0,0,0,0,0,0,0,6,100
ATT-006452,EMP-0062,2026-04,1/4/2026,22,22,0,0,0,0,0,0,6,1,12.5,100
ATT-006453,EMP-0063,2026-04,1/4/2026,22,15,2,5,0,0,0,5,0,0,22.5,68.18
ATT-006454,EMP-0064,2026-04,1/4/2026,22,22,0,0,0,0,0,0,6,0,15,100
ATT-006455,EMP-0065,2026-04,1/4/2026,22,22,0,0,0,0,0,0,0,0,0,100
ATT-006456,EMP-0066,2026-04,1/4/2026,22,22,0,0,0,0,0,0,0,0,0,100
ATT-006457,EMP-0067,2026-04,1/4/2026,22,22,0,0,0,0,0,0,5,3,0,100
ATT-006458,EMP-0068,2026-04,1/4/2026,22,22,0,0,0,0,0,0,4,0,0,100
ATT-006459,EMP-0069,2026-04,1/4/2026,22,22,0,0,0,0,0,0,0,0,0,100
ATT-006460,EMP-0070,2026-04,1/4/2026,22,22,0,0,0,0,0,0,0,3,0,100
ATT-006461,EMP-0071,2026-04,1/4/2026,22,22,0,0,0,0,0,0,0,0,0,100
ATT-006462,EMP-0072,2026-04,1/4/2026,22,22,0,0,0,0,0,0,0,0,0,100
ATT-006463,EMP-0073,2026-04,1/4/2026,22,20,2,0,0,0,0,0,0,0,0,90.91
ATT-006464,EMP-0074,2026-04,1/4/2026,22,22,0,0,0,0,0,0,0,2,0,100
ATT-006465,EMP-0076,2026-04,1/4/2026,22,22,0,0,0,0,0,0,0,0,0,100
ATT-006466,EMP-0077,2026-04,1/4/2026,22,22,0,0,0,0,0,0,1,1,15.5,100
ATT-006467,EMP-0078,2026-04,1/4/2026,22,22,0,0,0,0,0,0,0,0,0,100
ATT-006468,EMP-0079,2026-04,1/4/2026,22,17,0,4,0,0,1,5,1,0,17,77.27
ATT-006469,EMP-0080,2026-04,1/4/2026,22,22,0,0,0,0,0,0,0,0,9.5,100
ATT-006470,EMP-0081,2026-04,1/4/2026,22,21,1,0,0,0,0,0,0,0,17.5,95.45
ATT-006471,EMP-0083,2026-04,1/4/2026,22,22,0,0,0,0,0,0,0,0,13.5,100
ATT-006472,EMP-0084,2026-04,1/4/2026,22,18,2,0,0,0,2,2,0,1,0,81.82
ATT-006473,EMP-0086,2026-04,1/4/2026,22,22,0,0,0,0,0,0,0,0,18.5,100
ATT-006474,EMP-0087,2026-04,1/4/2026,22,20,2,0,0,0,0,0,1,0,0,90.91
ATT-006475,EMP-0088,2026-04,1/4/2026,22,15,0,4,3,0,0,7,0,0,0,68.18
ATT-006476,EMP-0089,2026-04,1/4/2026,22,22,0,0,0,0,0,0,0,0,0,100
ATT-006477,EMP-0091,2026-04,1/4/2026,22,15,0,7,0,0,0,7,4,0,0,68.18
ATT-006478,EMP-0092,2026-04,1/4/2026,22,22,0,0,0,0,0,0,2,1,0,100
ATT-006479,EMP-0093,2026-04,1/4/2026,22,21,0,0,0,1,0,1,0,0,23,95.45
ATT-006480,EMP-0095,2026-04,1/4/2026,22,17,0,5,0,0,0,5,5,0,0,77.27
ATT-006481,EMP-0096,2026-04,1/4/2026,22,20,0,0,2,0,0,2,4,0,0,90.91
ATT-006482,EMP-0097,2026-04,1/4/2026,22,21,0,0,0,0,1,1,0,0,0,95.45
ATT-006483,EMP-0098,2026-04,1/4/2026,22,21,1,0,0,0,0,0,0,1,0,95.45
ATT-006484,EMP-0099,2026-04,1/4/2026,22,22,0,0,0,0,0,0,0,1,0,100
ATT-006485,EMP-0100,2026-04,1/4/2026,22,18,0,4,0,0,0,4,0,0,0,81.82
ATT-006486,EMP-0102,2026-04,1/4/2026,22,16,0,6,0,0,0,6,0,4,0,72.73
ATT-006487,EMP-0103,2026-04,1/4/2026,22,19,0,0,3,0,0,3,0,0,12.5,86.36
ATT-006488,EMP-0104,2026-04,1/4/2026,22,22,0,0,0,0,0,0,0,0,0,100
ATT-006489,EMP-0105,2026-04,1/4/2026,22,22,0,0,0,0,0,0,0,0,0,100
ATT-006490,EMP-0106,2026-04,1/4/2026,22,15,2,5,0,0,0,5,0,0,0,68.18
ATT-006491,EMP-0107,2026-04,1/4/2026,22,12,0,10,0,0,0,10,0,2,0,54.55
ATT-006492,EMP-0108,2026-04,1/4/2026,22,20,1,0,0,0,1,1,0,0,0,90.91
ATT-006493,EMP-0109,2026-04,1/4/2026,22,22,0,0,0,0,0,0,0,0,0,100
ATT-006494,EMP-0110,2026-04,1/4/2026,22,22,0,0,0,0,0,0,3,1,0,100
ATT-006495,EMP-0111,2026-04,1/4/2026,22,22,0,0,0,0,0,0,0,0,23,100
ATT-006496,EMP-0112,2026-04,1/4/2026,22,12,0,10,0,0,0,10,0,3,0,54.55
ATT-006497,EMP-0113,2026-04,1/4/2026,22,20,0,0,0,0,2,2,3,0,3.5,90.91
ATT-006498,EMP-0114,2026-04,1/4/2026,22,20,0,0,2,0,0,2,3,0,3.5,90.91
ATT-006499,EMP-0115,2026-04,1/4/2026,22,22,0,0,0,0,0,0,0,0,4.5,100
ATT-006500,EMP-0116,2026-04,1/4/2026,22,22,0,0,0,0,0,0,1,0,16,100
ATT-006501,EMP-0117,2026-04,1/4/2026,22,22,0,0,0,0,0,0,0,0,0,100
ATT-006502,EMP-0118,2026-04,1/4/2026,22,20,2,0,0,0,0,0,0,0,5,90.91
ATT-006503,EMP-0119,2026-04,1/4/2026,22,20,2,0,0,0,0,0,1,0,0,90.91
ATT-006504,EMP-0120,2026-04,1/4/2026,22,22,0,0,0,0,0,0,0,0,17,100
ATT-006505,EMP-0121,2026-04,1/4/2026,22,22,0,0,0,0,0,0,0,4,0,100
ATT-006506,EMP-0122,2026-04,1/4/2026,22,22,0,0,0,0,0,0,1,0,17.5,100
ATT-006507,EMP-0123,2026-04,1/4/2026,22,22,0,0,0,0,0,0,0,0,0,100
ATT-006508,EMP-0124,2026-04,1/4/2026,22,22,0,0,0,0,0,0,3,0,0,100
ATT-006509,EMP-0125,2026-04,1/4/2026,22,21,1,0,0,0,0,0,4,0,0,95.45
ATT-006510,EMP-0126,2026-04,1/4/2026,22,22,0,0,0,0,0,0,0,0,22,100
ATT-006511,EMP-0127,2026-04,1/4/2026,22,22,0,0,0,0,0,0,3,0,0,100
ATT-006512,EMP-0129,2026-04,1/4/2026,22,18,0,0,0,4,0,4,6,0,6,81.82
ATT-006513,EMP-0130,2026-04,1/4/2026,22,20,0,2,0,0,0,2,0,0,10,90.91
ATT-006514,EMP-0131,2026-04,1/4/2026,22,22,0,0,0,0,0,0,5,0,0,100
ATT-006515,EMP-0132,2026-04,1/4/2026,22,22,0,0,0,0,0,0,0,1,0,100
ATT-006516,EMP-0133,2026-04,1/4/2026,22,22,0,0,0,0,0,0,0,0,0,100
ATT-006517,EMP-0134,2026-04,1/4/2026,22,22,0,0,0,0,0,0,0,0,2.5,100
ATT-006518,EMP-0135,2026-04,1/4/2026,22,22,0,0,0,0,0,0,3,0,0,100
ATT-006519,EMP-0136,2026-04,1/4/2026,22,22,0,0,0,0,0,0,0,0,23,100
ATT-006520,EMP-0137,2026-04,1/4/2026,22,14,0,8,0,0,0,8,3,0,0,63.64
ATT-006521,EMP-0138,2026-04,1/4/2026,22,22,0,0,0,0,0,0,5,0,0,100
ATT-006522,EMP-0140,2026-04,1/4/2026,22,22,0,0,0,0,0,0,0,0,20.5,100
ATT-006523,EMP-0141,2026-04,1/4/2026,22,22,0,0,0,0,0,0,0,2,0,100
ATT-006524,EMP-0142,2026-04,1/4/2026,22,22,0,0,0,0,0,0,0,2,19,100
ATT-006525,EMP-0143,2026-04,1/4/2026,22,22,0,0,0,0,0,0,0,0,17.5,100
ATT-006526,EMP-0144,2026-04,1/4/2026,22,22,0,0,0,0,0,0,0,0,12.5,100
ATT-006527,EMP-0145,2026-04,1/4/2026,22,22,0,0,0,0,0,0,3,0,20,100
ATT-006528,EMP-0146,2026-04,1/4/2026,22,17,2,0,0,0,3,3,0,0,0,77.27
ATT-006529,EMP-0147,2026-04,1/4/2026,22,22,0,0,0,0,0,0,0,0,0,100
ATT-006530,EMP-0149,2026-04,1/4/2026,22,22,0,0,0,0,0,0,0,0,23,100
ATT-006531,EMP-0150,2026-04,1/4/2026,22,19,0,0,3,0,0,3,0,0,0,86.36
ATT-006532,EMP-0151,2026-04,1/4/2026,22,22,0,0,0,0,0,0,0,3,16,100
ATT-006533,EMP-0152,2026-04,1/4/2026,22,22,0,0,0,0,0,0,0,0,15.5,100
ATT-006534,EMP-0153,2026-04,1/4/2026,22,19,0,0,3,0,0,3,2,1,0,86.36
ATT-006535,EMP-0154,2026-04,1/4/2026,22,21,1,0,0,0,0,0,0,0,15,95.45
ATT-006536,EMP-0155,2026-04,1/4/2026,22,22,0,0,0,0,0,0,0,2,0,100
ATT-006537,EMP-0156,2026-04,1/4/2026,22,22,0,0,0,0,0,0,1,0,0,100
ATT-006538,EMP-0157,2026-04,1/4/2026,22,22,0,0,0,0,0,0,0,0,0,100
ATT-006539,EMP-0158,2026-04,1/4/2026,22,22,0,0,0,0,0,0,0,0,9.5,100
ATT-006540,EMP-0159,2026-04,1/4/2026,22,22,0,0,0,0,0,0,0,0,0,100
ATT-006541,EMP-0160,2026-04,1/4/2026,22,21,0,1,0,0,0,1,4,4,15.5,95.45
ATT-006542,EMP-0161,2026-04,1/4/2026,22,22,0,0,0,0,0,0,0,0,0,100
ATT-006543,EMP-0162,2026-04,1/4/2026,22,19,0,1,2,0,0,3,0,4,0,86.36
ATT-006544,EMP-0163,2026-04,1/4/2026,22,19,0,3,0,0,0,3,4,2,4.5,86.36
ATT-006545,EMP-0164,2026-04,1/4/2026,22,20,2,0,0,0,0,0,0,0,11,90.91
ATT-006546,EMP-0165,2026-04,1/4/2026,22,22,0,0,0,0,0,0,0,0,24,100
ATT-006547,EMP-0166,2026-04,1/4/2026,22,22,0,0,0,0,0,0,3,0,0,100
ATT-006548,EMP-0167,2026-04,1/4/2026,22,22,0,0,0,0,0,0,0,3,2.5,100
ATT-006549,EMP-0168,2026-04,1/4/2026,22,22,0,0,0,0,0,0,0,0,14.5,100
ATT-006550,EMP-0169,2026-04,1/4/2026,22,22,0,0,0,0,0,0,3,4,4,100
ATT-006551,EMP-0170,2026-04,1/4/2026,22,22,0,0,0,0,0,0,0,0,0,100
ATT-006552,EMP-0171,2026-04,1/4/2026,22,22,0,0,0,0,0,0,3,2,0,100
ATT-006553,EMP-0172,2026-04,1/4/2026,22,22,0,0,0,0,0,0,5,2,0,100
ATT-006554,EMP-0173,2026-04,1/4/2026,22,14,0,8,0,0,0,8,0,0,0,63.64
ATT-006555,EMP-0174,2026-04,1/4/2026,22,22,0,0,0,0,0,0,1,0,3.5,100
ATT-006556,EMP-0175,2026-04,1/4/2026,22,22,0,0,0,0,0,0,1,2,4,100
ATT-006557,EMP-0176,2026-04,1/4/2026,22,22,0,0,0,0,0,0,0,0,6.5,100
ATT-006558,EMP-0177,2026-04,1/4/2026,22,22,0,0,0,0,0,0,0,0,0,100
ATT-006559,EMP-0178,2026-04,1/4/2026,22,22,0,0,0,0,0,0,0,0,24.5,100
ATT-006560,EMP-0180,2026-04,1/4/2026,22,22,0,0,0,0,0,0,1,0,0,100
ATT-006561,EMP-0181,2026-04,1/4/2026,22,20,0,2,0,0,0,2,0,0,0,90.91
ATT-006562,EMP-0182,2026-04,1/4/2026,22,22,0,0,0,0,0,0,0,0,20,100
ATT-006563,EMP-0183,2026-04,1/4/2026,22,22,0,0,0,0,0,0,5,0,2.5,100
ATT-006564,EMP-0184,2026-04,1/4/2026,22,22,0,0,0,0,0,0,2,0,13.5,100
ATT-006565,EMP-0186,2026-04,1/4/2026,22,22,0,0,0,0,0,0,2,0,0,100
ATT-006566,EMP-0187,2026-04,1/4/2026,22,17,2,0,3,0,0,3,0,0,0,77.27
ATT-006567,EMP-0188,2026-04,1/4/2026,22,22,0,0,0,0,0,0,0,0,13.5,100
ATT-006568,EMP-0189,2026-04,1/4/2026,22,22,0,0,0,0,0,0,0,0,0,100
ATT-006569,EMP-0190,2026-04,1/4/2026,22,22,0,0,0,0,0,0,0,0,4.5,100
ATT-006570,EMP-0191,2026-04,1/4/2026,22,22,0,0,0,0,0,0,6,1,0,100
ATT-006571,EMP-0192,2026-04,1/4/2026,22,22,0,0,0,0,0,0,5,1,0,100
ATT-006572,EMP-0193,2026-04,1/4/2026,22,16,0,6,0,0,0,6,0,0,0,72.73
ATT-006573,EMP-0194,2026-04,1/4/2026,22,22,0,0,0,0,0,0,3,0,0,100
ATT-006574,EMP-0195,2026-04,1/4/2026,22,20,0,0,0,2,0,2,0,0,18.5,90.91
ATT-006575,EMP-0196,2026-04,1/4/2026,22,20,0,0,2,0,0,2,0,0,13.5,90.91
ATT-006576,EMP-0197,2026-04,1/4/2026,22,22,0,0,0,0,0,0,0,0,0,100
ATT-006577,EMP-0198,2026-04,1/4/2026,22,19,2,0,1,0,0,1,0,0,0,86.36
ATT-006578,EMP-0199,2026-04,1/4/2026,22,22,0,0,0,0,0,0,0,0,0,100
ATT-006579,EMP-0200,2026-04,1/4/2026,22,22,0,0,0,0,0,0,0,3,24.5,100
ATT-006580,EMP-0201,2026-04,1/4/2026,22,22,0,0,0,0,0,0,0,0,11.5,100
ATT-006581,EMP-0202,2026-04,1/4/2026,22,13,1,8,0,0,0,8,0,0,10.5,59.09
ATT-006582,EMP-0203,2026-04,1/4/2026,22,13,0,9,0,0,0,9,2,0,9.5,59.09
ATT-006583,EMP-0205,2026-04,1/4/2026,22,20,1,0,1,0,0,1,0,0,0,90.91
ATT-006584,EMP-0206,2026-04,1/4/2026,22,22,0,0,0,0,0,0,0,0,0,100
ATT-006585,EMP-0207,2026-04,1/4/2026,22,21,1,0,0,0,0,0,6,0,0,95.45
ATT-006586,EMP-0208,2026-04,1/4/2026,22,22,0,0,0,0,0,0,0,0,24,100
ATT-006587,EMP-0209,2026-04,1/4/2026,22,22,0,0,0,0,0,0,0,0,0,100
ATT-006588,EMP-0210,2026-04,1/4/2026,22,22,0,0,0,0,0,0,6,0,0,100
ATT-006589,EMP-0211,2026-04,1/4/2026,22,22,0,0,0,0,0,0,1,1,22,100
ATT-006590,EMP-0212,2026-04,1/4/2026,22,18,1,0,3,0,0,3,0,3,0,81.82
ATT-006591,EMP-0213,2026-04,1/4/2026,22,22,0,0,0,0,0,0,0,0,0,100
ATT-006592,EMP-0214,2026-04,1/4/2026,22,22,0,0,0,0,0,0,6,0,3,100
ATT-006593,EMP-0215,2026-04,1/4/2026,22,21,1,0,0,0,0,0,0,4,4.5,95.45
ATT-006594,EMP-0216,2026-04,1/4/2026,22,22,0,0,0,0,0,0,1,3,15,100
ATT-006595,EMP-0217,2026-04,1/4/2026,22,12,0,10,0,0,0,10,4,0,0,54.55
ATT-006596,EMP-0218,2026-04,1/4/2026,22,22,0,0,0,0,0,0,1,3,0,100
ATT-006597,EMP-0219,2026-04,1/4/2026,22,22,0,0,0,0,0,0,0,0,0,100
ATT-006598,EMP-0220,2026-04,1/4/2026,22,22,0,0,0,0,0,0,1,0,6.5,100
ATT-006599,EMP-0221,2026-04,1/4/2026,22,22,0,0,0,0,0,0,0,4,0,100
ATT-006600,EMP-0222,2026-04,1/4/2026,22,17,0,5,0,0,0,5,6,0,18.5,77.27
ATT-006601,EMP-0223,2026-04,1/4/2026,22,21,0,0,1,0,0,1,0,0,20.5,95.45
ATT-006602,EMP-0224,2026-04,1/4/2026,22,18,0,4,0,0,0,4,0,0,0,81.82
ATT-006603,EMP-0225,2026-04,1/4/2026,22,19,1,2,0,0,0,2,4,0,0,86.36
ATT-006604,EMP-0226,2026-04,1/4/2026,22,22,0,0,0,0,0,0,0,2,16,100
ATT-006605,EMP-0228,2026-04,1/4/2026,22,22,0,0,0,0,0,0,2,0,9.5,100
ATT-006606,EMP-0229,2026-04,1/4/2026,22,22,0,0,0,0,0,0,6,0,14,100
ATT-006607,EMP-0230,2026-04,1/4/2026,22,22,0,0,0,0,0,0,3,0,0,100
ATT-006608,EMP-0231,2026-04,1/4/2026,22,22,0,0,0,0,0,0,5,4,14,100
ATT-006609,EMP-0232,2026-04,1/4/2026,22,22,0,0,0,0,0,0,0,0,0,100
ATT-006610,EMP-0233,2026-04,1/4/2026,22,13,0,9,0,0,0,9,2,0,20.5,59.09
ATT-006611,EMP-0234,2026-04,1/4/2026,22,22,0,0,0,0,0,0,3,0,13,100
ATT-006612,EMP-0236,2026-04,1/4/2026,22,22,0,0,0,0,0,0,0,0,12,100
ATT-006613,EMP-0237,2026-04,1/4/2026,22,22,0,0,0,0,0,0,0,0,18.5,100
ATT-006614,EMP-0238,2026-04,1/4/2026,22,22,0,0,0,0,0,0,0,0,22,100
ATT-006615,EMP-0239,2026-04,1/4/2026,22,22,0,0,0,0,0,0,0,0,0,100
ATT-006616,EMP-0240,2026-04,1/4/2026,22,20,0,0,0,2,0,2,0,0,0,90.91
ATT-006617,EMP-0241,2026-04,1/4/2026,22,19,0,2,1,0,0,3,0,3,0,86.36
ATT-006618,EMP-0242,2026-04,1/4/2026,22,22,0,0,0,0,0,0,0,0,0,100
ATT-006619,EMP-0243,2026-04,1/4/2026,22,22,0,0,0,0,0,0,6,0,0,100
ATT-006620,EMP-0244,2026-04,1/4/2026,22,22,0,0,0,0,0,0,0,0,0,100
ATT-006621,EMP-0245,2026-04,1/4/2026,22,20,0,2,0,0,0,2,0,3,12.5,90.91
ATT-006622,EMP-0246,2026-04,1/4/2026,22,22,0,0,0,0,0,0,0,0,5,100
ATT-006623,EMP-0247,2026-04,1/4/2026,22,22,0,0,0,0,0,0,0,0,0,100
ATT-006624,EMP-0248,2026-04,1/4/2026,22,22,0,0,0,0,0,0,0,0,0,100
ATT-006625,EMP-0249,2026-04,1/4/2026,22,22,0,0,0,0,0,0,0,0,0,100
ATT-006626,EMP-0250,2026-04,1/4/2026,22,17,0,0,0,3,2,5,0,2,4,77.27
ATT-006627,EMP-0251,2026-04,1/4/2026,22,19,0,0,3,0,0,3,2,0,0,86.36
ATT-006628,EMP-0252,2026-04,1/4/2026,22,20,2,0,0,0,0,0,0,0,13.5,90.91
ATT-006629,EMP-0253,2026-04,1/4/2026,22,22,0,0,0,0,0,0,0,0,0,100
ATT-006630,EMP-0254,2026-04,1/4/2026,22,17,1,0,0,4,0,4,2,0,0,77.27
ATT-006631,EMP-0255,2026-04,1/4/2026,22,16,0,6,0,0,0,6,6,0,25.5,72.73
ATT-006632,EMP-0256,2026-04,1/4/2026,22,20,0,0,0,0,2,2,0,0,0,90.91
ATT-006633,EMP-0257,2026-04,1/4/2026,22,22,0,0,0,0,0,0,0,0,12.5,100
ATT-006634,EMP-0258,2026-04,1/4/2026,22,20,0,0,2,0,0,2,0,0,12,90.91
ATT-006635,EMP-0259,2026-04,1/4/2026,22,22,0,0,0,0,0,0,2,0,0,100
ATT-006636,EMP-0260,2026-04,1/4/2026,22,22,0,0,0,0,0,0,3,0,0,100
ATT-006637,EMP-0261,2026-04,1/4/2026,22,19,2,0,0,0,1,1,0,0,9,86.36
ATT-006638,EMP-0262,2026-04,1/4/2026,22,22,0,0,0,0,0,0,5,1,0,100
ATT-006639,EMP-0263,2026-04,1/4/2026,22,12,0,10,0,0,0,10,4,0,0,54.55
ATT-006640,EMP-0264,2026-04,1/4/2026,22,14,0,8,0,0,0,8,1,0,11,63.64
ATT-006641,EMP-0265,2026-04,1/4/2026,22,22,0,0,0,0,0,0,6,0,24,100
ATT-006642,EMP-0266,2026-04,1/4/2026,22,21,1,0,0,0,0,0,3,0,23.5,95.45
ATT-006643,EMP-0267,2026-04,1/4/2026,22,22,0,0,0,0,0,0,0,0,0,100
ATT-006644,EMP-0268,2026-04,1/4/2026,22,22,0,0,0,0,0,0,0,0,10,100
ATT-006645,EMP-0269,2026-04,1/4/2026,22,21,1,0,0,0,0,0,0,0,0,95.45
ATT-006646,EMP-0270,2026-04,1/4/2026,22,20,2,0,0,0,0,0,2,0,25,90.91
ATT-006647,EMP-0271,2026-04,1/4/2026,22,22,0,0,0,0,0,0,0,1,0,100
ATT-006648,EMP-0272,2026-04,1/4/2026,22,22,0,0,0,0,0,0,4,0,17.5,100
ATT-006649,EMP-0274,2026-04,1/4/2026,22,15,0,7,0,0,0,7,0,0,18,68.18
ATT-006650,EMP-0275,2026-04,1/4/2026,22,19,1,0,2,0,0,2,0,2,0,86.36
ATT-006651,EMP-0276,2026-04,1/4/2026,22,22,0,0,0,0,0,0,4,0,0,100
ATT-006652,EMP-0277,2026-04,1/4/2026,22,12,0,10,0,0,0,10,0,1,10.5,54.55
ATT-006653,EMP-0278,2026-04,1/4/2026,22,22,0,0,0,0,0,0,0,0,0,100
ATT-006654,EMP-0279,2026-04,1/4/2026,22,22,0,0,0,0,0,0,0,1,0,100
ATT-006655,EMP-0280,2026-04,1/4/2026,22,22,0,0,0,0,0,0,0,0,25.5,100
ATT-006656,EMP-0281,2026-04,1/4/2026,22,22,0,0,0,0,0,0,0,1,0,100
ATT-006657,EMP-0282,2026-04,1/4/2026,22,17,0,5,0,0,0,5,1,0,9.5,77.27
ATT-006658,EMP-0283,2026-04,1/4/2026,22,22,0,0,0,0,0,0,0,0,0,100
ATT-006659,EMP-0284,2026-04,1/4/2026,22,22,0,0,0,0,0,0,0,4,17,100
ATT-006660,EMP-0285,2026-04,1/4/2026,22,22,0,0,0,0,0,0,0,0,21.5,100
ATT-006661,EMP-0286,2026-04,1/4/2026,22,22,0,0,0,0,0,0,0,2,0,100
ATT-006662,EMP-0287,2026-04,1/4/2026,22,22,0,0,0,0,0,0,0,0,0,100
ATT-006663,EMP-0288,2026-04,1/4/2026,22,22,0,0,0,0,0,0,3,0,0,100
ATT-006664,EMP-0290,2026-04,1/4/2026,22,22,0,0,0,0,0,0,4,0,0,100
ATT-006665,EMP-0292,2026-04,1/4/2026,22,21,1,0,0,0,0,0,0,0,6.5,95.45
ATT-006666,EMP-0293,2026-04,1/4/2026,22,22,0,0,0,0,0,0,0,0,13.5,100
ATT-006667,EMP-0294,2026-04,1/4/2026,22,18,0,0,0,4,0,4,0,3,17.5,81.82
ATT-006668,EMP-0295,2026-04,1/4/2026,22,22,0,0,0,0,0,0,2,0,3,100
ATT-006669,EMP-0296,2026-04,1/4/2026,22,22,0,0,0,0,0,0,5,0,22,100
ATT-006670,EMP-0297,2026-04,1/4/2026,22,20,0,0,0,0,2,2,0,0,6.5,90.91
ATT-006671,EMP-0298,2026-04,1/4/2026,22,22,0,0,0,0,0,0,0,0,0,100
ATT-006672,EMP-0299,2026-04,1/4/2026,22,22,0,0,0,0,0,0,4,2,0,100
ATT-006673,EMP-0300,2026-04,1/4/2026,22,22,0,0,0,0,0,0,0,3,18,100
ATT-006674,EMP-0301,2026-04,1/4/2026,22,22,0,0,0,0,0,0,0,0,11,100
ATT-006675,EMP-0302,2026-04,1/4/2026,22,22,0,0,0,0,0,0,1,1,0,100
ATT-006676,EMP-0303,2026-04,1/4/2026,22,22,0,0,0,0,0,0,3,0,4.5,100
ATT-006677,EMP-0305,2026-04,1/4/2026,22,22,0,0,0,0,0,0,1,0,0,100
ATT-006678,EMP-0306,2026-04,1/4/2026,22,22,0,0,0,0,0,0,0,0,19,100
ATT-006679,EMP-0307,2026-04,1/4/2026,22,22,0,0,0,0,0,0,1,0,0,100
ATT-006680,EMP-0308,2026-04,1/4/2026,22,22,0,0,0,0,0,0,2,0,0,100
ATT-006681,EMP-0309,2026-04,1/4/2026,22,22,0,0,0,0,0,0,0,4,10,100
ATT-006682,EMP-0310,2026-04,1/4/2026,22,22,0,0,0,0,0,0,0,0,0,100
ATT-006683,EMP-0311,2026-04,1/4/2026,22,22,0,0,0,0,0,0,0,0,4.5,100
ATT-006684,EMP-0312,2026-04,1/4/2026,22,20,0,0,2,0,0,2,0,0,2,90.91
ATT-006685,EMP-0313,2026-04,1/4/2026,22,22,0,0,0,0,0,0,0,0,24,100
ATT-006686,EMP-0314,2026-04,1/4/2026,22,22,0,0,0,0,0,0,5,0,0,100
ATT-006687,EMP-0315,2026-04,1/4/2026,22,21,1,0,0,0,0,0,2,0,12,95.45
ATT-006688,EMP-0316,2026-04,1/4/2026,22,22,0,0,0,0,0,0,5,0,12.5,100
ATT-006689,EMP-0317,2026-04,1/4/2026,22,17,1,4,0,0,0,4,0,1,0,77.27
ATT-006690,EMP-0318,2026-04,1/4/2026,22,22,0,0,0,0,0,0,0,0,0,100
ATT-006691,EMP-0319,2026-04,1/4/2026,22,22,0,0,0,0,0,0,0,0,23.5,100
ATT-006692,EMP-0320,2026-04,1/4/2026,22,18,0,0,0,4,0,4,6,0,0,81.82
ATT-006693,EMP-0321,2026-04,1/4/2026,22,21,0,0,1,0,0,1,0,0,0,95.45
ATT-006694,EMP-0322,2026-04,1/4/2026,22,22,0,0,0,0,0,0,0,0,21,100
ATT-006695,EMP-0323,2026-04,1/4/2026,22,22,0,0,0,0,0,0,0,4,2.5,100
ATT-006696,EMP-0324,2026-04,1/4/2026,22,21,0,0,1,0,0,1,0,2,0,95.45
ATT-006697,EMP-0325,2026-04,1/4/2026,22,22,0,0,0,0,0,0,0,2,20,100
ATT-006698,EMP-0326,2026-04,1/4/2026,22,22,0,0,0,0,0,0,0,0,0,100
ATT-006699,EMP-0327,2026-04,1/4/2026,22,20,0,0,0,2,0,2,0,0,6,90.91
ATT-006700,EMP-0328,2026-04,1/4/2026,22,22,0,0,0,0,0,0,0,0,21,100
ATT-006701,EMP-0329,2026-04,1/4/2026,22,22,0,0,0,0,0,0,0,0,0,100
ATT-006702,EMP-0332,2026-04,1/4/2026,22,22,0,0,0,0,0,0,3,0,22,100
ATT-006703,EMP-0333,2026-04,1/4/2026,22,22,0,0,0,0,0,0,0,0,7,100
ATT-006704,EMP-0334,2026-04,1/4/2026,22,22,0,0,0,0,0,0,0,2,0,100
ATT-006705,EMP-0335,2026-04,1/4/2026,22,22,0,0,0,0,0,0,1,0,0,100
ATT-006706,EMP-0336,2026-04,1/4/2026,22,22,0,0,0,0,0,0,0,0,16,100
ATT-006707,EMP-0337,2026-04,1/4/2026,22,22,0,0,0,0,0,0,0,0,5,100
ATT-006708,EMP-0338,2026-04,1/4/2026,22,19,0,0,3,0,0,3,5,2,0,86.36
ATT-006709,EMP-0339,2026-04,1/4/2026,22,22,0,0,0,0,0,0,4,0,0,100
ATT-006710,EMP-0340,2026-04,1/4/2026,22,22,0,0,0,0,0,0,0,0,16,100
ATT-006711,EMP-0341,2026-04,1/4/2026,22,22,0,0,0,0,0,0,0,0,0,100
ATT-006712,EMP-0342,2026-04,1/4/2026,22,21,1,0,0,0,0,0,1,0,24,95.45
ATT-006713,EMP-0344,2026-04,1/4/2026,22,22,0,0,0,0,0,0,3,0,24.5,100
ATT-006714,EMP-0346,2026-04,1/4/2026,22,21,0,0,0,0,1,1,0,0,3.5,95.45
ATT-006715,EMP-0347,2026-04,1/4/2026,22,22,0,0,0,0,0,0,5,0,2.5,100
ATT-006716,EMP-0348,2026-04,1/4/2026,22,22,0,0,0,0,0,0,0,0,25.5,100
ATT-006717,EMP-0349,2026-04,1/4/2026,22,22,0,0,0,0,0,0,0,2,0,100
ATT-006718,EMP-0350,2026-04,1/4/2026,22,22,0,0,0,0,0,0,4,0,0,100
ATT-006719,EMP-0352,2026-04,1/4/2026,22,22,0,0,0,0,0,0,0,2,0,100
ATT-006720,EMP-0353,2026-04,1/4/2026,22,13,0,9,0,0,0,9,0,0,17,59.09
ATT-006721,EMP-0354,2026-04,1/4/2026,22,22,0,0,0,0,0,0,0,0,0,100
ATT-006722,EMP-0355,2026-04,1/4/2026,22,22,0,0,0,0,0,0,0,0,25.5,100
ATT-006723,EMP-0356,2026-04,1/4/2026,22,22,0,0,0,0,0,0,0,3,0,100
ATT-006724,EMP-0357,2026-04,1/4/2026,22,22,0,0,0,0,0,0,0,0,17.5,100
ATT-006725,EMP-0358,2026-04,1/4/2026,22,22,0,0,0,0,0,0,0,0,0,100
ATT-006726,EMP-0359,2026-04,1/4/2026,22,18,0,4,0,0,0,4,0,3,0,81.82
ATT-006727,EMP-0360,2026-04,1/4/2026,22,22,0,0,0,0,0,0,3,0,11,100
ATT-006728,EMP-0361,2026-04,1/4/2026,22,22,0,0,0,0,0,0,4,0,0,100
ATT-006729,EMP-0363,2026-04,1/4/2026,22,22,0,0,0,0,0,0,0,0,0,100
ATT-006730,EMP-0364,2026-04,1/4/2026,22,22,0,0,0,0,0,0,2,0,6,100
ATT-006731,EMP-0365,2026-04,1/4/2026,22,22,0,0,0,0,0,0,4,0,0,100
ATT-006732,EMP-0366,2026-04,1/4/2026,22,22,0,0,0,0,0,0,0,0,0,100
ATT-006733,EMP-0367,2026-04,1/4/2026,22,19,0,0,0,3,0,3,0,0,10,86.36
ATT-006734,EMP-0368,2026-04,1/4/2026,22,22,0,0,0,0,0,0,0,0,0,100
ATT-006735,EMP-0369,2026-04,1/4/2026,22,22,0,0,0,0,0,0,0,0,0,100
ATT-006736,EMP-0370,2026-04,1/4/2026,22,22,0,0,0,0,0,0,4,2,0,100
ATT-006737,EMP-0371,2026-04,1/4/2026,22,10,0,10,0,2,0,12,0,0,4,45.45
ATT-006738,EMP-0372,2026-04,1/4/2026,22,22,0,0,0,0,0,0,6,1,11.5,100
ATT-006739,EMP-0373,2026-04,1/4/2026,22,13,0,6,3,0,0,9,0,0,0,59.09
ATT-006740,EMP-0374,2026-04,1/4/2026,22,19,0,0,3,0,0,3,1,0,24,86.36
ATT-006741,EMP-0375,2026-04,1/4/2026,22,22,0,0,0,0,0,0,0,0,0,100
ATT-006742,EMP-0376,2026-04,1/4/2026,22,22,0,0,0,0,0,0,4,1,0,100
ATT-006743,EMP-0377,2026-04,1/4/2026,22,22,0,0,0,0,0,0,3,0,0,100
ATT-006744,EMP-0378,2026-04,1/4/2026,22,19,0,0,3,0,0,3,5,0,9.5,86.36
ATT-006745,EMP-0379,2026-04,1/4/2026,22,22,0,0,0,0,0,0,0,0,24,100
ATT-006746,EMP-0381,2026-04,1/4/2026,22,22,0,0,0,0,0,0,0,2,14.5,100
ATT-006747,EMP-0382,2026-04,1/4/2026,22,22,0,0,0,0,0,0,0,0,24.5,100
ATT-006748,EMP-0383,2026-04,1/4/2026,22,22,0,0,0,0,0,0,2,0,0,100
ATT-006749,EMP-0384,2026-04,1/4/2026,22,14,2,6,0,0,0,6,6,0,0,63.64
ATT-006750,EMP-0385,2026-04,1/4/2026,22,22,0,0,0,0,0,0,0,1,21.5,100
ATT-006751,EMP-0386,2026-04,1/4/2026,22,22,0,0,0,0,0,0,0,0,0,100
ATT-006752,EMP-0387,2026-04,1/4/2026,22,22,0,0,0,0,0,0,1,0,18.5,100
ATT-006753,EMP-0388,2026-04,1/4/2026,22,22,0,0,0,0,0,0,0,0,0,100
ATT-006754,EMP-0389,2026-04,1/4/2026,22,22,0,0,0,0,0,0,6,0,0,100
ATT-006755,EMP-0390,2026-04,1/4/2026,22,22,0,0,0,0,0,0,5,0,0,100
ATT-006756,EMP-0391,2026-04,1/4/2026,22,16,0,6,0,0,0,6,0,0,0,72.73
ATT-006757,EMP-0393,2026-04,1/4/2026,22,22,0,0,0,0,0,0,0,0,16.5,100
ATT-006758,EMP-0394,2026-04,1/4/2026,22,22,0,0,0,0,0,0,0,1,24.5,100
ATT-006759,EMP-0395,2026-04,1/4/2026,22,22,0,0,0,0,0,0,0,0,0,100
ATT-006760,EMP-0396,2026-04,1/4/2026,22,21,1,0,0,0,0,0,0,0,0,95.45
ATT-006761,EMP-0397,2026-04,1/4/2026,22,22,0,0,0,0,0,0,4,1,0,100
ATT-006762,EMP-0398,2026-04,1/4/2026,22,22,0,0,0,0,0,0,0,0,0,100
ATT-006763,EMP-0399,2026-04,1/4/2026,22,22,0,0,0,0,0,0,0,0,0,100
ATT-006764,EMP-0400,2026-04,1/4/2026,22,20,0,0,2,0,0,2,5,4,0,90.91
ATT-006765,EMP-0402,2026-04,1/4/2026,22,19,2,0,0,1,0,1,0,0,16.5,86.36
ATT-006766,EMP-0403,2026-04,1/4/2026,22,22,0,0,0,0,0,0,3,0,0,100
ATT-006767,EMP-0404,2026-04,1/4/2026,22,22,0,0,0,0,0,0,0,4,0,100
ATT-006768,EMP-0406,2026-04,1/4/2026,22,22,0,0,0,0,0,0,0,0,25.5,100
ATT-006769,EMP-0407,2026-04,1/4/2026,22,22,0,0,0,0,0,0,0,0,0,100
ATT-006770,EMP-0408,2026-04,1/4/2026,22,21,0,1,0,0,0,1,5,0,0,95.45
ATT-006771,EMP-0409,2026-04,1/4/2026,22,22,0,0,0,0,0,0,6,0,8.5,100
ATT-006772,EMP-0410,2026-04,1/4/2026,22,22,0,0,0,0,0,0,2,2,17,100
ATT-006773,EMP-0411,2026-04,1/4/2026,22,21,1,0,0,0,0,0,4,4,0,95.45
ATT-006774,EMP-0414,2026-04,1/4/2026,22,17,2,0,3,0,0,3,0,0,10,77.27
ATT-006775,EMP-0415,2026-04,1/4/2026,22,22,0,0,0,0,0,0,4,0,0,100
ATT-006776,EMP-0416,2026-04,1/4/2026,22,22,0,0,0,0,0,0,0,4,0,100
ATT-006777,EMP-0417,2026-04,1/4/2026,22,22,0,0,0,0,0,0,3,0,0,100
ATT-006778,EMP-0418,2026-04,1/4/2026,22,18,0,0,3,0,1,4,0,0,0,81.82
ATT-006779,EMP-0419,2026-04,1/4/2026,22,22,0,0,0,0,0,0,0,0,7.5,100
ATT-006780,EMP-0420,2026-04,1/4/2026,22,22,0,0,0,0,0,0,0,0,17.5,100
ATT-006781,EMP-0422,2026-04,1/4/2026,22,12,0,10,0,0,0,10,2,0,0,54.55
ATT-006782,EMP-0424,2026-04,1/4/2026,22,22,0,0,0,0,0,0,0,4,22.5,100
ATT-006783,EMP-0425,2026-04,1/4/2026,22,21,0,0,1,0,0,1,4,0,4.5,95.45
ATT-006784,EMP-0426,2026-04,1/4/2026,22,22,0,0,0,0,0,0,2,0,0,100
ATT-006785,EMP-0427,2026-04,1/4/2026,22,20,2,0,0,0,0,0,0,0,0,90.91
ATT-006786,EMP-0428,2026-04,1/4/2026,22,22,0,0,0,0,0,0,4,0,25,100
ATT-006787,EMP-0429,2026-04,1/4/2026,22,12,0,10,0,0,0,10,3,0,0,54.55
ATT-006788,EMP-0430,2026-04,1/4/2026,22,19,0,0,3,0,0,3,0,0,2,86.36
ATT-006789,EMP-0431,2026-04,1/4/2026,22,22,0,0,0,0,0,0,0,0,0,100
ATT-006790,EMP-0432,2026-04,1/4/2026,22,22,0,0,0,0,0,0,0,0,0,100
ATT-006791,EMP-0433,2026-04,1/4/2026,22,22,0,0,0,0,0,0,0,0,0,100
ATT-006792,EMP-0434,2026-04,1/4/2026,22,22,0,0,0,0,0,0,1,0,0,100
ATT-006793,EMP-0435,2026-04,1/4/2026,22,21,1,0,0,0,0,0,2,0,2.5,95.45
ATT-006794,EMP-0436,2026-04,1/4/2026,22,22,0,0,0,0,0,0,6,4,0,100
ATT-006795,EMP-0437,2026-04,1/4/2026,22,21,1,0,0,0,0,0,4,0,0,95.45
ATT-006796,EMP-0438,2026-04,1/4/2026,22,22,0,0,0,0,0,0,5,0,0,100
ATT-006797,EMP-0439,2026-04,1/4/2026,22,22,0,0,0,0,0,0,0,0,12,100
ATT-006798,EMP-0440,2026-04,1/4/2026,22,22,0,0,0,0,0,0,2,4,25.5,100
ATT-006799,EMP-0441,2026-04,1/4/2026,22,16,0,6,0,0,0,6,0,0,0,72.73
ATT-006800,EMP-0442,2026-04,1/4/2026,22,21,0,1,0,0,0,1,6,2,13,95.45
ATT-006801,EMP-0443,2026-04,1/4/2026,22,22,0,0,0,0,0,0,0,0,0,100
ATT-006802,EMP-0444,2026-04,1/4/2026,22,15,0,7,0,0,0,7,6,0,0,68.18
ATT-006803,EMP-0445,2026-04,1/4/2026,22,20,2,0,0,0,0,0,0,0,0,90.91
ATT-006804,EMP-0446,2026-04,1/4/2026,22,20,0,2,0,0,0,2,2,0,0,90.91
ATT-006805,EMP-0448,2026-04,1/4/2026,22,22,0,0,0,0,0,0,0,0,0,100
ATT-006806,EMP-0449,2026-04,1/4/2026,22,22,0,0,0,0,0,0,0,0,0,100
ATT-006807,EMP-0451,2026-04,1/4/2026,22,22,0,0,0,0,0,0,0,0,0,100
ATT-006808,EMP-0452,2026-04,1/4/2026,22,12,0,10,0,0,0,10,0,0,0,54.55
ATT-006809,EMP-0453,2026-04,1/4/2026,22,22,0,0,0,0,0,0,4,0,0,100
ATT-006810,EMP-0454,2026-04,1/4/2026,22,22,0,0,0,0,0,0,0,1,0,100
ATT-006811,EMP-0455,2026-04,1/4/2026,22,20,0,2,0,0,0,2,0,0,4.5,90.91
ATT-006812,EMP-0457,2026-04,1/4/2026,22,16,0,6,0,0,0,6,0,0,0,72.73
ATT-006813,EMP-0459,2026-04,1/4/2026,22,22,0,0,0,0,0,0,4,0,18,100
ATT-006814,EMP-0460,2026-04,1/4/2026,22,22,0,0,0,0,0,0,0,0,9.5,100
ATT-006815,EMP-0461,2026-04,1/4/2026,22,22,0,0,0,0,0,0,3,0,11.5,100
ATT-006816,EMP-0463,2026-04,1/4/2026,22,22,0,0,0,0,0,0,0,0,0,100
ATT-006817,EMP-0464,2026-04,1/4/2026,22,22,0,0,0,0,0,0,0,0,0,100
ATT-006818,EMP-0465,2026-04,1/4/2026,22,18,0,4,0,0,0,4,0,1,0,81.82
ATT-006819,EMP-0466,2026-04,1/4/2026,22,21,0,0,1,0,0,1,0,0,22,95.45
ATT-006820,EMP-0467,2026-04,1/4/2026,22,22,0,0,0,0,0,0,4,0,0,100
ATT-006821,EMP-0468,2026-04,1/4/2026,22,20,0,2,0,0,0,2,0,0,0,90.91
ATT-006822,EMP-0469,2026-04,1/4/2026,22,19,0,0,3,0,0,3,0,0,0,86.36
ATT-006823,EMP-0470,2026-04,1/4/2026,22,22,0,0,0,0,0,0,4,0,0,100
ATT-006824,EMP-0471,2026-04,1/4/2026,22,22,0,0,0,0,0,0,3,0,0,100
ATT-006825,EMP-0472,2026-04,1/4/2026,22,22,0,0,0,0,0,0,0,0,0,100
ATT-006826,EMP-0473,2026-04,1/4/2026,22,21,1,0,0,0,0,0,0,0,0,95.45
ATT-006827,EMP-0474,2026-04,1/4/2026,22,22,0,0,0,0,0,0,0,0,0,100
ATT-006828,EMP-0475,2026-04,1/4/2026,22,22,0,0,0,0,0,0,5,0,9.5,100
ATT-006829,EMP-0476,2026-04,1/4/2026,22,22,0,0,0,0,0,0,0,0,0,100
ATT-006830,EMP-0477,2026-04,1/4/2026,22,22,0,0,0,0,0,0,0,0,0,100
ATT-006831,EMP-0478,2026-04,1/4/2026,22,22,0,0,0,0,0,0,0,4,0,100
ATT-006832,EMP-0479,2026-04,1/4/2026,22,22,0,0,0,0,0,0,0,0,0,100
ATT-006833,EMP-0480,2026-04,1/4/2026,22,22,0,0,0,0,0,0,0,0,0,100
ATT-006834,EMP-0481,2026-04,1/4/2026,22,20,2,0,0,0,0,0,3,0,21,90.91
ATT-006835,EMP-0482,2026-04,1/4/2026,22,22,0,0,0,0,0,0,2,0,2.5,100
ATT-006836,EMP-0483,2026-04,1/4/2026,22,22,0,0,0,0,0,0,0,0,8.5,100
ATT-006837,EMP-0484,2026-04,1/4/2026,22,21,1,0,0,0,0,0,4,0,0,95.45
ATT-006838,EMP-0485,2026-04,1/4/2026,22,22,0,0,0,0,0,0,1,0,22.5,100
ATT-006839,EMP-0487,2026-04,1/4/2026,22,19,0,0,3,0,0,3,0,0,13.5,86.36
ATT-006840,EMP-0488,2026-04,1/4/2026,22,12,0,10,0,0,0,10,0,0,19.5,54.55
ATT-006841,EMP-0489,2026-04,1/4/2026,22,19,2,0,1,0,0,1,1,0,22.5,86.36
ATT-006842,EMP-0490,2026-04,1/4/2026,22,22,0,0,0,0,0,0,6,4,0,100
ATT-006843,EMP-0491,2026-04,1/4/2026,22,22,0,0,0,0,0,0,0,0,0,100
ATT-006844,EMP-0492,2026-04,1/4/2026,22,22,0,0,0,0,0,0,0,0,0,100
ATT-006845,EMP-0493,2026-04,1/4/2026,22,22,0,0,0,0,0,0,5,0,5,100
ATT-006846,EMP-0494,2026-04,1/4/2026,22,22,0,0,0,0,0,0,0,0,15,100
ATT-006847,EMP-0495,2026-04,1/4/2026,22,22,0,0,0,0,0,0,0,4,4.5,100
ATT-006848,EMP-0497,2026-04,1/4/2026,22,22,0,0,0,0,0,0,1,0,0,100
ATT-006849,EMP-0498,2026-04,1/4/2026,22,13,0,9,0,0,0,9,0,0,0,59.09
ATT-006850,EMP-0499,2026-04,1/4/2026,22,12,1,9,0,0,0,9,0,0,22.5,54.55
ATT-006851,EMP-0500,2026-04,1/4/2026,22,22,0,0,0,0,0,0,0,0,0,100
ATT-006852,EMP-0001,2026-05,1/5/2026,17,17,0,0,0,0,0,0,0,0,0,100
ATT-006853,EMP-0002,2026-05,1/5/2026,17,13,0,4,0,0,0,4,1,0,0,76.47
ATT-006854,EMP-0003,2026-05,1/5/2026,17,17,0,0,0,0,0,0,5,0,0,100
ATT-006855,EMP-0004,2026-05,1/5/2026,17,17,0,0,0,0,0,0,5,0,11,100
ATT-006856,EMP-0005,2026-05,1/5/2026,17,17,0,0,0,0,0,0,0,0,12.5,100
ATT-006857,EMP-0006,2026-05,1/5/2026,17,17,0,0,0,0,0,0,0,0,0,100
ATT-006858,EMP-0007,2026-05,1/5/2026,17,17,0,0,0,0,0,0,0,0,0,100
ATT-006859,EMP-0008,2026-05,1/5/2026,17,17,0,0,0,0,0,0,0,1,0,100
ATT-006860,EMP-0009,2026-05,1/5/2026,17,17,0,0,0,0,0,0,5,0,0,100
ATT-006861,EMP-0010,2026-05,1/5/2026,17,14,0,0,3,0,0,3,0,0,0,82.35
ATT-006862,EMP-0011,2026-05,1/5/2026,17,17,0,0,0,0,0,0,0,0,0,100
ATT-006863,EMP-0012,2026-05,1/5/2026,17,17,0,0,0,0,0,0,0,0,0,100
ATT-006864,EMP-0013,2026-05,1/5/2026,17,16,0,0,0,0,1,1,3,0,0,94.12
ATT-006865,EMP-0014,2026-05,1/5/2026,17,17,0,0,0,0,0,0,6,2,7.5,100
ATT-006866,EMP-0015,2026-05,1/5/2026,17,12,0,4,1,0,0,5,6,0,0,70.59
ATT-006867,EMP-0016,2026-05,1/5/2026,17,14,0,0,0,0,3,3,0,1,13.5,82.35
ATT-006868,EMP-0017,2026-05,1/5/2026,17,17,0,0,0,0,0,0,3,4,4.5,100
ATT-006869,EMP-0018,2026-05,1/5/2026,17,17,0,0,0,0,0,0,2,0,15.5,100
ATT-006870,EMP-0019,2026-05,1/5/2026,17,14,0,0,0,0,3,3,0,0,16.5,82.35
ATT-006871,EMP-0020,2026-05,1/5/2026,17,11,0,3,3,0,0,6,2,0,0,64.71
ATT-006872,EMP-0021,2026-05,1/5/2026,17,17,0,0,0,0,0,0,0,0,10.5,100
ATT-006873,EMP-0022,2026-05,1/5/2026,17,15,0,2,0,0,0,2,0,0,0,88.24
ATT-006874,EMP-0023,2026-05,1/5/2026,17,17,0,0,0,0,0,0,0,0,0,100
ATT-006875,EMP-0024,2026-05,1/5/2026,17,17,0,0,0,0,0,0,2,0,0,100
ATT-006876,EMP-0025,2026-05,1/5/2026,17,10,0,7,0,0,0,7,0,0,9,58.82
ATT-006877,EMP-0026,2026-05,1/5/2026,17,17,0,0,0,0,0,0,2,2,0,100
ATT-006878,EMP-0027,2026-05,1/5/2026,17,8,0,9,0,0,0,9,0,0,0,47.06
ATT-006879,EMP-0028,2026-05,1/5/2026,17,13,1,3,0,0,0,3,0,1,0,76.47
ATT-006880,EMP-0029,2026-05,1/5/2026,17,17,0,0,0,0,0,0,0,0,0,100
ATT-006881,EMP-0030,2026-05,1/5/2026,17,16,0,0,1,0,0,1,6,0,7.5,94.12
ATT-006882,EMP-0031,2026-05,1/5/2026,17,17,0,0,0,0,0,0,6,0,11.5,100
ATT-006883,EMP-0032,2026-05,1/5/2026,17,17,0,0,0,0,0,0,0,2,0,100
ATT-006884,EMP-0033,2026-05,1/5/2026,17,17,0,0,0,0,0,0,4,0,11,100
ATT-006885,EMP-0034,2026-05,1/5/2026,17,12,0,5,0,0,0,5,0,0,9,70.59
ATT-006886,EMP-0035,2026-05,1/5/2026,17,17,0,0,0,0,0,0,0,0,12.5,100
ATT-006887,EMP-0036,2026-05,1/5/2026,17,17,0,0,0,0,0,0,0,1,0,100
ATT-006888,EMP-0037,2026-05,1/5/2026,17,17,0,0,0,0,0,0,1,0,0,100
ATT-006889,EMP-0038,2026-05,1/5/2026,17,14,1,0,0,0,2,2,0,0,0,82.35
ATT-006890,EMP-0039,2026-05,1/5/2026,17,17,0,0,0,0,0,0,0,0,15.5,100
ATT-006891,EMP-0040,2026-05,1/5/2026,17,12,0,5,0,0,0,5,2,0,0,70.59
ATT-006892,EMP-0041,2026-05,1/5/2026,17,17,0,0,0,0,0,0,0,0,15,100
ATT-006893,EMP-0042,2026-05,1/5/2026,17,17,0,0,0,0,0,0,0,0,0,100
ATT-006894,EMP-0043,2026-05,1/5/2026,17,17,0,0,0,0,0,0,4,0,0,100
ATT-006895,EMP-0044,2026-05,1/5/2026,17,17,0,0,0,0,0,0,0,2,0,100
ATT-006896,EMP-0045,2026-05,1/5/2026,17,16,1,0,0,0,0,0,0,0,0,94.12
ATT-006897,EMP-0046,2026-05,1/5/2026,17,17,0,0,0,0,0,0,0,0,18,100
ATT-006898,EMP-0047,2026-05,1/5/2026,17,12,0,2,0,0,3,5,5,4,15,70.59
ATT-006899,EMP-0048,2026-05,1/5/2026,17,8,0,9,0,0,0,9,0,0,0,47.06
ATT-006900,EMP-0049,2026-05,1/5/2026,17,17,0,0,0,0,0,0,0,0,0,100
ATT-006901,EMP-0050,2026-05,1/5/2026,17,17,0,0,0,0,0,0,3,0,7.5,100
ATT-006902,EMP-0051,2026-05,1/5/2026,17,17,0,0,0,0,0,0,0,0,0,100
ATT-006903,EMP-0052,2026-05,1/5/2026,17,17,0,0,0,0,0,0,0,0,0,100
ATT-006904,EMP-0053,2026-05,1/5/2026,17,12,0,2,0,0,3,5,5,0,10,70.59
ATT-006905,EMP-0054,2026-05,1/5/2026,17,16,0,1,0,0,0,1,0,0,14,94.12
ATT-006906,EMP-0055,2026-05,1/5/2026,17,17,0,0,0,0,0,0,0,0,0,100
ATT-006907,EMP-0057,2026-05,1/5/2026,17,17,0,0,0,0,0,0,0,0,0,100
ATT-006908,EMP-0058,2026-05,1/5/2026,17,17,0,0,0,0,0,0,0,3,0,100
ATT-006909,EMP-0059,2026-05,1/5/2026,17,13,0,4,0,0,0,4,0,0,14.5,76.47
ATT-006910,EMP-0060,2026-05,1/5/2026,17,15,0,2,0,0,0,2,6,0,0,88.24
ATT-006911,EMP-0062,2026-05,1/5/2026,17,17,0,0,0,0,0,0,0,2,0,100
ATT-006912,EMP-0063,2026-05,1/5/2026,17,17,0,0,0,0,0,0,0,4,0,100
ATT-006913,EMP-0064,2026-05,1/5/2026,17,7,0,10,0,0,0,10,0,0,21.5,41.18
ATT-006914,EMP-0065,2026-05,1/5/2026,17,14,0,0,0,3,0,3,0,0,0,82.35
ATT-006915,EMP-0066,2026-05,1/5/2026,17,15,0,0,2,0,0,2,0,2,6.5,88.24
ATT-006916,EMP-0067,2026-05,1/5/2026,17,17,0,0,0,0,0,0,0,0,20.5,100
ATT-006917,EMP-0068,2026-05,1/5/2026,17,10,0,7,0,0,0,7,5,0,0,58.82
ATT-006918,EMP-0069,2026-05,1/5/2026,17,14,0,0,3,0,0,3,1,0,0,82.35
ATT-006919,EMP-0070,2026-05,1/5/2026,17,17,0,0,0,0,0,0,0,0,16.5,100
ATT-006920,EMP-0071,2026-05,1/5/2026,17,15,0,0,2,0,0,2,2,1,19.5,88.24
ATT-006921,EMP-0072,2026-05,1/5/2026,17,17,0,0,0,0,0,0,0,0,7.5,100
ATT-006922,EMP-0073,2026-05,1/5/2026,17,17,0,0,0,0,0,0,0,0,0,100
ATT-006923,EMP-0074,2026-05,1/5/2026,17,17,0,0,0,0,0,0,0,0,4,100
ATT-006924,EMP-0075,2026-05,1/5/2026,17,17,0,0,0,0,0,0,0,0,0,100
ATT-006925,EMP-0076,2026-05,1/5/2026,17,17,0,0,0,0,0,0,0,0,0,100
ATT-006926,EMP-0077,2026-05,1/5/2026,17,17,0,0,0,0,0,0,0,0,6.5,100
ATT-006927,EMP-0078,2026-05,1/5/2026,17,8,0,9,0,0,0,9,2,2,0,47.06
ATT-006928,EMP-0079,2026-05,1/5/2026,17,16,1,0,0,0,0,0,0,0,20,94.12
ATT-006929,EMP-0080,2026-05,1/5/2026,17,12,0,5,0,0,0,5,6,0,15,70.59
ATT-006930,EMP-0081,2026-05,1/5/2026,17,17,0,0,0,0,0,0,0,1,0,100
ATT-006931,EMP-0083,2026-05,1/5/2026,17,15,0,0,0,2,0,2,2,0,0,88.24
ATT-006932,EMP-0084,2026-05,1/5/2026,17,17,0,0,0,0,0,0,0,0,24.5,100
ATT-006933,EMP-0086,2026-05,1/5/2026,17,17,0,0,0,0,0,0,0,3,8.5,100
ATT-006934,EMP-0087,2026-05,1/5/2026,17,13,0,4,0,0,0,4,0,0,0,76.47
ATT-006935,EMP-0088,2026-05,1/5/2026,17,17,0,0,0,0,0,0,6,0,0,100
ATT-006936,EMP-0089,2026-05,1/5/2026,17,16,1,0,0,0,0,0,0,0,0,94.12
ATT-006937,EMP-0090,2026-05,1/5/2026,17,15,2,0,0,0,0,0,3,0,4.5,88.24
ATT-006938,EMP-0091,2026-05,1/5/2026,17,17,0,0,0,0,0,0,5,0,0,100
ATT-006939,EMP-0092,2026-05,1/5/2026,17,15,2,0,0,0,0,0,0,0,0,88.24
ATT-006940,EMP-0093,2026-05,1/5/2026,17,17,0,0,0,0,0,0,0,0,23,100
ATT-006941,EMP-0094,2026-05,1/5/2026,17,14,1,2,0,0,0,2,3,4,11.5,82.35
ATT-006942,EMP-0095,2026-05,1/5/2026,17,16,1,0,0,0,0,0,2,0,0,94.12
ATT-006943,EMP-0096,2026-05,1/5/2026,17,17,0,0,0,0,0,0,0,0,18.5,100
ATT-006944,EMP-0097,2026-05,1/5/2026,17,17,0,0,0,0,0,0,0,1,0,100
ATT-006945,EMP-0098,2026-05,1/5/2026,17,17,0,0,0,0,0,0,2,0,0,100
ATT-006946,EMP-0099,2026-05,1/5/2026,17,16,0,0,0,0,1,1,0,4,23,94.12
ATT-006947,EMP-0100,2026-05,1/5/2026,17,16,1,0,0,0,0,0,0,1,0,94.12
ATT-006948,EMP-0102,2026-05,1/5/2026,17,15,0,2,0,0,0,2,0,0,17,88.24
ATT-006949,EMP-0103,2026-05,1/5/2026,17,17,0,0,0,0,0,0,0,4,0,100
ATT-006950,EMP-0104,2026-05,1/5/2026,17,17,0,0,0,0,0,0,0,0,20.5,100
ATT-006951,EMP-0105,2026-05,1/5/2026,17,17,0,0,0,0,0,0,0,0,0,100
ATT-006952,EMP-0106,2026-05,1/5/2026,17,17,0,0,0,0,0,0,1,2,0,100
ATT-006953,EMP-0107,2026-05,1/5/2026,17,17,0,0,0,0,0,0,0,4,0,100
ATT-006954,EMP-0108,2026-05,1/5/2026,17,17,0,0,0,0,0,0,0,0,0,100
ATT-006955,EMP-0109,2026-05,1/5/2026,17,17,0,0,0,0,0,0,0,0,6,100
ATT-006956,EMP-0110,2026-05,1/5/2026,17,17,0,0,0,0,0,0,3,0,0,100
ATT-006957,EMP-0111,2026-05,1/5/2026,17,17,0,0,0,0,0,0,0,1,18,100
ATT-006958,EMP-0112,2026-05,1/5/2026,17,12,0,5,0,0,0,5,0,0,3,70.59
ATT-006959,EMP-0113,2026-05,1/5/2026,17,17,0,0,0,0,0,0,0,0,17.5,100
ATT-006960,EMP-0115,2026-05,1/5/2026,17,17,0,0,0,0,0,0,4,4,0,100
ATT-006961,EMP-0116,2026-05,1/5/2026,17,17,0,0,0,0,0,0,0,2,0,100
ATT-006962,EMP-0117,2026-05,1/5/2026,17,7,2,8,0,0,0,8,0,4,0,41.18
ATT-006963,EMP-0118,2026-05,1/5/2026,17,15,0,0,2,0,0,2,1,0,0,88.24
ATT-006964,EMP-0119,2026-05,1/5/2026,17,16,1,0,0,0,0,0,0,0,0,94.12
ATT-006965,EMP-0120,2026-05,1/5/2026,17,17,0,0,0,0,0,0,0,0,6.5,100
ATT-006966,EMP-0121,2026-05,1/5/2026,17,17,0,0,0,0,0,0,6,1,24,100
ATT-006967,EMP-0122,2026-05,1/5/2026,17,8,0,9,0,0,0,9,0,0,24,47.06
ATT-006968,EMP-0123,2026-05,1/5/2026,17,17,0,0,0,0,0,0,3,4,0,100
ATT-006969,EMP-0124,2026-05,1/5/2026,17,16,0,0,0,1,0,1,0,0,0,94.12
ATT-006970,EMP-0125,2026-05,1/5/2026,17,17,0,0,0,0,0,0,5,0,7,100
ATT-006971,EMP-0126,2026-05,1/5/2026,17,7,0,9,1,0,0,10,5,0,2.5,41.18
ATT-006972,EMP-0127,2026-05,1/5/2026,17,10,0,7,0,0,0,7,0,0,0,58.82
ATT-006973,EMP-0128,2026-05,1/5/2026,17,8,2,7,0,0,0,7,0,0,0,47.06
ATT-006974,EMP-0129,2026-05,1/5/2026,17,14,0,3,0,0,0,3,3,0,0,82.35
ATT-006975,EMP-0130,2026-05,1/5/2026,17,17,0,0,0,0,0,0,0,1,18.5,100
ATT-006976,EMP-0131,2026-05,1/5/2026,17,15,2,0,0,0,0,0,0,0,0,88.24
ATT-006977,EMP-0132,2026-05,1/5/2026,17,17,0,0,0,0,0,0,3,4,0,100
ATT-006978,EMP-0133,2026-05,1/5/2026,17,17,0,0,0,0,0,0,0,1,22.5,100
ATT-006979,EMP-0134,2026-05,1/5/2026,17,17,0,0,0,0,0,0,0,0,12,100
ATT-006980,EMP-0135,2026-05,1/5/2026,17,17,0,0,0,0,0,0,0,0,4.5,100
ATT-006981,EMP-0136,2026-05,1/5/2026,17,17,0,0,0,0,0,0,3,0,0,100
ATT-006982,EMP-0137,2026-05,1/5/2026,17,14,0,0,3,0,0,3,0,0,0,82.35
ATT-006983,EMP-0138,2026-05,1/5/2026,17,17,0,0,0,0,0,0,3,0,0,100
ATT-006984,EMP-0140,2026-05,1/5/2026,17,17,0,0,0,0,0,0,1,0,25.5,100
ATT-006985,EMP-0141,2026-05,1/5/2026,17,17,0,0,0,0,0,0,1,0,0,100
ATT-006986,EMP-0142,2026-05,1/5/2026,17,15,0,0,0,2,0,2,6,0,21.5,88.24
ATT-006987,EMP-0143,2026-05,1/5/2026,17,17,0,0,0,0,0,0,2,0,16,100
ATT-006988,EMP-0144,2026-05,1/5/2026,17,17,0,0,0,0,0,0,4,0,0,100
ATT-006989,EMP-0145,2026-05,1/5/2026,17,5,0,10,2,0,0,12,3,1,0,29.41
ATT-006990,EMP-0146,2026-05,1/5/2026,17,15,2,0,0,0,0,0,2,0,4,88.24
ATT-006991,EMP-0147,2026-05,1/5/2026,17,17,0,0,0,0,0,0,0,0,14,100
ATT-006992,EMP-0149,2026-05,1/5/2026,17,17,0,0,0,0,0,0,2,0,0,100
ATT-006993,EMP-0150,2026-05,1/5/2026,17,17,0,0,0,0,0,0,2,0,2.5,100
ATT-006994,EMP-0151,2026-05,1/5/2026,17,7,0,7,0,0,3,10,0,1,6,41.18
ATT-006995,EMP-0152,2026-05,1/5/2026,17,17,0,0,0,0,0,0,0,0,22.5,100
ATT-006996,EMP-0153,2026-05,1/5/2026,17,17,0,0,0,0,0,0,0,0,0,100
ATT-006997,EMP-0154,2026-05,1/5/2026,17,17,0,0,0,0,0,0,0,1,0,100
ATT-006998,EMP-0155,2026-05,1/5/2026,17,14,0,0,0,0,3,3,0,0,0,82.35
ATT-006999,EMP-0156,2026-05,1/5/2026,17,16,1,0,0,0,0,0,1,1,0,94.12
ATT-007000,EMP-0157,2026-05,1/5/2026,17,10,0,7,0,0,0,7,4,0,14.5,58.82
ATT-007001,EMP-0158,2026-05,1/5/2026,17,16,0,0,0,0,1,1,0,0,5.5,94.12
ATT-007002,EMP-0159,2026-05,1/5/2026,17,17,0,0,0,0,0,0,6,1,0,100
ATT-007003,EMP-0160,2026-05,1/5/2026,17,17,0,0,0,0,0,0,0,0,0,100
ATT-007004,EMP-0161,2026-05,1/5/2026,17,17,0,0,0,0,0,0,0,0,0,100
ATT-007005,EMP-0162,2026-05,1/5/2026,17,17,0,0,0,0,0,0,0,4,0,100
ATT-007006,EMP-0163,2026-05,1/5/2026,17,15,0,0,2,0,0,2,3,0,10,88.24
ATT-007007,EMP-0164,2026-05,1/5/2026,17,17,0,0,0,0,0,0,0,0,0,100
ATT-007008,EMP-0165,2026-05,1/5/2026,17,17,0,0,0,0,0,0,0,0,0,100
ATT-007009,EMP-0166,2026-05,1/5/2026,17,15,2,0,0,0,0,0,2,0,4.5,88.24
ATT-007010,EMP-0167,2026-05,1/5/2026,17,11,0,6,0,0,0,6,0,0,0,64.71
ATT-007011,EMP-0168,2026-05,1/5/2026,17,15,2,0,0,0,0,0,3,0,0,88.24
ATT-007012,EMP-0169,2026-05,1/5/2026,17,17,0,0,0,0,0,0,2,0,12,100
ATT-007013,EMP-0170,2026-05,1/5/2026,17,15,0,2,0,0,0,2,0,0,20,88.24
ATT-007014,EMP-0171,2026-05,1/5/2026,17,17,0,0,0,0,0,0,0,2,3.5,100
ATT-007015,EMP-0172,2026-05,1/5/2026,17,17,0,0,0,0,0,0,5,3,0,100
ATT-007016,EMP-0173,2026-05,1/5/2026,17,16,0,1,0,0,0,1,0,0,18.5,94.12
ATT-007017,EMP-0174,2026-05,1/5/2026,17,15,2,0,0,0,0,0,4,0,0,88.24
ATT-007018,EMP-0175,2026-05,1/5/2026,17,17,0,0,0,0,0,0,0,0,0,100
ATT-007019,EMP-0176,2026-05,1/5/2026,17,17,0,0,0,0,0,0,0,0,18,100
ATT-007020,EMP-0177,2026-05,1/5/2026,17,11,0,6,0,0,0,6,0,0,23.5,64.71
ATT-007021,EMP-0178,2026-05,1/5/2026,17,15,0,0,2,0,0,2,4,1,0,88.24
ATT-007022,EMP-0180,2026-05,1/5/2026,17,14,0,0,0,0,3,3,6,0,2.5,82.35
ATT-007023,EMP-0181,2026-05,1/5/2026,17,17,0,0,0,0,0,0,0,0,0,100
ATT-007024,EMP-0182,2026-05,1/5/2026,17,9,0,8,0,0,0,8,0,0,4,52.94
ATT-007025,EMP-0183,2026-05,1/5/2026,17,17,0,0,0,0,0,0,1,2,0,100
ATT-007026,EMP-0184,2026-05,1/5/2026,17,17,0,0,0,0,0,0,0,0,0,100
ATT-007027,EMP-0185,2026-05,1/5/2026,17,17,0,0,0,0,0,0,0,0,12.5,100
ATT-007028,EMP-0186,2026-05,1/5/2026,17,15,2,0,0,0,0,0,3,0,0,88.24
ATT-007029,EMP-0187,2026-05,1/5/2026,17,17,0,0,0,0,0,0,2,0,7,100
ATT-007030,EMP-0188,2026-05,1/5/2026,17,14,0,0,3,0,0,3,1,0,0,82.35
ATT-007031,EMP-0189,2026-05,1/5/2026,17,17,0,0,0,0,0,0,0,2,0,100
ATT-007032,EMP-0190,2026-05,1/5/2026,17,12,1,4,0,0,0,4,0,0,0,70.59
ATT-007033,EMP-0191,2026-05,1/5/2026,17,14,0,0,0,3,0,3,4,0,23.5,82.35
ATT-007034,EMP-0192,2026-05,1/5/2026,17,7,0,10,0,0,0,10,0,0,0,41.18
ATT-007035,EMP-0193,2026-05,1/5/2026,17,17,0,0,0,0,0,0,0,0,7,100
ATT-007036,EMP-0194,2026-05,1/5/2026,17,8,0,9,0,0,0,9,0,0,0,47.06
ATT-007037,EMP-0195,2026-05,1/5/2026,17,7,0,10,0,0,0,10,0,0,25,41.18
ATT-007038,EMP-0196,2026-05,1/5/2026,17,17,0,0,0,0,0,0,0,0,0,100
ATT-007039,EMP-0197,2026-05,1/5/2026,17,17,0,0,0,0,0,0,0,0,23.5,100
ATT-007040,EMP-0198,2026-05,1/5/2026,17,17,0,0,0,0,0,0,6,0,0,100
ATT-007041,EMP-0199,2026-05,1/5/2026,17,17,0,0,0,0,0,0,3,1,5.5,100
ATT-007042,EMP-0200,2026-05,1/5/2026,17,17,0,0,0,0,0,0,0,0,0,100
ATT-007043,EMP-0201,2026-05,1/5/2026,17,12,2,0,3,0,0,3,5,0,0,70.59
ATT-007044,EMP-0202,2026-05,1/5/2026,17,17,0,0,0,0,0,0,4,0,0,100
ATT-007045,EMP-0203,2026-05,1/5/2026,17,15,1,0,1,0,0,1,0,0,10.5,88.24
ATT-007046,EMP-0205,2026-05,1/5/2026,17,7,0,7,3,0,0,10,0,0,0,41.18
ATT-007047,EMP-0206,2026-05,1/5/2026,17,17,0,0,0,0,0,0,0,0,25,100
ATT-007048,EMP-0207,2026-05,1/5/2026,17,15,1,1,0,0,0,1,3,0,21,88.24
ATT-007049,EMP-0208,2026-05,1/5/2026,17,17,0,0,0,0,0,0,2,0,9.5,100
ATT-007050,EMP-0209,2026-05,1/5/2026,17,17,0,0,0,0,0,0,4,0,5.5,100
ATT-007051,EMP-0210,2026-05,1/5/2026,17,17,0,0,0,0,0,0,0,0,13,100
ATT-007052,EMP-0211,2026-05,1/5/2026,17,17,0,0,0,0,0,0,5,2,0,100
ATT-007053,EMP-0212,2026-05,1/5/2026,17,17,0,0,0,0,0,0,0,0,8,100
ATT-007054,EMP-0213,2026-05,1/5/2026,17,17,0,0,0,0,0,0,0,0,0,100
ATT-007055,EMP-0214,2026-05,1/5/2026,17,12,0,0,0,4,1,5,0,0,0,70.59
ATT-007056,EMP-0215,2026-05,1/5/2026,17,16,1,0,0,0,0,0,0,0,0,94.12
ATT-007057,EMP-0216,2026-05,1/5/2026,17,17,0,0,0,0,0,0,5,0,0,100
ATT-007058,EMP-0217,2026-05,1/5/2026,17,13,0,4,0,0,0,4,0,0,20,76.47
ATT-007059,EMP-0218,2026-05,1/5/2026,17,17,0,0,0,0,0,0,0,0,0,100
ATT-007060,EMP-0219,2026-05,1/5/2026,17,17,0,0,0,0,0,0,0,0,0,100
ATT-007061,EMP-0220,2026-05,1/5/2026,17,17,0,0,0,0,0,0,5,4,2.5,100
ATT-007062,EMP-0221,2026-05,1/5/2026,17,17,0,0,0,0,0,0,3,0,0,100
ATT-007063,EMP-0222,2026-05,1/5/2026,17,17,0,0,0,0,0,0,3,4,0,100
ATT-007064,EMP-0223,2026-05,1/5/2026,17,17,0,0,0,0,0,0,3,0,12,100
ATT-007065,EMP-0224,2026-05,1/5/2026,17,17,0,0,0,0,0,0,0,4,9.5,100
ATT-007066,EMP-0225,2026-05,1/5/2026,17,17,0,0,0,0,0,0,0,0,2.5,100
ATT-007067,EMP-0226,2026-05,1/5/2026,17,17,0,0,0,0,0,0,0,4,7,100
ATT-007068,EMP-0228,2026-05,1/5/2026,17,17,0,0,0,0,0,0,0,0,0,100
ATT-007069,EMP-0229,2026-05,1/5/2026,17,17,0,0,0,0,0,0,0,4,0,100
ATT-007070,EMP-0230,2026-05,1/5/2026,17,15,2,0,0,0,0,0,0,0,0,88.24
ATT-007071,EMP-0231,2026-05,1/5/2026,17,12,2,0,0,0,3,3,3,0,0,70.59
ATT-007072,EMP-0232,2026-05,1/5/2026,17,17,0,0,0,0,0,0,0,0,11,100
ATT-007073,EMP-0233,2026-05,1/5/2026,17,17,0,0,0,0,0,0,0,0,0,100
ATT-007074,EMP-0234,2026-05,1/5/2026,17,17,0,0,0,0,0,0,0,0,18,100
ATT-007075,EMP-0236,2026-05,1/5/2026,17,17,0,0,0,0,0,0,0,0,0,100
ATT-007076,EMP-0237,2026-05,1/5/2026,17,11,0,6,0,0,0,6,0,0,6,64.71
ATT-007077,EMP-0238,2026-05,1/5/2026,17,17,0,0,0,0,0,0,0,0,0,100
ATT-007078,EMP-0239,2026-05,1/5/2026,17,17,0,0,0,0,0,0,0,0,0,100
ATT-007079,EMP-0240,2026-05,1/5/2026,17,15,0,0,2,0,0,2,1,0,0,88.24
ATT-007080,EMP-0241,2026-05,1/5/2026,17,17,0,0,0,0,0,0,0,3,2.5,100
ATT-007081,EMP-0242,2026-05,1/5/2026,17,17,0,0,0,0,0,0,0,0,25,100
ATT-007082,EMP-0243,2026-05,1/5/2026,17,17,0,0,0,0,0,0,4,0,0,100
ATT-007083,EMP-0244,2026-05,1/5/2026,17,17,0,0,0,0,0,0,4,1,0,100
ATT-007084,EMP-0245,2026-05,1/5/2026,17,17,0,0,0,0,0,0,0,0,0,100
ATT-007085,EMP-0246,2026-05,1/5/2026,17,11,0,6,0,0,0,6,6,0,0,64.71
ATT-007086,EMP-0247,2026-05,1/5/2026,17,17,0,0,0,0,0,0,3,0,9.5,100
ATT-007087,EMP-0248,2026-05,1/5/2026,17,17,0,0,0,0,0,0,0,2,6,100
ATT-007088,EMP-0249,2026-05,1/5/2026,17,17,0,0,0,0,0,0,0,0,0,100
ATT-007089,EMP-0250,2026-05,1/5/2026,17,15,2,0,0,0,0,0,0,0,6,88.24
ATT-007090,EMP-0251,2026-05,1/5/2026,17,16,1,0,0,0,0,0,0,0,25,94.12
ATT-007091,EMP-0252,2026-05,1/5/2026,17,17,0,0,0,0,0,0,0,1,0,100
ATT-007092,EMP-0253,2026-05,1/5/2026,17,8,0,6,0,3,0,9,0,0,0,47.06
ATT-007093,EMP-0254,2026-05,1/5/2026,17,17,0,0,0,0,0,0,0,0,18.5,100
ATT-007094,EMP-0255,2026-05,1/5/2026,17,17,0,0,0,0,0,0,0,4,10.5,100
ATT-007095,EMP-0256,2026-05,1/5/2026,17,10,0,6,0,1,0,7,0,0,0,58.82
ATT-007096,EMP-0257,2026-05,1/5/2026,17,17,0,0,0,0,0,0,1,0,0,100
ATT-007097,EMP-0258,2026-05,1/5/2026,17,15,0,0,0,0,2,2,0,1,10.5,88.24
ATT-007098,EMP-0259,2026-05,1/5/2026,17,17,0,0,0,0,0,0,0,0,0,100
ATT-007099,EMP-0260,2026-05,1/5/2026,17,7,0,10,0,0,0,10,4,0,0,41.18
ATT-007100,EMP-0261,2026-05,1/5/2026,17,17,0,0,0,0,0,0,0,0,16,100
ATT-007101,EMP-0262,2026-05,1/5/2026,17,14,0,0,3,0,0,3,0,0,0,82.35
ATT-007102,EMP-0263,2026-05,1/5/2026,17,17,0,0,0,0,0,0,4,0,0,100
ATT-007103,EMP-0264,2026-05,1/5/2026,17,17,0,0,0,0,0,0,0,0,0,100
ATT-007104,EMP-0265,2026-05,1/5/2026,17,17,0,0,0,0,0,0,2,0,4.5,100
ATT-007105,EMP-0266,2026-05,1/5/2026,17,17,0,0,0,0,0,0,0,0,0,100
ATT-007106,EMP-0267,2026-05,1/5/2026,17,17,0,0,0,0,0,0,0,0,0,100
ATT-007107,EMP-0268,2026-05,1/5/2026,17,17,0,0,0,0,0,0,0,2,0,100
ATT-007108,EMP-0269,2026-05,1/5/2026,17,17,0,0,0,0,0,0,0,0,0,100
ATT-007109,EMP-0270,2026-05,1/5/2026,17,17,0,0,0,0,0,0,1,0,0,100
ATT-007110,EMP-0271,2026-05,1/5/2026,17,17,0,0,0,0,0,0,0,0,0,100
ATT-007111,EMP-0272,2026-05,1/5/2026,17,17,0,0,0,0,0,0,0,0,7.5,100
ATT-007112,EMP-0274,2026-05,1/5/2026,17,17,0,0,0,0,0,0,1,4,17.5,100
ATT-007113,EMP-0275,2026-05,1/5/2026,17,15,0,0,0,0,2,2,0,0,0,88.24
ATT-007114,EMP-0276,2026-05,1/5/2026,17,17,0,0,0,0,0,0,0,0,0,100
ATT-007115,EMP-0277,2026-05,1/5/2026,17,17,0,0,0,0,0,0,0,0,0,100
ATT-007116,EMP-0278,2026-05,1/5/2026,17,17,0,0,0,0,0,0,0,2,0,100
ATT-007117,EMP-0279,2026-05,1/5/2026,17,17,0,0,0,0,0,0,0,2,15.5,100
ATT-007118,EMP-0280,2026-05,1/5/2026,17,17,0,0,0,0,0,0,1,0,0,100
ATT-007119,EMP-0281,2026-05,1/5/2026,17,17,0,0,0,0,0,0,0,0,3.5,100
ATT-007120,EMP-0282,2026-05,1/5/2026,17,17,0,0,0,0,0,0,3,0,20,100
ATT-007121,EMP-0283,2026-05,1/5/2026,17,17,0,0,0,0,0,0,0,0,4.5,100
ATT-007122,EMP-0284,2026-05,1/5/2026,17,17,0,0,0,0,0,0,4,0,0,100
ATT-007123,EMP-0285,2026-05,1/5/2026,17,17,0,0,0,0,0,0,1,0,10,100
ATT-007124,EMP-0286,2026-05,1/5/2026,17,17,0,0,0,0,0,0,1,0,22,100
ATT-007125,EMP-0287,2026-05,1/5/2026,17,17,0,0,0,0,0,0,0,0,0,100
ATT-007126,EMP-0288,2026-05,1/5/2026,17,9,0,7,1,0,0,8,0,0,0,52.94
ATT-007127,EMP-0290,2026-05,1/5/2026,17,13,0,4,0,0,0,4,0,0,0,76.47
ATT-007128,EMP-0292,2026-05,1/5/2026,17,17,0,0,0,0,0,0,1,0,0,100
ATT-007129,EMP-0293,2026-05,1/5/2026,17,9,0,8,0,0,0,8,0,0,3,52.94
ATT-007130,EMP-0294,2026-05,1/5/2026,17,16,1,0,0,0,0,0,0,0,0,94.12
ATT-007131,EMP-0295,2026-05,1/5/2026,17,17,0,0,0,0,0,0,1,0,0,100
ATT-007132,EMP-0296,2026-05,1/5/2026,17,13,0,4,0,0,0,4,0,0,0,76.47
ATT-007133,EMP-0297,2026-05,1/5/2026,17,17,0,0,0,0,0,0,0,0,0,100
ATT-007134,EMP-0298,2026-05,1/5/2026,17,17,0,0,0,0,0,0,3,0,0,100
ATT-007135,EMP-0299,2026-05,1/5/2026,17,17,0,0,0,0,0,0,0,0,22,100
ATT-007136,EMP-0300,2026-05,1/5/2026,17,17,0,0,0,0,0,0,0,0,0,100
ATT-007137,EMP-0301,2026-05,1/5/2026,17,11,0,6,0,0,0,6,5,0,22.5,64.71
ATT-007138,EMP-0302,2026-05,1/5/2026,17,15,2,0,0,0,0,0,2,0,0,88.24
ATT-007139,EMP-0303,2026-05,1/5/2026,17,17,0,0,0,0,0,0,0,0,0,100
ATT-007140,EMP-0305,2026-05,1/5/2026,17,12,0,5,0,0,0,5,4,4,0,70.59
ATT-007141,EMP-0306,2026-05,1/5/2026,17,12,0,5,0,0,0,5,5,0,0,70.59
ATT-007142,EMP-0307,2026-05,1/5/2026,17,13,0,1,0,3,0,4,0,0,0,76.47
ATT-007143,EMP-0308,2026-05,1/5/2026,17,17,0,0,0,0,0,0,1,0,25,100
ATT-007144,EMP-0309,2026-05,1/5/2026,17,6,0,8,3,0,0,11,0,0,0,35.29
ATT-007145,EMP-0310,2026-05,1/5/2026,17,17,0,0,0,0,0,0,6,0,0,100
ATT-007146,EMP-0311,2026-05,1/5/2026,17,17,0,0,0,0,0,0,0,0,0,100
ATT-007147,EMP-0312,2026-05,1/5/2026,17,15,0,0,2,0,0,2,5,0,3.5,88.24
ATT-007148,EMP-0313,2026-05,1/5/2026,17,14,1,2,0,0,0,2,0,0,18,82.35
ATT-007149,EMP-0314,2026-05,1/5/2026,17,17,0,0,0,0,0,0,0,0,0,100
ATT-007150,EMP-0315,2026-05,1/5/2026,17,17,0,0,0,0,0,0,0,0,0,100
ATT-007151,EMP-0316,2026-05,1/5/2026,17,17,0,0,0,0,0,0,0,0,0,100
ATT-007152,EMP-0317,2026-05,1/5/2026,17,9,0,7,0,1,0,8,0,0,20,52.94
ATT-007153,EMP-0318,2026-05,1/5/2026,17,17,0,0,0,0,0,0,0,0,0,100
ATT-007154,EMP-0319,2026-05,1/5/2026,17,17,0,0,0,0,0,0,1,0,0,100
ATT-007155,EMP-0320,2026-05,1/5/2026,17,17,0,0,0,0,0,0,1,0,24,100
ATT-007156,EMP-0321,2026-05,1/5/2026,17,17,0,0,0,0,0,0,0,1,0,100
ATT-007157,EMP-0322,2026-05,1/5/2026,17,17,0,0,0,0,0,0,0,0,0,100
ATT-007158,EMP-0323,2026-05,1/5/2026,17,17,0,0,0,0,0,0,2,0,14.5,100
ATT-007159,EMP-0324,2026-05,1/5/2026,17,17,0,0,0,0,0,0,0,0,0,100
ATT-007160,EMP-0325,2026-05,1/5/2026,17,17,0,0,0,0,0,0,3,0,0,100
ATT-007161,EMP-0326,2026-05,1/5/2026,17,6,2,9,0,0,0,9,0,0,0,35.29
ATT-007162,EMP-0327,2026-05,1/5/2026,17,17,0,0,0,0,0,0,0,0,0,100
ATT-007163,EMP-0328,2026-05,1/5/2026,17,10,0,7,0,0,0,7,3,1,0,58.82
ATT-007164,EMP-0329,2026-05,1/5/2026,17,17,0,0,0,0,0,0,0,0,0,100
ATT-007165,EMP-0332,2026-05,1/5/2026,17,17,0,0,0,0,0,0,0,0,0,100
ATT-007166,EMP-0333,2026-05,1/5/2026,17,17,0,0,0,0,0,0,6,0,8,100
ATT-007167,EMP-0334,2026-05,1/5/2026,17,9,0,8,0,0,0,8,5,0,0,52.94
ATT-007168,EMP-0335,2026-05,1/5/2026,17,17,0,0,0,0,0,0,0,1,21.5,100
ATT-007169,EMP-0336,2026-05,1/5/2026,17,17,0,0,0,0,0,0,0,0,0,100
ATT-007170,EMP-0337,2026-05,1/5/2026,17,17,0,0,0,0,0,0,0,0,0,100
ATT-007171,EMP-0338,2026-05,1/5/2026,17,15,0,2,0,0,0,2,0,1,0,88.24
ATT-007172,EMP-0339,2026-05,1/5/2026,17,17,0,0,0,0,0,0,5,4,0,100
ATT-007173,EMP-0340,2026-05,1/5/2026,17,17,0,0,0,0,0,0,0,0,5,100
ATT-007174,EMP-0341,2026-05,1/5/2026,17,9,1,7,0,0,0,7,0,0,0,52.94
ATT-007175,EMP-0342,2026-05,1/5/2026,17,17,0,0,0,0,0,0,0,0,3.5,100
ATT-007176,EMP-0344,2026-05,1/5/2026,17,17,0,0,0,0,0,0,0,0,21.5,100
ATT-007177,EMP-0346,2026-05,1/5/2026,17,17,0,0,0,0,0,0,0,0,14.5,100
ATT-007178,EMP-0347,2026-05,1/5/2026,17,15,0,2,0,0,0,2,0,0,14,88.24
ATT-007179,EMP-0348,2026-05,1/5/2026,17,17,0,0,0,0,0,0,0,0,0,100
ATT-007180,EMP-0349,2026-05,1/5/2026,17,15,2,0,0,0,0,0,0,2,0,88.24
ATT-007181,EMP-0350,2026-05,1/5/2026,17,17,0,0,0,0,0,0,0,0,8.5,100
ATT-007182,EMP-0352,2026-05,1/5/2026,17,13,0,4,0,0,0,4,4,0,0,76.47
ATT-007183,EMP-0353,2026-05,1/5/2026,17,5,0,9,3,0,0,12,0,0,0,29.41
ATT-007184,EMP-0354,2026-05,1/5/2026,17,16,1,0,0,0,0,0,0,4,0,94.12
ATT-007185,EMP-0355,2026-05,1/5/2026,17,13,0,2,0,2,0,4,0,0,14,76.47
ATT-007186,EMP-0356,2026-05,1/5/2026,17,14,0,0,3,0,0,3,0,3,0,82.35
ATT-007187,EMP-0357,2026-05,1/5/2026,17,17,0,0,0,0,0,0,5,4,4,100
ATT-007188,EMP-0358,2026-05,1/5/2026,17,14,0,3,0,0,0,3,5,0,0,82.35
ATT-007189,EMP-0359,2026-05,1/5/2026,17,17,0,0,0,0,0,0,0,1,6,100
ATT-007190,EMP-0360,2026-05,1/5/2026,17,17,0,0,0,0,0,0,1,0,0,100
ATT-007191,EMP-0361,2026-05,1/5/2026,17,16,0,0,0,0,1,1,0,0,0,94.12
ATT-007192,EMP-0363,2026-05,1/5/2026,17,17,0,0,0,0,0,0,1,0,22,100
ATT-007193,EMP-0364,2026-05,1/5/2026,17,17,0,0,0,0,0,0,0,0,0,100
ATT-007194,EMP-0365,2026-05,1/5/2026,17,15,1,0,0,0,1,1,6,0,0,88.24
ATT-007195,EMP-0366,2026-05,1/5/2026,17,17,0,0,0,0,0,0,0,0,13.5,100
ATT-007196,EMP-0367,2026-05,1/5/2026,17,17,0,0,0,0,0,0,6,2,0,100
ATT-007197,EMP-0368,2026-05,1/5/2026,17,17,0,0,0,0,0,0,3,0,0,100
ATT-007198,EMP-0369,2026-05,1/5/2026,17,13,0,4,0,0,0,4,1,0,19.5,76.47
ATT-007199,EMP-0370,2026-05,1/5/2026,17,11,2,4,0,0,0,4,0,4,11.5,64.71
ATT-007200,EMP-0371,2026-05,1/5/2026,17,17,0,0,0,0,0,0,0,0,14,100
ATT-007201,EMP-0373,2026-05,1/5/2026,17,17,0,0,0,0,0,0,0,0,0,100
ATT-007202,EMP-0374,2026-05,1/5/2026,17,10,0,6,0,1,0,7,3,0,18.5,58.82
ATT-007203,EMP-0375,2026-05,1/5/2026,17,17,0,0,0,0,0,0,5,0,18.5,100
ATT-007204,EMP-0376,2026-05,1/5/2026,17,17,0,0,0,0,0,0,0,0,0,100
ATT-007205,EMP-0377,2026-05,1/5/2026,17,17,0,0,0,0,0,0,5,0,0,100
ATT-007206,EMP-0378,2026-05,1/5/2026,17,16,0,0,1,0,0,1,0,0,0,94.12
ATT-007207,EMP-0379,2026-05,1/5/2026,17,13,1,0,0,0,3,3,0,3,0,76.47
ATT-007208,EMP-0380,2026-05,1/5/2026,17,17,0,0,0,0,0,0,0,0,0,100
ATT-007209,EMP-0381,2026-05,1/5/2026,17,17,0,0,0,0,0,0,0,0,0,100
ATT-007210,EMP-0382,2026-05,1/5/2026,17,17,0,0,0,0,0,0,5,0,0,100
ATT-007211,EMP-0383,2026-05,1/5/2026,17,17,0,0,0,0,0,0,0,1,16,100
ATT-007212,EMP-0384,2026-05,1/5/2026,17,17,0,0,0,0,0,0,0,0,0,100
ATT-007213,EMP-0385,2026-05,1/5/2026,17,16,0,1,0,0,0,1,0,0,0,94.12
ATT-007214,EMP-0386,2026-05,1/5/2026,17,13,0,0,0,4,0,4,0,0,15.5,76.47
ATT-007215,EMP-0387,2026-05,1/5/2026,17,17,0,0,0,0,0,0,0,2,0,100
ATT-007216,EMP-0388,2026-05,1/5/2026,17,17,0,0,0,0,0,0,0,4,0,100
ATT-007217,EMP-0389,2026-05,1/5/2026,17,17,0,0,0,0,0,0,0,0,0,100
ATT-007218,EMP-0390,2026-05,1/5/2026,17,17,0,0,0,0,0,0,0,0,0,100
ATT-007219,EMP-0391,2026-05,1/5/2026,17,17,0,0,0,0,0,0,6,0,15,100
ATT-007220,EMP-0393,2026-05,1/5/2026,17,16,0,0,1,0,0,1,0,0,0,94.12
ATT-007221,EMP-0394,2026-05,1/5/2026,17,17,0,0,0,0,0,0,4,0,17.5,100
ATT-007222,EMP-0395,2026-05,1/5/2026,17,17,0,0,0,0,0,0,3,0,0,100
ATT-007223,EMP-0396,2026-05,1/5/2026,17,17,0,0,0,0,0,0,6,0,0,100
ATT-007224,EMP-0397,2026-05,1/5/2026,17,17,0,0,0,0,0,0,0,0,0,100
ATT-007225,EMP-0398,2026-05,1/5/2026,17,17,0,0,0,0,0,0,0,0,0,100
ATT-007226,EMP-0399,2026-05,1/5/2026,17,17,0,0,0,0,0,0,6,0,0,100
ATT-007227,EMP-0400,2026-05,1/5/2026,17,17,0,0,0,0,0,0,3,0,5.5,100
ATT-007228,EMP-0401,2026-05,1/5/2026,17,17,0,0,0,0,0,0,0,0,0,100
ATT-007229,EMP-0402,2026-05,1/5/2026,17,17,0,0,0,0,0,0,0,0,12.5,100
ATT-007230,EMP-0403,2026-05,1/5/2026,17,17,0,0,0,0,0,0,0,0,16,100
ATT-007231,EMP-0404,2026-05,1/5/2026,17,17,0,0,0,0,0,0,0,0,0,100
ATT-007232,EMP-0406,2026-05,1/5/2026,17,15,2,0,0,0,0,0,3,0,0,88.24
ATT-007233,EMP-0407,2026-05,1/5/2026,17,15,0,2,0,0,0,2,0,0,20,88.24
ATT-007234,EMP-0408,2026-05,1/5/2026,17,17,0,0,0,0,0,0,0,0,6,100
ATT-007235,EMP-0409,2026-05,1/5/2026,17,17,0,0,0,0,0,0,0,0,0,100
ATT-007236,EMP-0410,2026-05,1/5/2026,17,16,1,0,0,0,0,0,0,0,0,94.12
ATT-007237,EMP-0411,2026-05,1/5/2026,17,16,0,0,1,0,0,1,0,1,11,94.12
ATT-007238,EMP-0414,2026-05,1/5/2026,17,17,0,0,0,0,0,0,0,0,6,100
ATT-007239,EMP-0415,2026-05,1/5/2026,17,17,0,0,0,0,0,0,4,0,0,100
ATT-007240,EMP-0416,2026-05,1/5/2026,17,17,0,0,0,0,0,0,0,0,21,100
ATT-007241,EMP-0417,2026-05,1/5/2026,17,17,0,0,0,0,0,0,0,0,17.5,100
ATT-007242,EMP-0418,2026-05,1/5/2026,17,15,0,0,2,0,0,2,2,0,12.5,88.24
ATT-007243,EMP-0419,2026-05,1/5/2026,17,17,0,0,0,0,0,0,2,0,0,100
ATT-007244,EMP-0420,2026-05,1/5/2026,17,16,0,1,0,0,0,1,0,0,0,94.12
ATT-007245,EMP-0422,2026-05,1/5/2026,17,17,0,0,0,0,0,0,2,0,0,100
ATT-007246,EMP-0424,2026-05,1/5/2026,17,17,0,0,0,0,0,0,0,0,25.5,100
ATT-007247,EMP-0425,2026-05,1/5/2026,17,17,0,0,0,0,0,0,0,2,0,100
ATT-007248,EMP-0426,2026-05,1/5/2026,17,17,0,0,0,0,0,0,4,0,0,100
ATT-007249,EMP-0427,2026-05,1/5/2026,17,17,0,0,0,0,0,0,0,0,11,100
ATT-007250,EMP-0428,2026-05,1/5/2026,17,17,0,0,0,0,0,0,0,0,0,100
ATT-007251,EMP-0429,2026-05,1/5/2026,17,12,2,0,0,3,0,3,0,4,4,70.59
ATT-007252,EMP-0430,2026-05,1/5/2026,17,16,0,0,1,0,0,1,0,2,0,94.12
ATT-007253,EMP-0431,2026-05,1/5/2026,17,17,0,0,0,0,0,0,2,0,0,100
ATT-007254,EMP-0432,2026-05,1/5/2026,17,14,0,0,0,0,3,3,0,0,25.5,82.35
ATT-007255,EMP-0433,2026-05,1/5/2026,17,13,0,0,0,4,0,4,2,0,0,76.47
ATT-007256,EMP-0434,2026-05,1/5/2026,17,11,0,6,0,0,0,6,0,0,14,64.71
ATT-007257,EMP-0435,2026-05,1/5/2026,17,16,1,0,0,0,0,0,0,0,0,94.12
ATT-007258,EMP-0436,2026-05,1/5/2026,17,17,0,0,0,0,0,0,2,0,26,100
ATT-007259,EMP-0437,2026-05,1/5/2026,17,17,0,0,0,0,0,0,0,0,4,100
ATT-007260,EMP-0438,2026-05,1/5/2026,17,17,0,0,0,0,0,0,2,0,21,100
ATT-007261,EMP-0439,2026-05,1/5/2026,17,16,1,0,0,0,0,0,3,0,0,94.12
ATT-007262,EMP-0440,2026-05,1/5/2026,17,17,0,0,0,0,0,0,6,0,0,100
ATT-007263,EMP-0441,2026-05,1/5/2026,17,17,0,0,0,0,0,0,0,0,0,100
ATT-007264,EMP-0442,2026-05,1/5/2026,17,17,0,0,0,0,0,0,0,0,0,100
ATT-007265,EMP-0443,2026-05,1/5/2026,17,17,0,0,0,0,0,0,5,0,2.5,100
ATT-007266,EMP-0444,2026-05,1/5/2026,17,17,0,0,0,0,0,0,0,0,21,100
ATT-007267,EMP-0445,2026-05,1/5/2026,17,16,1,0,0,0,0,0,0,0,0,94.12
ATT-007268,EMP-0446,2026-05,1/5/2026,17,17,0,0,0,0,0,0,3,4,7.5,100
ATT-007269,EMP-0448,2026-05,1/5/2026,17,17,0,0,0,0,0,0,0,0,0,100
ATT-007270,EMP-0449,2026-05,1/5/2026,17,12,0,3,2,0,0,5,1,2,0,70.59
ATT-007271,EMP-0451,2026-05,1/5/2026,17,17,0,0,0,0,0,0,6,0,0,100
ATT-007272,EMP-0452,2026-05,1/5/2026,17,17,0,0,0,0,0,0,0,0,11,100
ATT-007273,EMP-0453,2026-05,1/5/2026,17,17,0,0,0,0,0,0,0,0,9.5,100
ATT-007274,EMP-0454,2026-05,1/5/2026,17,17,0,0,0,0,0,0,0,2,0,100
ATT-007275,EMP-0457,2026-05,1/5/2026,17,15,2,0,0,0,0,0,0,0,0,88.24
ATT-007276,EMP-0459,2026-05,1/5/2026,17,17,0,0,0,0,0,0,4,0,24,100
ATT-007277,EMP-0460,2026-05,1/5/2026,17,17,0,0,0,0,0,0,2,1,0,100
ATT-007278,EMP-0461,2026-05,1/5/2026,17,15,0,0,2,0,0,2,1,0,11.5,88.24
ATT-007279,EMP-0463,2026-05,1/5/2026,17,17,0,0,0,0,0,0,3,0,0,100
ATT-007280,EMP-0464,2026-05,1/5/2026,17,17,0,0,0,0,0,0,6,0,17,100
ATT-007281,EMP-0465,2026-05,1/5/2026,17,17,0,0,0,0,0,0,2,3,0,100
ATT-007282,EMP-0466,2026-05,1/5/2026,17,16,1,0,0,0,0,0,0,0,0,94.12
ATT-007283,EMP-0467,2026-05,1/5/2026,17,17,0,0,0,0,0,0,0,2,0,100
ATT-007284,EMP-0468,2026-05,1/5/2026,17,17,0,0,0,0,0,0,3,0,0,100
ATT-007285,EMP-0469,2026-05,1/5/2026,17,10,2,5,0,0,0,5,0,0,22.5,58.82
ATT-007286,EMP-0470,2026-05,1/5/2026,17,15,0,2,0,0,0,2,4,0,0,88.24
ATT-007287,EMP-0471,2026-05,1/5/2026,17,14,0,3,0,0,0,3,0,0,0,82.35
ATT-007288,EMP-0472,2026-05,1/5/2026,17,17,0,0,0,0,0,0,6,0,2.5,100
ATT-007289,EMP-0473,2026-05,1/5/2026,17,15,2,0,0,0,0,0,0,4,24.5,88.24
ATT-007290,EMP-0474,2026-05,1/5/2026,17,14,0,2,1,0,0,3,0,2,0,82.35
ATT-007291,EMP-0475,2026-05,1/5/2026,17,17,0,0,0,0,0,0,6,4,0,100
ATT-007292,EMP-0476,2026-05,1/5/2026,17,17,0,0,0,0,0,0,0,0,0,100
ATT-007293,EMP-0477,2026-05,1/5/2026,17,17,0,0,0,0,0,0,0,4,9.5,100
ATT-007294,EMP-0478,2026-05,1/5/2026,17,8,2,7,0,0,0,7,4,0,0,47.06
ATT-007295,EMP-0479,2026-05,1/5/2026,17,17,0,0,0,0,0,0,0,0,0,100
ATT-007296,EMP-0480,2026-05,1/5/2026,17,17,0,0,0,0,0,0,0,0,0,100
ATT-007297,EMP-0481,2026-05,1/5/2026,17,17,0,0,0,0,0,0,6,1,25.5,100
ATT-007298,EMP-0482,2026-05,1/5/2026,17,17,0,0,0,0,0,0,0,0,9.5,100
ATT-007299,EMP-0483,2026-05,1/5/2026,17,13,1,3,0,0,0,3,0,0,0,76.47
ATT-007300,EMP-0484,2026-05,1/5/2026,17,17,0,0,0,0,0,0,4,0,6,100
ATT-007301,EMP-0485,2026-05,1/5/2026,17,17,0,0,0,0,0,0,0,0,0,100
ATT-007302,EMP-0487,2026-05,1/5/2026,17,17,0,0,0,0,0,0,0,0,25.5,100
ATT-007303,EMP-0488,2026-05,1/5/2026,17,17,0,0,0,0,0,0,0,0,15.5,100
ATT-007304,EMP-0489,2026-05,1/5/2026,17,17,0,0,0,0,0,0,1,0,19,100
ATT-007305,EMP-0490,2026-05,1/5/2026,17,15,2,0,0,0,0,0,0,0,15.5,88.24
ATT-007306,EMP-0491,2026-05,1/5/2026,17,17,0,0,0,0,0,0,0,0,0,100
ATT-007307,EMP-0492,2026-05,1/5/2026,17,14,0,0,0,3,0,3,4,0,0,82.35
ATT-007308,EMP-0493,2026-05,1/5/2026,17,11,0,6,0,0,0,6,5,0,0,64.71
ATT-007309,EMP-0494,2026-05,1/5/2026,17,16,0,0,1,0,0,1,4,1,0,94.12
ATT-007310,EMP-0495,2026-05,1/5/2026,17,17,0,0,0,0,0,0,0,0,0,100
ATT-007311,EMP-0496,2026-05,1/5/2026,17,17,0,0,0,0,0,0,4,1,0,100
ATT-007312,EMP-0497,2026-05,1/5/2026,17,17,0,0,0,0,0,0,0,4,0,100
ATT-007313,EMP-0498,2026-05,1/5/2026,17,17,0,0,0,0,0,0,3,0,0,100
ATT-007314,EMP-0499,2026-05,1/5/2026,17,13,0,4,0,0,0,4,0,0,0,76.47
ATT-007315,EMP-0500,2026-05,1/5/2026,17,17,0,0,0,0,0,0,0,1,0,100
ATT-007316,EMP-0001,2026-06,1/6/2026,22,22,0,0,0,0,0,0,0,0,0,100
ATT-007317,EMP-0002,2026-06,1/6/2026,22,22,0,0,0,0,0,0,0,0,17.5,100
ATT-007318,EMP-0003,2026-06,1/6/2026,22,15,0,7,0,0,0,7,5,0,0,68.18
ATT-007319,EMP-0004,2026-06,1/6/2026,22,22,0,0,0,0,0,0,0,0,10,100
ATT-007320,EMP-0005,2026-06,1/6/2026,22,17,0,5,0,0,0,5,0,0,0,77.27
ATT-007321,EMP-0006,2026-06,1/6/2026,22,15,0,7,0,0,0,7,1,0,11,68.18
ATT-007322,EMP-0007,2026-06,1/6/2026,22,15,0,7,0,0,0,7,6,0,7,68.18
ATT-007323,EMP-0008,2026-06,1/6/2026,22,22,0,0,0,0,0,0,4,0,0,100
ATT-007324,EMP-0009,2026-06,1/6/2026,22,19,0,3,0,0,0,3,1,0,0,86.36
ATT-007325,EMP-0010,2026-06,1/6/2026,22,20,0,2,0,0,0,2,1,1,0,90.91
ATT-007326,EMP-0011,2026-06,1/6/2026,22,15,0,7,0,0,0,7,0,0,24.5,68.18
ATT-007327,EMP-0012,2026-06,1/6/2026,22,22,0,0,0,0,0,0,0,0,0,100
ATT-007328,EMP-0013,2026-06,1/6/2026,22,13,0,6,3,0,0,9,0,2,0,59.09
ATT-007329,EMP-0014,2026-06,1/6/2026,22,22,0,0,0,0,0,0,0,0,21.5,100
ATT-007330,EMP-0015,2026-06,1/6/2026,22,22,0,0,0,0,0,0,0,0,0,100
ATT-007331,EMP-0016,2026-06,1/6/2026,22,19,1,2,0,0,0,2,0,0,21.5,86.36
ATT-007332,EMP-0017,2026-06,1/6/2026,22,22,0,0,0,0,0,0,0,0,19.5,100
ATT-007333,EMP-0018,2026-06,1/6/2026,22,22,0,0,0,0,0,0,0,0,19,100
ATT-007334,EMP-0019,2026-06,1/6/2026,22,22,0,0,0,0,0,0,2,0,0,100
ATT-007335,EMP-0020,2026-06,1/6/2026,22,22,0,0,0,0,0,0,1,0,11.5,100
ATT-007336,EMP-0021,2026-06,1/6/2026,22,22,0,0,0,0,0,0,0,0,0,100
ATT-007337,EMP-0022,2026-06,1/6/2026,22,22,0,0,0,0,0,0,2,0,8,100
ATT-007338,EMP-0023,2026-06,1/6/2026,22,17,0,5,0,0,0,5,0,0,0,77.27
ATT-007339,EMP-0024,2026-06,1/6/2026,22,22,0,0,0,0,0,0,0,0,0,100
ATT-007340,EMP-0025,2026-06,1/6/2026,22,15,0,7,0,0,0,7,0,0,22,68.18
ATT-007341,EMP-0026,2026-06,1/6/2026,22,22,0,0,0,0,0,0,0,2,10.5,100
ATT-007342,EMP-0027,2026-06,1/6/2026,22,22,0,0,0,0,0,0,0,1,3,100
ATT-007343,EMP-0028,2026-06,1/6/2026,22,22,0,0,0,0,0,0,2,0,0,100
ATT-007344,EMP-0029,2026-06,1/6/2026,22,22,0,0,0,0,0,0,0,0,0,100
ATT-007345,EMP-0030,2026-06,1/6/2026,22,16,0,6,0,0,0,6,0,0,0,72.73
ATT-007346,EMP-0031,2026-06,1/6/2026,22,20,0,2,0,0,0,2,0,2,17.5,90.91
ATT-007347,EMP-0032,2026-06,1/6/2026,22,16,0,6,0,0,0,6,1,2,0,72.73
ATT-007348,EMP-0033,2026-06,1/6/2026,22,20,0,0,2,0,0,2,0,0,22.5,90.91
ATT-007349,EMP-0034,2026-06,1/6/2026,22,22,0,0,0,0,0,0,0,0,0,100
ATT-007350,EMP-0035,2026-06,1/6/2026,22,13,2,7,0,0,0,7,5,0,0,59.09
ATT-007351,EMP-0036,2026-06,1/6/2026,22,19,2,1,0,0,0,1,0,0,15,86.36
ATT-007352,EMP-0037,2026-06,1/6/2026,22,22,0,0,0,0,0,0,0,3,0,100
ATT-007353,EMP-0038,2026-06,1/6/2026,22,22,0,0,0,0,0,0,0,0,19,100
ATT-007354,EMP-0039,2026-06,1/6/2026,22,12,0,10,0,0,0,10,4,0,0,54.55
ATT-007355,EMP-0040,2026-06,1/6/2026,22,16,0,6,0,0,0,6,0,0,0,72.73
ATT-007356,EMP-0041,2026-06,1/6/2026,22,21,1,0,0,0,0,0,6,0,9,95.45
ATT-007357,EMP-0042,2026-06,1/6/2026,22,12,0,10,0,0,0,10,6,0,21.5,54.55
ATT-007358,EMP-0043,2026-06,1/6/2026,22,22,0,0,0,0,0,0,4,0,0,100
ATT-007359,EMP-0044,2026-06,1/6/2026,22,22,0,0,0,0,0,0,1,0,0,100
ATT-007360,EMP-0045,2026-06,1/6/2026,22,22,0,0,0,0,0,0,4,0,0,100
ATT-007361,EMP-0046,2026-06,1/6/2026,22,13,0,9,0,0,0,9,0,3,22,59.09
ATT-007362,EMP-0047,2026-06,1/6/2026,22,22,0,0,0,0,0,0,0,0,12,100
ATT-007363,EMP-0048,2026-06,1/6/2026,22,20,2,0,0,0,0,0,0,4,0,90.91
ATT-007364,EMP-0049,2026-06,1/6/2026,22,20,0,0,2,0,0,2,4,3,0,90.91
ATT-007365,EMP-0050,2026-06,1/6/2026,22,19,0,3,0,0,0,3,0,0,0,86.36
ATT-007366,EMP-0051,2026-06,1/6/2026,22,19,0,3,0,0,0,3,0,0,0,86.36
ATT-007367,EMP-0052,2026-06,1/6/2026,22,20,2,0,0,0,0,0,0,0,0,90.91
ATT-007368,EMP-0053,2026-06,1/6/2026,22,22,0,0,0,0,0,0,0,0,4.5,100
ATT-007369,EMP-0054,2026-06,1/6/2026,22,18,0,4,0,0,0,4,0,0,0,81.82
ATT-007370,EMP-0055,2026-06,1/6/2026,22,11,0,10,0,0,1,11,0,0,0,50
ATT-007371,EMP-0057,2026-06,1/6/2026,22,22,0,0,0,0,0,0,0,4,0,100
ATT-007372,EMP-0058,2026-06,1/6/2026,22,22,0,0,0,0,0,0,0,0,18.5,100
ATT-007373,EMP-0059,2026-06,1/6/2026,22,22,0,0,0,0,0,0,0,0,9,100
ATT-007374,EMP-0060,2026-06,1/6/2026,22,22,0,0,0,0,0,0,0,0,0,100
ATT-007375,EMP-0062,2026-06,1/6/2026,22,19,0,0,3,0,0,3,0,0,0,86.36
ATT-007376,EMP-0063,2026-06,1/6/2026,22,22,0,0,0,0,0,0,3,0,11,100
ATT-007377,EMP-0064,2026-06,1/6/2026,22,21,1,0,0,0,0,0,6,0,0,95.45
ATT-007378,EMP-0065,2026-06,1/6/2026,22,22,0,0,0,0,0,0,0,0,0,100
ATT-007379,EMP-0066,2026-06,1/6/2026,22,22,0,0,0,0,0,0,0,0,0,100
ATT-007380,EMP-0067,2026-06,1/6/2026,22,22,0,0,0,0,0,0,0,0,0,100
ATT-007381,EMP-0068,2026-06,1/6/2026,22,22,0,0,0,0,0,0,0,0,0,100
ATT-007382,EMP-0069,2026-06,1/6/2026,22,20,0,0,0,0,2,2,5,2,0,90.91
ATT-007383,EMP-0070,2026-06,1/6/2026,22,22,0,0,0,0,0,0,2,3,0,100
ATT-007384,EMP-0071,2026-06,1/6/2026,22,19,0,0,3,0,0,3,6,0,11.5,86.36
ATT-007385,EMP-0072,2026-06,1/6/2026,22,19,0,3,0,0,0,3,3,0,20,86.36
ATT-007386,EMP-0073,2026-06,1/6/2026,22,18,0,4,0,0,0,4,0,0,0,81.82
ATT-007387,EMP-0074,2026-06,1/6/2026,22,22,0,0,0,0,0,0,0,0,22.5,100
ATT-007388,EMP-0075,2026-06,1/6/2026,22,22,0,0,0,0,0,0,0,0,0,100
ATT-007389,EMP-0076,2026-06,1/6/2026,22,22,0,0,0,0,0,0,0,0,8,100
ATT-007390,EMP-0077,2026-06,1/6/2026,22,12,1,9,0,0,0,9,1,2,0,54.55
ATT-007391,EMP-0078,2026-06,1/6/2026,22,14,0,8,0,0,0,8,2,0,13.5,63.64
ATT-007392,EMP-0079,2026-06,1/6/2026,22,22,0,0,0,0,0,0,6,0,20,100
ATT-007393,EMP-0080,2026-06,1/6/2026,22,22,0,0,0,0,0,0,0,4,0,100
ATT-007394,EMP-0081,2026-06,1/6/2026,22,22,0,0,0,0,0,0,0,0,18,100
ATT-007395,EMP-0083,2026-06,1/6/2026,22,22,0,0,0,0,0,0,0,0,20.5,100
ATT-007396,EMP-0084,2026-06,1/6/2026,22,22,0,0,0,0,0,0,0,2,8.5,100
ATT-007397,EMP-0086,2026-06,1/6/2026,22,21,1,0,0,0,0,0,0,0,8.5,95.45
ATT-007398,EMP-0088,2026-06,1/6/2026,22,22,0,0,0,0,0,0,0,4,0,100
ATT-007399,EMP-0089,2026-06,1/6/2026,22,22,0,0,0,0,0,0,0,3,0,100
ATT-007400,EMP-0090,2026-06,1/6/2026,22,22,0,0,0,0,0,0,0,1,17,100
ATT-007401,EMP-0091,2026-06,1/6/2026,22,22,0,0,0,0,0,0,0,0,0,100
ATT-007402,EMP-0092,2026-06,1/6/2026,22,19,0,3,0,0,0,3,2,0,0,86.36
ATT-007403,EMP-0093,2026-06,1/6/2026,22,19,0,0,0,0,3,3,5,0,0,86.36
ATT-007404,EMP-0094,2026-06,1/6/2026,22,21,0,0,0,0,1,1,5,0,0,95.45
ATT-007405,EMP-0095,2026-06,1/6/2026,22,19,0,0,3,0,0,3,0,0,6,86.36
ATT-007406,EMP-0096,2026-06,1/6/2026,22,22,0,0,0,0,0,0,0,0,0,100
ATT-007407,EMP-0097,2026-06,1/6/2026,22,17,0,5,0,0,0,5,0,0,11,77.27
ATT-007408,EMP-0098,2026-06,1/6/2026,22,20,2,0,0,0,0,0,0,0,13,90.91
ATT-007409,EMP-0099,2026-06,1/6/2026,22,22,0,0,0,0,0,0,1,0,0,100
ATT-007410,EMP-0100,2026-06,1/6/2026,22,22,0,0,0,0,0,0,3,3,0,100
ATT-007411,EMP-0102,2026-06,1/6/2026,22,22,0,0,0,0,0,0,3,0,0,100
ATT-007412,EMP-0103,2026-06,1/6/2026,22,22,0,0,0,0,0,0,0,0,0,100
ATT-007413,EMP-0104,2026-06,1/6/2026,22,22,0,0,0,0,0,0,0,0,0,100
ATT-007414,EMP-0105,2026-06,1/6/2026,22,20,0,0,2,0,0,2,0,0,0,90.91
ATT-007415,EMP-0106,2026-06,1/6/2026,22,22,0,0,0,0,0,0,3,0,0,100
ATT-007416,EMP-0107,2026-06,1/6/2026,22,22,0,0,0,0,0,0,6,3,0,100
ATT-007417,EMP-0108,2026-06,1/6/2026,22,19,0,0,0,0,3,3,0,0,25,86.36
ATT-007418,EMP-0109,2026-06,1/6/2026,22,22,0,0,0,0,0,0,5,0,7,100
ATT-007419,EMP-0110,2026-06,1/6/2026,22,22,0,0,0,0,0,0,0,0,0,100
ATT-007420,EMP-0111,2026-06,1/6/2026,22,22,0,0,0,0,0,0,3,0,14,100
ATT-007421,EMP-0112,2026-06,1/6/2026,22,22,0,0,0,0,0,0,0,4,0,100
ATT-007422,EMP-0113,2026-06,1/6/2026,22,21,1,0,0,0,0,0,0,0,0,95.45
ATT-007423,EMP-0115,2026-06,1/6/2026,22,15,0,7,0,0,0,7,0,0,9.5,68.18
ATT-007424,EMP-0116,2026-06,1/6/2026,22,14,0,8,0,0,0,8,0,1,2.5,63.64
ATT-007425,EMP-0117,2026-06,1/6/2026,22,22,0,0,0,0,0,0,3,0,0,100
ATT-007426,EMP-0118,2026-06,1/6/2026,22,17,0,1,0,4,0,5,6,0,20,77.27
ATT-007427,EMP-0119,2026-06,1/6/2026,22,20,0,2,0,0,0,2,0,0,0,90.91
ATT-007428,EMP-0120,2026-06,1/6/2026,22,22,0,0,0,0,0,0,0,0,18.5,100
ATT-007429,EMP-0121,2026-06,1/6/2026,22,19,0,0,3,0,0,3,2,0,0,86.36
ATT-007430,EMP-0122,2026-06,1/6/2026,22,15,0,7,0,0,0,7,0,0,19,68.18
ATT-007431,EMP-0123,2026-06,1/6/2026,22,22,0,0,0,0,0,0,1,0,12.5,100
ATT-007432,EMP-0124,2026-06,1/6/2026,22,18,0,4,0,0,0,4,0,0,0,81.82
ATT-007433,EMP-0125,2026-06,1/6/2026,22,19,0,0,3,0,0,3,2,2,4,86.36
ATT-007434,EMP-0126,2026-06,1/6/2026,22,22,0,0,0,0,0,0,0,1,10.5,100
ATT-007435,EMP-0127,2026-06,1/6/2026,22,22,0,0,0,0,0,0,0,0,14,100
ATT-007436,EMP-0128,2026-06,1/6/2026,22,15,0,7,0,0,0,7,0,0,0,68.18
ATT-007437,EMP-0129,2026-06,1/6/2026,22,22,0,0,0,0,0,0,0,4,10.5,100
ATT-007438,EMP-0130,2026-06,1/6/2026,22,22,0,0,0,0,0,0,0,0,6,100
ATT-007439,EMP-0132,2026-06,1/6/2026,22,22,0,0,0,0,0,0,5,0,0,100
ATT-007440,EMP-0133,2026-06,1/6/2026,22,18,0,4,0,0,0,4,3,4,0,81.82
ATT-007441,EMP-0134,2026-06,1/6/2026,22,22,0,0,0,0,0,0,3,0,0,100
ATT-007442,EMP-0135,2026-06,1/6/2026,22,22,0,0,0,0,0,0,0,0,0,100
ATT-007443,EMP-0136,2026-06,1/6/2026,22,18,0,4,0,0,0,4,0,0,16.5,81.82
ATT-007444,EMP-0137,2026-06,1/6/2026,22,21,0,1,0,0,0,1,0,4,0,95.45
ATT-007445,EMP-0138,2026-06,1/6/2026,22,22,0,0,0,0,0,0,5,0,0,100
ATT-007446,EMP-0140,2026-06,1/6/2026,22,22,0,0,0,0,0,0,0,0,0,100
ATT-007447,EMP-0141,2026-06,1/6/2026,22,22,0,0,0,0,0,0,0,0,19.5,100
ATT-007448,EMP-0142,2026-06,1/6/2026,22,22,0,0,0,0,0,0,3,1,0,100
ATT-007449,EMP-0143,2026-06,1/6/2026,22,21,1,0,0,0,0,0,6,0,9,95.45
ATT-007450,EMP-0144,2026-06,1/6/2026,22,22,0,0,0,0,0,0,3,0,23,100
ATT-007451,EMP-0145,2026-06,1/6/2026,22,19,0,0,0,3,0,3,0,0,7.5,86.36
ATT-007452,EMP-0146,2026-06,1/6/2026,22,15,0,7,0,0,0,7,3,0,8,68.18
ATT-007453,EMP-0147,2026-06,1/6/2026,22,22,0,0,0,0,0,0,0,0,5.5,100
ATT-007454,EMP-0149,2026-06,1/6/2026,22,19,0,0,0,3,0,3,6,3,0,86.36
ATT-007455,EMP-0150,2026-06,1/6/2026,22,22,0,0,0,0,0,0,6,2,13.5,100
ATT-007456,EMP-0151,2026-06,1/6/2026,22,22,0,0,0,0,0,0,3,0,0,100
ATT-007457,EMP-0152,2026-06,1/6/2026,22,22,0,0,0,0,0,0,0,0,0,100
ATT-007458,EMP-0153,2026-06,1/6/2026,22,21,1,0,0,0,0,0,2,0,0,95.45
ATT-007459,EMP-0154,2026-06,1/6/2026,22,22,0,0,0,0,0,0,0,0,0,100
ATT-007460,EMP-0155,2026-06,1/6/2026,22,22,0,0,0,0,0,0,0,0,0,100
ATT-007461,EMP-0156,2026-06,1/6/2026,22,22,0,0,0,0,0,0,2,0,23.5,100
ATT-007462,EMP-0157,2026-06,1/6/2026,22,20,2,0,0,0,0,0,0,0,22.5,90.91
ATT-007463,EMP-0158,2026-06,1/6/2026,22,22,0,0,0,0,0,0,3,1,20,100
ATT-007464,EMP-0159,2026-06,1/6/2026,22,22,0,0,0,0,0,0,1,0,23.5,100
ATT-007465,EMP-0160,2026-06,1/6/2026,22,22,0,0,0,0,0,0,6,0,0,100
ATT-007466,EMP-0161,2026-06,1/6/2026,22,22,0,0,0,0,0,0,6,0,0,100
ATT-007467,EMP-0162,2026-06,1/6/2026,22,18,0,0,0,4,0,4,0,0,0,81.82
ATT-007468,EMP-0163,2026-06,1/6/2026,22,17,0,0,2,3,0,5,0,0,0,77.27
ATT-007469,EMP-0164,2026-06,1/6/2026,22,18,1,0,0,0,3,3,0,0,16,81.82
ATT-007470,EMP-0165,2026-06,1/6/2026,22,22,0,0,0,0,0,0,0,0,0,100
ATT-007471,EMP-0166,2026-06,1/6/2026,22,22,0,0,0,0,0,0,5,0,13,100
ATT-007472,EMP-0167,2026-06,1/6/2026,22,22,0,0,0,0,0,0,0,0,0,100
ATT-007473,EMP-0168,2026-06,1/6/2026,22,22,0,0,0,0,0,0,0,3,0,100
ATT-007474,EMP-0169,2026-06,1/6/2026,22,22,0,0,0,0,0,0,0,0,0,100
ATT-007475,EMP-0170,2026-06,1/6/2026,22,22,0,0,0,0,0,0,4,0,18,100
ATT-007476,EMP-0171,2026-06,1/6/2026,22,22,0,0,0,0,0,0,2,0,0,100
ATT-007477,EMP-0172,2026-06,1/6/2026,22,11,0,9,2,0,0,11,0,0,12,50
ATT-007478,EMP-0173,2026-06,1/6/2026,22,14,0,8,0,0,0,8,0,0,0,63.64
ATT-007479,EMP-0174,2026-06,1/6/2026,22,22,0,0,0,0,0,0,5,0,6.5,100
ATT-007480,EMP-0175,2026-06,1/6/2026,22,22,0,0,0,0,0,0,2,0,0,100
ATT-007481,EMP-0176,2026-06,1/6/2026,22,22,0,0,0,0,0,0,0,0,13.5,100
ATT-007482,EMP-0177,2026-06,1/6/2026,22,22,0,0,0,0,0,0,1,0,0,100
ATT-007483,EMP-0178,2026-06,1/6/2026,22,22,0,0,0,0,0,0,0,0,4,100
ATT-007484,EMP-0180,2026-06,1/6/2026,22,22,0,0,0,0,0,0,0,0,0,100
ATT-007485,EMP-0181,2026-06,1/6/2026,22,22,0,0,0,0,0,0,4,0,0,100
ATT-007486,EMP-0182,2026-06,1/6/2026,22,22,0,0,0,0,0,0,0,0,0,100
ATT-007487,EMP-0183,2026-06,1/6/2026,22,22,0,0,0,0,0,0,1,0,0,100
ATT-007488,EMP-0184,2026-06,1/6/2026,22,22,0,0,0,0,0,0,3,0,0,100
ATT-007489,EMP-0185,2026-06,1/6/2026,22,22,0,0,0,0,0,0,6,0,0,100
ATT-007490,EMP-0186,2026-06,1/6/2026,22,11,1,8,2,0,0,10,0,0,0,50
ATT-007491,EMP-0187,2026-06,1/6/2026,22,16,0,6,0,0,0,6,0,0,21,72.73
ATT-007492,EMP-0188,2026-06,1/6/2026,22,16,0,4,2,0,0,6,0,0,0,72.73
ATT-007493,EMP-0189,2026-06,1/6/2026,22,20,0,2,0,0,0,2,4,0,0,90.91
ATT-007494,EMP-0190,2026-06,1/6/2026,22,22,0,0,0,0,0,0,0,0,0,100
ATT-007495,EMP-0191,2026-06,1/6/2026,22,22,0,0,0,0,0,0,0,0,0,100
ATT-007496,EMP-0192,2026-06,1/6/2026,22,21,0,0,0,0,1,1,0,0,11.5,95.45
ATT-007497,EMP-0193,2026-06,1/6/2026,22,22,0,0,0,0,0,0,3,0,0,100
ATT-007498,EMP-0194,2026-06,1/6/2026,22,22,0,0,0,0,0,0,0,0,0,100
ATT-007499,EMP-0195,2026-06,1/6/2026,22,16,0,6,0,0,0,6,5,0,0,72.73
ATT-007500,EMP-0196,2026-06,1/6/2026,22,22,0,0,0,0,0,0,0,1,5,100
ATT-007501,EMP-0197,2026-06,1/6/2026,22,22,0,0,0,0,0,0,0,0,11.5,100
ATT-007502,EMP-0198,2026-06,1/6/2026,22,22,0,0,0,0,0,0,0,0,4,100
ATT-007503,EMP-0199,2026-06,1/6/2026,22,13,0,9,0,0,0,9,3,0,0,59.09
ATT-007504,EMP-0200,2026-06,1/6/2026,22,17,2,0,3,0,0,3,1,0,14.5,77.27
ATT-007505,EMP-0201,2026-06,1/6/2026,22,16,0,6,0,0,0,6,6,0,0,72.73
ATT-007506,EMP-0202,2026-06,1/6/2026,22,22,0,0,0,0,0,0,0,0,18.5,100
ATT-007507,EMP-0203,2026-06,1/6/2026,22,22,0,0,0,0,0,0,0,0,0,100
ATT-007508,EMP-0205,2026-06,1/6/2026,22,22,0,0,0,0,0,0,0,0,0,100
ATT-007509,EMP-0206,2026-06,1/6/2026,22,22,0,0,0,0,0,0,0,0,0,100
ATT-007510,EMP-0207,2026-06,1/6/2026,22,22,0,0,0,0,0,0,0,0,0,100
ATT-007511,EMP-0208,2026-06,1/6/2026,22,22,0,0,0,0,0,0,0,0,25,100
ATT-007512,EMP-0209,2026-06,1/6/2026,22,21,0,0,1,0,0,1,2,0,0,95.45
ATT-007513,EMP-0210,2026-06,1/6/2026,22,20,0,2,0,0,0,2,0,0,0,90.91
ATT-007514,EMP-0211,2026-06,1/6/2026,22,22,0,0,0,0,0,0,0,0,0,100
ATT-007515,EMP-0212,2026-06,1/6/2026,22,21,1,0,0,0,0,0,0,0,0,95.45
ATT-007516,EMP-0213,2026-06,1/6/2026,22,22,0,0,0,0,0,0,0,0,25.5,100
ATT-007517,EMP-0214,2026-06,1/6/2026,22,22,0,0,0,0,0,0,0,0,0,100
ATT-007518,EMP-0215,2026-06,1/6/2026,22,22,0,0,0,0,0,0,5,0,0,100
ATT-007519,EMP-0216,2026-06,1/6/2026,22,19,0,3,0,0,0,3,0,4,24,86.36
ATT-007520,EMP-0217,2026-06,1/6/2026,22,22,0,0,0,0,0,0,0,0,0,100
ATT-007521,EMP-0218,2026-06,1/6/2026,22,15,1,6,0,0,0,6,0,0,13,68.18
ATT-007522,EMP-0219,2026-06,1/6/2026,22,22,0,0,0,0,0,0,0,3,3,100
ATT-007523,EMP-0220,2026-06,1/6/2026,22,21,1,0,0,0,0,0,3,2,0,95.45
ATT-007524,EMP-0221,2026-06,1/6/2026,22,22,0,0,0,0,0,0,2,0,0,100
ATT-007525,EMP-0222,2026-06,1/6/2026,22,21,1,0,0,0,0,0,1,0,0,95.45
ATT-007526,EMP-0223,2026-06,1/6/2026,22,21,0,0,0,0,1,1,2,0,9,95.45
ATT-007527,EMP-0224,2026-06,1/6/2026,22,22,0,0,0,0,0,0,0,0,21.5,100
ATT-007528,EMP-0225,2026-06,1/6/2026,22,22,0,0,0,0,0,0,0,1,0,100
ATT-007529,EMP-0226,2026-06,1/6/2026,22,19,0,0,3,0,0,3,6,0,20.5,86.36
ATT-007530,EMP-0228,2026-06,1/6/2026,22,20,0,0,2,0,0,2,5,0,0,90.91
ATT-007531,EMP-0229,2026-06,1/6/2026,22,22,0,0,0,0,0,0,5,0,9.5,100
ATT-007532,EMP-0230,2026-06,1/6/2026,22,21,1,0,0,0,0,0,0,0,0,95.45
ATT-007533,EMP-0231,2026-06,1/6/2026,22,13,0,9,0,0,0,9,2,0,20,59.09
ATT-007534,EMP-0232,2026-06,1/6/2026,22,19,0,0,0,0,3,3,0,0,14.5,86.36
ATT-007535,EMP-0233,2026-06,1/6/2026,22,22,0,0,0,0,0,0,0,4,17,100
ATT-007536,EMP-0234,2026-06,1/6/2026,22,22,0,0,0,0,0,0,4,3,5.5,100
ATT-007537,EMP-0236,2026-06,1/6/2026,22,22,0,0,0,0,0,0,0,2,0,100
ATT-007538,EMP-0237,2026-06,1/6/2026,22,22,0,0,0,0,0,0,0,3,0,100
ATT-007539,EMP-0238,2026-06,1/6/2026,22,16,0,6,0,0,0,6,0,0,0,72.73
ATT-007540,EMP-0239,2026-06,1/6/2026,22,22,0,0,0,0,0,0,0,0,0,100
ATT-007541,EMP-0240,2026-06,1/6/2026,22,21,0,1,0,0,0,1,0,1,8.5,95.45
ATT-007542,EMP-0241,2026-06,1/6/2026,22,14,0,8,0,0,0,8,5,0,18,63.64
ATT-007543,EMP-0242,2026-06,1/6/2026,22,20,2,0,0,0,0,0,6,0,0,90.91
ATT-007544,EMP-0243,2026-06,1/6/2026,22,22,0,0,0,0,0,0,0,0,0,100
ATT-007545,EMP-0244,2026-06,1/6/2026,22,22,0,0,0,0,0,0,4,0,0,100
ATT-007546,EMP-0245,2026-06,1/6/2026,22,22,0,0,0,0,0,0,0,0,0,100
ATT-007547,EMP-0246,2026-06,1/6/2026,22,22,0,0,0,0,0,0,0,0,23.5,100
ATT-007548,EMP-0247,2026-06,1/6/2026,22,22,0,0,0,0,0,0,4,4,0,100
ATT-007549,EMP-0248,2026-06,1/6/2026,22,17,0,5,0,0,0,5,0,3,22.5,77.27
ATT-007550,EMP-0249,2026-06,1/6/2026,22,22,0,0,0,0,0,0,6,0,0,100
ATT-007551,EMP-0250,2026-06,1/6/2026,22,15,0,7,0,0,0,7,1,1,0,68.18
ATT-007552,EMP-0251,2026-06,1/6/2026,22,22,0,0,0,0,0,0,0,1,0,100
ATT-007553,EMP-0252,2026-06,1/6/2026,22,21,0,0,0,0,1,1,6,0,0,95.45
ATT-007554,EMP-0253,2026-06,1/6/2026,22,22,0,0,0,0,0,0,3,0,21.5,100
ATT-007555,EMP-0254,2026-06,1/6/2026,22,19,0,3,0,0,0,3,0,2,15,86.36
ATT-007556,EMP-0255,2026-06,1/6/2026,22,22,0,0,0,0,0,0,0,0,0,100
ATT-007557,EMP-0256,2026-06,1/6/2026,22,20,0,0,2,0,0,2,0,0,0,90.91
ATT-007558,EMP-0257,2026-06,1/6/2026,22,22,0,0,0,0,0,0,0,0,0,100
ATT-007559,EMP-0258,2026-06,1/6/2026,22,14,0,8,0,0,0,8,0,1,12,63.64
ATT-007560,EMP-0259,2026-06,1/6/2026,22,22,0,0,0,0,0,0,0,0,0,100
ATT-007561,EMP-0260,2026-06,1/6/2026,22,22,0,0,0,0,0,0,0,0,0,100
ATT-007562,EMP-0261,2026-06,1/6/2026,22,22,0,0,0,0,0,0,0,0,4,100
ATT-007563,EMP-0262,2026-06,1/6/2026,22,22,0,0,0,0,0,0,0,0,0,100
ATT-007564,EMP-0263,2026-06,1/6/2026,22,22,0,0,0,0,0,0,0,3,0,100
ATT-007565,EMP-0264,2026-06,1/6/2026,22,22,0,0,0,0,0,0,1,0,0,100
ATT-007566,EMP-0265,2026-06,1/6/2026,22,22,0,0,0,0,0,0,0,0,23,100
ATT-007567,EMP-0266,2026-06,1/6/2026,22,22,0,0,0,0,0,0,5,0,25.5,100
ATT-007568,EMP-0267,2026-06,1/6/2026,22,15,0,7,0,0,0,7,0,0,0,68.18
ATT-007569,EMP-0268,2026-06,1/6/2026,22,22,0,0,0,0,0,0,0,0,0,100
ATT-007570,EMP-0269,2026-06,1/6/2026,22,22,0,0,0,0,0,0,0,0,19.5,100
ATT-007571,EMP-0270,2026-06,1/6/2026,22,22,0,0,0,0,0,0,0,0,0,100
ATT-007572,EMP-0271,2026-06,1/6/2026,22,22,0,0,0,0,0,0,0,0,0,100
ATT-007573,EMP-0272,2026-06,1/6/2026,22,22,0,0,0,0,0,0,0,0,0,100
ATT-007574,EMP-0274,2026-06,1/6/2026,22,21,1,0,0,0,0,0,0,0,0,95.45
ATT-007575,EMP-0275,2026-06,1/6/2026,22,22,0,0,0,0,0,0,3,0,0,100
ATT-007576,EMP-0276,2026-06,1/6/2026,22,22,0,0,0,0,0,0,0,0,17,100
ATT-007577,EMP-0277,2026-06,1/6/2026,22,15,0,7,0,0,0,7,6,0,0,68.18
ATT-007578,EMP-0278,2026-06,1/6/2026,22,22,0,0,0,0,0,0,0,1,20.5,100
ATT-007579,EMP-0279,2026-06,1/6/2026,22,22,0,0,0,0,0,0,0,3,7,100
ATT-007580,EMP-0280,2026-06,1/6/2026,22,16,0,6,0,0,0,6,0,0,0,72.73
ATT-007581,EMP-0281,2026-06,1/6/2026,22,22,0,0,0,0,0,0,0,3,13,100
ATT-007582,EMP-0282,2026-06,1/6/2026,22,22,0,0,0,0,0,0,0,0,18.5,100
ATT-007583,EMP-0283,2026-06,1/6/2026,22,21,0,0,0,0,1,1,0,1,19.5,95.45
ATT-007584,EMP-0284,2026-06,1/6/2026,22,22,0,0,0,0,0,0,6,0,0,100
ATT-007585,EMP-0285,2026-06,1/6/2026,22,18,0,4,0,0,0,4,0,0,0,81.82
ATT-007586,EMP-0286,2026-06,1/6/2026,22,22,0,0,0,0,0,0,6,0,0,100
ATT-007587,EMP-0287,2026-06,1/6/2026,22,20,0,2,0,0,0,2,0,0,6,90.91
ATT-007588,EMP-0290,2026-06,1/6/2026,22,10,2,10,0,0,0,10,1,0,15.5,45.45
ATT-007589,EMP-0292,2026-06,1/6/2026,22,19,0,0,3,0,0,3,0,4,8.5,86.36
ATT-007590,EMP-0293,2026-06,1/6/2026,22,14,0,8,0,0,0,8,1,0,16.5,63.64
ATT-007591,EMP-0294,2026-06,1/6/2026,22,22,0,0,0,0,0,0,0,0,23.5,100
ATT-007592,EMP-0295,2026-06,1/6/2026,22,15,0,7,0,0,0,7,0,0,0,68.18
ATT-007593,EMP-0296,2026-06,1/6/2026,22,20,0,2,0,0,0,2,3,0,0,90.91
ATT-007594,EMP-0297,2026-06,1/6/2026,22,20,2,0,0,0,0,0,0,4,3,90.91
ATT-007595,EMP-0298,2026-06,1/6/2026,22,21,0,1,0,0,0,1,0,0,0,95.45
ATT-007596,EMP-0299,2026-06,1/6/2026,22,22,0,0,0,0,0,0,0,1,0,100
ATT-007597,EMP-0301,2026-06,1/6/2026,22,16,0,6,0,0,0,6,1,0,0,72.73
ATT-007598,EMP-0302,2026-06,1/6/2026,22,22,0,0,0,0,0,0,0,0,0,100
ATT-007599,EMP-0303,2026-06,1/6/2026,22,20,0,2,0,0,0,2,0,0,0,90.91
ATT-007600,EMP-0305,2026-06,1/6/2026,22,22,0,0,0,0,0,0,6,0,0,100
ATT-007601,EMP-0306,2026-06,1/6/2026,22,22,0,0,0,0,0,0,4,0,19,100
ATT-007602,EMP-0307,2026-06,1/6/2026,22,22,0,0,0,0,0,0,4,0,0,100
ATT-007603,EMP-0308,2026-06,1/6/2026,22,14,0,8,0,0,0,8,2,0,0,63.64
ATT-007604,EMP-0309,2026-06,1/6/2026,22,22,0,0,0,0,0,0,0,0,0,100
ATT-007605,EMP-0310,2026-06,1/6/2026,22,22,0,0,0,0,0,0,0,0,0,100
ATT-007606,EMP-0311,2026-06,1/6/2026,22,22,0,0,0,0,0,0,0,0,0,100
ATT-007607,EMP-0312,2026-06,1/6/2026,22,22,0,0,0,0,0,0,0,0,0,100
ATT-007608,EMP-0313,2026-06,1/6/2026,22,22,0,0,0,0,0,0,6,0,0,100
ATT-007609,EMP-0314,2026-06,1/6/2026,22,22,0,0,0,0,0,0,0,0,0,100
ATT-007610,EMP-0315,2026-06,1/6/2026,22,22,0,0,0,0,0,0,0,3,0,100
ATT-007611,EMP-0316,2026-06,1/6/2026,22,22,0,0,0,0,0,0,0,0,0,100
ATT-007612,EMP-0317,2026-06,1/6/2026,22,22,0,0,0,0,0,0,0,0,25.5,100
ATT-007613,EMP-0318,2026-06,1/6/2026,22,20,0,0,2,0,0,2,0,1,0,90.91
ATT-007614,EMP-0319,2026-06,1/6/2026,22,16,0,6,0,0,0,6,3,0,11.5,72.73
ATT-007615,EMP-0320,2026-06,1/6/2026,22,22,0,0,0,0,0,0,4,0,10.5,100
ATT-007616,EMP-0321,2026-06,1/6/2026,22,22,0,0,0,0,0,0,0,0,0,100
ATT-007617,EMP-0322,2026-06,1/6/2026,22,22,0,0,0,0,0,0,0,0,0,100
ATT-007618,EMP-0323,2026-06,1/6/2026,22,20,2,0,0,0,0,0,0,0,17,90.91
ATT-007619,EMP-0324,2026-06,1/6/2026,22,22,0,0,0,0,0,0,0,0,25,100
ATT-007620,EMP-0325,2026-06,1/6/2026,22,21,0,1,0,0,0,1,0,0,0,95.45
ATT-007621,EMP-0326,2026-06,1/6/2026,22,22,0,0,0,0,0,0,4,3,10.5,100
ATT-007622,EMP-0327,2026-06,1/6/2026,22,22,0,0,0,0,0,0,0,0,0,100
ATT-007623,EMP-0328,2026-06,1/6/2026,22,20,0,0,0,0,2,2,0,0,0,90.91
ATT-007624,EMP-0329,2026-06,1/6/2026,22,20,0,2,0,0,0,2,0,0,0,90.91
ATT-007625,EMP-0330,2026-06,1/6/2026,22,21,1,0,0,0,0,0,0,0,17.5,95.45
ATT-007626,EMP-0332,2026-06,1/6/2026,22,22,0,0,0,0,0,0,2,0,4,100
ATT-007627,EMP-0333,2026-06,1/6/2026,22,22,0,0,0,0,0,0,2,1,26,100
ATT-007628,EMP-0334,2026-06,1/6/2026,22,12,1,9,0,0,0,9,2,0,0,54.55
ATT-007629,EMP-0335,2026-06,1/6/2026,22,15,0,7,0,0,0,7,0,0,14,68.18
ATT-007630,EMP-0336,2026-06,1/6/2026,22,22,0,0,0,0,0,0,0,0,20,100
ATT-007631,EMP-0337,2026-06,1/6/2026,22,21,0,0,0,0,1,1,5,0,0,95.45
ATT-007632,EMP-0338,2026-06,1/6/2026,22,22,0,0,0,0,0,0,0,0,11,100
ATT-007633,EMP-0339,2026-06,1/6/2026,22,22,0,0,0,0,0,0,0,2,15,100
ATT-007634,EMP-0340,2026-06,1/6/2026,22,17,0,3,2,0,0,5,0,0,0,77.27
ATT-007635,EMP-0341,2026-06,1/6/2026,22,19,0,0,3,0,0,3,0,0,0,86.36
ATT-007636,EMP-0342,2026-06,1/6/2026,22,20,2,0,0,0,0,0,0,0,0,90.91
ATT-007637,EMP-0344,2026-06,1/6/2026,22,22,0,0,0,0,0,0,0,0,0,100
ATT-007638,EMP-0346,2026-06,1/6/2026,22,12,0,10,0,0,0,10,0,0,13,54.55
ATT-007639,EMP-0347,2026-06,1/6/2026,22,19,0,3,0,0,0,3,0,0,5,86.36
ATT-007640,EMP-0348,2026-06,1/6/2026,22,12,0,10,0,0,0,10,0,0,0,54.55
ATT-007641,EMP-0349,2026-06,1/6/2026,22,22,0,0,0,0,0,0,0,0,3,100
ATT-007642,EMP-0352,2026-06,1/6/2026,22,22,0,0,0,0,0,0,3,0,10,100
ATT-007643,EMP-0353,2026-06,1/6/2026,22,20,0,2,0,0,0,2,5,0,20,90.91
ATT-007644,EMP-0355,2026-06,1/6/2026,22,18,0,4,0,0,0,4,0,0,0,81.82
ATT-007645,EMP-0356,2026-06,1/6/2026,22,17,0,5,0,0,0,5,0,0,0,77.27
ATT-007646,EMP-0357,2026-06,1/6/2026,22,22,0,0,0,0,0,0,0,0,0,100
ATT-007647,EMP-0358,2026-06,1/6/2026,22,22,0,0,0,0,0,0,0,0,0,100
ATT-007648,EMP-0359,2026-06,1/6/2026,22,13,0,9,0,0,0,9,0,0,9.5,59.09
ATT-007649,EMP-0360,2026-06,1/6/2026,22,19,0,0,3,0,0,3,0,0,0,86.36
ATT-007650,EMP-0361,2026-06,1/6/2026,22,22,0,0,0,0,0,0,0,0,0,100
ATT-007651,EMP-0363,2026-06,1/6/2026,22,22,0,0,0,0,0,0,0,0,0,100
ATT-007652,EMP-0364,2026-06,1/6/2026,22,21,1,0,0,0,0,0,0,1,0,95.45
ATT-007653,EMP-0365,2026-06,1/6/2026,22,17,1,4,0,0,0,4,0,0,0,77.27
ATT-007654,EMP-0366,2026-06,1/6/2026,22,21,1,0,0,0,0,0,0,0,20.5,95.45
ATT-007655,EMP-0367,2026-06,1/6/2026,22,22,0,0,0,0,0,0,0,0,0,100
ATT-007656,EMP-0368,2026-06,1/6/2026,22,20,2,0,0,0,0,0,0,0,0,90.91
ATT-007657,EMP-0369,2026-06,1/6/2026,22,20,0,0,2,0,0,2,4,2,0,90.91
ATT-007658,EMP-0370,2026-06,1/6/2026,22,12,0,10,0,0,0,10,4,0,21.5,54.55
ATT-007659,EMP-0371,2026-06,1/6/2026,22,16,0,6,0,0,0,6,0,0,14.5,72.73
ATT-007660,EMP-0373,2026-06,1/6/2026,22,22,0,0,0,0,0,0,0,0,0,100
ATT-007661,EMP-0374,2026-06,1/6/2026,22,22,0,0,0,0,0,0,0,3,12,100
ATT-007662,EMP-0375,2026-06,1/6/2026,22,22,0,0,0,0,0,0,3,2,23,100
ATT-007663,EMP-0377,2026-06,1/6/2026,22,22,0,0,0,0,0,0,0,0,0,100
ATT-007664,EMP-0378,2026-06,1/6/2026,22,19,0,0,0,0,3,3,5,0,14.5,86.36
ATT-007665,EMP-0379,2026-06,1/6/2026,22,20,2,0,0,0,0,0,0,4,0,90.91
ATT-007666,EMP-0380,2026-06,1/6/2026,22,22,0,0,0,0,0,0,5,0,0,100
ATT-007667,EMP-0381,2026-06,1/6/2026,22,22,0,0,0,0,0,0,5,0,0,100
ATT-007668,EMP-0382,2026-06,1/6/2026,22,22,0,0,0,0,0,0,0,3,0,100
ATT-007669,EMP-0383,2026-06,1/6/2026,22,22,0,0,0,0,0,0,0,0,0,100
ATT-007670,EMP-0384,2026-06,1/6/2026,22,22,0,0,0,0,0,0,2,0,5,100
ATT-007671,EMP-0385,2026-06,1/6/2026,22,22,0,0,0,0,0,0,0,0,10.5,100
ATT-007672,EMP-0386,2026-06,1/6/2026,22,15,0,7,0,0,0,7,5,0,10.5,68.18
ATT-007673,EMP-0387,2026-06,1/6/2026,22,20,1,0,1,0,0,1,0,0,0,90.91
ATT-007674,EMP-0388,2026-06,1/6/2026,22,11,0,8,0,0,3,11,0,0,13.5,50
ATT-007675,EMP-0389,2026-06,1/6/2026,22,18,0,0,0,4,0,4,4,0,12,81.82
ATT-007676,EMP-0390,2026-06,1/6/2026,22,22,0,0,0,0,0,0,0,0,0,100
ATT-007677,EMP-0391,2026-06,1/6/2026,22,22,0,0,0,0,0,0,0,0,8,100
ATT-007678,EMP-0393,2026-06,1/6/2026,22,12,0,10,0,0,0,10,0,0,0,54.55
ATT-007679,EMP-0394,2026-06,1/6/2026,22,22,0,0,0,0,0,0,0,0,0,100
ATT-007680,EMP-0395,2026-06,1/6/2026,22,22,0,0,0,0,0,0,0,0,0,100
ATT-007681,EMP-0396,2026-06,1/6/2026,22,22,0,0,0,0,0,0,6,0,0,100
ATT-007682,EMP-0397,2026-06,1/6/2026,22,22,0,0,0,0,0,0,0,0,23.5,100
ATT-007683,EMP-0398,2026-06,1/6/2026,22,22,0,0,0,0,0,0,0,3,0,100
ATT-007684,EMP-0399,2026-06,1/6/2026,22,22,0,0,0,0,0,0,1,0,0,100
ATT-007685,EMP-0400,2026-06,1/6/2026,22,22,0,0,0,0,0,0,0,4,0,100
ATT-007686,EMP-0401,2026-06,1/6/2026,22,21,1,0,0,0,0,0,0,0,8.5,95.45
ATT-007687,EMP-0402,2026-06,1/6/2026,22,21,0,1,0,0,0,1,0,0,0,95.45
ATT-007688,EMP-0403,2026-06,1/6/2026,22,15,0,7,0,0,0,7,5,0,0,68.18
ATT-007689,EMP-0404,2026-06,1/6/2026,22,13,0,9,0,0,0,9,0,0,19.5,59.09
ATT-007690,EMP-0406,2026-06,1/6/2026,22,13,0,9,0,0,0,9,0,0,9.5,59.09
ATT-007691,EMP-0407,2026-06,1/6/2026,22,22,0,0,0,0,0,0,0,3,13.5,100
ATT-007692,EMP-0409,2026-06,1/6/2026,22,15,0,7,0,0,0,7,0,0,0,68.18
ATT-007693,EMP-0410,2026-06,1/6/2026,22,12,0,9,1,0,0,10,0,4,0,54.55
ATT-007694,EMP-0411,2026-06,1/6/2026,22,22,0,0,0,0,0,0,0,0,26,100
ATT-007695,EMP-0414,2026-06,1/6/2026,22,21,0,1,0,0,0,1,0,0,0,95.45
ATT-007696,EMP-0415,2026-06,1/6/2026,22,22,0,0,0,0,0,0,0,4,0,100
ATT-007697,EMP-0416,2026-06,1/6/2026,22,21,1,0,0,0,0,0,0,0,0,95.45
ATT-007698,EMP-0417,2026-06,1/6/2026,22,22,0,0,0,0,0,0,2,0,17.5,100
ATT-007699,EMP-0418,2026-06,1/6/2026,22,22,0,0,0,0,0,0,0,1,7,100
ATT-007700,EMP-0419,2026-06,1/6/2026,22,19,0,0,0,0,3,3,0,0,0,86.36
ATT-007701,EMP-0420,2026-06,1/6/2026,22,17,0,3,0,2,0,5,4,1,7.5,77.27
ATT-007702,EMP-0422,2026-06,1/6/2026,22,20,0,0,0,0,2,2,0,0,0,90.91
ATT-007703,EMP-0424,2026-06,1/6/2026,22,21,0,1,0,0,0,1,0,0,0,95.45
ATT-007704,EMP-0425,2026-06,1/6/2026,22,22,0,0,0,0,0,0,0,0,7,100
ATT-007705,EMP-0426,2026-06,1/6/2026,22,17,0,4,1,0,0,5,6,4,0,77.27
ATT-007706,EMP-0427,2026-06,1/6/2026,22,22,0,0,0,0,0,0,5,0,4,100
ATT-007707,EMP-0428,2026-06,1/6/2026,22,22,0,0,0,0,0,0,0,4,0,100
ATT-007708,EMP-0429,2026-06,1/6/2026,22,22,0,0,0,0,0,0,0,0,13,100
ATT-007709,EMP-0430,2026-06,1/6/2026,22,22,0,0,0,0,0,0,0,0,13.5,100
ATT-007710,EMP-0431,2026-06,1/6/2026,22,22,0,0,0,0,0,0,0,4,0,100
ATT-007711,EMP-0432,2026-06,1/6/2026,22,22,0,0,0,0,0,0,2,0,3.5,100
ATT-007712,EMP-0433,2026-06,1/6/2026,22,18,1,0,3,0,0,3,0,0,7.5,81.82
ATT-007713,EMP-0434,2026-06,1/6/2026,22,13,0,9,0,0,0,9,0,0,0,59.09
ATT-007714,EMP-0435,2026-06,1/6/2026,22,22,0,0,0,0,0,0,1,4,0,100
ATT-007715,EMP-0436,2026-06,1/6/2026,22,13,0,9,0,0,0,9,0,2,0,59.09
ATT-007716,EMP-0437,2026-06,1/6/2026,22,22,0,0,0,0,0,0,0,0,0,100
ATT-007717,EMP-0438,2026-06,1/6/2026,22,22,0,0,0,0,0,0,5,0,20,100
ATT-007718,EMP-0439,2026-06,1/6/2026,22,22,0,0,0,0,0,0,3,2,0,100
ATT-007719,EMP-0440,2026-06,1/6/2026,22,22,0,0,0,0,0,0,2,0,0,100
ATT-007720,EMP-0441,2026-06,1/6/2026,22,22,0,0,0,0,0,0,0,0,0,100
ATT-007721,EMP-0442,2026-06,1/6/2026,22,22,0,0,0,0,0,0,0,0,0,100
ATT-007722,EMP-0443,2026-06,1/6/2026,22,22,0,0,0,0,0,0,6,1,0,100
ATT-007723,EMP-0444,2026-06,1/6/2026,22,19,0,0,0,0,3,3,5,0,0,86.36
ATT-007724,EMP-0445,2026-06,1/6/2026,22,19,0,3,0,0,0,3,0,1,24.5,86.36
ATT-007725,EMP-0446,2026-06,1/6/2026,22,19,0,0,0,0,3,3,0,3,0,86.36
ATT-007726,EMP-0447,2026-06,1/6/2026,22,19,0,1,2,0,0,3,0,0,0,86.36
ATT-007727,EMP-0448,2026-06,1/6/2026,22,22,0,0,0,0,0,0,6,0,0,100
ATT-007728,EMP-0449,2026-06,1/6/2026,22,18,1,3,0,0,0,3,0,0,0,81.82
ATT-007729,EMP-0451,2026-06,1/6/2026,22,21,0,1,0,0,0,1,0,3,0,95.45
ATT-007730,EMP-0452,2026-06,1/6/2026,22,22,0,0,0,0,0,0,0,3,23,100
ATT-007731,EMP-0453,2026-06,1/6/2026,22,19,0,0,0,3,0,3,0,0,0,86.36
ATT-007732,EMP-0454,2026-06,1/6/2026,22,22,0,0,0,0,0,0,0,0,0,100
ATT-007733,EMP-0456,2026-06,1/6/2026,22,22,0,0,0,0,0,0,3,0,10.5,100
ATT-007734,EMP-0457,2026-06,1/6/2026,22,17,0,5,0,0,0,5,4,0,0,77.27
ATT-007735,EMP-0459,2026-06,1/6/2026,22,21,0,1,0,0,0,1,4,0,16,95.45
ATT-007736,EMP-0460,2026-06,1/6/2026,22,19,0,3,0,0,0,3,4,0,0,86.36
ATT-007737,EMP-0461,2026-06,1/6/2026,22,22,0,0,0,0,0,0,0,3,0,100
ATT-007738,EMP-0463,2026-06,1/6/2026,22,22,0,0,0,0,0,0,4,0,0,100
ATT-007739,EMP-0464,2026-06,1/6/2026,22,14,0,8,0,0,0,8,5,2,0,63.64
ATT-007740,EMP-0465,2026-06,1/6/2026,22,22,0,0,0,0,0,0,0,0,14,100
ATT-007741,EMP-0466,2026-06,1/6/2026,22,17,0,5,0,0,0,5,0,2,0,77.27
ATT-007742,EMP-0467,2026-06,1/6/2026,22,22,0,0,0,0,0,0,2,0,0,100
ATT-007743,EMP-0468,2026-06,1/6/2026,22,22,0,0,0,0,0,0,4,0,7,100
ATT-007744,EMP-0469,2026-06,1/6/2026,22,19,0,0,3,0,0,3,2,0,0,86.36
ATT-007745,EMP-0470,2026-06,1/6/2026,22,17,0,2,0,0,3,5,5,0,0,77.27
ATT-007746,EMP-0471,2026-06,1/6/2026,22,13,0,9,0,0,0,9,0,0,0,59.09
ATT-007747,EMP-0472,2026-06,1/6/2026,22,22,0,0,0,0,0,0,0,0,0,100
ATT-007748,EMP-0473,2026-06,1/6/2026,22,22,0,0,0,0,0,0,1,2,17,100
ATT-007749,EMP-0474,2026-06,1/6/2026,22,22,0,0,0,0,0,0,0,0,0,100
ATT-007750,EMP-0475,2026-06,1/6/2026,22,20,2,0,0,0,0,0,0,0,0,90.91
ATT-007751,EMP-0476,2026-06,1/6/2026,22,22,0,0,0,0,0,0,0,0,9.5,100
ATT-007752,EMP-0477,2026-06,1/6/2026,22,22,0,0,0,0,0,0,0,2,8,100
ATT-007753,EMP-0478,2026-06,1/6/2026,22,22,0,0,0,0,0,0,1,0,22.5,100
ATT-007754,EMP-0479,2026-06,1/6/2026,22,20,0,2,0,0,0,2,0,0,7,90.91
ATT-007755,EMP-0480,2026-06,1/6/2026,22,21,0,0,1,0,0,1,0,3,0,95.45
ATT-007756,EMP-0481,2026-06,1/6/2026,22,22,0,0,0,0,0,0,0,0,0,100
ATT-007757,EMP-0482,2026-06,1/6/2026,22,22,0,0,0,0,0,0,0,0,14.5,100
ATT-007758,EMP-0483,2026-06,1/6/2026,22,22,0,0,0,0,0,0,0,0,0,100
ATT-007759,EMP-0484,2026-06,1/6/2026,22,22,0,0,0,0,0,0,0,0,19,100
ATT-007760,EMP-0485,2026-06,1/6/2026,22,21,0,1,0,0,0,1,0,0,0,95.45
ATT-007761,EMP-0487,2026-06,1/6/2026,22,22,0,0,0,0,0,0,0,0,11.5,100
ATT-007762,EMP-0488,2026-06,1/6/2026,22,22,0,0,0,0,0,0,0,0,0,100
ATT-007763,EMP-0489,2026-06,1/6/2026,22,22,0,0,0,0,0,0,0,2,0,100
ATT-007764,EMP-0490,2026-06,1/6/2026,22,20,2,0,0,0,0,0,0,0,0,90.91
ATT-007765,EMP-0491,2026-06,1/6/2026,22,22,0,0,0,0,0,0,5,0,0,100
ATT-007766,EMP-0492,2026-06,1/6/2026,22,16,0,6,0,0,0,6,0,0,0,72.73
ATT-007767,EMP-0493,2026-06,1/6/2026,22,19,0,3,0,0,0,3,0,4,3.5,86.36
ATT-007768,EMP-0494,2026-06,1/6/2026,22,19,0,0,3,0,0,3,0,0,0,86.36
ATT-007769,EMP-0495,2026-06,1/6/2026,22,12,0,10,0,0,0,10,5,0,23,54.55
ATT-007770,EMP-0496,2026-06,1/6/2026,22,15,0,7,0,0,0,7,0,0,25,68.18
ATT-007771,EMP-0497,2026-06,1/6/2026,22,22,0,0,0,0,0,0,0,0,16,100
ATT-007772,EMP-0498,2026-06,1/6/2026,22,22,0,0,0,0,0,0,0,0,0,100
ATT-007773,EMP-0499,2026-06,1/6/2026,22,14,1,7,0,0,0,7,0,0,0,63.64
ATT-007774,EMP-0500,2026-06,1/6/2026,22,22,0,0,0,0,0,0,0,0,0,100
