payroll_id,employee_id,pay_period,pay_date,basic_salary_sar,housing_allowance_sar,transport_allowance_sar,other_allowances_sar,overtime_hours,overtime_pay_sar,gross_pay_sar,gosi_employee_sar,gosi_employer_sar,absence_deduction_sar,loan_deduction_sar,other_deductions_sar,total_deductions_sar,net_pay_sar,payment_method,currency
PAY-000001,EMP-0001,2025-01,27-01-2025,35400,8850,1200,0,0,0,45450,4314.38,5199.38,0,0,210,4524.38,40925.62,Bank Transfer,SAR
PAY-000002,EMP-0003,2025-01,27-01-2025,8700,2175,870,0,2.5,135.94,11880.94,0,217.5,0,0,0,0,11880.94,Bank Transfer,SAR
PAY-000003,EMP-0005,2025-01,27-01-2025,3450,863,345,0,0,0,4658,0,86.26,0,0,0,0,4658,Bank Transfer,SAR
PAY-000004,EMP-0006,2025-01,27-01-2025,3200,800,320,0,0,0,4320,390,470,0,0,0,390,3930,Bank Transfer,SAR
PAY-000005,EMP-0008,2025-01,27-01-2025,4650,1163,465,0,20.5,595.78,6873.78,566.77,683.03,0,0,0,566.77,6307.01,Bank Transfer,SAR
PAY-000006,EMP-0009,2025-01,27-01-2025,3800,950,380,0,25.5,605.63,5735.63,463.13,558.13,0,1950,0,2413.13,3322.5,Bank Transfer,SAR
PAY-000007,EMP-0010,2025-01,27-01-2025,29350,7338,1200,1800,0,0,39688,3577.08,4310.84,0,1350,0,4927.08,34760.92,Bank Transfer,SAR
PAY-000008,EMP-0014,2025-01,27-01-2025,9500,2375,950,0,0,0,12825,1157.81,1395.31,0,0,0,1157.81,11667.19,Bank Transfer,SAR
PAY-000009,EMP-0015,2025-01,27-01-2025,8000,2000,800,0,23,1150,11950,975,1175,0,0,0,975,10975,Bank Transfer,SAR
PAY-000010,EMP-0016,2025-01,27-01-2025,8850,2213,885,0,0,0,11948,0,221.26,0,0,0,0,11948,Bank Transfer,SAR
PAY-000011,EMP-0017,2025-01,27-01-2025,6600,1650,660,0,18.5,763.13,9673.13,0,165,594,0,0,594,9079.13,Bank Transfer,SAR
PAY-000012,EMP-0018,2025-01,27-01-2025,3350,838,335,700,0,0,5223,408.33,492.09,0,0,0,408.33,4814.67,Bank Transfer,SAR
PAY-000013,EMP-0019,2025-01,27-01-2025,4700,1175,470,1650,0,0,7995,572.81,690.31,0,0,0,572.81,7422.19,Bank Transfer,SAR
PAY-000014,EMP-0020,2025-01,27-01-2025,11450,2863,1145,0,11.5,822.97,16280.97,0,286.26,0,0,0,0,16280.97,Bank Transfer,SAR
PAY-000015,EMP-0021,2025-01,27-01-2025,8800,2200,880,0,23.5,1292.5,13172.5,1072.5,1292.5,0,0,0,1072.5,12100,Bank Transfer,SAR
PAY-000016,EMP-0022,2025-01,27-01-2025,11500,2875,1150,0,4.5,323.44,15848.44,1401.56,1689.06,0,0,0,1401.56,14446.88,Cheque,SAR
PAY-000017,EMP-0023,2025-01,27-01-2025,3400,850,340,1400,0,0,5990,0,85,0,0,0,0,5990,Bank Transfer,SAR
PAY-000018,EMP-0024,2025-01,27-01-2025,23700,5925,1200,0,0,0,30825,2888.44,3480.94,0,0,280,3168.44,27656.56,Bank Transfer,SAR
PAY-000019,EMP-0025,2025-01,27-01-2025,6000,1500,600,1700,0,0,9800,0,150,0,0,0,0,9800,Bank Transfer,SAR
PAY-000020,EMP-0026,2025-01,27-01-2025,3300,825,330,0,9.5,195.94,4650.94,402.19,484.69,0,0,0,402.19,4248.75,Bank Transfer,SAR
PAY-000021,EMP-0027,2025-01,27-01-2025,3350,838,335,0,22.5,471.09,4994.09,0,83.76,0,0,0,0,4994.09,Bank Transfer,SAR
PAY-000022,EMP-0028,2025-01,27-01-2025,9000,2250,900,1400,25.5,1434.38,14984.38,0,225,0,0,0,0,14984.38,WPS Transfer,SAR
PAY-000023,EMP-0029,2025-01,27-01-2025,3550,888,355,1750,17.5,388.28,6931.28,432.71,521.46,0,350,0,782.71,6148.57,Bank Transfer,SAR
PAY-000024,EMP-0030,2025-01,27-01-2025,4550,1138,455,0,14,398.13,6541.13,554.58,668.34,0,0,0,554.58,5986.55,Bank Transfer,SAR
PAY-000025,EMP-0031,2025-01,27-01-2025,3800,950,380,0,10.5,249.38,5379.38,463.13,558.13,0,0,0,463.13,4916.25,Bank Transfer,SAR
PAY-000026,EMP-0032,2025-01,27-01-2025,12650,3163,1200,0,2.5,197.66,17210.66,0,316.26,0,0,0,0,17210.66,Bank Transfer,SAR
PAY-000027,EMP-0034,2025-01,27-01-2025,11650,2913,1165,650,12,873.75,17251.75,0,291.26,0,0,0,0,17251.75,Bank Transfer,SAR
PAY-000028,EMP-0035,2025-01,27-01-2025,7300,1825,730,0,0,0,9855,0,182.5,328.5,0,0,328.5,9526.5,Bank Transfer,SAR
PAY-000029,EMP-0036,2025-01,27-01-2025,6950,1738,695,0,0,0,9383,847.08,1020.84,0,0,0,847.08,8535.92,Bank Transfer,SAR
PAY-000030,EMP-0037,2025-01,27-01-2025,3550,888,355,0,18,399.38,5192.38,0,88.76,0,0,230,230,4962.38,Bank Transfer,SAR
PAY-000031,EMP-0038,2025-01,27-01-2025,4400,1100,440,0,0,0,5940,0,110,0,0,0,0,5940,Bank Transfer,SAR
PAY-000032,EMP-0039,2025-01,27-01-2025,7100,1775,710,1450,21.5,954.06,11989.06,865.31,1042.81,0,0,0,865.31,11123.75,Bank Transfer,SAR
PAY-000033,EMP-0040,2025-01,27-01-2025,30000,7500,1200,0,0,0,38700,0,750,0,0,0,0,38700,Bank Transfer,SAR
PAY-000034,EMP-0041,2025-01,27-01-2025,9050,2263,905,0,5.5,311.09,12529.09,1103.02,1329.28,0,0,0,1103.02,11426.07,Bank Transfer,SAR
PAY-000035,EMP-0042,2025-01,27-01-2025,4550,1138,455,0,6,170.63,6313.63,0,113.76,0,0,0,0,6313.63,Bank Transfer,SAR
PAY-000036,EMP-0043,2025-01,27-01-2025,4450,1113,445,0,0,0,6008,0,111.26,0,0,0,0,6008,Bank Transfer,SAR
PAY-000037,EMP-0044,2025-01,27-01-2025,7600,1900,760,0,18.5,878.75,11138.75,0,190,0,0,0,0,11138.75,Bank Transfer,SAR
PAY-000038,EMP-0045,2025-01,27-01-2025,6100,1525,610,0,15.5,590.94,8825.94,0,152.5,0,0,0,0,8825.94,Bank Transfer,SAR
PAY-000039,EMP-0046,2025-01,27-01-2025,3450,863,345,0,8,172.5,4830.5,0,86.26,310.53,0,0,310.53,4519.97,Bank Transfer,SAR
PAY-000040,EMP-0047,2025-01,27-01-2025,8350,2088,835,0,21,1095.94,12368.94,1017.71,1226.46,0,0,0,1017.71,11351.23,Bank Transfer,SAR
PAY-000041,EMP-0048,2025-01,27-01-2025,21750,5438,1200,0,0,0,28388,2650.83,3194.59,0,0,0,2650.83,25737.17,Bank Transfer,SAR
PAY-000042,EMP-0049,2025-01,27-01-2025,4100,1025,410,0,0,0,5535,499.69,602.19,0,0,0,499.69,5035.31,Bank Transfer,SAR
PAY-000043,EMP-0050,2025-01,27-01-2025,3250,813,325,0,14.5,294.53,4682.53,0,81.26,585.07,0,0,585.07,4097.46,Bank Transfer,SAR
PAY-000044,EMP-0051,2025-01,27-01-2025,7700,1925,770,0,23.5,1130.94,11525.94,0,192.5,0,0,0,0,11525.94,Bank Transfer,SAR
PAY-000045,EMP-0052,2025-01,27-01-2025,4700,1175,470,0,5,146.88,6491.88,572.81,690.31,0,0,0,572.81,5919.07,Bank Transfer,SAR
PAY-000046,EMP-0053,2025-01,27-01-2025,4100,1025,410,0,12,307.5,5842.5,499.69,602.19,0,0,0,499.69,5342.81,Bank Transfer,SAR
PAY-000047,EMP-0055,2025-01,27-01-2025,4250,1063,425,500,16.5,438.28,6676.28,0,106.26,0,0,0,0,6676.28,Bank Transfer,SAR
PAY-000048,EMP-0056,2025-01,27-01-2025,4650,1163,465,1400,3,87.19,7765.19,566.77,683.03,0,800,0,1366.77,6398.42,Bank Transfer,SAR
PAY-000049,EMP-0057,2025-01,27-01-2025,4550,1138,455,0,23.5,668.28,6811.28,554.58,668.34,0,1250,0,1804.58,5006.7,Bank Transfer,SAR
PAY-000050,EMP-0058,2025-01,27-01-2025,3850,963,385,0,0,0,5198,0,96.26,0,0,0,0,5198,Bank Transfer,SAR
PAY-000051,EMP-0059,2025-01,27-01-2025,9300,2325,930,700,14,813.75,14068.75,0,232.5,837,0,400,1237,12831.75,Bank Transfer,SAR
PAY-000052,EMP-0060,2025-01,27-01-2025,4500,1125,450,0,0,0,6075,548.44,660.94,202.5,0,0,750.94,5324.06,Bank Transfer,SAR
PAY-000053,EMP-0061,2025-01,27-01-2025,4000,1000,400,0,0,0,5400,487.5,587.5,0,0,0,487.5,4912.5,Bank Transfer,SAR
PAY-000054,EMP-0062,2025-01,27-01-2025,4050,1013,405,0,25.5,645.47,6113.47,0,101.26,0,0,0,0,6113.47,Bank Transfer,SAR
PAY-000055,EMP-0064,2025-01,27-01-2025,4600,1150,460,1900,22.5,646.88,8756.88,0,115,0,1950,0,1950,6806.88,Bank Transfer,SAR
PAY-000056,EMP-0065,2025-01,27-01-2025,28650,7163,1200,0,0,0,37013,0,716.26,0,0,0,0,37013,Bank Transfer,SAR
PAY-000057,EMP-0066,2025-01,27-01-2025,3950,988,395,0,0,0,5333,0,98.76,0,0,0,0,5333,Bank Transfer,SAR
PAY-000058,EMP-0067,2025-01,27-01-2025,3450,863,345,0,8,172.5,4830.5,420.52,506.78,0,0,0,420.52,4409.98,Bank Transfer,SAR
PAY-000059,EMP-0068,2025-01,27-01-2025,3750,938,375,0,13.5,316.41,5379.41,0,93.76,0,0,0,0,5379.41,Bank Transfer,SAR
PAY-000060,EMP-0069,2025-01,27-01-2025,25850,6463,1200,1800,0,0,35313,0,646.26,0,1300,0,1300,34013,Bank Transfer,SAR
PAY-000061,EMP-0070,2025-01,27-01-2025,3700,925,370,0,11,254.38,5249.38,0,92.5,0,0,0,0,5249.38,Bank Transfer,SAR
PAY-000062,EMP-0071,2025-01,27-01-2025,7100,1775,710,0,15,665.63,10250.63,0,177.5,0,0,0,0,10250.63,Bank Transfer,SAR
PAY-000063,EMP-0072,2025-01,27-01-2025,4450,1113,445,2150,0,0,8158,0,111.26,0,0,0,0,8158,Bank Transfer,SAR
PAY-000064,EMP-0073,2025-01,27-01-2025,27600,6900,1200,0,0,0,35700,3363.75,4053.75,0,0,0,3363.75,32336.25,Bank Transfer,SAR
PAY-000065,EMP-0074,2025-01,27-01-2025,3300,825,330,0,0,0,4455,402.19,484.69,0,0,0,402.19,4052.81,Bank Transfer,SAR
PAY-000066,EMP-0079,2025-01,27-01-2025,6450,1613,645,0,9.5,382.97,9090.97,786.14,947.4,0,0,0,786.14,8304.83,Bank Transfer,SAR
PAY-000067,EMP-0080,2025-01,27-01-2025,3200,800,320,0,0,0,4320,0,80,0,0,0,0,4320,Bank Transfer,SAR
PAY-000068,EMP-0082,2025-01,27-01-2025,4000,1000,400,0,0,0,5400,0,100,0,0,0,0,5400,Bank Transfer,SAR
PAY-000069,EMP-0083,2025-01,27-01-2025,10200,2550,1020,0,2,127.5,13897.5,0,255,0,0,0,0,13897.5,Bank Transfer,SAR
PAY-000070,EMP-0084,2025-01,27-01-2025,12750,3188,1200,0,0,0,17138,0,318.76,0,0,0,0,17138,Bank Transfer,SAR
PAY-000071,EMP-0085,2025-01,27-01-2025,6100,1525,610,0,13,495.63,8730.63,0,152.5,0,0,120,120,8610.63,Bank Transfer,SAR
PAY-000072,EMP-0086,2025-01,27-01-2025,3550,888,355,0,0,0,4793,0,88.76,0,0,0,0,4793,Bank Transfer,SAR
PAY-000073,EMP-0087,2025-01,27-01-2025,25550,6388,1200,600,0,0,33738,3113.96,3752.71,0,0,0,3113.96,30624.04,Bank Transfer,SAR
PAY-000074,EMP-0088,2025-01,27-01-2025,23950,5988,1200,0,0,0,31138,2918.96,3517.71,0,0,490,3408.96,27729.04,Bank Transfer,SAR
PAY-000075,EMP-0089,2025-01,27-01-2025,20900,5225,1200,0,0,0,27325,0,522.5,3643.33,0,0,3643.33,23681.67,Bank Transfer,SAR
PAY-000076,EMP-0092,2025-01,27-01-2025,4550,1138,455,1450,14.5,412.34,8005.34,554.58,668.34,0,0,0,554.58,7450.76,Bank Transfer,SAR
PAY-000077,EMP-0093,2025-01,27-01-2025,4900,1225,490,0,4,122.5,6737.5,0,122.5,0,0,0,0,6737.5,Bank Transfer,SAR
PAY-000078,EMP-0095,2025-01,27-01-2025,18600,4650,1200,0,8,930,25380,0,465,0,0,0,0,25380,Bank Transfer,SAR
PAY-000079,EMP-0097,2025-01,27-01-2025,5050,1263,505,2050,9.5,299.84,9167.84,0,126.26,0,2400,0,2400,6767.84,Bank Transfer,SAR
PAY-000080,EMP-0098,2025-01,27-01-2025,6350,1588,635,0,13,515.94,9088.94,0,158.76,285.77,0,0,285.77,8803.17,Bank Transfer,SAR
PAY-000081,EMP-0099,2025-01,27-01-2025,11850,2963,1185,0,0,0,15998,1444.27,1740.53,0,0,0,1444.27,14553.73,Bank Transfer,SAR
PAY-000082,EMP-0100,2025-01,27-01-2025,12900,3225,1200,0,0,0,17325,0,322.5,0,0,0,0,17325,Bank Transfer,SAR
PAY-000083,EMP-0101,2025-01,27-01-2025,13000,3250,1200,0,20.5,1665.63,19115.63,1584.38,1909.38,0,0,0,1584.38,17531.25,Bank Transfer,SAR
PAY-000084,EMP-0102,2025-01,27-01-2025,4650,1163,465,0,12.5,363.28,6641.28,566.77,683.03,0,0,0,566.77,6074.51,Bank Transfer,SAR
PAY-000085,EMP-0103,2025-01,27-01-2025,5350,1338,535,0,15,501.56,7724.56,0,133.76,0,0,0,0,7724.56,Bank Transfer,SAR
PAY-000086,EMP-0104,2025-01,27-01-2025,6350,1588,635,1350,22,873.13,10796.13,773.96,932.71,0,0,0,773.96,10022.17,Bank Transfer,SAR
PAY-000087,EMP-0105,2025-01,27-01-2025,21650,5413,1200,0,0,0,28263,2638.64,3179.9,0,0,0,2638.64,25624.36,Bank Transfer,SAR
PAY-000088,EMP-0106,2025-01,27-01-2025,24950,6238,1200,0,0,0,32388,3040.83,3664.59,1079.6,350,0,4470.43,27917.57,Bank Transfer,SAR
PAY-000089,EMP-0107,2025-01,27-01-2025,26350,6588,1200,0,0,0,34138,3211.46,3870.21,0,0,0,3211.46,30926.54,Bank Transfer,SAR
PAY-000090,EMP-0108,2025-01,27-01-2025,6050,1513,605,0,24.5,926.41,9094.41,0,151.26,0,0,120,120,8974.41,Bank Transfer,SAR
PAY-000091,EMP-0112,2025-01,27-01-2025,17550,4388,1200,0,20,2193.75,25331.75,0,438.76,0,0,0,0,25331.75,Bank Transfer,SAR
PAY-000092,EMP-0113,2025-01,27-01-2025,12550,3138,1200,0,17,1333.44,18221.44,1529.58,1843.34,1125.87,0,0,2655.45,15565.99,Bank Transfer,SAR
PAY-000093,EMP-0114,2025-01,27-01-2025,11300,2825,1130,0,3,211.88,15466.88,0,282.5,0,0,0,0,15466.88,Bank Transfer,SAR
PAY-000094,EMP-0116,2025-01,27-01-2025,4550,1138,455,0,0,0,6143,0,113.76,409.53,0,0,409.53,5733.47,Bank Transfer,SAR
PAY-000095,EMP-0117,2025-01,27-01-2025,22450,5613,1200,0,0,0,29263,2736.14,3297.4,1950.87,0,0,4687.01,24575.99,Bank Transfer,SAR
PAY-000096,EMP-0118,2025-01,27-01-2025,18200,4550,1200,0,23,2616.25,26566.25,2218.13,2673.13,0,0,0,2218.13,24348.12,Bank Transfer,SAR
PAY-000097,EMP-0119,2025-01,27-01-2025,5300,1325,530,0,2.5,82.81,7237.81,0,132.5,0,0,0,0,7237.81,Bank Transfer,SAR
PAY-000098,EMP-0120,2025-01,27-01-2025,12250,3063,1200,0,0,0,16513,1493.02,1799.28,550.43,0,0,2043.45,14469.55,Bank Transfer,SAR
PAY-000099,EMP-0121,2025-01,27-01-2025,4700,1175,470,0,20.5,602.19,6947.19,0,117.5,0,0,0,0,6947.19,Bank Transfer,SAR
PAY-000100,EMP-0122,2025-01,27-01-2025,5250,1313,525,0,0,0,7088,0,131.26,0,0,0,0,7088,Bank Transfer,SAR
PAY-000101,EMP-0123,2025-01,27-01-2025,5450,1363,545,0,0,0,7358,664.27,800.53,0,1650,0,2314.27,5043.73,Bank Transfer,SAR
PAY-000102,EMP-0124,2025-01,27-01-2025,28200,7050,1200,0,0,0,36450,3436.88,4141.88,0,850,0,4286.88,32163.12,Bank Transfer,SAR
PAY-000103,EMP-0126,2025-01,27-01-2025,6100,1525,610,0,6.5,247.81,8482.81,0,152.5,0,0,0,0,8482.81,Bank Transfer,SAR
PAY-000104,EMP-0127,2025-01,27-01-2025,9350,2338,935,0,3,175.31,12798.31,0,233.76,0,0,80,80,12718.31,WPS Transfer,SAR
PAY-000105,EMP-0129,2025-01,27-01-2025,4850,1213,485,2350,17.5,530.47,9428.47,591.14,712.4,0,0,0,591.14,8837.33,Bank Transfer,SAR
PAY-000106,EMP-0130,2025-01,27-01-2025,6350,1588,635,0,5.5,218.28,8791.28,0,158.76,0,1750,0,1750,7041.28,Bank Transfer,SAR
PAY-000107,EMP-0131,2025-01,27-01-2025,20750,5188,1200,0,0,0,27138,0,518.76,0,0,0,0,27138,Bank Transfer,SAR
PAY-000108,EMP-0132,2025-01,27-01-2025,5400,1350,540,0,3.5,118.13,7408.13,658.13,793.13,0,0,0,658.13,6750,Bank Transfer,SAR
PAY-000109,EMP-0133,2025-01,27-01-2025,11850,2963,1185,0,15,1110.94,17108.94,0,296.26,0,450,0,450,16658.94,Bank Transfer,SAR
PAY-000110,EMP-0134,2025-01,27-01-2025,4750,1188,475,500,17.5,519.53,7432.53,0,118.76,0,0,0,0,7432.53,Bank Transfer,SAR
PAY-000111,EMP-0135,2025-01,27-01-2025,5700,1425,570,700,11,391.88,8786.88,0,142.5,256.5,1100,0,1356.5,7430.38,Bank Transfer,SAR
PAY-000112,EMP-0136,2025-01,27-01-2025,4850,1213,485,0,0,0,6548,0,121.26,218.27,0,0,218.27,6329.73,Bank Transfer,SAR
PAY-000113,EMP-0137,2025-01,27-01-2025,20100,5025,1200,0,0,0,26325,0,502.5,0,0,0,0,26325,Bank Transfer,SAR
PAY-000114,EMP-0138,2025-01,27-01-2025,17050,4263,1200,0,24.5,2610.78,25123.78,0,426.26,0,0,0,0,25123.78,Bank Transfer,SAR
PAY-000115,EMP-0139,2025-01,27-01-2025,9150,2288,915,0,0,0,12353,0,228.76,0,0,0,0,12353,Bank Transfer,SAR
PAY-000116,EMP-0140,2025-01,27-01-2025,10050,2513,1005,0,0,0,13568,0,251.26,0,0,0,0,13568,WPS Transfer,SAR
PAY-000117,EMP-0141,2025-01,27-01-2025,6000,1500,600,0,0,0,8100,731.25,881.25,0,0,0,731.25,7368.75,WPS Transfer,SAR
PAY-000118,EMP-0142,2025-01,27-01-2025,4900,1225,490,2200,0,0,8815,597.19,719.69,441,0,0,1038.19,7776.81,Bank Transfer,SAR
PAY-000119,EMP-0146,2025-01,27-01-2025,17050,4263,1200,0,9,959.06,23472.06,2078.02,2504.28,0,0,0,2078.02,21394.04,Bank Transfer,SAR
PAY-000120,EMP-0148,2025-01,27-01-2025,20350,5088,1200,0,10,1271.88,27909.88,0,508.76,0,0,0,0,27909.88,Bank Transfer,SAR
PAY-000121,EMP-0149,2025-01,27-01-2025,20200,5050,1200,0,18,2272.5,28722.5,2461.88,2966.88,0,0,0,2461.88,26260.62,Bank Transfer,SAR
PAY-000122,EMP-0150,2025-01,27-01-2025,17050,4263,1200,0,0,0,22513,2078.02,2504.28,0,0,0,2078.02,20434.98,Bank Transfer,SAR
PAY-000123,EMP-0151,2025-01,27-01-2025,16150,4038,1200,0,0,0,21388,1968.33,2372.09,0,0,0,1968.33,19419.67,Bank Transfer,SAR
PAY-000124,EMP-0152,2025-01,27-01-2025,21350,5338,1200,0,0,0,27888,0,533.76,0,0,0,0,27888,Bank Transfer,SAR
PAY-000125,EMP-0153,2025-01,27-01-2025,12500,3125,1200,0,20,1562.5,18387.5,1523.44,1835.94,0,0,0,1523.44,16864.06,Bank Transfer,SAR
PAY-000126,EMP-0155,2025-01,27-01-2025,28050,7013,1200,0,0,0,36263,0,701.26,0,0,0,0,36263,Bank Transfer,SAR
PAY-000127,EMP-0157,2025-01,27-01-2025,11300,2825,1130,0,6,423.75,15678.75,0,282.5,0,0,210,210,15468.75,Bank Transfer,SAR
PAY-000128,EMP-0158,2025-01,27-01-2025,4550,1138,455,0,25.5,725.16,6868.16,0,113.76,0,0,0,0,6868.16,Bank Transfer,SAR
PAY-000129,EMP-0159,2025-01,27-01-2025,4650,1163,465,0,0,0,6278,566.77,683.03,0,0,0,566.77,5711.23,Bank Transfer,SAR
PAY-000130,EMP-0160,2025-01,27-01-2025,6000,1500,600,0,0,0,8100,731.25,881.25,0,1150,0,1881.25,6218.75,Bank Transfer,SAR
PAY-000131,EMP-0161,2025-01,27-01-2025,25100,6275,1200,0,0,0,32575,3059.06,3686.56,1085.83,0,0,4144.89,28430.11,Bank Transfer,SAR
PAY-000132,EMP-0162,2025-01,27-01-2025,10350,2588,1035,0,0,0,13973,0,258.76,0,1400,0,1400,12573,Bank Transfer,SAR
PAY-000133,EMP-0163,2025-01,27-01-2025,3850,963,385,0,19.5,469.22,5667.22,469.27,565.53,0,0,0,469.27,5197.95,Bank Transfer,SAR
PAY-000134,EMP-0164,2025-01,27-01-2025,6250,1563,625,0,16.5,644.53,9082.53,761.77,918.03,0,800,0,1561.77,7520.76,Bank Transfer,SAR
PAY-000135,EMP-0167,2025-01,27-01-2025,3450,863,345,0,3,64.69,4722.69,420.52,506.78,0,0,0,420.52,4302.17,Bank Transfer,SAR
PAY-000136,EMP-0168,2025-01,27-01-2025,11900,2975,1190,0,19.5,1450.31,17515.31,0,297.5,0,0,0,0,17515.31,Bank Transfer,SAR
PAY-000137,EMP-0169,2025-01,27-01-2025,3250,813,325,2050,10,203.13,6641.13,0,81.26,292.53,0,0,292.53,6348.6,Bank Transfer,SAR
PAY-000138,EMP-0170,2025-01,27-01-2025,7550,1888,755,0,19.5,920.16,11113.16,920.21,1108.96,679.53,0,0,1599.74,9513.42,Bank Transfer,SAR
PAY-000139,EMP-0171,2025-01,27-01-2025,8550,2138,855,0,0,0,11543,0,213.76,0,0,0,0,11543,Bank Transfer,SAR
PAY-000140,EMP-0172,2025-01,27-01-2025,7650,1913,765,0,17,812.81,11140.81,932.39,1123.65,0,700,0,1632.39,9508.42,Bank Transfer,SAR
PAY-000141,EMP-0173,2025-01,27-01-2025,8850,2213,885,0,15.5,857.34,12805.34,0,221.26,0,0,540,540,12265.34,Bank Transfer,SAR
PAY-000142,EMP-0174,2025-01,27-01-2025,6300,1575,630,0,21,826.88,9331.88,767.81,925.31,0,0,130,897.81,8434.07,Bank Transfer,SAR
PAY-000143,EMP-0175,2025-01,27-01-2025,4500,1125,450,0,0,0,6075,548.44,660.94,405,0,0,953.44,5121.56,Bank Transfer,SAR
PAY-000144,EMP-0176,2025-01,27-01-2025,6100,1525,610,1350,0,0,9585,743.44,895.94,1098,0,0,1841.44,7743.56,Bank Transfer,SAR
PAY-000145,EMP-0177,2025-01,27-01-2025,4400,1100,440,0,0,0,5940,0,110,0,0,0,0,5940,Bank Transfer,SAR
PAY-000146,EMP-0178,2025-01,27-01-2025,4600,1150,460,0,15.5,445.63,6655.63,560.63,675.63,0,0,0,560.63,6095,Bank Transfer,SAR
PAY-000147,EMP-0179,2025-01,27-01-2025,4750,1188,475,1600,8,237.5,8250.5,578.96,697.71,0,0,0,578.96,7671.54,Bank Transfer,SAR
PAY-000148,EMP-0180,2025-01,27-01-2025,4600,1150,460,0,0,0,6210,0,115,0,0,0,0,6210,Cheque,SAR
PAY-000149,EMP-0182,2025-01,27-01-2025,7450,1863,745,0,0,0,10058,0,186.26,0,1200,310,1510,8548,Bank Transfer,SAR
PAY-000150,EMP-0183,2025-01,27-01-2025,4700,1175,470,0,5,146.88,6491.88,572.81,690.31,0,0,0,572.81,5919.07,Bank Transfer,SAR
PAY-000151,EMP-0184,2025-01,27-01-2025,8900,2225,890,0,20.5,1140.31,13155.31,0,222.5,0,0,0,0,13155.31,Bank Transfer,SAR
PAY-000152,EMP-0186,2025-01,27-01-2025,3250,813,325,0,20,406.25,4794.25,396.14,477.4,0,0,0,396.14,4398.11,Bank Transfer,SAR
PAY-000153,EMP-0187,2025-01,27-01-2025,7150,1788,715,0,0,0,9653,0,178.76,0,0,0,0,9653,Bank Transfer,SAR
PAY-000154,EMP-0188,2025-01,27-01-2025,8550,2138,855,0,0,0,11543,1042.08,1255.84,0,0,0,1042.08,10500.92,Bank Transfer,SAR
PAY-000155,EMP-0189,2025-01,27-01-2025,3450,863,345,0,0,0,4658,0,86.26,0,0,0,0,4658,Bank Transfer,SAR
PAY-000156,EMP-0190,2025-01,27-01-2025,4750,1188,475,0,16.5,489.84,6902.84,0,118.76,641.3,0,0,641.3,6261.54,Bank Transfer,SAR
PAY-000157,EMP-0191,2025-01,27-01-2025,3800,950,380,0,8.5,201.88,5331.88,0,95,0,0,0,0,5331.88,Bank Transfer,SAR
PAY-000158,EMP-0193,2025-01,27-01-2025,3650,913,365,0,23.5,536.09,5464.09,0,91.26,0,2300,0,2300,3164.09,Bank Transfer,SAR
PAY-000159,EMP-0194,2025-01,27-01-2025,4750,1188,475,0,0,0,6413,0,118.76,213.77,400,0,613.77,5799.23,Bank Transfer,SAR
PAY-000160,EMP-0195,2025-01,27-01-2025,6150,1538,615,0,6.5,249.84,8552.84,0,153.76,0,0,0,0,8552.84,WPS Transfer,SAR
PAY-000161,EMP-0196,2025-01,27-01-2025,8550,2138,855,0,0,0,11543,0,213.76,0,0,0,0,11543,Bank Transfer,SAR
PAY-000162,EMP-0197,2025-01,27-01-2025,12000,3000,1200,0,8,600,16800,0,300,0,2200,360,2560,14240,Bank Transfer,SAR
PAY-000163,EMP-0198,2025-01,27-01-2025,3400,850,340,2450,3,63.75,7103.75,0,85,306,0,0,306,6797.75,Bank Transfer,SAR
PAY-000164,EMP-0199,2025-01,27-01-2025,7700,1925,770,800,15,721.88,11916.88,0,192.5,0,0,290,290,11626.88,WPS Transfer,SAR
PAY-000165,EMP-0200,2025-01,27-01-2025,11500,2875,1150,0,13,934.38,16459.38,0,287.5,0,0,0,0,16459.38,Bank Transfer,SAR
PAY-000166,EMP-0201,2025-01,27-01-2025,3700,925,370,0,0,0,4995,0,92.5,0,0,0,0,4995,Bank Transfer,SAR
PAY-000167,EMP-0202,2025-01,27-01-2025,8800,2200,880,0,16,880,12760,1072.5,1292.5,0,0,0,1072.5,11687.5,Bank Transfer,SAR
PAY-000168,EMP-0203,2025-01,27-01-2025,4150,1038,415,0,0,0,5603,505.83,609.59,0,0,0,505.83,5097.17,Bank Transfer,SAR
PAY-000169,EMP-0204,2025-01,27-01-2025,4650,1163,465,500,3,87.19,6865.19,0,116.26,0,1650,0,1650,5215.19,Bank Transfer,SAR
PAY-000170,EMP-0209,2025-01,27-01-2025,3500,875,350,500,12,262.5,5487.5,0,87.5,0,900,0,900,4587.5,Bank Transfer,SAR
PAY-000171,EMP-0210,2025-01,27-01-2025,6850,1713,685,0,0,0,9248,834.89,1006.15,0,0,500,1334.89,7913.11,WPS Transfer,SAR
PAY-000172,EMP-0211,2025-01,27-01-2025,4450,1113,445,800,0,0,6808,0,111.26,0,0,0,0,6808,Bank Transfer,SAR
PAY-000173,EMP-0212,2025-01,27-01-2025,8700,2175,870,2250,0,0,13995,1060.31,1277.81,0,0,0,1060.31,12934.69,Bank Transfer,SAR
PAY-000174,EMP-0213,2025-01,27-01-2025,3650,913,365,1300,13.5,307.97,6535.97,444.89,536.15,0,0,0,444.89,6091.08,Bank Transfer,SAR
PAY-000175,EMP-0214,2025-01,27-01-2025,3250,813,325,0,9.5,192.97,4580.97,396.14,477.4,0,0,0,396.14,4184.83,Bank Transfer,SAR
PAY-000176,EMP-0215,2025-01,27-01-2025,3300,825,330,0,24,495,4950,0,82.5,0,0,0,0,4950,Bank Transfer,SAR
PAY-000177,EMP-0216,2025-01,27-01-2025,7650,1913,765,0,4,191.25,10519.25,932.39,1123.65,0,2500,0,3432.39,7086.86,Bank Transfer,SAR
PAY-000178,EMP-0217,2025-01,27-01-2025,3450,863,345,0,4.5,97.03,4755.03,0,86.26,0,0,0,0,4755.03,Bank Transfer,SAR
PAY-000179,EMP-0219,2025-01,27-01-2025,3500,875,350,0,19.5,426.56,5151.56,426.56,514.06,0,0,0,426.56,4725,Bank Transfer,SAR
PAY-000180,EMP-0220,2025-01,27-01-2025,3950,988,395,0,15,370.31,5703.31,481.46,580.21,0,0,0,481.46,5221.85,Bank Transfer,SAR
PAY-000181,EMP-0221,2025-01,27-01-2025,25950,6488,1200,2100,0,0,35738,3162.71,3811.46,0,0,0,3162.71,32575.29,Bank Transfer,SAR
PAY-000182,EMP-0222,2025-01,27-01-2025,3700,925,370,0,18,416.25,5411.25,0,92.5,666,0,0,666,4745.25,Bank Transfer,SAR
PAY-000183,EMP-0223,2025-01,27-01-2025,7500,1875,750,650,0,0,10775,0,187.5,0,0,440,440,10335,Bank Transfer,SAR
PAY-000184,EMP-0226,2025-01,27-01-2025,3350,838,335,0,9.5,198.91,4721.91,0,83.76,0,0,0,0,4721.91,Bank Transfer,SAR
PAY-000185,EMP-0227,2025-01,27-01-2025,4650,1163,465,0,21.5,624.84,6902.84,566.77,683.03,0,0,0,566.77,6336.07,Bank Transfer,SAR
PAY-000186,EMP-0228,2025-01,27-01-2025,4400,1100,440,0,20,550,6490,0,110,0,0,0,0,6490,Bank Transfer,SAR
PAY-000187,EMP-0229,2025-01,27-01-2025,3550,888,355,0,3.5,77.66,4870.66,0,88.76,0,0,0,0,4870.66,Bank Transfer,SAR
PAY-000188,EMP-0231,2025-01,27-01-2025,4450,1113,445,0,21.5,597.97,6605.97,0,111.26,0,0,0,0,6605.97,Bank Transfer,SAR
PAY-000189,EMP-0232,2025-01,27-01-2025,4300,1075,430,0,0,0,5805,0,107.5,0,1050,0,1050,4755,Bank Transfer,SAR
PAY-000190,EMP-0235,2025-01,27-01-2025,4700,1175,470,0,10,293.75,6638.75,572.81,690.31,0,0,0,572.81,6065.94,Bank Transfer,SAR
PAY-000191,EMP-0236,2025-01,27-01-2025,3250,813,325,350,0,0,4738,0,81.26,0,0,0,0,4738,Bank Transfer,SAR
PAY-000192,EMP-0237,2025-01,27-01-2025,4050,1013,405,1650,21.5,544.22,7662.22,493.64,594.9,0,0,0,493.64,7168.58,WPS Transfer,SAR
PAY-000193,EMP-0238,2025-01,27-01-2025,8750,2188,875,0,0,0,11813,0,218.76,0,0,0,0,11813,Bank Transfer,SAR
PAY-000194,EMP-0239,2025-01,27-01-2025,8650,2163,865,0,19,1027.19,12705.19,0,216.26,0,0,0,0,12705.19,Bank Transfer,SAR
PAY-000195,EMP-0240,2025-01,27-01-2025,3550,888,355,0,5,110.94,4903.94,0,88.76,0,0,0,0,4903.94,Bank Transfer,SAR
PAY-000196,EMP-0241,2025-01,27-01-2025,11250,2813,1125,0,4,281.25,15469.25,1371.14,1652.4,0,0,0,1371.14,14098.11,Bank Transfer,SAR
PAY-000197,EMP-0242,2025-01,27-01-2025,3500,875,350,900,21,459.38,6084.38,426.56,514.06,0,1400,0,1826.56,4257.82,Bank Transfer,SAR
PAY-000198,EMP-0243,2025-01,27-01-2025,3350,838,335,1500,19,397.81,6420.81,0,83.76,0,0,0,0,6420.81,Bank Transfer,SAR
PAY-000199,EMP-0244,2025-01,27-01-2025,8550,2138,855,0,5,267.19,11810.19,1042.08,1255.84,0,0,0,1042.08,10768.11,Bank Transfer,SAR
PAY-000200,EMP-0245,2025-01,27-01-2025,4100,1025,410,0,15.5,397.19,5932.19,499.69,602.19,0,0,0,499.69,5432.5,Bank Transfer,SAR
PAY-000201,EMP-0246,2025-01,27-01-2025,4600,1150,460,0,0,0,6210,560.63,675.63,0,0,0,560.63,5649.37,Bank Transfer,SAR
PAY-000202,EMP-0247,2025-01,27-01-2025,3850,963,385,700,20.5,493.28,6391.28,0,96.26,173.27,0,0,173.27,6218.01,Bank Transfer,SAR
PAY-000203,EMP-0248,2025-01,27-01-2025,8500,2125,850,0,8,425,11900,1035.94,1248.44,0,0,0,1035.94,10864.06,Bank Transfer,SAR
PAY-000204,EMP-0250,2025-01,27-01-2025,3950,988,395,0,19,469.06,5802.06,0,98.76,177.77,0,0,177.77,5624.29,Bank Transfer,SAR
PAY-000205,EMP-0252,2025-01,27-01-2025,7200,1800,720,0,15,675,10395,877.5,1057.5,0,0,0,877.5,9517.5,Bank Transfer,SAR
PAY-000206,EMP-0254,2025-01,27-01-2025,3200,800,320,0,0,0,4320,390,470,0,0,0,390,3930,Bank Transfer,SAR
PAY-000207,EMP-0256,2025-01,27-01-2025,3400,850,340,0,0,0,4590,0,85,0,0,0,0,4590,Bank Transfer,SAR
PAY-000208,EMP-0257,2025-01,27-01-2025,9150,2288,915,0,13,743.44,13096.44,0,228.76,0,2450,0,2450,10646.44,Bank Transfer,SAR
PAY-000209,EMP-0258,2025-01,27-01-2025,4400,1100,440,0,11.5,316.25,6256.25,0,110,0,0,0,0,6256.25,Bank Transfer,SAR
PAY-000210,EMP-0260,2025-01,27-01-2025,10550,2638,1055,0,0,0,14243,0,263.76,0,0,0,0,14243,Bank Transfer,SAR
PAY-000211,EMP-0261,2025-01,27-01-2025,7450,1863,745,800,24,1117.5,11975.5,0,186.26,0,1300,0,1300,10675.5,Bank Transfer,SAR
PAY-000212,EMP-0262,2025-01,27-01-2025,4450,1113,445,0,5.5,152.97,6160.97,542.39,653.65,200.27,0,0,742.66,5418.31,Bank Transfer,SAR
PAY-000213,EMP-0263,2025-01,27-01-2025,11700,2925,1170,0,0,0,15795,1425.94,1718.44,0,0,0,1425.94,14369.06,Bank Transfer,SAR
PAY-000214,EMP-0264,2025-01,27-01-2025,4500,1125,450,0,0,0,6075,548.44,660.94,202.5,0,0,750.94,5324.06,Bank Transfer,SAR
PAY-000215,EMP-0265,2025-01,27-01-2025,8850,2213,885,1100,0,0,13048,0,221.26,0,0,0,0,13048,Bank Transfer,SAR
PAY-000216,EMP-0266,2025-01,27-01-2025,8900,2225,890,0,24,1335,13350,1084.69,1307.19,0,0,0,1084.69,12265.31,Bank Transfer,SAR
PAY-000217,EMP-0267,2025-01,27-01-2025,9150,2288,915,0,22.5,1286.72,13639.72,0,228.76,0,750,0,750,12889.72,Bank Transfer,SAR
PAY-000218,EMP-0268,2025-01,27-01-2025,4300,1075,430,0,12.5,335.94,6140.94,0,107.5,0,0,0,0,6140.94,Bank Transfer,SAR
PAY-000219,EMP-0269,2025-01,27-01-2025,4450,1113,445,0,0,0,6008,0,111.26,400.53,0,0,400.53,5607.47,Bank Transfer,SAR
PAY-000220,EMP-0272,2025-01,27-01-2025,4200,1050,420,800,24.5,643.13,7113.13,0,105,0,0,0,0,7113.13,Bank Transfer,SAR
PAY-000221,EMP-0273,2025-01,27-01-2025,4750,1188,475,0,10,296.88,6709.88,578.96,697.71,0,0,0,578.96,6130.92,Bank Transfer,SAR
PAY-000222,EMP-0274,2025-01,27-01-2025,10550,2638,1055,0,22,1450.63,15693.63,0,263.76,0,0,0,0,15693.63,Bank Transfer,SAR
PAY-000223,EMP-0275,2025-01,27-01-2025,13900,3475,1200,0,22.5,1954.69,20529.69,1694.06,2041.56,0,0,540,2234.06,18295.63,Bank Transfer,SAR
PAY-000224,EMP-0277,2025-01,27-01-2025,8700,2175,870,2100,0,0,13845,1060.31,1277.81,0,0,0,1060.31,12784.69,Bank Transfer,SAR
PAY-000225,EMP-0278,2025-01,27-01-2025,10350,2588,1035,2150,0,0,16123,1261.46,1520.22,0,1100,0,2361.46,13761.54,Bank Transfer,SAR
PAY-000226,EMP-0279,2025-01,27-01-2025,10300,2575,1030,0,17,1094.38,14999.38,1255.31,1512.81,0,0,0,1255.31,13744.07,Bank Transfer,SAR
PAY-000227,EMP-0280,2025-01,27-01-2025,4350,1088,435,0,5.5,149.53,6022.53,0,108.76,391.53,0,0,391.53,5631,Bank Transfer,SAR
PAY-000228,EMP-0281,2025-01,27-01-2025,4350,1088,435,1050,21,570.94,7493.94,0,108.76,587.3,0,0,587.3,6906.64,Bank Transfer,SAR
PAY-000229,EMP-0282,2025-01,27-01-2025,8750,2188,875,0,12.5,683.59,12496.59,1066.46,1285.21,393.77,0,0,1460.23,11036.36,Bank Transfer,SAR
PAY-000230,EMP-0283,2025-01,27-01-2025,3650,913,365,0,0,0,4928,0,91.26,0,0,250,250,4678,Bank Transfer,SAR
PAY-000231,EMP-0286,2025-01,27-01-2025,3900,975,390,0,0,0,5265,0,97.5,0,0,0,0,5265,Bank Transfer,SAR
PAY-000232,EMP-0287,2025-01,27-01-2025,8850,2213,885,0,0,0,11948,0,221.26,398.27,0,0,398.27,11549.73,Bank Transfer,SAR
PAY-000233,EMP-0288,2025-01,27-01-2025,4350,1088,435,0,0,0,5873,530.21,638.96,0,0,0,530.21,5342.79,Bank Transfer,SAR
PAY-000234,EMP-0289,2025-01,27-01-2025,4650,1163,465,0,5.5,159.84,6437.84,566.77,683.03,0,0,0,566.77,5871.07,Bank Transfer,SAR
PAY-000235,EMP-0291,2025-01,27-01-2025,3950,988,395,0,0,0,5333,0,98.76,0,0,0,0,5333,Bank Transfer,SAR
PAY-000236,EMP-0292,2025-01,27-01-2025,4750,1188,475,0,2,59.38,6472.38,578.96,697.71,213.77,0,0,792.73,5679.65,Bank Transfer,SAR
PAY-000237,EMP-0293,2025-01,27-01-2025,8500,2125,850,0,0,0,11475,1035.94,1248.44,0,0,280,1315.94,10159.06,Bank Transfer,SAR
PAY-000238,EMP-0294,2025-01,27-01-2025,4400,1100,440,0,0,0,5940,536.25,646.25,0,0,0,536.25,5403.75,Bank Transfer,SAR
PAY-000239,EMP-0295,2025-01,27-01-2025,11000,2750,1100,0,18.5,1271.88,16121.88,0,275,0,0,0,0,16121.88,Bank Transfer,SAR
PAY-000240,EMP-0296,2025-01,27-01-2025,15050,3763,1200,0,14.5,1363.91,21376.91,1834.27,2210.53,0,0,0,1834.27,19542.64,WPS Transfer,SAR
PAY-000241,EMP-0297,2025-01,27-01-2025,4400,1100,440,0,0,0,5940,536.25,646.25,0,0,0,536.25,5403.75,Bank Transfer,SAR
PAY-000242,EMP-0300,2025-01,27-01-2025,12700,3175,1200,0,18.5,1468.44,18543.44,0,317.5,0,0,0,0,18543.44,Bank Transfer,SAR
PAY-000243,EMP-0303,2025-01,27-01-2025,9200,2300,920,950,6,345,13715,0,230,414,0,0,414,13301,WPS Transfer,SAR
PAY-000244,EMP-0304,2025-01,27-01-2025,11500,2875,1150,2350,6,431.25,18306.25,0,287.5,0,0,0,0,18306.25,Bank Transfer,SAR
PAY-000245,EMP-0305,2025-01,27-01-2025,3850,963,385,1100,0,0,6298,469.27,565.53,173.27,0,0,642.54,5655.46,Bank Transfer,SAR
PAY-000246,EMP-0306,2025-01,27-01-2025,4800,1200,480,0,6.5,195,6675,0,120,0,1550,0,1550,5125,Bank Transfer,SAR
PAY-000247,EMP-0307,2025-01,27-01-2025,9450,2363,945,0,0,0,12758,0,236.26,0,2050,0,2050,10708,WPS Transfer,SAR
PAY-000248,EMP-0308,2025-01,27-01-2025,10900,2725,1090,0,0,0,14715,0,272.5,0,0,0,0,14715,Bank Transfer,SAR
PAY-000249,EMP-0309,2025-01,27-01-2025,3800,950,380,0,6,142.5,5272.5,0,95,0,0,0,0,5272.5,Bank Transfer,SAR
PAY-000250,EMP-0311,2025-01,27-01-2025,15900,3975,1200,0,22.5,2235.94,23310.94,0,397.5,0,0,0,0,23310.94,Bank Transfer,SAR
PAY-000251,EMP-0312,2025-01,27-01-2025,14350,3588,1200,0,5,448.44,19586.44,0,358.76,0,0,0,0,19586.44,Bank Transfer,SAR
PAY-000252,EMP-0313,2025-01,27-01-2025,11900,2975,1190,0,0,0,16065,0,297.5,2142,0,0,2142,13923,Bank Transfer,SAR
PAY-000253,EMP-0314,2025-01,27-01-2025,3650,913,365,0,2,45.63,4973.63,444.89,536.15,0,2450,0,2894.89,2078.74,Bank Transfer,SAR
PAY-000254,EMP-0315,2025-01,27-01-2025,11600,2900,1160,0,0,0,15660,1413.75,1703.75,0,0,0,1413.75,14246.25,Bank Transfer,SAR
PAY-000255,EMP-0316,2025-01,27-01-2025,15200,3800,1200,0,0,0,20200,0,380,2020,0,0,2020,18180,Bank Transfer,SAR
PAY-000256,EMP-0318,2025-01,27-01-2025,4100,1025,410,0,13.5,345.94,5880.94,499.69,602.19,0,0,0,499.69,5381.25,Bank Transfer,SAR
PAY-000257,EMP-0320,2025-01,27-01-2025,8750,2188,875,0,0,0,11813,0,218.76,0,0,0,0,11813,Bank Transfer,SAR
PAY-000258,EMP-0321,2025-01,27-01-2025,21300,5325,1200,0,0,0,27825,2595.94,3128.44,0,0,200,2795.94,25029.06,WPS Transfer,SAR
PAY-000259,EMP-0322,2025-01,27-01-2025,8700,2175,870,0,0,0,11745,1060.31,1277.81,0,0,0,1060.31,10684.69,Bank Transfer,SAR
PAY-000260,EMP-0324,2025-01,27-01-2025,6100,1525,610,1600,5,190.63,10025.63,0,152.5,0,0,0,0,10025.63,WPS Transfer,SAR
PAY-000261,EMP-0325,2025-01,27-01-2025,11300,2825,1130,0,4,282.5,15537.5,0,282.5,0,0,0,0,15537.5,Bank Transfer,SAR
PAY-000262,EMP-0326,2025-01,27-01-2025,5000,1250,500,0,9,281.25,7031.25,0,125,0,0,0,0,7031.25,Bank Transfer,SAR
PAY-000263,EMP-0327,2025-01,27-01-2025,9400,2350,940,0,25.5,1498.13,14188.13,0,235,0,0,0,0,14188.13,WPS Transfer,SAR
PAY-000264,EMP-0328,2025-01,27-01-2025,10850,2713,1085,650,20.5,1390.16,16688.16,1322.39,1593.65,0,0,0,1322.39,15365.77,Bank Transfer,SAR
PAY-000265,EMP-0329,2025-01,27-01-2025,10700,2675,1070,0,0,0,14445,0,267.5,0,0,0,0,14445,Bank Transfer,SAR
PAY-000266,EMP-0331,2025-01,27-01-2025,11600,2900,1160,0,3.5,253.75,15913.75,0,290,0,0,0,0,15913.75,Bank Transfer,SAR
PAY-000267,EMP-0332,2025-01,27-01-2025,5350,1338,535,1050,15,501.56,8774.56,652.08,785.84,0,0,0,652.08,8122.48,Bank Transfer,SAR
PAY-000268,EMP-0333,2025-01,27-01-2025,4700,1175,470,0,0,0,6345,0,117.5,0,0,0,0,6345,Bank Transfer,SAR
PAY-000269,EMP-0334,2025-01,27-01-2025,15550,3888,1200,0,0,0,20638,0,388.76,2751.73,300,150,3201.73,17436.27,Bank Transfer,SAR
PAY-000270,EMP-0335,2025-01,27-01-2025,12650,3163,1200,0,0,0,17013,0,316.26,0,0,0,0,17013,Bank Transfer,SAR
PAY-000271,EMP-0336,2025-01,27-01-2025,5000,1250,500,0,16,500,7250,0,125,0,0,0,0,7250,Bank Transfer,SAR
PAY-000272,EMP-0337,2025-01,27-01-2025,8750,2188,875,0,11.5,628.91,12441.91,1066.46,1285.21,393.77,2350,0,3810.23,8631.68,Bank Transfer,SAR
PAY-000273,EMP-0338,2025-01,27-01-2025,11550,2888,1155,2000,10,721.88,18314.88,0,288.76,519.77,0,0,519.77,17795.11,Bank Transfer,SAR
PAY-000274,EMP-0339,2025-01,27-01-2025,12400,3100,1200,0,0,0,16700,1511.25,1821.25,556.67,0,510,2577.92,14122.08,Bank Transfer,SAR
PAY-000275,EMP-0340,2025-01,27-01-2025,11200,2800,1120,0,0,0,15120,0,280,0,0,0,0,15120,Bank Transfer,SAR
PAY-000276,EMP-0341,2025-01,27-01-2025,4900,1225,490,1050,12.5,382.81,8047.81,0,122.5,0,0,0,0,8047.81,Bank Transfer,SAR
PAY-000277,EMP-0342,2025-01,27-01-2025,8500,2125,850,0,0,0,11475,1035.94,1248.44,765,0,0,1800.94,9674.06,Bank Transfer,SAR
PAY-000278,EMP-0343,2025-01,27-01-2025,5300,1325,530,0,0,0,7155,0,132.5,0,2350,0,2350,4805,WPS Transfer,SAR
PAY-000279,EMP-0344,2025-01,27-01-2025,11000,2750,1100,0,0,0,14850,0,275,0,0,0,0,14850,Bank Transfer,SAR
PAY-000280,EMP-0345,2025-01,27-01-2025,5100,1275,510,0,0,0,6885,0,127.5,0,0,0,0,6885,Bank Transfer,SAR
PAY-000281,EMP-0347,2025-01,27-01-2025,5550,1388,555,1300,10.5,364.22,9157.22,0,138.76,0,0,0,0,9157.22,Bank Transfer,SAR
PAY-000282,EMP-0349,2025-01,27-01-2025,10850,2713,1085,0,21,1424.06,16072.06,0,271.26,0,0,300,300,15772.06,Bank Transfer,SAR
PAY-000283,EMP-0350,2025-01,27-01-2025,13050,3263,1200,0,14.5,1182.66,18695.66,1590.52,1916.78,1167.53,0,0,2758.05,15937.61,Cheque,SAR
PAY-000284,EMP-0351,2025-01,27-01-2025,14350,3588,1200,300,0,0,19438,1748.96,2107.71,0,0,0,1748.96,17689.04,Bank Transfer,SAR
PAY-000285,EMP-0352,2025-01,27-01-2025,10200,2550,1020,0,2.5,159.38,13929.38,0,255,0,0,0,0,13929.38,Bank Transfer,SAR
PAY-000286,EMP-0353,2025-01,27-01-2025,10650,2663,1065,0,11.5,765.47,15143.47,1298.02,1564.28,0,0,0,1298.02,13845.45,Bank Transfer,SAR
PAY-000287,EMP-0354,2025-01,27-01-2025,12400,3100,1200,350,0,0,17050,1511.25,1821.25,0,0,0,1511.25,15538.75,Bank Transfer,SAR
PAY-000288,EMP-0355,2025-01,27-01-2025,4700,1175,470,0,9,264.38,6609.38,0,117.5,0,0,0,0,6609.38,Bank Transfer,SAR
PAY-000289,EMP-0356,2025-01,27-01-2025,5700,1425,570,0,3,106.88,7801.88,694.69,837.19,0,850,0,1544.69,6257.19,Bank Transfer,SAR
PAY-000290,EMP-0357,2025-01,27-01-2025,12700,3175,1200,0,0,0,17075,0,317.5,0,0,0,0,17075,Bank Transfer,SAR
PAY-000291,EMP-0359,2025-01,27-01-2025,4550,1138,455,1450,17.5,497.66,8090.66,554.58,668.34,0,0,270,824.58,7266.08,Bank Transfer,SAR
PAY-000292,EMP-0360,2025-01,27-01-2025,15300,3825,1200,0,0,0,20325,0,382.5,0,0,0,0,20325,Bank Transfer,SAR
PAY-000293,EMP-0361,2025-01,27-01-2025,28350,7088,1200,0,0,0,36638,0,708.76,0,0,0,0,36638,WPS Transfer,SAR
PAY-000294,EMP-0362,2025-01,27-01-2025,7050,1763,705,2150,0,0,11668,859.27,1035.53,0,0,0,859.27,10808.73,WPS Transfer,SAR
PAY-000295,EMP-0363,2025-01,27-01-2025,6900,1725,690,0,0,0,9315,840.94,1013.44,0,0,0,840.94,8474.06,Bank Transfer,SAR
PAY-000296,EMP-0364,2025-01,27-01-2025,6050,1513,605,0,24.5,926.41,9094.41,737.39,888.65,0,0,0,737.39,8357.02,Bank Transfer,SAR
PAY-000297,EMP-0366,2025-01,27-01-2025,12100,3025,1200,0,8.5,642.81,16967.81,1474.69,1777.19,0,0,0,1474.69,15493.12,Bank Transfer,SAR
PAY-000298,EMP-0368,2025-01,27-01-2025,26850,6713,1200,0,0,0,34763,0,671.26,0,0,0,0,34763,Bank Transfer,SAR
PAY-000299,EMP-0369,2025-01,27-01-2025,7050,1763,705,0,4.5,198.28,9716.28,859.27,1035.53,0,0,0,859.27,8857.01,Bank Transfer,SAR
PAY-000300,EMP-0370,2025-01,27-01-2025,7150,1788,715,1850,12,536.25,12039.25,871.46,1050.21,0,0,0,871.46,11167.79,Bank Transfer,SAR
PAY-000301,EMP-0372,2025-01,27-01-2025,7450,1863,745,0,24.5,1140.78,11198.78,0,186.26,0,0,0,0,11198.78,Bank Transfer,SAR
PAY-000302,EMP-0373,2025-01,27-01-2025,26000,6500,1200,0,0,0,33700,3168.75,3818.75,0,0,0,3168.75,30531.25,Bank Transfer,SAR
PAY-000303,EMP-0374,2025-01,27-01-2025,8650,2163,865,0,7,378.44,12056.44,0,216.26,0,2250,0,2250,9806.44,Bank Transfer,SAR
PAY-000304,EMP-0375,2025-01,27-01-2025,9600,2400,960,0,24.5,1470,14430,0,240,1728,1600,0,3328,11102,Bank Transfer,SAR
PAY-000305,EMP-0376,2025-01,27-01-2025,26700,6675,1200,0,0,0,34575,0,667.5,0,0,0,0,34575,Bank Transfer,SAR
PAY-000306,EMP-0377,2025-01,27-01-2025,15650,3913,1200,0,17.5,1711.72,22474.72,0,391.26,1384.2,0,420,1804.2,20670.52,Bank Transfer,SAR
PAY-000307,EMP-0378,2025-01,27-01-2025,12300,3075,1200,2350,9.5,730.31,19655.31,0,307.5,0,0,0,0,19655.31,Bank Transfer,SAR
PAY-000308,EMP-0379,2025-01,27-01-2025,16750,4188,1200,0,0,0,22138,2041.46,2460.21,0,0,0,2041.46,20096.54,Bank Transfer,SAR
PAY-000309,EMP-0381,2025-01,27-01-2025,8300,2075,830,0,18.5,959.69,12164.69,1011.56,1219.06,0,1000,0,2011.56,10153.13,WPS Transfer,SAR
PAY-000310,EMP-0382,2025-01,27-01-2025,12900,3225,1200,0,15.5,1249.69,18574.69,1572.19,1894.69,0,0,0,1572.19,17002.5,Bank Transfer,SAR
PAY-000311,EMP-0383,2025-01,27-01-2025,8250,2063,825,0,7,360.94,11498.94,1005.52,1211.78,0,0,0,1005.52,10493.42,Bank Transfer,SAR
PAY-000312,EMP-0384,2025-01,27-01-2025,13550,3388,1200,1450,12.5,1058.59,20646.59,0,338.76,0,2050,0,2050,18596.59,Bank Transfer,SAR
PAY-000313,EMP-0385,2025-01,27-01-2025,6650,1663,665,0,25,1039.06,10017.06,810.52,976.78,299.27,0,0,1109.79,8907.27,WPS Transfer,SAR
PAY-000314,EMP-0387,2025-01,27-01-2025,7700,1925,770,0,0,0,10395,938.44,1130.94,0,0,0,938.44,9456.56,Bank Transfer,SAR
PAY-000315,EMP-0388,2025-01,27-01-2025,8300,2075,830,1500,0,0,12705,1011.56,1219.06,0,0,0,1011.56,11693.44,Bank Transfer,SAR
PAY-000316,EMP-0389,2025-01,27-01-2025,8650,2163,865,0,13,702.81,12380.81,0,216.26,0,0,0,0,12380.81,Bank Transfer,SAR
PAY-000317,EMP-0390,2025-01,27-01-2025,6250,1563,625,1650,0,0,10088,0,156.26,0,550,0,550,9538,Bank Transfer,SAR
PAY-000318,EMP-0391,2025-01,27-01-2025,11600,2900,1160,0,0,0,15660,1413.75,1703.75,0,0,0,1413.75,14246.25,Bank Transfer,SAR
PAY-000319,EMP-0393,2025-01,27-01-2025,8700,2175,870,0,8.5,462.19,12207.19,0,217.5,0,0,0,0,12207.19,Bank Transfer,SAR
PAY-000320,EMP-0394,2025-01,27-01-2025,11350,2838,1135,1900,2,141.88,17364.88,0,283.76,0,0,550,550,16814.88,Bank Transfer,SAR
PAY-000321,EMP-0395,2025-01,27-01-2025,26050,6513,1200,0,0,0,33763,0,651.26,0,0,0,0,33763,Bank Transfer,SAR
PAY-000322,EMP-0398,2025-01,27-01-2025,12000,3000,1200,0,21.5,1612.5,17812.5,1462.5,1762.5,0,0,0,1462.5,16350,Bank Transfer,SAR
PAY-000323,EMP-0399,2025-01,27-01-2025,5350,1338,535,750,4.5,150.47,8123.47,0,133.76,0,0,0,0,8123.47,Bank Transfer,SAR
PAY-000324,EMP-0400,2025-01,27-01-2025,5050,1263,505,0,0,0,6818,0,126.26,0,0,0,0,6818,Bank Transfer,SAR
PAY-000325,EMP-0402,2025-01,27-01-2025,13000,3250,1200,0,4,325,17775,0,325,0,0,0,0,17775,Bank Transfer,SAR
PAY-000326,EMP-0403,2025-01,27-01-2025,8750,2188,875,0,2.5,136.72,11949.72,1066.46,1285.21,0,0,0,1066.46,10883.26,Bank Transfer,SAR
PAY-000327,EMP-0405,2025-01,27-01-2025,10950,2738,1095,0,6.5,444.84,15227.84,0,273.76,0,0,0,0,15227.84,Bank Transfer,SAR
PAY-000328,EMP-0406,2025-01,27-01-2025,12400,3100,1200,0,10.5,813.75,17513.75,1511.25,1821.25,0,0,0,1511.25,16002.5,Bank Transfer,SAR
PAY-000329,EMP-0407,2025-01,27-01-2025,6150,1538,615,0,0,0,8303,0,153.76,0,0,0,0,8303,Bank Transfer,SAR
PAY-000330,EMP-0409,2025-01,27-01-2025,5450,1363,545,650,21,715.31,8723.31,664.27,800.53,0,0,0,664.27,8059.04,Bank Transfer,SAR
PAY-000331,EMP-0410,2025-01,27-01-2025,6300,1575,630,0,0,0,8505,767.81,925.31,0,0,0,767.81,7737.19,Bank Transfer,SAR
PAY-000332,EMP-0411,2025-01,27-01-2025,9350,2338,935,0,16,935,13558,1139.58,1373.34,0,0,0,1139.58,12418.42,Bank Transfer,SAR
PAY-000333,EMP-0412,2025-01,27-01-2025,6400,1600,640,0,12.5,500,9140,0,160,0,0,0,0,9140,Bank Transfer,SAR
PAY-000334,EMP-0413,2025-01,27-01-2025,11500,2875,1150,0,7.5,539.06,16064.06,1401.56,1689.06,0,0,120,1521.56,14542.5,Bank Transfer,SAR
PAY-000335,EMP-0414,2025-01,27-01-2025,6300,1575,630,0,5.5,216.56,8721.56,0,157.5,0,0,0,0,8721.56,Bank Transfer,SAR
PAY-000336,EMP-0415,2025-01,27-01-2025,5800,1450,580,0,10,362.5,8192.5,706.88,851.88,0,0,0,706.88,7485.62,Bank Transfer,SAR
PAY-000337,EMP-0416,2025-01,27-01-2025,4600,1150,460,0,6.5,186.88,6396.88,560.63,675.63,0,0,0,560.63,5836.25,Bank Transfer,SAR
PAY-000338,EMP-0417,2025-01,27-01-2025,5900,1475,590,950,22.5,829.69,9744.69,719.06,866.56,0,1300,0,2019.06,7725.63,Bank Transfer,SAR
PAY-000339,EMP-0420,2025-01,27-01-2025,4700,1175,470,0,13.5,396.56,6741.56,572.81,690.31,0,0,0,572.81,6168.75,Bank Transfer,SAR
PAY-000340,EMP-0421,2025-01,27-01-2025,12150,3038,1200,0,5.5,417.66,16805.66,1480.83,1784.59,1092.53,0,0,2573.36,14232.3,Bank Transfer,SAR
PAY-000341,EMP-0422,2025-01,27-01-2025,9200,2300,920,0,5,287.5,12707.5,1121.25,1351.25,414,0,0,1535.25,11172.25,Bank Transfer,SAR
PAY-000342,EMP-0423,2025-01,27-01-2025,10250,2563,1025,0,0,0,13838,1249.27,1505.53,0,350,0,1599.27,12238.73,Bank Transfer,SAR
PAY-000343,EMP-0424,2025-01,27-01-2025,17650,4413,1200,550,0,0,23813,2151.14,2592.4,0,0,0,2151.14,21661.86,Bank Transfer,SAR
PAY-000344,EMP-0425,2025-01,27-01-2025,5950,1488,595,0,0,0,8033,0,148.76,0,0,0,0,8033,Bank Transfer,SAR
PAY-000345,EMP-0426,2025-01,27-01-2025,29150,7288,1200,1050,0,0,38688,0,728.76,3763.8,0,0,3763.8,34924.2,Bank Transfer,SAR
PAY-000346,EMP-0427,2025-01,27-01-2025,7750,1938,775,0,0,0,10463,0,193.76,348.77,0,0,348.77,10114.23,Bank Transfer,SAR
PAY-000347,EMP-0428,2025-01,27-01-2025,10850,2713,1085,0,25.5,1729.22,16377.22,0,271.26,0,1550,0,1550,14827.22,Bank Transfer,SAR
PAY-000348,EMP-0429,2025-01,27-01-2025,8300,2075,830,0,21,1089.38,12294.38,0,207.5,373.5,0,90,463.5,11830.88,Bank Transfer,SAR
PAY-000349,EMP-0430,2025-01,27-01-2025,6400,1600,640,2250,22,880,11770,0,160,0,0,0,0,11770,WPS Transfer,SAR
PAY-000350,EMP-0432,2025-01,27-01-2025,8650,2163,865,2150,7.5,405.47,14233.47,1054.27,1270.53,0,0,0,1054.27,13179.2,Bank Transfer,SAR
PAY-000351,EMP-0433,2025-01,27-01-2025,16100,4025,1200,0,0,0,21325,0,402.5,0,0,0,0,21325,Bank Transfer,SAR
PAY-000352,EMP-0434,2025-01,27-01-2025,12250,3063,1200,0,9,689.06,17202.06,0,306.26,0,1800,0,1800,15402.06,Bank Transfer,SAR
PAY-000353,EMP-0435,2025-01,27-01-2025,8750,2188,875,0,0,0,11813,1066.46,1285.21,0,0,0,1066.46,10746.54,Bank Transfer,SAR
PAY-000354,EMP-0436,2025-01,27-01-2025,7450,1863,745,0,0,0,10058,0,186.26,335.27,0,0,335.27,9722.73,Bank Transfer,SAR
PAY-000355,EMP-0438,2025-01,27-01-2025,8900,2225,890,0,0,0,12015,0,222.5,801,0,0,801,11214,Bank Transfer,SAR
PAY-000356,EMP-0439,2025-01,27-01-2025,6250,1563,625,2300,8.5,332.03,11070.03,0,156.26,0,0,0,0,11070.03,Bank Transfer,SAR
PAY-000357,EMP-0440,2025-01,27-01-2025,6800,1700,680,0,0,0,9180,0,170,306,0,0,306,8874,Bank Transfer,SAR
PAY-000358,EMP-0441,2025-01,27-01-2025,16850,4213,1200,0,15,1579.69,23842.69,2053.64,2474.9,0,1850,260,4163.64,19679.05,Bank Transfer,SAR
PAY-000359,EMP-0442,2025-01,27-01-2025,7800,1950,780,1500,23,1121.25,13151.25,950.63,1145.63,351,0,0,1301.63,11849.62,Bank Transfer,SAR
PAY-000360,EMP-0443,2025-01,27-01-2025,9850,2463,985,0,0,0,13298,0,246.26,0,0,0,0,13298,Bank Transfer,SAR
PAY-000361,EMP-0444,2025-01,27-01-2025,8500,2125,850,0,16,850,12325,1035.94,1248.44,0,2400,0,3435.94,8889.06,Bank Transfer,SAR
PAY-000362,EMP-0445,2025-01,27-01-2025,10900,2725,1090,1000,0,0,15715,0,272.5,981,0,0,981,14734,Bank Transfer,SAR
PAY-000363,EMP-0446,2025-01,27-01-2025,11600,2900,1160,0,21.5,1558.75,17218.75,1413.75,1703.75,0,1150,0,2563.75,14655,Bank Transfer,SAR
PAY-000364,EMP-0449,2025-01,27-01-2025,6350,1588,635,850,12,476.25,9899.25,773.96,932.71,285.77,0,0,1059.73,8839.52,Bank Transfer,SAR
PAY-000365,EMP-0450,2025-01,27-01-2025,6050,1513,605,0,17.5,661.72,8829.72,0,151.26,0,0,0,0,8829.72,WPS Transfer,SAR
PAY-000366,EMP-0451,2025-01,27-01-2025,26850,6713,1200,0,0,0,34763,0,671.26,2317.53,0,210,2527.53,32235.47,Bank Transfer,SAR
PAY-000367,EMP-0452,2025-01,27-01-2025,6500,1625,650,0,3.5,142.19,8917.19,792.19,954.69,585,0,0,1377.19,7540,Bank Transfer,SAR
PAY-000368,EMP-0453,2025-01,27-01-2025,6300,1575,630,0,0,0,8505,767.81,925.31,0,1050,0,1817.81,6687.19,Bank Transfer,SAR
PAY-000369,EMP-0454,2025-01,27-01-2025,5300,1325,530,0,6,198.75,7353.75,645.94,778.44,238.5,0,0,884.44,6469.31,Bank Transfer,SAR
PAY-000370,EMP-0455,2025-01,27-01-2025,4800,1200,480,0,0,0,6480,0,120,0,0,300,300,6180,Bank Transfer,SAR
PAY-000371,EMP-0457,2025-01,27-01-2025,5050,1263,505,0,0,0,6818,615.52,741.78,0,0,0,615.52,6202.48,Bank Transfer,SAR
PAY-000372,EMP-0458,2025-01,27-01-2025,6100,1525,610,1150,6.5,247.81,9632.81,743.44,895.94,274.5,0,0,1017.94,8614.87,Bank Transfer,SAR
PAY-000373,EMP-0459,2025-01,27-01-2025,6400,1600,640,0,0,0,8640,780,940,0,0,0,780,7860,Bank Transfer,SAR
PAY-000374,EMP-0460,2025-01,27-01-2025,10050,2513,1005,0,9,565.31,14133.31,0,251.26,0,0,0,0,14133.31,Bank Transfer,SAR
PAY-000375,EMP-0461,2025-01,27-01-2025,4900,1225,490,850,23,704.38,8169.38,597.19,719.69,0,0,0,597.19,7572.19,Bank Transfer,SAR
PAY-000376,EMP-0462,2025-01,27-01-2025,5400,1350,540,1000,0,0,8290,0,135,243,0,0,243,8047,Bank Transfer,SAR
PAY-000377,EMP-0463,2025-01,27-01-2025,5850,1463,585,0,0,0,7898,0,146.26,0,950,0,950,6948,Bank Transfer,SAR
PAY-000378,EMP-0464,2025-01,27-01-2025,5800,1450,580,0,16,580,8410,706.88,851.88,0,0,0,706.88,7703.12,Bank Transfer,SAR
PAY-000379,EMP-0465,2025-01,27-01-2025,11200,2800,1120,0,13,910,16030,0,280,0,0,0,0,16030,Bank Transfer,SAR
PAY-000380,EMP-0466,2025-01,27-01-2025,11900,2975,1190,0,16.5,1227.19,17292.19,0,297.5,0,0,0,0,17292.19,WPS Transfer,SAR
PAY-000381,EMP-0467,2025-01,27-01-2025,4650,1163,465,0,10.5,305.16,6583.16,566.77,683.03,0,1900,0,2466.77,4116.39,Bank Transfer,SAR
PAY-000382,EMP-0468,2025-01,27-01-2025,11850,2963,1185,0,0,0,15998,0,296.26,0,0,0,0,15998,Bank Transfer,SAR
PAY-000383,EMP-0469,2025-01,27-01-2025,4600,1150,460,650,0,0,6860,0,115,0,0,0,0,6860,Bank Transfer,SAR
PAY-000384,EMP-0470,2025-01,27-01-2025,4600,1150,460,0,0,0,6210,0,115,0,0,0,0,6210,Bank Transfer,SAR
PAY-000385,EMP-0471,2025-01,27-01-2025,25000,6250,1200,1200,0,0,33650,3046.88,3671.88,1081.67,0,0,4128.55,29521.45,Bank Transfer,SAR
PAY-000386,EMP-0472,2025-01,27-01-2025,8600,2150,860,0,0,0,11610,1048.13,1263.13,0,0,0,1048.13,10561.87,Bank Transfer,SAR
PAY-000387,EMP-0473,2025-01,27-01-2025,8150,2038,815,0,0,0,11003,993.33,1197.09,0,0,0,993.33,10009.67,Bank Transfer,SAR
PAY-000388,EMP-0474,2025-01,27-01-2025,7700,1925,770,0,21,1010.63,11405.63,938.44,1130.94,0,0,0,938.44,10467.19,Bank Transfer,SAR
PAY-000389,EMP-0475,2025-01,27-01-2025,12800,3200,1200,1600,0,0,18800,0,320,1146.67,0,120,1266.67,17533.33,Bank Transfer,SAR
PAY-000390,EMP-0476,2025-01,27-01-2025,14600,3650,1200,0,4,365,19815,0,365,0,0,490,490,19325,Bank Transfer,SAR
PAY-000391,EMP-0478,2025-01,27-01-2025,7500,1875,750,0,7,328.13,10453.13,914.06,1101.56,0,0,0,914.06,9539.07,Bank Transfer,SAR
PAY-000392,EMP-0480,2025-01,27-01-2025,14150,3538,1200,0,0,0,18888,0,353.76,0,0,0,0,18888,Bank Transfer,SAR
PAY-000393,EMP-0481,2025-01,27-01-2025,15500,3875,1200,0,22,2131.25,22706.25,0,387.5,685.83,0,0,685.83,22020.42,Bank Transfer,SAR
PAY-000394,EMP-0482,2025-01,27-01-2025,8400,2100,840,0,12,630,11970,0,210,0,0,0,0,11970,Bank Transfer,SAR
PAY-000395,EMP-0483,2025-01,27-01-2025,8800,2200,880,0,11.5,632.5,12512.5,1072.5,1292.5,0,0,0,1072.5,11440,Bank Transfer,SAR
PAY-000396,EMP-0484,2025-01,27-01-2025,10600,2650,1060,750,22,1457.5,16517.5,1291.88,1556.88,0,0,0,1291.88,15225.62,Bank Transfer,SAR
PAY-000397,EMP-0485,2025-01,27-01-2025,10100,2525,1010,0,7,441.88,14076.88,0,252.5,0,0,0,0,14076.88,Bank Transfer,SAR
PAY-000398,EMP-0486,2025-01,27-01-2025,14700,3675,1200,0,0,0,19575,1791.56,2159.06,0,0,0,1791.56,17783.44,Bank Transfer,SAR
PAY-000399,EMP-0487,2025-01,27-01-2025,10850,2713,1085,0,20.5,1390.16,16038.16,1322.39,1593.65,0,0,0,1322.39,14715.77,Bank Transfer,SAR
PAY-000400,EMP-0488,2025-01,27-01-2025,10850,2713,1085,0,0,0,14648,0,271.26,0,0,0,0,14648,Bank Transfer,SAR
PAY-000401,EMP-0489,2025-01,27-01-2025,11700,2925,1170,2200,0,0,17995,0,292.5,0,0,0,0,17995,Bank Transfer,SAR
PAY-000402,EMP-0491,2025-01,27-01-2025,37150,9288,1200,0,0,0,47638,4527.71,5456.46,0,0,0,4527.71,43110.29,Bank Transfer,SAR
PAY-000403,EMP-0492,2025-01,27-01-2025,21700,5425,1200,0,0,0,28325,2644.69,3187.19,0,0,0,2644.69,25680.31,Bank Transfer,SAR
PAY-000404,EMP-0493,2025-01,27-01-2025,6300,1575,630,0,17.5,689.06,9194.06,0,157.5,0,0,0,0,9194.06,Bank Transfer,SAR
PAY-000405,EMP-0494,2025-01,27-01-2025,6500,1625,650,0,6,243.75,9018.75,792.19,954.69,0,0,0,792.19,8226.56,Bank Transfer,SAR
PAY-000406,EMP-0495,2025-01,27-01-2025,16800,4200,1200,0,3,315,22515,0,420,0,0,0,0,22515,Bank Transfer,SAR
PAY-000407,EMP-0497,2025-01,27-01-2025,8700,2175,870,0,19.5,1060.31,12805.31,1060.31,1277.81,0,0,0,1060.31,11745,Bank Transfer,SAR
PAY-000408,EMP-0498,2025-01,27-01-2025,12050,3013,1200,0,0,0,16263,0,301.26,542.1,0,0,542.1,15720.9,Bank Transfer,SAR
PAY-000409,EMP-0499,2025-01,27-01-2025,14750,3688,1200,0,5.5,507.03,20145.03,1797.71,2166.46,0,0,0,1797.71,18347.32,Bank Transfer,SAR
PAY-000410,EMP-0500,2025-01,27-01-2025,22250,5563,1200,450,0,0,29463,0,556.26,0,0,0,0,29463,Bank Transfer,SAR
PAY-000411,EMP-0001,2025-02,27-02-2025,35400,8850,1200,0,0,0,45450,4314.38,5199.38,0,0,0,4314.38,41135.62,Bank Transfer,SAR
PAY-000412,EMP-0003,2025-02,27-02-2025,8700,2175,870,0,18,978.75,12723.75,0,217.5,1174.5,0,0,1174.5,11549.25,Bank Transfer,SAR
PAY-000413,EMP-0005,2025-02,27-02-2025,3450,863,345,0,0,0,4658,0,86.26,0,0,0,0,4658,Bank Transfer,SAR
PAY-000414,EMP-0006,2025-02,27-02-2025,3200,800,320,0,10,200,4520,390,470,0,0,0,390,4130,Bank Transfer,SAR
PAY-000415,EMP-0008,2025-02,27-02-2025,4650,1163,465,0,0,0,6278,566.77,683.03,0,0,320,886.77,5391.23,Bank Transfer,SAR
PAY-000416,EMP-0009,2025-02,27-02-2025,3800,950,380,0,0,0,5130,463.13,558.13,0,0,0,463.13,4666.87,Bank Transfer,SAR
PAY-000417,EMP-0010,2025-02,27-02-2025,29350,7338,1200,1700,0,0,39588,3577.08,4310.84,0,0,0,3577.08,36010.92,Bank Transfer,SAR
PAY-000418,EMP-0014,2025-02,27-02-2025,9500,2375,950,1900,0,0,14725,1157.81,1395.31,0,0,0,1157.81,13567.19,Bank Transfer,SAR
PAY-000419,EMP-0015,2025-02,27-02-2025,8000,2000,800,0,16,800,11600,975,1175,0,0,0,975,10625,Bank Transfer,SAR
PAY-000420,EMP-0016,2025-02,27-02-2025,8850,2213,885,0,0,0,11948,0,221.26,0,0,0,0,11948,Bank Transfer,SAR
PAY-000421,EMP-0017,2025-02,27-02-2025,6600,1650,660,0,15.5,639.38,9549.38,0,165,0,450,0,450,9099.38,Bank Transfer,SAR
PAY-000422,EMP-0018,2025-02,27-02-2025,3350,838,335,0,0,0,4523,408.33,492.09,0,0,0,408.33,4114.67,WPS Transfer,SAR
PAY-000423,EMP-0019,2025-02,27-02-2025,4700,1175,470,0,0,0,6345,572.81,690.31,0,0,0,572.81,5772.19,Bank Transfer,SAR
PAY-000424,EMP-0020,2025-02,27-02-2025,11450,2863,1145,1000,0,0,16458,0,286.26,0,0,0,0,16458,Bank Transfer,SAR
PAY-000425,EMP-0021,2025-02,27-02-2025,8800,2200,880,0,0,0,11880,1072.5,1292.5,0,0,0,1072.5,10807.5,Bank Transfer,SAR
PAY-000426,EMP-0022,2025-02,27-02-2025,11500,2875,1150,650,12,862.5,17037.5,1401.56,1689.06,1035,2250,0,4686.56,12350.94,Bank Transfer,SAR
PAY-000427,EMP-0023,2025-02,27-02-2025,3400,850,340,0,0,0,4590,0,85,0,0,0,0,4590,Bank Transfer,SAR
PAY-000428,EMP-0024,2025-02,27-02-2025,23700,5925,1200,0,0,0,30825,2888.44,3480.94,0,0,0,2888.44,27936.56,WPS Transfer,SAR
PAY-000429,EMP-0025,2025-02,27-02-2025,6000,1500,600,1300,20,750,10150,0,150,540,0,0,540,9610,Bank Transfer,SAR
PAY-000430,EMP-0026,2025-02,27-02-2025,3300,825,330,0,15,309.38,4764.38,402.19,484.69,0,0,0,402.19,4362.19,Bank Transfer,SAR
PAY-000431,EMP-0027,2025-02,27-02-2025,3350,838,335,0,0,0,4523,0,83.76,0,650,0,650,3873,Bank Transfer,SAR
PAY-000432,EMP-0028,2025-02,27-02-2025,9000,2250,900,2000,25.5,1434.38,15584.38,0,225,0,0,0,0,15584.38,Bank Transfer,SAR
PAY-000433,EMP-0029,2025-02,27-02-2025,3550,888,355,0,0,0,4793,432.71,521.46,0,0,0,432.71,4360.29,Bank Transfer,SAR
PAY-000434,EMP-0030,2025-02,27-02-2025,4550,1138,455,0,0,0,6143,554.58,668.34,0,0,0,554.58,5588.42,Bank Transfer,SAR
PAY-000435,EMP-0031,2025-02,27-02-2025,3800,950,380,0,5.5,130.63,5260.63,463.13,558.13,0,0,0,463.13,4797.5,Bank Transfer,SAR
PAY-000436,EMP-0032,2025-02,27-02-2025,12650,3163,1200,0,0,0,17013,0,316.26,1134.2,0,0,1134.2,15878.8,Bank Transfer,SAR
PAY-000437,EMP-0034,2025-02,27-02-2025,11650,2913,1165,0,0,0,15728,0,291.26,0,0,70,70,15658,Bank Transfer,SAR
PAY-000438,EMP-0035,2025-02,27-02-2025,7300,1825,730,1100,0,0,10955,0,182.5,1642.5,0,0,1642.5,9312.5,Bank Transfer,SAR
PAY-000439,EMP-0036,2025-02,27-02-2025,6950,1738,695,0,5,217.19,9600.19,847.08,1020.84,0,0,0,847.08,8753.11,Cheque,SAR
PAY-000440,EMP-0037,2025-02,27-02-2025,3550,888,355,0,24.5,543.59,5336.59,0,88.76,319.53,0,0,319.53,5017.06,Bank Transfer,SAR
PAY-000441,EMP-0038,2025-02,27-02-2025,4400,1100,440,0,0,0,5940,0,110,0,0,0,0,5940,Bank Transfer,SAR
PAY-000442,EMP-0039,2025-02,27-02-2025,7100,1775,710,0,21,931.88,10516.88,865.31,1042.81,0,0,0,865.31,9651.57,Bank Transfer,SAR
PAY-000443,EMP-0040,2025-02,27-02-2025,30000,7500,1200,0,0,0,38700,0,750,0,0,0,0,38700,Bank Transfer,SAR
PAY-000444,EMP-0041,2025-02,27-02-2025,9050,2263,905,0,0,0,12218,1103.02,1329.28,0,750,120,1973.02,10244.98,Bank Transfer,SAR
PAY-000445,EMP-0042,2025-02,27-02-2025,4550,1138,455,0,3,85.31,6228.31,0,113.76,204.77,0,0,204.77,6023.54,WPS Transfer,SAR
PAY-000446,EMP-0043,2025-02,27-02-2025,4450,1113,445,0,0,0,6008,0,111.26,0,2300,310,2610,3398,Bank Transfer,SAR
PAY-000447,EMP-0044,2025-02,27-02-2025,7600,1900,760,0,0,0,10260,0,190,0,1850,0,1850,8410,Bank Transfer,SAR
PAY-000448,EMP-0045,2025-02,27-02-2025,6100,1525,610,0,12.5,476.56,8711.56,0,152.5,0,0,0,0,8711.56,Bank Transfer,SAR
PAY-000449,EMP-0046,2025-02,27-02-2025,3450,863,345,0,0,0,4658,0,86.26,0,0,540,540,4118,Bank Transfer,SAR
PAY-000450,EMP-0047,2025-02,27-02-2025,8350,2088,835,0,19,991.56,12264.56,1017.71,1226.46,375.77,1650,0,3043.48,9221.08,Bank Transfer,SAR
PAY-000451,EMP-0048,2025-02,27-02-2025,21750,5438,1200,500,0,0,28888,2650.83,3194.59,0,0,0,2650.83,26237.17,Bank Transfer,SAR
PAY-000452,EMP-0049,2025-02,27-02-2025,4100,1025,410,0,0,0,5535,499.69,602.19,0,0,0,499.69,5035.31,Bank Transfer,SAR
PAY-000453,EMP-0050,2025-02,27-02-2025,3250,813,325,600,0,0,4988,0,81.26,0,0,0,0,4988,Bank Transfer,SAR
PAY-000454,EMP-0051,2025-02,27-02-2025,7700,1925,770,2200,0,0,12595,0,192.5,0,0,0,0,12595,WPS Transfer,SAR
PAY-000455,EMP-0052,2025-02,27-02-2025,4700,1175,470,0,0,0,6345,572.81,690.31,423,0,530,1525.81,4819.19,Bank Transfer,SAR
PAY-000456,EMP-0053,2025-02,27-02-2025,4100,1025,410,550,23,589.38,6674.38,499.69,602.19,0,0,0,499.69,6174.69,Bank Transfer,SAR
PAY-000457,EMP-0055,2025-02,27-02-2025,4250,1063,425,1800,0,0,7538,0,106.26,0,0,0,0,7538,Bank Transfer,SAR
PAY-000458,EMP-0056,2025-02,27-02-2025,4650,1163,465,0,0,0,6278,566.77,683.03,0,0,0,566.77,5711.23,Bank Transfer,SAR
PAY-000459,EMP-0057,2025-02,27-02-2025,4550,1138,455,0,0,0,6143,554.58,668.34,0,0,0,554.58,5588.42,Bank Transfer,SAR
PAY-000460,EMP-0058,2025-02,27-02-2025,3850,963,385,0,0,0,5198,0,96.26,0,0,0,0,5198,Bank Transfer,SAR
PAY-000461,EMP-0059,2025-02,27-02-2025,9300,2325,930,0,3,174.38,12729.38,0,232.5,837,0,0,837,11892.38,Bank Transfer,SAR
PAY-000462,EMP-0060,2025-02,27-02-2025,4500,1125,450,0,0,0,6075,548.44,660.94,0,0,0,548.44,5526.56,Bank Transfer,SAR
PAY-000463,EMP-0061,2025-02,27-02-2025,4000,1000,400,0,0,0,5400,487.5,587.5,0,0,0,487.5,4912.5,Bank Transfer,SAR
PAY-000464,EMP-0062,2025-02,27-02-2025,4050,1013,405,0,0,0,5468,0,101.26,182.27,0,0,182.27,5285.73,Bank Transfer,SAR
PAY-000465,EMP-0064,2025-02,27-02-2025,4600,1150,460,0,0,0,6210,0,115,0,0,0,0,6210,Bank Transfer,SAR
PAY-000466,EMP-0065,2025-02,27-02-2025,28650,7163,1200,0,0,0,37013,0,716.26,0,0,0,0,37013,Bank Transfer,SAR
PAY-000467,EMP-0066,2025-02,27-02-2025,3950,988,395,0,0,0,5333,0,98.76,0,0,0,0,5333,Bank Transfer,SAR
PAY-000468,EMP-0067,2025-02,27-02-2025,3450,863,345,1600,0,0,6258,420.52,506.78,0,0,0,420.52,5837.48,Bank Transfer,SAR
PAY-000469,EMP-0068,2025-02,27-02-2025,3750,938,375,900,0,0,5963,0,93.76,0,0,0,0,5963,Bank Transfer,SAR
PAY-000470,EMP-0069,2025-02,27-02-2025,25850,6463,1200,0,0,0,33513,0,646.26,0,1250,0,1250,32263,Bank Transfer,SAR
PAY-000471,EMP-0070,2025-02,27-02-2025,3700,925,370,0,13.5,312.19,5307.19,0,92.5,0,0,0,0,5307.19,Bank Transfer,SAR
PAY-000472,EMP-0071,2025-02,27-02-2025,7100,1775,710,0,25.5,1131.56,10716.56,0,177.5,0,0,0,0,10716.56,Bank Transfer,SAR
PAY-000473,EMP-0072,2025-02,27-02-2025,4450,1113,445,0,20.5,570.16,6578.16,0,111.26,0,0,0,0,6578.16,Bank Transfer,SAR
PAY-000474,EMP-0073,2025-02,27-02-2025,27600,6900,1200,0,0,0,35700,3363.75,4053.75,0,0,0,3363.75,32336.25,Bank Transfer,SAR
PAY-000475,EMP-0074,2025-02,27-02-2025,3300,825,330,0,0,0,4455,402.19,484.69,0,0,0,402.19,4052.81,Bank Transfer,SAR
PAY-000476,EMP-0079,2025-02,27-02-2025,6450,1613,645,0,17.5,705.47,9413.47,786.14,947.4,0,850,0,1636.14,7777.33,Bank Transfer,SAR
PAY-000477,EMP-0080,2025-02,27-02-2025,3200,800,320,0,19.5,390,4710,0,80,0,0,0,0,4710,Bank Transfer,SAR
PAY-000478,EMP-0082,2025-02,27-02-2025,4000,1000,400,0,0,0,5400,0,100,0,0,0,0,5400,Bank Transfer,SAR
PAY-000479,EMP-0083,2025-02,27-02-2025,10200,2550,1020,0,0,0,13770,0,255,0,0,0,0,13770,Bank Transfer,SAR
PAY-000480,EMP-0084,2025-02,27-02-2025,12750,3188,1200,0,24,1912.5,19050.5,0,318.76,0,0,0,0,19050.5,Bank Transfer,SAR
PAY-000481,EMP-0085,2025-02,27-02-2025,6100,1525,610,0,17.5,667.19,8902.19,0,152.5,0,1100,0,1100,7802.19,WPS Transfer,SAR
PAY-000482,EMP-0086,2025-02,27-02-2025,3550,888,355,1850,0,0,6643,0,88.76,0,0,0,0,6643,WPS Transfer,SAR
PAY-000483,EMP-0087,2025-02,27-02-2025,25550,6388,1200,0,0,0,33138,3113.96,3752.71,0,0,0,3113.96,30024.04,Bank Transfer,SAR
PAY-000484,EMP-0088,2025-02,27-02-2025,23950,5988,1200,0,0,0,31138,2918.96,3517.71,0,0,590,3508.96,27629.04,Bank Transfer,SAR
PAY-000485,EMP-0089,2025-02,27-02-2025,20900,5225,1200,0,0,0,27325,0,522.5,0,0,0,0,27325,Bank Transfer,SAR
PAY-000486,EMP-0092,2025-02,27-02-2025,4550,1138,455,0,25.5,725.16,6868.16,554.58,668.34,0,0,0,554.58,6313.58,Bank Transfer,SAR
PAY-000487,EMP-0093,2025-02,27-02-2025,4900,1225,490,0,0,0,6615,0,122.5,0,0,0,0,6615,Bank Transfer,SAR
PAY-000488,EMP-0095,2025-02,27-02-2025,18600,4650,1200,0,17,1976.25,26426.25,0,465,0,0,0,0,26426.25,Bank Transfer,SAR
PAY-000489,EMP-0097,2025-02,27-02-2025,5050,1263,505,1350,0,0,8168,0,126.26,0,0,0,0,8168,Bank Transfer,SAR
PAY-000490,EMP-0098,2025-02,27-02-2025,6350,1588,635,0,0,0,8573,0,158.76,0,300,0,300,8273,Bank Transfer,SAR
PAY-000491,EMP-0099,2025-02,27-02-2025,11850,2963,1185,0,0,0,15998,1444.27,1740.53,0,0,0,1444.27,14553.73,Bank Transfer,SAR
PAY-000492,EMP-0100,2025-02,27-02-2025,12900,3225,1200,0,0,0,17325,0,322.5,0,1800,0,1800,15525,Bank Transfer,SAR
PAY-000493,EMP-0101,2025-02,27-02-2025,13000,3250,1200,0,0,0,17450,1584.38,1909.38,0,0,0,1584.38,15865.62,Bank Transfer,SAR
PAY-000494,EMP-0102,2025-02,27-02-2025,4650,1163,465,0,0,0,6278,566.77,683.03,0,0,0,566.77,5711.23,Bank Transfer,SAR
PAY-000495,EMP-0103,2025-02,27-02-2025,5350,1338,535,0,0,0,7223,0,133.76,0,0,0,0,7223,Bank Transfer,SAR
PAY-000496,EMP-0104,2025-02,27-02-2025,6350,1588,635,450,8.5,337.34,9360.34,773.96,932.71,0,0,0,773.96,8586.38,Bank Transfer,SAR
PAY-000497,EMP-0105,2025-02,27-02-2025,21650,5413,1200,0,4.5,608.91,28871.91,2638.64,3179.9,0,0,360,2998.64,25873.27,Bank Transfer,SAR
PAY-000498,EMP-0106,2025-02,27-02-2025,24950,6238,1200,0,0,0,32388,3040.83,3664.59,0,1250,0,4290.83,28097.17,Bank Transfer,SAR
PAY-000499,EMP-0107,2025-02,27-02-2025,26350,6588,1200,200,0,0,34338,3211.46,3870.21,0,1100,0,4311.46,30026.54,Bank Transfer,SAR
PAY-000500,EMP-0108,2025-02,27-02-2025,6050,1513,605,0,0,0,8168,0,151.26,0,0,0,0,8168,Bank Transfer,SAR
PAY-000501,EMP-0112,2025-02,27-02-2025,17550,4388,1200,0,0,0,23138,0,438.76,0,0,0,0,23138,WPS Transfer,SAR
PAY-000502,EMP-0113,2025-02,27-02-2025,12550,3138,1200,0,0,0,16888,1529.58,1843.34,1125.87,0,0,2655.45,14232.55,Bank Transfer,SAR
PAY-000503,EMP-0114,2025-02,27-02-2025,11300,2825,1130,0,8.5,600.31,15855.31,0,282.5,0,0,0,0,15855.31,Bank Transfer,SAR
PAY-000504,EMP-0116,2025-02,27-02-2025,4550,1138,455,0,0,0,6143,0,113.76,0,1000,0,1000,5143,Bank Transfer,SAR
PAY-000505,EMP-0117,2025-02,27-02-2025,22450,5613,1200,0,0,0,29263,2736.14,3297.4,1950.87,0,0,4687.01,24575.99,Bank Transfer,SAR
PAY-000506,EMP-0118,2025-02,27-02-2025,18200,4550,1200,1800,8,910,26660,2218.13,2673.13,0,0,0,2218.13,24441.87,Bank Transfer,SAR
PAY-000507,EMP-0119,2025-02,27-02-2025,5300,1325,530,0,0,0,7155,0,132.5,0,0,0,0,7155,Bank Transfer,SAR
PAY-000508,EMP-0120,2025-02,27-02-2025,12250,3063,1200,800,0,0,17313,1493.02,1799.28,0,0,0,1493.02,15819.98,Bank Transfer,SAR
PAY-000509,EMP-0121,2025-02,27-02-2025,4700,1175,470,0,0,0,6345,0,117.5,0,0,0,0,6345,Bank Transfer,SAR
PAY-000510,EMP-0122,2025-02,27-02-2025,5250,1313,525,0,0,0,7088,0,131.26,0,0,500,500,6588,WPS Transfer,SAR
PAY-000511,EMP-0123,2025-02,27-02-2025,5450,1363,545,0,0,0,7358,664.27,800.53,0,0,0,664.27,6693.73,Bank Transfer,SAR
PAY-000512,EMP-0124,2025-02,27-02-2025,28200,7050,1200,0,0,0,36450,3436.88,4141.88,0,0,0,3436.88,33013.12,Bank Transfer,SAR
PAY-000513,EMP-0126,2025-02,27-02-2025,6100,1525,610,0,0,0,8235,0,152.5,0,0,0,0,8235,Bank Transfer,SAR
PAY-000514,EMP-0127,2025-02,27-02-2025,9350,2338,935,0,21.5,1256.41,13879.41,0,233.76,0,0,0,0,13879.41,WPS Transfer,SAR
PAY-000515,EMP-0129,2025-02,27-02-2025,4850,1213,485,0,0,0,6548,591.14,712.4,0,1500,0,2091.14,4456.86,Bank Transfer,SAR
PAY-000516,EMP-0130,2025-02,27-02-2025,6350,1588,635,850,5.5,218.28,9641.28,0,158.76,0,0,0,0,9641.28,Bank Transfer,SAR
PAY-000517,EMP-0131,2025-02,27-02-2025,20750,5188,1200,0,0,0,27138,0,518.76,0,0,0,0,27138,Bank Transfer,SAR
PAY-000518,EMP-0132,2025-02,27-02-2025,5400,1350,540,0,20.5,691.88,7981.88,658.13,793.13,486,0,0,1144.13,6837.75,Bank Transfer,SAR
PAY-000519,EMP-0133,2025-02,27-02-2025,11850,2963,1185,0,0,0,15998,0,296.26,0,0,0,0,15998,Bank Transfer,SAR
PAY-000520,EMP-0134,2025-02,27-02-2025,4750,1188,475,0,0,0,6413,0,118.76,0,0,0,0,6413,Bank Transfer,SAR
PAY-000521,EMP-0135,2025-02,27-02-2025,5700,1425,570,0,20,712.5,8407.5,0,142.5,0,0,0,0,8407.5,Bank Transfer,SAR
PAY-000522,EMP-0136,2025-02,27-02-2025,4850,1213,485,0,0,0,6548,0,121.26,0,0,0,0,6548,Bank Transfer,SAR
PAY-000523,EMP-0137,2025-02,27-02-2025,20100,5025,1200,0,0,0,26325,0,502.5,0,0,0,0,26325,Bank Transfer,SAR
PAY-000524,EMP-0138,2025-02,27-02-2025,17050,4263,1200,0,0,0,22513,0,426.26,0,0,570,570,21943,Bank Transfer,SAR
PAY-000525,EMP-0139,2025-02,27-02-2025,9150,2288,915,0,24.5,1401.09,13754.09,0,228.76,823.53,0,300,1123.53,12630.56,Bank Transfer,SAR
PAY-000526,EMP-0140,2025-02,27-02-2025,10050,2513,1005,0,0,0,13568,0,251.26,0,0,0,0,13568,Bank Transfer,SAR
PAY-000527,EMP-0141,2025-02,27-02-2025,6000,1500,600,0,17,637.5,8737.5,731.25,881.25,270,0,0,1001.25,7736.25,Bank Transfer,SAR
PAY-000528,EMP-0142,2025-02,27-02-2025,4900,1225,490,0,0,0,6615,597.19,719.69,0,0,0,597.19,6017.81,Bank Transfer,SAR
PAY-000529,EMP-0146,2025-02,27-02-2025,17050,4263,1200,0,0,0,22513,2078.02,2504.28,0,0,0,2078.02,20434.98,Bank Transfer,SAR
PAY-000530,EMP-0148,2025-02,27-02-2025,20350,5088,1200,0,23,2925.31,29563.31,0,508.76,0,0,310,310,29253.31,Bank Transfer,SAR
PAY-000531,EMP-0149,2025-02,27-02-2025,20200,5050,1200,0,0,0,26450,2461.88,2966.88,881.67,0,0,3343.55,23106.45,Bank Transfer,SAR
PAY-000532,EMP-0150,2025-02,27-02-2025,17050,4263,1200,0,0,0,22513,2078.02,2504.28,0,0,0,2078.02,20434.98,Bank Transfer,SAR
PAY-000533,EMP-0151,2025-02,27-02-2025,16150,4038,1200,750,0,0,22138,1968.33,2372.09,1425.87,0,0,3394.2,18743.8,Bank Transfer,SAR
PAY-000534,EMP-0152,2025-02,27-02-2025,21350,5338,1200,0,0,0,27888,0,533.76,0,0,0,0,27888,Bank Transfer,SAR
PAY-000535,EMP-0153,2025-02,27-02-2025,12500,3125,1200,900,0,0,17725,1523.44,1835.94,0,350,0,1873.44,15851.56,Bank Transfer,SAR
PAY-000536,EMP-0155,2025-02,27-02-2025,28050,7013,1200,0,0,0,36263,0,701.26,0,0,0,0,36263,Bank Transfer,SAR
PAY-000537,EMP-0157,2025-02,27-02-2025,11300,2825,1130,1700,9,635.63,17590.63,0,282.5,0,0,0,0,17590.63,Bank Transfer,SAR
PAY-000538,EMP-0158,2025-02,27-02-2025,4550,1138,455,0,14,398.13,6541.13,0,113.76,204.77,0,0,204.77,6336.36,Bank Transfer,SAR
PAY-000539,EMP-0159,2025-02,27-02-2025,4650,1163,465,0,13.5,392.34,6670.34,566.77,683.03,0,0,0,566.77,6103.57,Bank Transfer,SAR
PAY-000540,EMP-0160,2025-02,27-02-2025,6000,1500,600,0,0,0,8100,731.25,881.25,0,0,0,731.25,7368.75,Bank Transfer,SAR
PAY-000541,EMP-0161,2025-02,27-02-2025,25100,6275,1200,1100,0,0,33675,3059.06,3686.56,3257.5,0,0,6316.56,27358.44,Bank Transfer,SAR
PAY-000542,EMP-0162,2025-02,27-02-2025,10350,2588,1035,2100,9,582.19,16655.19,0,258.76,0,0,0,0,16655.19,Bank Transfer,SAR
PAY-000543,EMP-0163,2025-02,27-02-2025,3850,963,385,0,0,0,5198,469.27,565.53,346.53,0,0,815.8,4382.2,Bank Transfer,SAR
PAY-000544,EMP-0164,2025-02,27-02-2025,6250,1563,625,800,23,898.44,10136.44,761.77,918.03,0,2050,0,2811.77,7324.67,Bank Transfer,SAR
PAY-000545,EMP-0167,2025-02,27-02-2025,3450,863,345,0,23.5,506.72,5164.72,420.52,506.78,0,0,0,420.52,4744.2,Bank Transfer,SAR
PAY-000546,EMP-0168,2025-02,27-02-2025,11900,2975,1190,0,0,0,16065,0,297.5,0,0,0,0,16065,Bank Transfer,SAR
PAY-000547,EMP-0169,2025-02,27-02-2025,3250,813,325,0,0,0,4388,0,81.26,0,0,0,0,4388,Bank Transfer,SAR
PAY-000548,EMP-0170,2025-02,27-02-2025,7550,1888,755,0,12.5,589.84,10782.84,920.21,1108.96,0,0,0,920.21,9862.63,Bank Transfer,SAR
PAY-000549,EMP-0171,2025-02,27-02-2025,8550,2138,855,0,21,1122.19,12665.19,0,213.76,0,0,0,0,12665.19,Bank Transfer,SAR
PAY-000550,EMP-0172,2025-02,27-02-2025,7650,1913,765,0,5.5,262.97,10590.97,932.39,1123.65,0,2100,0,3032.39,7558.58,Bank Transfer,SAR
PAY-000551,EMP-0173,2025-02,27-02-2025,8850,2213,885,0,21,1161.56,13109.56,0,221.26,0,0,0,0,13109.56,Bank Transfer,SAR
PAY-000552,EMP-0174,2025-02,27-02-2025,6300,1575,630,0,16.5,649.69,9154.69,767.81,925.31,0,1400,0,2167.81,6986.88,Bank Transfer,SAR
PAY-000553,EMP-0175,2025-02,27-02-2025,4500,1125,450,0,3,84.38,6159.38,548.44,660.94,405,0,0,953.44,5205.94,Bank Transfer,SAR
PAY-000554,EMP-0176,2025-02,27-02-2025,6100,1525,610,0,0,0,8235,743.44,895.94,0,0,0,743.44,7491.56,Bank Transfer,SAR
PAY-000555,EMP-0177,2025-02,27-02-2025,4400,1100,440,0,14.5,398.75,6338.75,0,110,396,0,0,396,5942.75,Bank Transfer,SAR
PAY-000556,EMP-0178,2025-02,27-02-2025,4600,1150,460,0,6.5,186.88,6396.88,560.63,675.63,0,0,0,560.63,5836.25,Bank Transfer,SAR
PAY-000557,EMP-0179,2025-02,27-02-2025,4750,1188,475,900,0,0,7313,578.96,697.71,0,0,0,578.96,6734.04,Bank Transfer,SAR
PAY-000558,EMP-0180,2025-02,27-02-2025,4600,1150,460,0,0,0,6210,0,115,207,0,0,207,6003,Bank Transfer,SAR
PAY-000559,EMP-0182,2025-02,27-02-2025,7450,1863,745,0,0,0,10058,0,186.26,0,0,0,0,10058,Bank Transfer,SAR
PAY-000560,EMP-0183,2025-02,27-02-2025,4700,1175,470,1000,15.5,455.31,7800.31,572.81,690.31,423,0,0,995.81,6804.5,Bank Transfer,SAR
PAY-000561,EMP-0184,2025-02,27-02-2025,8900,2225,890,2150,0,0,14165,0,222.5,0,0,0,0,14165,Bank Transfer,SAR
PAY-000562,EMP-0186,2025-02,27-02-2025,3250,813,325,0,15,304.69,4692.69,396.14,477.4,0,2300,0,2696.14,1996.55,Bank Transfer,SAR
PAY-000563,EMP-0187,2025-02,27-02-2025,7150,1788,715,0,17,759.69,10412.69,0,178.76,0,0,0,0,10412.69,Bank Transfer,SAR
PAY-000564,EMP-0188,2025-02,27-02-2025,8550,2138,855,0,0,0,11543,1042.08,1255.84,0,0,0,1042.08,10500.92,Bank Transfer,SAR
PAY-000565,EMP-0189,2025-02,27-02-2025,3450,863,345,2300,21.5,463.59,7421.59,0,86.26,0,0,0,0,7421.59,Bank Transfer,SAR
PAY-000566,EMP-0190,2025-02,27-02-2025,4750,1188,475,0,0,0,6413,0,118.76,0,0,0,0,6413,Cheque,SAR
PAY-000567,EMP-0191,2025-02,27-02-2025,3800,950,380,0,0,0,5130,0,95,0,2350,0,2350,2780,Bank Transfer,SAR
PAY-000568,EMP-0193,2025-02,27-02-2025,3650,913,365,0,0,0,4928,0,91.26,0,0,0,0,4928,Bank Transfer,SAR
PAY-000569,EMP-0194,2025-02,27-02-2025,4750,1188,475,0,0,0,6413,0,118.76,0,0,0,0,6413,WPS Transfer,SAR
PAY-000570,EMP-0195,2025-02,27-02-2025,6150,1538,615,0,0,0,8303,0,153.76,0,0,510,510,7793,Bank Transfer,SAR
PAY-000571,EMP-0196,2025-02,27-02-2025,8550,2138,855,700,6.5,347.34,12590.34,0,213.76,0,0,0,0,12590.34,Bank Transfer,SAR
PAY-000572,EMP-0197,2025-02,27-02-2025,12000,3000,1200,0,0,0,16200,0,300,0,0,90,90,16110,WPS Transfer,SAR
PAY-000573,EMP-0198,2025-02,27-02-2025,3400,850,340,0,0,0,4590,0,85,0,0,0,0,4590,Bank Transfer,SAR
PAY-000574,EMP-0199,2025-02,27-02-2025,7700,1925,770,0,2,96.25,10491.25,0,192.5,0,0,0,0,10491.25,Bank Transfer,SAR
PAY-000575,EMP-0200,2025-02,27-02-2025,11500,2875,1150,0,0,0,15525,0,287.5,0,0,0,0,15525,Bank Transfer,SAR
PAY-000576,EMP-0201,2025-02,27-02-2025,3700,925,370,0,0,0,4995,0,92.5,0,0,0,0,4995,Bank Transfer,SAR
PAY-000577,EMP-0202,2025-02,27-02-2025,8800,2200,880,0,4.5,247.5,12127.5,1072.5,1292.5,0,0,0,1072.5,11055,Bank Transfer,SAR
PAY-000578,EMP-0203,2025-02,27-02-2025,4150,1038,415,1400,6,155.63,7158.63,505.83,609.59,0,0,0,505.83,6652.8,Bank Transfer,SAR
PAY-000579,EMP-0204,2025-02,27-02-2025,4650,1163,465,650,0,0,6928,0,116.26,0,2000,180,2180,4748,Bank Transfer,SAR
PAY-000580,EMP-0209,2025-02,27-02-2025,3500,875,350,2300,0,0,7025,0,87.5,0,0,0,0,7025,Bank Transfer,SAR
PAY-000581,EMP-0210,2025-02,27-02-2025,6850,1713,685,0,0,0,9248,834.89,1006.15,0,2250,0,3084.89,6163.11,Bank Transfer,SAR
PAY-000582,EMP-0211,2025-02,27-02-2025,4450,1113,445,0,0,0,6008,0,111.26,0,0,520,520,5488,Bank Transfer,SAR
PAY-000583,EMP-0212,2025-02,27-02-2025,8700,2175,870,0,3,163.13,11908.13,1060.31,1277.81,0,0,0,1060.31,10847.82,WPS Transfer,SAR
PAY-000584,EMP-0213,2025-02,27-02-2025,3650,913,365,0,0,0,4928,444.89,536.15,0,0,340,784.89,4143.11,Bank Transfer,SAR
PAY-000585,EMP-0214,2025-02,27-02-2025,3250,813,325,0,0,0,4388,396.14,477.4,0,0,0,396.14,3991.86,Bank Transfer,SAR
PAY-000586,EMP-0215,2025-02,27-02-2025,3300,825,330,1150,23,474.38,6079.38,0,82.5,0,0,0,0,6079.38,Bank Transfer,SAR
PAY-000587,EMP-0216,2025-02,27-02-2025,7650,1913,765,0,0,0,10328,932.39,1123.65,0,0,0,932.39,9395.61,Bank Transfer,SAR
PAY-000588,EMP-0217,2025-02,27-02-2025,3450,863,345,0,0,0,4658,0,86.26,0,0,0,0,4658,WPS Transfer,SAR
PAY-000589,EMP-0219,2025-02,27-02-2025,3500,875,350,0,0,0,4725,426.56,514.06,157.5,0,0,584.06,4140.94,Bank Transfer,SAR
PAY-000590,EMP-0220,2025-02,27-02-2025,3950,988,395,0,15,370.31,5703.31,481.46,580.21,0,1600,0,2081.46,3621.85,Bank Transfer,SAR
PAY-000591,EMP-0221,2025-02,27-02-2025,25950,6488,1200,0,0,0,33638,3162.71,3811.46,0,0,0,3162.71,30475.29,Bank Transfer,SAR
PAY-000592,EMP-0222,2025-02,27-02-2025,3700,925,370,1950,0,0,6945,0,92.5,0,0,190,190,6755,Bank Transfer,SAR
PAY-000593,EMP-0223,2025-02,27-02-2025,7500,1875,750,0,0,0,10125,0,187.5,0,0,0,0,10125,Bank Transfer,SAR
PAY-000594,EMP-0226,2025-02,27-02-2025,3350,838,335,0,0,0,4523,0,83.76,0,0,0,0,4523,Bank Transfer,SAR
PAY-000595,EMP-0227,2025-02,27-02-2025,4650,1163,465,0,0,0,6278,566.77,683.03,209.27,0,0,776.04,5501.96,Bank Transfer,SAR
PAY-000596,EMP-0228,2025-02,27-02-2025,4400,1100,440,0,0,0,5940,0,110,0,0,0,0,5940,Bank Transfer,SAR
PAY-000597,EMP-0229,2025-02,27-02-2025,3550,888,355,0,0,0,4793,0,88.76,0,0,0,0,4793,Bank Transfer,SAR
PAY-000598,EMP-0231,2025-02,27-02-2025,4450,1113,445,1250,0,0,7258,0,111.26,400.53,0,0,400.53,6857.47,Bank Transfer,SAR
PAY-000599,EMP-0232,2025-02,27-02-2025,4300,1075,430,0,5.5,147.81,5952.81,0,107.5,0,0,0,0,5952.81,Bank Transfer,SAR
PAY-000600,EMP-0235,2025-02,27-02-2025,4700,1175,470,0,0,0,6345,572.81,690.31,0,0,0,572.81,5772.19,Bank Transfer,SAR
PAY-000601,EMP-0236,2025-02,27-02-2025,3250,813,325,0,21.5,436.72,4824.72,0,81.26,0,0,0,0,4824.72,Bank Transfer,SAR
PAY-000602,EMP-0237,2025-02,27-02-2025,4050,1013,405,0,22.5,569.53,6037.53,493.64,594.9,0,0,380,873.64,5163.89,Bank Transfer,SAR
PAY-000603,EMP-0238,2025-02,27-02-2025,8750,2188,875,0,0,0,11813,0,218.76,0,0,0,0,11813,Bank Transfer,SAR
PAY-000604,EMP-0239,2025-02,27-02-2025,8650,2163,865,0,0,0,11678,0,216.26,0,0,0,0,11678,Bank Transfer,SAR
PAY-000605,EMP-0240,2025-02,27-02-2025,3550,888,355,2050,0,0,6843,0,88.76,319.53,0,0,319.53,6523.47,Bank Transfer,SAR
PAY-000606,EMP-0241,2025-02,27-02-2025,11250,2813,1125,0,0,0,15188,1371.14,1652.4,0,0,0,1371.14,13816.86,Bank Transfer,SAR
PAY-000607,EMP-0242,2025-02,27-02-2025,3500,875,350,0,23.5,514.06,5239.06,426.56,514.06,630,0,0,1056.56,4182.5,Bank Transfer,SAR
PAY-000608,EMP-0243,2025-02,27-02-2025,3350,838,335,800,0,0,5323,0,83.76,0,0,0,0,5323,Bank Transfer,SAR
PAY-000609,EMP-0244,2025-02,27-02-2025,8550,2138,855,0,0,0,11543,1042.08,1255.84,0,0,0,1042.08,10500.92,Bank Transfer,SAR
PAY-000610,EMP-0245,2025-02,27-02-2025,4100,1025,410,0,23,589.38,6124.38,499.69,602.19,369,0,0,868.69,5255.69,Bank Transfer,SAR
PAY-000611,EMP-0246,2025-02,27-02-2025,4600,1150,460,0,0,0,6210,560.63,675.63,0,600,0,1160.63,5049.37,Bank Transfer,SAR
PAY-000612,EMP-0247,2025-02,27-02-2025,3850,963,385,0,14.5,348.91,5546.91,0,96.26,0,500,0,500,5046.91,Bank Transfer,SAR
PAY-000613,EMP-0248,2025-02,27-02-2025,8500,2125,850,0,8,425,11900,1035.94,1248.44,0,0,0,1035.94,10864.06,Bank Transfer,SAR
PAY-000614,EMP-0250,2025-02,27-02-2025,3950,988,395,0,0,0,5333,0,98.76,0,0,0,0,5333,Bank Transfer,SAR
PAY-000615,EMP-0252,2025-02,27-02-2025,7200,1800,720,0,0,0,9720,877.5,1057.5,0,0,0,877.5,8842.5,Bank Transfer,SAR
PAY-000616,EMP-0254,2025-02,27-02-2025,3200,800,320,0,0,0,4320,390,470,0,0,0,390,3930,Bank Transfer,SAR
PAY-000617,EMP-0256,2025-02,27-02-2025,3400,850,340,0,0,0,4590,0,85,0,0,0,0,4590,Bank Transfer,SAR
PAY-000618,EMP-0257,2025-02,27-02-2025,9150,2288,915,0,0,0,12353,0,228.76,823.53,0,0,823.53,11529.47,Bank Transfer,SAR
PAY-000619,EMP-0258,2025-02,27-02-2025,4400,1100,440,0,17.5,481.25,6421.25,0,110,594,0,0,594,5827.25,Bank Transfer,SAR
PAY-000620,EMP-0260,2025-02,27-02-2025,10550,2638,1055,350,0,0,14593,0,263.76,949.53,0,590,1539.53,13053.47,Bank Transfer,SAR
PAY-000621,EMP-0261,2025-02,27-02-2025,7450,1863,745,0,15,698.44,10756.44,0,186.26,1341.07,0,0,1341.07,9415.37,Bank Transfer,SAR
PAY-000622,EMP-0262,2025-02,27-02-2025,4450,1113,445,0,0,0,6008,542.39,653.65,0,900,510,1952.39,4055.61,Bank Transfer,SAR
PAY-000623,EMP-0263,2025-02,27-02-2025,11700,2925,1170,0,21,1535.63,17330.63,1425.94,1718.44,1053,0,0,2478.94,14851.69,Bank Transfer,SAR
PAY-000624,EMP-0264,2025-02,27-02-2025,4500,1125,450,2150,0,0,8225,548.44,660.94,0,0,80,628.44,7596.56,Bank Transfer,SAR
PAY-000625,EMP-0265,2025-02,27-02-2025,8850,2213,885,0,0,0,11948,0,221.26,0,0,0,0,11948,Bank Transfer,SAR
PAY-000626,EMP-0266,2025-02,27-02-2025,8900,2225,890,0,8.5,472.81,12487.81,1084.69,1307.19,801,0,0,1885.69,10602.12,Bank Transfer,SAR
PAY-000627,EMP-0267,2025-02,27-02-2025,9150,2288,915,0,0,0,12353,0,228.76,411.77,0,0,411.77,11941.23,Bank Transfer,SAR
PAY-000628,EMP-0268,2025-02,27-02-2025,4300,1075,430,0,0,0,5805,0,107.5,193.5,0,0,193.5,5611.5,Bank Transfer,SAR
PAY-000629,EMP-0269,2025-02,27-02-2025,4450,1113,445,0,0,0,6008,0,111.26,0,0,0,0,6008,Bank Transfer,SAR
PAY-000630,EMP-0272,2025-02,27-02-2025,4200,1050,420,0,0,0,5670,0,105,0,2350,0,2350,3320,Bank Transfer,SAR
PAY-000631,EMP-0273,2025-02,27-02-2025,4750,1188,475,1950,6.5,192.97,8555.97,578.96,697.71,0,0,400,978.96,7577.01,Bank Transfer,SAR
PAY-000632,EMP-0274,2025-02,27-02-2025,10550,2638,1055,350,0,0,14593,0,263.76,0,0,90,90,14503,Bank Transfer,SAR
PAY-000633,EMP-0275,2025-02,27-02-2025,13900,3475,1200,0,13,1129.38,19704.38,1694.06,2041.56,619.17,0,0,2313.23,17391.15,Bank Transfer,SAR
PAY-000634,EMP-0277,2025-02,27-02-2025,8700,2175,870,0,0,0,11745,1060.31,1277.81,0,0,0,1060.31,10684.69,Bank Transfer,SAR
PAY-000635,EMP-0278,2025-02,27-02-2025,10350,2588,1035,2500,14.5,937.97,17410.97,1261.46,1520.22,0,0,330,1591.46,15819.51,Bank Transfer,SAR
PAY-000636,EMP-0279,2025-02,27-02-2025,10300,2575,1030,0,23,1480.63,15385.63,1255.31,1512.81,0,0,0,1255.31,14130.32,Bank Transfer,SAR
PAY-000637,EMP-0280,2025-02,27-02-2025,4350,1088,435,0,17,462.19,6335.19,0,108.76,0,0,0,0,6335.19,Bank Transfer,SAR
PAY-000638,EMP-0281,2025-02,27-02-2025,4350,1088,435,0,0,0,5873,0,108.76,0,0,0,0,5873,Bank Transfer,SAR
PAY-000639,EMP-0282,2025-02,27-02-2025,8750,2188,875,0,0,0,11813,1066.46,1285.21,0,0,0,1066.46,10746.54,Bank Transfer,SAR
PAY-000640,EMP-0283,2025-02,27-02-2025,3650,913,365,0,0,0,4928,0,91.26,0,0,0,0,4928,Bank Transfer,SAR
PAY-000641,EMP-0286,2025-02,27-02-2025,3900,975,390,0,0,0,5265,0,97.5,0,0,0,0,5265,Bank Transfer,SAR
PAY-000642,EMP-0287,2025-02,27-02-2025,8850,2213,885,0,19,1050.94,12998.94,0,221.26,0,0,0,0,12998.94,Bank Transfer,SAR
PAY-000643,EMP-0288,2025-02,27-02-2025,4350,1088,435,0,0,0,5873,530.21,638.96,391.53,450,200,1571.74,4301.26,Bank Transfer,SAR
PAY-000644,EMP-0289,2025-02,27-02-2025,4650,1163,465,0,0,0,6278,566.77,683.03,0,0,0,566.77,5711.23,Bank Transfer,SAR
PAY-000645,EMP-0290,2025-02,27-02-2025,3950,988,395,0,0,0,5333,481.46,580.21,0,0,0,481.46,4851.54,Bank Transfer,SAR
PAY-000646,EMP-0291,2025-02,27-02-2025,3950,988,395,1950,0,0,7283,0,98.76,0,0,0,0,7283,Bank Transfer,SAR
PAY-000647,EMP-0292,2025-02,27-02-2025,4750,1188,475,1850,0,0,8263,578.96,697.71,0,950,0,1528.96,6734.04,Bank Transfer,SAR
PAY-000648,EMP-0293,2025-02,27-02-2025,8500,2125,850,0,20.5,1089.06,12564.06,1035.94,1248.44,0,0,0,1035.94,11528.12,Bank Transfer,SAR
PAY-000649,EMP-0294,2025-02,27-02-2025,4400,1100,440,0,0,0,5940,536.25,646.25,0,0,0,536.25,5403.75,Bank Transfer,SAR
PAY-000650,EMP-0295,2025-02,27-02-2025,11000,2750,1100,0,0,0,14850,0,275,0,0,0,0,14850,Bank Transfer,SAR
PAY-000651,EMP-0296,2025-02,27-02-2025,15050,3763,1200,500,0,0,20513,1834.27,2210.53,0,0,0,1834.27,18678.73,Bank Transfer,SAR
PAY-000652,EMP-0297,2025-02,27-02-2025,4400,1100,440,0,0,0,5940,536.25,646.25,0,0,0,536.25,5403.75,Bank Transfer,SAR
PAY-000653,EMP-0300,2025-02,27-02-2025,12700,3175,1200,0,0,0,17075,0,317.5,0,0,0,0,17075,Bank Transfer,SAR
PAY-000654,EMP-0303,2025-02,27-02-2025,9200,2300,920,0,0,0,12420,0,230,0,350,0,350,12070,Bank Transfer,SAR
PAY-000655,EMP-0304,2025-02,27-02-2025,11500,2875,1150,0,0,0,15525,0,287.5,0,0,0,0,15525,WPS Transfer,SAR
PAY-000656,EMP-0305,2025-02,27-02-2025,3850,963,385,2500,0,0,7698,469.27,565.53,0,0,0,469.27,7228.73,Bank Transfer,SAR
PAY-000657,EMP-0306,2025-02,27-02-2025,4800,1200,480,0,8,240,6720,0,120,0,0,50,50,6670,Bank Transfer,SAR
PAY-000658,EMP-0307,2025-02,27-02-2025,9450,2363,945,0,0,0,12758,0,236.26,0,0,0,0,12758,Bank Transfer,SAR
PAY-000659,EMP-0308,2025-02,27-02-2025,10900,2725,1090,900,0,0,15615,0,272.5,981,0,0,981,14634,Bank Transfer,SAR
PAY-000660,EMP-0309,2025-02,27-02-2025,3800,950,380,0,13.5,320.63,5450.63,0,95,0,0,0,0,5450.63,Bank Transfer,SAR
PAY-000661,EMP-0310,2025-02,27-02-2025,10450,2613,1045,0,19,1240.94,15348.94,0,261.26,0,0,0,0,15348.94,Bank Transfer,SAR
PAY-000662,EMP-0311,2025-02,27-02-2025,15900,3975,1200,0,14,1391.25,22466.25,0,397.5,0,0,0,0,22466.25,WPS Transfer,SAR
PAY-000663,EMP-0312,2025-02,27-02-2025,14350,3588,1200,300,0,0,19438,0,358.76,0,0,0,0,19438,Bank Transfer,SAR
PAY-000664,EMP-0313,2025-02,27-02-2025,11900,2975,1190,1100,0,0,17165,0,297.5,0,0,0,0,17165,Bank Transfer,SAR
PAY-000665,EMP-0314,2025-02,27-02-2025,3650,913,365,0,0,0,4928,444.89,536.15,0,0,0,444.89,4483.11,Bank Transfer,SAR
PAY-000666,EMP-0315,2025-02,27-02-2025,11600,2900,1160,1450,10,725,17835,1413.75,1703.75,0,0,530,1943.75,15891.25,Bank Transfer,SAR
PAY-000667,EMP-0316,2025-02,27-02-2025,15200,3800,1200,0,0,0,20200,0,380,1346.67,0,0,1346.67,18853.33,Cheque,SAR
PAY-000668,EMP-0318,2025-02,27-02-2025,4100,1025,410,0,0,0,5535,499.69,602.19,0,0,0,499.69,5035.31,Bank Transfer,SAR
PAY-000669,EMP-0320,2025-02,27-02-2025,8750,2188,875,0,20.5,1121.09,12934.09,0,218.76,393.77,0,0,393.77,12540.32,Bank Transfer,SAR
PAY-000670,EMP-0321,2025-02,27-02-2025,21300,5325,1200,0,0,0,27825,2595.94,3128.44,0,0,0,2595.94,25229.06,Bank Transfer,SAR
PAY-000671,EMP-0322,2025-02,27-02-2025,8700,2175,870,0,4,217.5,11962.5,1060.31,1277.81,0,0,0,1060.31,10902.19,Bank Transfer,SAR
PAY-000672,EMP-0324,2025-02,27-02-2025,6100,1525,610,0,0,0,8235,0,152.5,0,0,0,0,8235,Bank Transfer,SAR
PAY-000673,EMP-0325,2025-02,27-02-2025,11300,2825,1130,0,0,0,15255,0,282.5,1017,0,0,1017,14238,Bank Transfer,SAR
PAY-000674,EMP-0326,2025-02,27-02-2025,5000,1250,500,0,0,0,6750,0,125,0,0,0,0,6750,Bank Transfer,SAR
PAY-000675,EMP-0327,2025-02,27-02-2025,9400,2350,940,0,25.5,1498.13,14188.13,0,235,0,0,0,0,14188.13,Bank Transfer,SAR
PAY-000676,EMP-0328,2025-02,27-02-2025,10850,2713,1085,0,16,1085,15733,1322.39,1593.65,0,0,0,1322.39,14410.61,Bank Transfer,SAR
PAY-000677,EMP-0329,2025-02,27-02-2025,10700,2675,1070,0,9.5,635.31,15080.31,0,267.5,0,0,0,0,15080.31,Bank Transfer,SAR
PAY-000678,EMP-0331,2025-02,27-02-2025,11600,2900,1160,2350,25.5,1848.75,19858.75,0,290,0,0,0,0,19858.75,Bank Transfer,SAR
PAY-000679,EMP-0332,2025-02,27-02-2025,5350,1338,535,0,0,0,7223,652.08,785.84,0,2000,0,2652.08,4570.92,Bank Transfer,SAR
PAY-000680,EMP-0333,2025-02,27-02-2025,4700,1175,470,0,26,763.75,7108.75,0,117.5,0,0,0,0,7108.75,Bank Transfer,SAR
PAY-000681,EMP-0334,2025-02,27-02-2025,15550,3888,1200,0,0,0,20638,0,388.76,0,0,400,400,20238,Bank Transfer,SAR
PAY-000682,EMP-0335,2025-02,27-02-2025,12650,3163,1200,0,0,0,17013,0,316.26,0,0,0,0,17013,Bank Transfer,SAR
PAY-000683,EMP-0336,2025-02,27-02-2025,5000,1250,500,0,0,0,6750,0,125,0,0,0,0,6750,Cheque,SAR
PAY-000684,EMP-0337,2025-02,27-02-2025,8750,2188,875,0,0,0,11813,1066.46,1285.21,0,0,0,1066.46,10746.54,Bank Transfer,SAR
PAY-000685,EMP-0338,2025-02,27-02-2025,11550,2888,1155,0,0,0,15593,0,288.76,0,0,0,0,15593,WPS Transfer,SAR
PAY-000686,EMP-0339,2025-02,27-02-2025,12400,3100,1200,0,0,0,16700,1511.25,1821.25,0,2450,0,3961.25,12738.75,Bank Transfer,SAR
PAY-000687,EMP-0340,2025-02,27-02-2025,11200,2800,1120,0,0,0,15120,0,280,0,0,0,0,15120,Bank Transfer,SAR
PAY-000688,EMP-0341,2025-02,27-02-2025,4900,1225,490,0,0,0,6615,0,122.5,0,1350,0,1350,5265,Bank Transfer,SAR
PAY-000689,EMP-0342,2025-02,27-02-2025,8500,2125,850,0,0,0,11475,1035.94,1248.44,0,0,0,1035.94,10439.06,Bank Transfer,SAR
PAY-000690,EMP-0343,2025-02,27-02-2025,5300,1325,530,750,0,0,7905,0,132.5,0,0,0,0,7905,Bank Transfer,SAR
PAY-000691,EMP-0344,2025-02,27-02-2025,11000,2750,1100,0,0,0,14850,0,275,0,1200,0,1200,13650,Bank Transfer,SAR
PAY-000692,EMP-0345,2025-02,27-02-2025,5100,1275,510,1500,0,0,8385,0,127.5,0,2250,0,2250,6135,Bank Transfer,SAR
PAY-000693,EMP-0347,2025-02,27-02-2025,5550,1388,555,0,19,659.06,8152.06,0,138.76,0,0,0,0,8152.06,Bank Transfer,SAR
PAY-000694,EMP-0349,2025-02,27-02-2025,10850,2713,1085,0,0,0,14648,0,271.26,0,0,0,0,14648,Bank Transfer,SAR
PAY-000695,EMP-0350,2025-02,27-02-2025,13050,3263,1200,0,0,0,17513,1590.52,1916.78,0,0,0,1590.52,15922.48,Bank Transfer,SAR
PAY-000696,EMP-0351,2025-02,27-02-2025,14350,3588,1200,2450,11,986.56,22574.56,1748.96,2107.71,637.93,0,0,2386.89,20187.67,Bank Transfer,SAR
PAY-000697,EMP-0352,2025-02,27-02-2025,10200,2550,1020,0,6.5,414.38,14184.38,0,255,0,0,0,0,14184.38,Bank Transfer,SAR
PAY-000698,EMP-0353,2025-02,27-02-2025,10650,2663,1065,0,19.5,1297.97,15675.97,1298.02,1564.28,479.27,0,0,1777.29,13898.68,Bank Transfer,SAR
PAY-000699,EMP-0354,2025-02,27-02-2025,12400,3100,1200,0,5.5,426.25,17126.25,1511.25,1821.25,0,0,0,1511.25,15615,WPS Transfer,SAR
PAY-000700,EMP-0355,2025-02,27-02-2025,4700,1175,470,0,0,0,6345,0,117.5,0,0,0,0,6345,Bank Transfer,SAR
PAY-000701,EMP-0356,2025-02,27-02-2025,5700,1425,570,0,2,71.25,7766.25,694.69,837.19,256.5,0,0,951.19,6815.06,Bank Transfer,SAR
PAY-000702,EMP-0357,2025-02,27-02-2025,12700,3175,1200,1050,0,0,18125,0,317.5,0,0,0,0,18125,Bank Transfer,SAR
PAY-000703,EMP-0359,2025-02,27-02-2025,4550,1138,455,0,0,0,6143,554.58,668.34,0,0,0,554.58,5588.42,Bank Transfer,SAR
PAY-000704,EMP-0360,2025-02,27-02-2025,15300,3825,1200,0,15,1434.38,21759.38,0,382.5,0,0,0,0,21759.38,Bank Transfer,SAR
PAY-000705,EMP-0361,2025-02,27-02-2025,28350,7088,1200,1550,0,0,38188,0,708.76,0,0,0,0,38188,Bank Transfer,SAR
PAY-000706,EMP-0362,2025-02,27-02-2025,7050,1763,705,0,0,0,9518,859.27,1035.53,0,0,0,859.27,8658.73,Bank Transfer,SAR
PAY-000707,EMP-0363,2025-02,27-02-2025,6900,1725,690,0,0,0,9315,840.94,1013.44,0,0,0,840.94,8474.06,Bank Transfer,SAR
PAY-000708,EMP-0364,2025-02,27-02-2025,6050,1513,605,0,10,378.13,8546.13,737.39,888.65,0,0,0,737.39,7808.74,Bank Transfer,SAR
PAY-000709,EMP-0366,2025-02,27-02-2025,12100,3025,1200,0,15.5,1172.19,17497.19,1474.69,1777.19,0,0,0,1474.69,16022.5,Bank Transfer,SAR
PAY-000710,EMP-0368,2025-02,27-02-2025,26850,6713,1200,0,0,0,34763,0,671.26,0,0,0,0,34763,Bank Transfer,SAR
PAY-000711,EMP-0369,2025-02,27-02-2025,7050,1763,705,0,0,0,9518,859.27,1035.53,317.27,0,0,1176.54,8341.46,Bank Transfer,SAR
PAY-000712,EMP-0370,2025-02,27-02-2025,7150,1788,715,0,0,0,9653,871.46,1050.21,0,0,0,871.46,8781.54,Bank Transfer,SAR
PAY-000713,EMP-0372,2025-02,27-02-2025,7450,1863,745,0,6,279.38,10337.38,0,186.26,0,2200,200,2400,7937.38,Bank Transfer,SAR
PAY-000714,EMP-0373,2025-02,27-02-2025,26000,6500,1200,0,0,0,33700,3168.75,3818.75,0,0,0,3168.75,30531.25,Bank Transfer,SAR
PAY-000715,EMP-0374,2025-02,27-02-2025,8650,2163,865,1000,0,0,12678,0,216.26,0,0,0,0,12678,Bank Transfer,SAR
PAY-000716,EMP-0375,2025-02,27-02-2025,9600,2400,960,1650,0,0,14610,0,240,0,0,220,220,14390,Bank Transfer,SAR
PAY-000717,EMP-0376,2025-02,27-02-2025,26700,6675,1200,0,0,0,34575,0,667.5,0,0,0,0,34575,Bank Transfer,SAR
PAY-000718,EMP-0377,2025-02,27-02-2025,15650,3913,1200,0,0,0,20763,0,391.26,0,0,0,0,20763,WPS Transfer,SAR
PAY-000719,EMP-0378,2025-02,27-02-2025,12300,3075,1200,0,0,0,16575,0,307.5,0,0,0,0,16575,Bank Transfer,SAR
PAY-000720,EMP-0379,2025-02,27-02-2025,16750,4188,1200,0,0,0,22138,2041.46,2460.21,0,0,0,2041.46,20096.54,Bank Transfer,SAR
PAY-000721,EMP-0381,2025-02,27-02-2025,8300,2075,830,1500,12.5,648.44,13353.44,1011.56,1219.06,0,0,0,1011.56,12341.88,Bank Transfer,SAR
PAY-000722,EMP-0382,2025-02,27-02-2025,12900,3225,1200,0,0,0,17325,1572.19,1894.69,0,2200,0,3772.19,13552.81,Bank Transfer,SAR
PAY-000723,EMP-0383,2025-02,27-02-2025,8250,2063,825,550,0,0,11688,1005.52,1211.78,0,0,0,1005.52,10682.48,Bank Transfer,SAR
PAY-000724,EMP-0384,2025-02,27-02-2025,13550,3388,1200,0,10,846.88,18984.88,0,338.76,0,2350,0,2350,16634.88,Bank Transfer,SAR
PAY-000725,EMP-0385,2025-02,27-02-2025,6650,1663,665,0,0,0,8978,810.52,976.78,0,0,0,810.52,8167.48,Bank Transfer,SAR
PAY-000726,EMP-0387,2025-02,27-02-2025,7700,1925,770,0,0,0,10395,938.44,1130.94,0,0,0,938.44,9456.56,Bank Transfer,SAR
PAY-000727,EMP-0388,2025-02,27-02-2025,8300,2075,830,0,0,0,11205,1011.56,1219.06,0,0,0,1011.56,10193.44,Bank Transfer,SAR
PAY-000728,EMP-0389,2025-02,27-02-2025,8650,2163,865,0,0,0,11678,0,216.26,0,0,0,0,11678,Bank Transfer,SAR
PAY-000729,EMP-0390,2025-02,27-02-2025,6250,1563,625,0,11.5,449.22,8887.22,0,156.26,0,0,0,0,8887.22,Bank Transfer,SAR
PAY-000730,EMP-0391,2025-02,27-02-2025,11600,2900,1160,0,0,0,15660,1413.75,1703.75,0,0,0,1413.75,14246.25,Bank Transfer,SAR
PAY-000731,EMP-0393,2025-02,27-02-2025,8700,2175,870,0,19.5,1060.31,12805.31,0,217.5,0,0,0,0,12805.31,Bank Transfer,SAR
PAY-000732,EMP-0394,2025-02,27-02-2025,11350,2838,1135,0,0,0,15323,0,283.76,0,1500,0,1500,13823,Bank Transfer,SAR
PAY-000733,EMP-0395,2025-02,27-02-2025,26050,6513,1200,0,0,0,33763,0,651.26,0,0,0,0,33763,Bank Transfer,SAR
PAY-000734,EMP-0398,2025-02,27-02-2025,12000,3000,1200,2150,0,0,18350,1462.5,1762.5,0,0,0,1462.5,16887.5,Bank Transfer,SAR
PAY-000735,EMP-0399,2025-02,27-02-2025,5350,1338,535,0,13.5,451.41,7674.41,0,133.76,0,1400,0,1400,6274.41,Bank Transfer,SAR
PAY-000736,EMP-0400,2025-02,27-02-2025,5050,1263,505,0,17,536.56,7354.56,0,126.26,0,0,0,0,7354.56,Bank Transfer,SAR
PAY-000737,EMP-0402,2025-02,27-02-2025,13000,3250,1200,0,19.5,1584.38,19034.38,0,325,0,0,0,0,19034.38,Bank Transfer,SAR
PAY-000738,EMP-0403,2025-02,27-02-2025,8750,2188,875,0,0,0,11813,1066.46,1285.21,0,0,0,1066.46,10746.54,Bank Transfer,SAR
PAY-000739,EMP-0405,2025-02,27-02-2025,10950,2738,1095,0,16,1095,15878,0,273.76,0,0,420,420,15458,Bank Transfer,SAR
PAY-000740,EMP-0406,2025-02,27-02-2025,12400,3100,1200,0,18,1395,18095,1511.25,1821.25,0,0,0,1511.25,16583.75,Bank Transfer,SAR
PAY-000741,EMP-0407,2025-02,27-02-2025,6150,1538,615,0,0,0,8303,0,153.76,0,0,0,0,8303,WPS Transfer,SAR
PAY-000742,EMP-0409,2025-02,27-02-2025,5450,1363,545,0,0,0,7358,664.27,800.53,0,1650,0,2314.27,5043.73,Bank Transfer,SAR
PAY-000743,EMP-0410,2025-02,27-02-2025,6300,1575,630,0,14,551.25,9056.25,767.81,925.31,0,0,0,767.81,8288.44,Bank Transfer,SAR
PAY-000744,EMP-0411,2025-02,27-02-2025,9350,2338,935,0,19,1110.31,13733.31,1139.58,1373.34,0,0,0,1139.58,12593.73,Bank Transfer,SAR
PAY-000745,EMP-0412,2025-02,27-02-2025,6400,1600,640,0,0,0,8640,0,160,0,0,90,90,8550,Bank Transfer,SAR
PAY-000746,EMP-0413,2025-02,27-02-2025,11500,2875,1150,0,0,0,15525,1401.56,1689.06,0,2450,0,3851.56,11673.44,Bank Transfer,SAR
PAY-000747,EMP-0414,2025-02,27-02-2025,6300,1575,630,0,0,0,8505,0,157.5,0,0,0,0,8505,Bank Transfer,SAR
PAY-000748,EMP-0415,2025-02,27-02-2025,5800,1450,580,0,3,108.75,7938.75,706.88,851.88,0,0,0,706.88,7231.87,Bank Transfer,SAR
PAY-000749,EMP-0416,2025-02,27-02-2025,4600,1150,460,2450,22.5,646.88,9306.88,560.63,675.63,207,0,0,767.63,8539.25,Bank Transfer,SAR
PAY-000750,EMP-0417,2025-02,27-02-2025,5900,1475,590,1750,16.5,608.44,10323.44,719.06,866.56,0,0,0,719.06,9604.38,Bank Transfer,SAR
PAY-000751,EMP-0420,2025-02,27-02-2025,4700,1175,470,950,11.5,337.81,7632.81,572.81,690.31,0,0,0,572.81,7060,Bank Transfer,SAR
PAY-000752,EMP-0421,2025-02,27-02-2025,12150,3038,1200,0,0,0,16388,1480.83,1784.59,0,0,0,1480.83,14907.17,Bank Transfer,SAR
PAY-000753,EMP-0422,2025-02,27-02-2025,9200,2300,920,0,0,0,12420,1121.25,1351.25,0,0,0,1121.25,11298.75,WPS Transfer,SAR
PAY-000754,EMP-0423,2025-02,27-02-2025,10250,2563,1025,0,16,1025,14863,1249.27,1505.53,461.27,0,0,1710.54,13152.46,Bank Transfer,SAR
PAY-000755,EMP-0424,2025-02,27-02-2025,17650,4413,1200,2150,24.5,2702.66,28115.66,2151.14,2592.4,775.43,0,0,2926.57,25189.09,Bank Transfer,SAR
PAY-000756,EMP-0425,2025-02,27-02-2025,5950,1488,595,0,11.5,427.66,8460.66,0,148.76,0,0,0,0,8460.66,Bank Transfer,SAR
PAY-000757,EMP-0426,2025-02,27-02-2025,29150,7288,1200,1250,0,0,38888,0,728.76,0,0,0,0,38888,Bank Transfer,SAR
PAY-000758,EMP-0427,2025-02,27-02-2025,7750,1938,775,0,24.5,1186.72,11649.72,0,193.76,0,0,90,90,11559.72,Bank Transfer,SAR
PAY-000759,EMP-0428,2025-02,27-02-2025,10850,2713,1085,0,0,0,14648,0,271.26,0,0,0,0,14648,Bank Transfer,SAR
PAY-000760,EMP-0429,2025-02,27-02-2025,8300,2075,830,0,0,0,11205,0,207.5,0,0,0,0,11205,Bank Transfer,SAR
PAY-000761,EMP-0430,2025-02,27-02-2025,6400,1600,640,500,0,0,9140,0,160,0,0,0,0,9140,Bank Transfer,SAR
PAY-000762,EMP-0431,2025-02,27-02-2025,8450,2113,845,0,16,845,12253,0,211.26,760.53,0,0,760.53,11492.47,Bank Transfer,SAR
PAY-000763,EMP-0432,2025-02,27-02-2025,8650,2163,865,2200,0,0,13878,1054.27,1270.53,0,0,0,1054.27,12823.73,Bank Transfer,SAR
PAY-000764,EMP-0433,2025-02,27-02-2025,16100,4025,1200,0,22,2213.75,23538.75,0,402.5,0,0,0,0,23538.75,Bank Transfer,SAR
PAY-000765,EMP-0434,2025-02,27-02-2025,12250,3063,1200,0,0,0,16513,0,306.26,1100.87,1600,0,2700.87,13812.13,Bank Transfer,SAR
PAY-000766,EMP-0435,2025-02,27-02-2025,8750,2188,875,0,12.5,683.59,12496.59,1066.46,1285.21,0,0,500,1566.46,10930.13,Bank Transfer,SAR
PAY-000767,EMP-0436,2025-02,27-02-2025,7450,1863,745,0,0,0,10058,0,186.26,0,2150,0,2150,7908,Bank Transfer,SAR
PAY-000768,EMP-0438,2025-02,27-02-2025,8900,2225,890,450,3.5,194.69,12659.69,0,222.5,0,0,0,0,12659.69,Bank Transfer,SAR
PAY-000769,EMP-0439,2025-02,27-02-2025,6250,1563,625,0,0,0,8438,0,156.26,0,0,0,0,8438,Bank Transfer,SAR
PAY-000770,EMP-0440,2025-02,27-02-2025,6800,1700,680,2400,0,0,11580,0,170,0,0,130,130,11450,Bank Transfer,SAR
PAY-000771,EMP-0441,2025-02,27-02-2025,16850,4213,1200,1650,17.5,1842.97,25755.97,2053.64,2474.9,2968.4,1800,0,6822.04,18933.93,Bank Transfer,SAR
PAY-000772,EMP-0442,2025-02,27-02-2025,7800,1950,780,0,0,0,10530,950.63,1145.63,0,0,0,950.63,9579.37,Bank Transfer,SAR
PAY-000773,EMP-0443,2025-02,27-02-2025,9850,2463,985,0,0,0,13298,0,246.26,0,0,0,0,13298,Bank Transfer,SAR
PAY-000774,EMP-0444,2025-02,27-02-2025,8500,2125,850,0,19.5,1035.94,12510.94,1035.94,1248.44,0,0,0,1035.94,11475,Bank Transfer,SAR
PAY-000775,EMP-0445,2025-02,27-02-2025,10900,2725,1090,0,22,1498.75,16213.75,0,272.5,0,0,0,0,16213.75,Bank Transfer,SAR
PAY-000776,EMP-0446,2025-02,27-02-2025,11600,2900,1160,0,0,0,15660,1413.75,1703.75,1044,0,0,2457.75,13202.25,Bank Transfer,SAR
PAY-000777,EMP-0449,2025-02,27-02-2025,6350,1588,635,0,4.5,178.59,8751.59,773.96,932.71,0,0,0,773.96,7977.63,Bank Transfer,SAR
PAY-000778,EMP-0450,2025-02,27-02-2025,6050,1513,605,0,18.5,699.53,8867.53,0,151.26,0,0,0,0,8867.53,Bank Transfer,SAR
PAY-000779,EMP-0451,2025-02,27-02-2025,26850,6713,1200,0,0,0,34763,0,671.26,0,1050,0,1050,33713,Bank Transfer,SAR
PAY-000780,EMP-0452,2025-02,27-02-2025,6500,1625,650,0,6.5,264.06,9039.06,792.19,954.69,0,0,0,792.19,8246.87,WPS Transfer,SAR
PAY-000781,EMP-0453,2025-02,27-02-2025,6300,1575,630,250,0,0,8755,767.81,925.31,0,0,0,767.81,7987.19,Bank Transfer,SAR
PAY-000782,EMP-0454,2025-02,27-02-2025,5300,1325,530,250,0,0,7405,645.94,778.44,0,0,0,645.94,6759.06,Bank Transfer,SAR
PAY-000783,EMP-0455,2025-02,27-02-2025,4800,1200,480,0,22,660,7140,0,120,0,0,0,0,7140,Bank Transfer,SAR
PAY-000784,EMP-0457,2025-02,27-02-2025,5050,1263,505,0,0,0,6818,615.52,741.78,0,0,0,615.52,6202.48,Bank Transfer,SAR
PAY-000785,EMP-0458,2025-02,27-02-2025,6100,1525,610,0,20,762.5,8997.5,743.44,895.94,0,0,0,743.44,8254.06,Bank Transfer,SAR
PAY-000786,EMP-0459,2025-02,27-02-2025,6400,1600,640,0,0,0,8640,780,940,0,0,0,780,7860,Bank Transfer,SAR
PAY-000787,EMP-0460,2025-02,27-02-2025,10050,2513,1005,0,0,0,13568,0,251.26,0,0,0,0,13568,Bank Transfer,SAR
PAY-000788,EMP-0461,2025-02,27-02-2025,4900,1225,490,0,0,0,6615,597.19,719.69,0,800,0,1397.19,5217.81,Bank Transfer,SAR
PAY-000789,EMP-0462,2025-02,27-02-2025,5400,1350,540,1750,6,202.5,9242.5,0,135,0,0,0,0,9242.5,Bank Transfer,SAR
PAY-000790,EMP-0463,2025-02,27-02-2025,5850,1463,585,1200,20.5,749.53,9847.53,0,146.26,0,0,0,0,9847.53,Bank Transfer,SAR
PAY-000791,EMP-0464,2025-02,27-02-2025,5800,1450,580,0,0,0,7830,706.88,851.88,522,350,0,1578.88,6251.12,Bank Transfer,SAR
PAY-000792,EMP-0465,2025-02,27-02-2025,11200,2800,1120,0,0,0,15120,0,280,0,0,0,0,15120,Bank Transfer,SAR
PAY-000793,EMP-0466,2025-02,27-02-2025,11900,2975,1190,0,0,0,16065,0,297.5,0,0,0,0,16065,Bank Transfer,SAR
PAY-000794,EMP-0467,2025-02,27-02-2025,4650,1163,465,0,0,0,6278,566.77,683.03,0,0,0,566.77,5711.23,Bank Transfer,SAR
PAY-000795,EMP-0468,2025-02,27-02-2025,11850,2963,1185,0,24,1777.5,17775.5,0,296.26,0,1900,0,1900,15875.5,Bank Transfer,SAR
PAY-000796,EMP-0469,2025-02,27-02-2025,4600,1150,460,0,15,431.25,6641.25,0,115,0,0,0,0,6641.25,Bank Transfer,SAR
PAY-000797,EMP-0470,2025-02,27-02-2025,4600,1150,460,0,0,0,6210,0,115,414,0,0,414,5796,Bank Transfer,SAR
PAY-000798,EMP-0471,2025-02,27-02-2025,25000,6250,1200,0,0,0,32450,3046.88,3671.88,0,0,0,3046.88,29403.12,Bank Transfer,SAR
PAY-000799,EMP-0472,2025-02,27-02-2025,8600,2150,860,0,0,0,11610,1048.13,1263.13,0,0,120,1168.13,10441.87,Bank Transfer,SAR
PAY-000800,EMP-0473,2025-02,27-02-2025,8150,2038,815,0,0,0,11003,993.33,1197.09,733.53,0,0,1726.86,9276.14,Bank Transfer,SAR
PAY-000801,EMP-0474,2025-02,27-02-2025,7700,1925,770,0,0,0,10395,938.44,1130.94,346.5,0,0,1284.94,9110.06,Bank Transfer,SAR
PAY-000802,EMP-0475,2025-02,27-02-2025,12800,3200,1200,0,0,0,17200,0,320,0,0,0,0,17200,Bank Transfer,SAR
PAY-000803,EMP-0476,2025-02,27-02-2025,14600,3650,1200,0,9,821.25,20271.25,0,365,0,1850,0,1850,18421.25,Bank Transfer,SAR
PAY-000804,EMP-0478,2025-02,27-02-2025,7500,1875,750,0,0,0,10125,914.06,1101.56,0,0,0,914.06,9210.94,Bank Transfer,SAR
PAY-000805,EMP-0480,2025-02,27-02-2025,14150,3538,1200,0,0,0,18888,0,353.76,0,0,0,0,18888,Bank Transfer,SAR
PAY-000806,EMP-0481,2025-02,27-02-2025,15500,3875,1200,2400,0,0,22975,0,387.5,0,1950,0,1950,21025,Bank Transfer,SAR
PAY-000807,EMP-0482,2025-02,27-02-2025,8400,2100,840,0,10,525,11865,0,210,0,0,0,0,11865,Bank Transfer,SAR
PAY-000808,EMP-0483,2025-02,27-02-2025,8800,2200,880,0,19.5,1072.5,12952.5,1072.5,1292.5,0,0,0,1072.5,11880,Bank Transfer,SAR
PAY-000809,EMP-0484,2025-02,27-02-2025,10600,2650,1060,0,6,397.5,14707.5,1291.88,1556.88,0,2450,0,3741.88,10965.62,Bank Transfer,SAR
PAY-000810,EMP-0485,2025-02,27-02-2025,10100,2525,1010,800,0,0,14435,0,252.5,0,0,0,0,14435,Bank Transfer,SAR
PAY-000811,EMP-0486,2025-02,27-02-2025,14700,3675,1200,0,21,1929.38,21504.38,1791.56,2159.06,0,0,0,1791.56,19712.82,Bank Transfer,SAR
PAY-000812,EMP-0487,2025-02,27-02-2025,10850,2713,1085,1750,16.5,1118.91,17516.91,1322.39,1593.65,976.53,0,0,2298.92,15217.99,Bank Transfer,SAR
PAY-000813,EMP-0488,2025-02,27-02-2025,10850,2713,1085,1800,25.5,1729.22,18177.22,0,271.26,0,0,0,0,18177.22,Bank Transfer,SAR
PAY-000814,EMP-0489,2025-02,27-02-2025,11700,2925,1170,1100,8.5,621.56,17516.56,0,292.5,0,0,0,0,17516.56,Bank Transfer,SAR
PAY-000815,EMP-0491,2025-02,27-02-2025,37150,9288,1200,0,0,0,47638,4527.71,5456.46,1587.93,0,0,6115.64,41522.36,Bank Transfer,SAR
PAY-000816,EMP-0492,2025-02,27-02-2025,21700,5425,1200,0,0,0,28325,2644.69,3187.19,0,0,0,2644.69,25680.31,Bank Transfer,SAR
PAY-000817,EMP-0493,2025-02,27-02-2025,6300,1575,630,0,0,0,8505,0,157.5,0,0,340,340,8165,Bank Transfer,SAR
PAY-000818,EMP-0494,2025-02,27-02-2025,6500,1625,650,0,0,0,8775,792.19,954.69,0,550,0,1342.19,7432.81,Bank Transfer,SAR
PAY-000819,EMP-0495,2025-02,27-02-2025,16800,4200,1200,0,0,0,22200,0,420,0,0,0,0,22200,Bank Transfer,SAR
PAY-000820,EMP-0497,2025-02,27-02-2025,8700,2175,870,0,19.5,1060.31,12805.31,1060.31,1277.81,783,0,0,1843.31,10962,Bank Transfer,SAR
PAY-000821,EMP-0498,2025-02,27-02-2025,12050,3013,1200,0,0,0,16263,0,301.26,0,0,0,0,16263,Bank Transfer,SAR
PAY-000822,EMP-0499,2025-02,27-02-2025,14750,3688,1200,0,0,0,19638,1797.71,2166.46,0,0,0,1797.71,17840.29,Bank Transfer,SAR
PAY-000823,EMP-0500,2025-02,27-02-2025,22250,5563,1200,0,0,0,29013,0,556.26,0,0,470,470,28543,Bank Transfer,SAR
PAY-000824,EMP-0001,2025-03,27-03-2025,35400,8850,1200,300,0,0,45750,4314.38,5199.38,0,0,0,4314.38,41435.62,Bank Transfer,SAR
PAY-000825,EMP-0003,2025-03,27-03-2025,8700,2175,870,0,7.5,407.81,12152.81,0,217.5,0,950,530,1480,10672.81,Bank Transfer,SAR
PAY-000826,EMP-0005,2025-03,27-03-2025,3450,863,345,0,9.5,204.84,4862.84,0,86.26,0,0,0,0,4862.84,Bank Transfer,SAR
PAY-000827,EMP-0006,2025-03,27-03-2025,3200,800,320,0,0,0,4320,390,470,0,0,0,390,3930,Bank Transfer,SAR
PAY-000828,EMP-0008,2025-03,27-03-2025,4650,1163,465,2400,0,0,8678,566.77,683.03,0,0,0,566.77,8111.23,Bank Transfer,SAR
PAY-000829,EMP-0009,2025-03,27-03-2025,3800,950,380,0,0,0,5130,463.13,558.13,0,0,0,463.13,4666.87,Bank Transfer,SAR
PAY-000830,EMP-0010,2025-03,27-03-2025,29350,7338,1200,0,0,0,37888,3577.08,4310.84,0,0,0,3577.08,34310.92,WPS Transfer,SAR
PAY-000831,EMP-0014,2025-03,27-03-2025,9500,2375,950,2000,0,0,14825,1157.81,1395.31,0,0,540,1697.81,13127.19,Bank Transfer,SAR
PAY-000832,EMP-0015,2025-03,27-03-2025,8000,2000,800,0,0,0,10800,975,1175,0,0,0,975,9825,Bank Transfer,SAR
PAY-000833,EMP-0016,2025-03,27-03-2025,8850,2213,885,0,0,0,11948,0,221.26,0,0,0,0,11948,Bank Transfer,SAR
PAY-000834,EMP-0017,2025-03,27-03-2025,6600,1650,660,0,12,495,9405,0,165,0,500,0,500,8905,Bank Transfer,SAR
PAY-000835,EMP-0018,2025-03,27-03-2025,3350,838,335,0,23,481.56,5004.56,408.33,492.09,0,0,0,408.33,4596.23,Bank Transfer,SAR
PAY-000836,EMP-0019,2025-03,27-03-2025,4700,1175,470,0,0,0,6345,572.81,690.31,0,0,0,572.81,5772.19,Bank Transfer,SAR
PAY-000837,EMP-0020,2025-03,27-03-2025,11450,2863,1145,0,0,0,15458,0,286.26,0,0,0,0,15458,WPS Transfer,SAR
PAY-000838,EMP-0021,2025-03,27-03-2025,8800,2200,880,2350,20.5,1127.5,15357.5,1072.5,1292.5,0,0,0,1072.5,14285,Bank Transfer,SAR
PAY-000839,EMP-0022,2025-03,27-03-2025,11500,2875,1150,0,0,0,15525,1401.56,1689.06,0,0,0,1401.56,14123.44,Bank Transfer,SAR
PAY-000840,EMP-0023,2025-03,27-03-2025,3400,850,340,1850,0,0,6440,0,85,0,0,0,0,6440,Bank Transfer,SAR
PAY-000841,EMP-0024,2025-03,27-03-2025,23700,5925,1200,2050,0,0,32875,2888.44,3480.94,1027.5,0,0,3915.94,28959.06,Bank Transfer,SAR
PAY-000842,EMP-0025,2025-03,27-03-2025,6000,1500,600,0,0,0,8100,0,150,0,0,130,130,7970,Bank Transfer,SAR
PAY-000843,EMP-0026,2025-03,27-03-2025,3300,825,330,850,17.5,360.94,5665.94,402.19,484.69,0,1450,0,1852.19,3813.75,Bank Transfer,SAR
PAY-000844,EMP-0027,2025-03,27-03-2025,3350,838,335,0,0,0,4523,0,83.76,0,0,0,0,4523,Bank Transfer,SAR
PAY-000845,EMP-0028,2025-03,27-03-2025,9000,2250,900,0,2.5,140.63,12290.63,0,225,0,0,0,0,12290.63,Bank Transfer,SAR
PAY-000846,EMP-0029,2025-03,27-03-2025,3550,888,355,0,0,0,4793,432.71,521.46,0,0,380,812.71,3980.29,Bank Transfer,SAR
PAY-000847,EMP-0030,2025-03,27-03-2025,4550,1138,455,2200,0,0,8343,554.58,668.34,0,0,0,554.58,7788.42,Bank Transfer,SAR
PAY-000848,EMP-0031,2025-03,27-03-2025,3800,950,380,0,0,0,5130,463.13,558.13,0,0,0,463.13,4666.87,Bank Transfer,SAR
PAY-000849,EMP-0032,2025-03,27-03-2025,12650,3163,1200,0,0,0,17013,0,316.26,0,0,0,0,17013,Bank Transfer,SAR
PAY-000850,EMP-0034,2025-03,27-03-2025,11650,2913,1165,0,26,1893.13,17621.13,0,291.26,0,0,0,0,17621.13,Bank Transfer,SAR
PAY-000851,EMP-0035,2025-03,27-03-2025,7300,1825,730,2000,0,0,11855,0,182.5,0,0,0,0,11855,Bank Transfer,SAR
PAY-000852,EMP-0036,2025-03,27-03-2025,6950,1738,695,0,0,0,9383,847.08,1020.84,312.77,0,300,1459.85,7923.15,Bank Transfer,SAR
PAY-000853,EMP-0037,2025-03,27-03-2025,3550,888,355,0,11,244.06,5037.06,0,88.76,0,0,0,0,5037.06,Bank Transfer,SAR
PAY-000854,EMP-0038,2025-03,27-03-2025,4400,1100,440,0,0,0,5940,0,110,0,550,0,550,5390,Bank Transfer,SAR
PAY-000855,EMP-0039,2025-03,27-03-2025,7100,1775,710,0,0,0,9585,865.31,1042.81,0,0,0,865.31,8719.69,Bank Transfer,SAR
PAY-000856,EMP-0040,2025-03,27-03-2025,30000,7500,1200,0,0,0,38700,0,750,0,0,0,0,38700,Bank Transfer,SAR
PAY-000857,EMP-0041,2025-03,27-03-2025,9050,2263,905,0,0,0,12218,1103.02,1329.28,0,850,170,2123.02,10094.98,Bank Transfer,SAR
PAY-000858,EMP-0042,2025-03,27-03-2025,4550,1138,455,2100,0,0,8243,0,113.76,0,0,0,0,8243,Bank Transfer,SAR
PAY-000859,EMP-0043,2025-03,27-03-2025,4450,1113,445,0,6.5,180.78,6188.78,0,111.26,0,0,0,0,6188.78,Bank Transfer,SAR
PAY-000860,EMP-0044,2025-03,27-03-2025,7600,1900,760,1250,23,1092.5,12602.5,0,190,0,0,0,0,12602.5,Bank Transfer,SAR
PAY-000861,EMP-0045,2025-03,27-03-2025,6100,1525,610,2200,23,876.88,11311.88,0,152.5,0,0,0,0,11311.88,Bank Transfer,SAR
PAY-000862,EMP-0046,2025-03,27-03-2025,3450,863,345,0,0,0,4658,0,86.26,0,0,0,0,4658,Bank Transfer,SAR
PAY-000863,EMP-0047,2025-03,27-03-2025,8350,2088,835,0,0,0,11273,1017.71,1226.46,0,0,0,1017.71,10255.29,Bank Transfer,SAR
PAY-000864,EMP-0048,2025-03,27-03-2025,21750,5438,1200,0,0,0,28388,2650.83,3194.59,0,0,0,2650.83,25737.17,Cheque,SAR
PAY-000865,EMP-0049,2025-03,27-03-2025,4100,1025,410,0,0,0,5535,499.69,602.19,0,0,0,499.69,5035.31,Bank Transfer,SAR
PAY-000866,EMP-0050,2025-03,27-03-2025,3250,813,325,800,0,0,5188,0,81.26,146.27,0,0,146.27,5041.73,Bank Transfer,SAR
PAY-000867,EMP-0051,2025-03,27-03-2025,7700,1925,770,1700,20.5,986.56,13081.56,0,192.5,0,0,0,0,13081.56,Bank Transfer,SAR
PAY-000868,EMP-0052,2025-03,27-03-2025,4700,1175,470,1650,0,0,7995,572.81,690.31,0,0,0,572.81,7422.19,Bank Transfer,SAR
PAY-000869,EMP-0053,2025-03,27-03-2025,4100,1025,410,0,0,0,5535,499.69,602.19,0,800,0,1299.69,4235.31,Bank Transfer,SAR
PAY-000870,EMP-0055,2025-03,27-03-2025,4250,1063,425,1850,17,451.56,8039.56,0,106.26,0,0,440,440,7599.56,Bank Transfer,SAR
PAY-000871,EMP-0056,2025-03,27-03-2025,4650,1163,465,0,22,639.38,6917.38,566.77,683.03,0,0,0,566.77,6350.61,Bank Transfer,SAR
PAY-000872,EMP-0057,2025-03,27-03-2025,4550,1138,455,0,13,369.69,6512.69,554.58,668.34,0,0,0,554.58,5958.11,Bank Transfer,SAR
PAY-000873,EMP-0058,2025-03,27-03-2025,3850,963,385,0,0,0,5198,0,96.26,0,0,0,0,5198,Bank Transfer,SAR
PAY-000874,EMP-0059,2025-03,27-03-2025,9300,2325,930,550,15.5,900.94,14005.94,0,232.5,0,2250,0,2250,11755.94,Bank Transfer,SAR
PAY-000875,EMP-0060,2025-03,27-03-2025,4500,1125,450,0,16.5,464.06,6539.06,548.44,660.94,0,0,0,548.44,5990.62,Bank Transfer,SAR
PAY-000876,EMP-0061,2025-03,27-03-2025,4000,1000,400,0,3.5,87.5,5487.5,487.5,587.5,0,0,0,487.5,5000,Bank Transfer,SAR
PAY-000877,EMP-0062,2025-03,27-03-2025,4050,1013,405,0,0,0,5468,0,101.26,0,0,0,0,5468,WPS Transfer,SAR
PAY-000878,EMP-0064,2025-03,27-03-2025,4600,1150,460,0,0,0,6210,0,115,0,0,0,0,6210,Bank Transfer,SAR
PAY-000879,EMP-0065,2025-03,27-03-2025,28650,7163,1200,0,0,0,37013,0,716.26,0,0,0,0,37013,Bank Transfer,SAR
PAY-000880,EMP-0066,2025-03,27-03-2025,3950,988,395,0,0,0,5333,0,98.76,0,0,0,0,5333,Bank Transfer,SAR
PAY-000881,EMP-0067,2025-03,27-03-2025,3450,863,345,0,0,0,4658,420.52,506.78,0,0,0,420.52,4237.48,Bank Transfer,SAR
PAY-000882,EMP-0068,2025-03,27-03-2025,3750,938,375,0,0,0,5063,0,93.76,337.53,2500,0,2837.53,2225.47,Bank Transfer,SAR
PAY-000883,EMP-0069,2025-03,27-03-2025,25850,6463,1200,0,0,0,33513,0,646.26,0,0,0,0,33513,Bank Transfer,SAR
PAY-000884,EMP-0070,2025-03,27-03-2025,3700,925,370,0,0,0,4995,0,92.5,0,0,0,0,4995,Bank Transfer,SAR
PAY-000885,EMP-0071,2025-03,27-03-2025,7100,1775,710,0,0,0,9585,0,177.5,639,0,0,639,8946,Bank Transfer,SAR
PAY-000886,EMP-0072,2025-03,27-03-2025,4450,1113,445,0,0,0,6008,0,111.26,0,950,0,950,5058,Bank Transfer,SAR
PAY-000887,EMP-0073,2025-03,27-03-2025,27600,6900,1200,650,0,0,36350,3363.75,4053.75,0,0,0,3363.75,32986.25,Bank Transfer,SAR
PAY-000888,EMP-0074,2025-03,27-03-2025,3300,825,330,1250,0,0,5705,402.19,484.69,0,0,0,402.19,5302.81,Bank Transfer,SAR
PAY-000889,EMP-0079,2025-03,27-03-2025,6450,1613,645,0,24,967.5,9675.5,786.14,947.4,0,0,0,786.14,8889.36,Bank Transfer,SAR
PAY-000890,EMP-0080,2025-03,27-03-2025,3200,800,320,0,18,360,4680,0,80,0,350,0,350,4330,Bank Transfer,SAR
PAY-000891,EMP-0082,2025-03,27-03-2025,4000,1000,400,1300,0,0,6700,0,100,0,0,0,0,6700,Bank Transfer,SAR
PAY-000892,EMP-0083,2025-03,27-03-2025,10200,2550,1020,450,19.5,1243.13,15463.13,0,255,459,0,510,969,14494.13,Bank Transfer,SAR
PAY-000893,EMP-0084,2025-03,27-03-2025,12750,3188,1200,0,0,0,17138,0,318.76,1142.53,0,0,1142.53,15995.47,Bank Transfer,SAR
PAY-000894,EMP-0085,2025-03,27-03-2025,6100,1525,610,0,21,800.63,9035.63,0,152.5,0,0,0,0,9035.63,Bank Transfer,SAR
PAY-000895,EMP-0086,2025-03,27-03-2025,3550,888,355,0,0,0,4793,0,88.76,0,0,0,0,4793,Bank Transfer,SAR
PAY-000896,EMP-0087,2025-03,27-03-2025,25550,6388,1200,0,0,0,33138,3113.96,3752.71,0,0,0,3113.96,30024.04,Bank Transfer,SAR
PAY-000897,EMP-0088,2025-03,27-03-2025,23950,5988,1200,0,0,0,31138,2918.96,3517.71,0,0,0,2918.96,28219.04,Bank Transfer,SAR
PAY-000898,EMP-0089,2025-03,27-03-2025,20900,5225,1200,0,0,0,27325,0,522.5,2732.5,0,0,2732.5,24592.5,Bank Transfer,SAR
PAY-000899,EMP-0092,2025-03,27-03-2025,4550,1138,455,0,0,0,6143,554.58,668.34,0,0,0,554.58,5588.42,Bank Transfer,SAR
PAY-000900,EMP-0093,2025-03,27-03-2025,4900,1225,490,0,22,673.75,7288.75,0,122.5,220.5,2350,0,2570.5,4718.25,WPS Transfer,SAR
PAY-000901,EMP-0095,2025-03,27-03-2025,18600,4650,1200,2000,18,2092.5,28542.5,0,465,0,0,0,0,28542.5,Bank Transfer,SAR
PAY-000902,EMP-0097,2025-03,27-03-2025,5050,1263,505,1400,15.5,489.22,8707.22,0,126.26,0,0,0,0,8707.22,Bank Transfer,SAR
PAY-000903,EMP-0098,2025-03,27-03-2025,6350,1588,635,0,12,476.25,9049.25,0,158.76,0,0,0,0,9049.25,Bank Transfer,SAR
PAY-000904,EMP-0099,2025-03,27-03-2025,11850,2963,1185,1150,0,0,17148,1444.27,1740.53,0,0,0,1444.27,15703.73,Bank Transfer,SAR
PAY-000905,EMP-0100,2025-03,27-03-2025,12900,3225,1200,0,8.5,685.31,18010.31,0,322.5,577.5,0,0,577.5,17432.81,Bank Transfer,SAR
PAY-000906,EMP-0102,2025-03,27-03-2025,4650,1163,465,1300,0,0,7578,566.77,683.03,0,0,0,566.77,7011.23,Bank Transfer,SAR
PAY-000907,EMP-0103,2025-03,27-03-2025,5350,1338,535,600,0,0,7823,0,133.76,0,0,0,0,7823,Bank Transfer,SAR
PAY-000908,EMP-0104,2025-03,27-03-2025,6350,1588,635,0,0,0,8573,773.96,932.71,0,2000,0,2773.96,5799.04,Bank Transfer,SAR
PAY-000909,EMP-0105,2025-03,27-03-2025,21650,5413,1200,0,21,2841.56,31104.56,2638.64,3179.9,0,0,0,2638.64,28465.92,Bank Transfer,SAR
PAY-000910,EMP-0106,2025-03,27-03-2025,24950,6238,1200,850,0,0,33238,3040.83,3664.59,0,1650,0,4690.83,28547.17,Bank Transfer,SAR
PAY-000911,EMP-0107,2025-03,27-03-2025,26350,6588,1200,2100,0,0,36238,3211.46,3870.21,0,0,0,3211.46,33026.54,Bank Transfer,SAR
PAY-000912,EMP-0108,2025-03,27-03-2025,6050,1513,605,0,0,0,8168,0,151.26,0,0,0,0,8168,Bank Transfer,SAR
PAY-000913,EMP-0112,2025-03,27-03-2025,17550,4388,1200,350,0,0,23488,0,438.76,0,0,0,0,23488,Bank Transfer,SAR
PAY-000914,EMP-0113,2025-03,27-03-2025,12550,3138,1200,2500,14,1098.13,20486.13,1529.58,1843.34,0,0,0,1529.58,18956.55,Bank Transfer,SAR
PAY-000915,EMP-0114,2025-03,27-03-2025,11300,2825,1130,0,0,0,15255,0,282.5,0,0,0,0,15255,WPS Transfer,SAR
PAY-000916,EMP-0116,2025-03,27-03-2025,4550,1138,455,200,0,0,6343,0,113.76,0,0,0,0,6343,Bank Transfer,SAR
PAY-000917,EMP-0117,2025-03,27-03-2025,22450,5613,1200,0,0,0,29263,2736.14,3297.4,0,0,0,2736.14,26526.86,Bank Transfer,SAR
PAY-000918,EMP-0118,2025-03,27-03-2025,18200,4550,1200,0,10.5,1194.38,25144.38,2218.13,2673.13,0,0,0,2218.13,22926.25,Bank Transfer,SAR
PAY-000919,EMP-0119,2025-03,27-03-2025,5300,1325,530,0,6.5,215.31,7370.31,0,132.5,0,0,0,0,7370.31,WPS Transfer,SAR
PAY-000920,EMP-0120,2025-03,27-03-2025,12250,3063,1200,0,0,0,16513,1493.02,1799.28,0,0,0,1493.02,15019.98,Bank Transfer,SAR
PAY-000921,EMP-0121,2025-03,27-03-2025,4700,1175,470,0,14,411.25,6756.25,0,117.5,0,0,0,0,6756.25,Bank Transfer,SAR
PAY-000922,EMP-0122,2025-03,27-03-2025,5250,1313,525,1650,0,0,8738,0,131.26,0,2400,0,2400,6338,Bank Transfer,SAR
PAY-000923,EMP-0123,2025-03,27-03-2025,5450,1363,545,0,0,0,7358,664.27,800.53,0,0,0,664.27,6693.73,WPS Transfer,SAR
PAY-000924,EMP-0124,2025-03,27-03-2025,28200,7050,1200,2050,0,0,38500,3436.88,4141.88,0,0,0,3436.88,35063.12,Bank Transfer,SAR
PAY-000925,EMP-0126,2025-03,27-03-2025,6100,1525,610,0,23,876.88,9111.88,0,152.5,0,0,0,0,9111.88,Bank Transfer,SAR
PAY-000926,EMP-0127,2025-03,27-03-2025,9350,2338,935,0,0,0,12623,0,233.76,0,0,0,0,12623,Bank Transfer,SAR
PAY-000927,EMP-0129,2025-03,27-03-2025,4850,1213,485,2450,25,757.81,9755.81,591.14,712.4,0,0,0,591.14,9164.67,Bank Transfer,SAR
PAY-000928,EMP-0130,2025-03,27-03-2025,6350,1588,635,0,0,0,8573,0,158.76,571.53,0,0,571.53,8001.47,Bank Transfer,SAR
PAY-000929,EMP-0131,2025-03,27-03-2025,20750,5188,1200,0,0,0,27138,0,518.76,904.6,0,0,904.6,26233.4,Bank Transfer,SAR
PAY-000930,EMP-0132,2025-03,27-03-2025,5400,1350,540,1200,19.5,658.13,9148.13,658.13,793.13,0,0,0,658.13,8490,Bank Transfer,SAR
PAY-000931,EMP-0133,2025-03,27-03-2025,11850,2963,1185,600,0,0,16598,0,296.26,1066.53,0,0,1066.53,15531.47,Bank Transfer,SAR
PAY-000932,EMP-0134,2025-03,27-03-2025,4750,1188,475,0,21,623.44,7036.44,0,118.76,0,0,0,0,7036.44,Bank Transfer,SAR
PAY-000933,EMP-0135,2025-03,27-03-2025,5700,1425,570,1550,7,249.38,9494.38,0,142.5,0,0,0,0,9494.38,Bank Transfer,SAR
PAY-000934,EMP-0136,2025-03,27-03-2025,4850,1213,485,0,0,0,6548,0,121.26,436.53,0,0,436.53,6111.47,Bank Transfer,SAR
PAY-000935,EMP-0137,2025-03,27-03-2025,20100,5025,1200,0,0,0,26325,0,502.5,0,0,0,0,26325,Bank Transfer,SAR
PAY-000936,EMP-0138,2025-03,27-03-2025,17050,4263,1200,0,16,1705,24218,0,426.26,0,0,0,0,24218,Bank Transfer,SAR
PAY-000937,EMP-0139,2025-03,27-03-2025,9150,2288,915,0,0,0,12353,0,228.76,0,0,0,0,12353,WPS Transfer,SAR
PAY-000938,EMP-0140,2025-03,27-03-2025,10050,2513,1005,0,13.5,847.97,14415.97,0,251.26,0,0,0,0,14415.97,Bank Transfer,SAR
PAY-000939,EMP-0141,2025-03,27-03-2025,6000,1500,600,0,0,0,8100,731.25,881.25,0,1000,450,2181.25,5918.75,Bank Transfer,SAR
PAY-000940,EMP-0142,2025-03,27-03-2025,4900,1225,490,0,0,0,6615,597.19,719.69,0,700,0,1297.19,5317.81,Bank Transfer,SAR
PAY-000941,EMP-0145,2025-03,27-03-2025,5000,1250,500,0,0,0,6750,0,125,0,0,0,0,6750,Bank Transfer,SAR
PAY-000942,EMP-0146,2025-03,27-03-2025,17050,4263,1200,2350,0,0,24863,2078.02,2504.28,0,0,0,2078.02,22784.98,Bank Transfer,SAR
PAY-000943,EMP-0148,2025-03,27-03-2025,20350,5088,1200,250,18,2289.38,29177.38,0,508.76,0,0,0,0,29177.38,WPS Transfer,SAR
PAY-000944,EMP-0149,2025-03,27-03-2025,20200,5050,1200,550,12.5,1578.13,28578.13,2461.88,2966.88,0,0,0,2461.88,26116.25,Bank Transfer,SAR
PAY-000945,EMP-0150,2025-03,27-03-2025,17050,4263,1200,0,4,426.25,22939.25,2078.02,2504.28,0,0,0,2078.02,20861.23,Bank Transfer,SAR
PAY-000946,EMP-0151,2025-03,27-03-2025,16150,4038,1200,0,0,0,21388,1968.33,2372.09,0,0,0,1968.33,19419.67,WPS Transfer,SAR
PAY-000947,EMP-0152,2025-03,27-03-2025,21350,5338,1200,0,5,667.19,28555.19,0,533.76,0,0,0,0,28555.19,Bank Transfer,SAR
PAY-000948,EMP-0153,2025-03,27-03-2025,12500,3125,1200,0,11,859.38,17684.38,1523.44,1835.94,0,0,0,1523.44,16160.94,Bank Transfer,SAR
PAY-000949,EMP-0155,2025-03,27-03-2025,28050,7013,1200,0,0,0,36263,0,701.26,0,0,0,0,36263,Bank Transfer,SAR
PAY-000950,EMP-0157,2025-03,27-03-2025,11300,2825,1130,2400,0,0,17655,0,282.5,1017,0,0,1017,16638,Bank Transfer,SAR
PAY-000951,EMP-0158,2025-03,27-03-2025,4550,1138,455,0,0,0,6143,0,113.76,0,0,0,0,6143,Bank Transfer,SAR
PAY-000952,EMP-0159,2025-03,27-03-2025,4650,1163,465,0,11.5,334.22,6612.22,566.77,683.03,0,0,0,566.77,6045.45,Bank Transfer,SAR
PAY-000953,EMP-0160,2025-03,27-03-2025,6000,1500,600,0,0,0,8100,731.25,881.25,0,0,0,731.25,7368.75,Bank Transfer,SAR
PAY-000954,EMP-0161,2025-03,27-03-2025,25100,6275,1200,0,0,0,32575,3059.06,3686.56,0,0,0,3059.06,29515.94,Bank Transfer,SAR
PAY-000955,EMP-0162,2025-03,27-03-2025,10350,2588,1035,0,14.5,937.97,14910.97,0,258.76,0,1650,0,1650,13260.97,Bank Transfer,SAR
PAY-000956,EMP-0163,2025-03,27-03-2025,3850,963,385,0,0,0,5198,469.27,565.53,0,0,0,469.27,4728.73,Bank Transfer,SAR
PAY-000957,EMP-0164,2025-03,27-03-2025,6250,1563,625,0,0,0,8438,761.77,918.03,0,0,0,761.77,7676.23,Bank Transfer,SAR
PAY-000958,EMP-0165,2025-03,27-03-2025,4500,1125,450,0,2.5,70.31,6145.31,0,112.5,0,0,0,0,6145.31,Bank Transfer,SAR
PAY-000959,EMP-0167,2025-03,27-03-2025,3450,863,345,300,10,215.63,5173.63,420.52,506.78,0,0,0,420.52,4753.11,Bank Transfer,SAR
PAY-000960,EMP-0168,2025-03,27-03-2025,11900,2975,1190,1100,3,223.13,17388.13,0,297.5,535.5,0,0,535.5,16852.63,Bank Transfer,SAR
PAY-000961,EMP-0169,2025-03,27-03-2025,3250,813,325,1050,0,0,5438,0,81.26,0,0,0,0,5438,Bank Transfer,SAR
PAY-000962,EMP-0170,2025-03,27-03-2025,7550,1888,755,0,0,0,10193,920.21,1108.96,0,0,0,920.21,9272.79,Bank Transfer,SAR
PAY-000963,EMP-0171,2025-03,27-03-2025,8550,2138,855,0,25.5,1362.66,12905.66,0,213.76,0,0,0,0,12905.66,Bank Transfer,SAR
PAY-000964,EMP-0172,2025-03,27-03-2025,7650,1913,765,0,0,0,10328,932.39,1123.65,0,0,420,1352.39,8975.61,Bank Transfer,SAR
PAY-000965,EMP-0173,2025-03,27-03-2025,8850,2213,885,0,0,0,11948,0,221.26,0,0,0,0,11948,Bank Transfer,SAR
PAY-000966,EMP-0174,2025-03,27-03-2025,6300,1575,630,0,0,0,8505,767.81,925.31,0,0,0,767.81,7737.19,Bank Transfer,SAR
PAY-000967,EMP-0175,2025-03,27-03-2025,4500,1125,450,0,20,562.5,6637.5,548.44,660.94,0,0,0,548.44,6089.06,Bank Transfer,SAR
PAY-000968,EMP-0176,2025-03,27-03-2025,6100,1525,610,0,0,0,8235,743.44,895.94,0,0,330,1073.44,7161.56,Bank Transfer,SAR
PAY-000969,EMP-0177,2025-03,27-03-2025,4400,1100,440,2250,0,0,8190,0,110,0,0,0,0,8190,Bank Transfer,SAR
PAY-000970,EMP-0178,2025-03,27-03-2025,4600,1150,460,0,0,0,6210,560.63,675.63,0,0,0,560.63,5649.37,Bank Transfer,SAR
PAY-000971,EMP-0179,2025-03,27-03-2025,4750,1188,475,0,0,0,6413,578.96,697.71,0,0,0,578.96,5834.04,Bank Transfer,SAR
PAY-000972,EMP-0180,2025-03,27-03-2025,4600,1150,460,0,22.5,646.88,6856.88,0,115,0,0,0,0,6856.88,Bank Transfer,SAR
PAY-000973,EMP-0182,2025-03,27-03-2025,7450,1863,745,0,0,0,10058,0,186.26,0,0,0,0,10058,Bank Transfer,SAR
PAY-000974,EMP-0183,2025-03,27-03-2025,4700,1175,470,0,0,0,6345,572.81,690.31,0,0,0,572.81,5772.19,Bank Transfer,SAR
PAY-000975,EMP-0184,2025-03,27-03-2025,8900,2225,890,0,0,0,12015,0,222.5,0,1700,0,1700,10315,Bank Transfer,SAR
PAY-000976,EMP-0186,2025-03,27-03-2025,3250,813,325,2300,25.5,517.97,7205.97,396.14,477.4,292.53,0,0,688.67,6517.3,Bank Transfer,SAR
PAY-000977,EMP-0187,2025-03,27-03-2025,7150,1788,715,0,0,0,9653,0,178.76,0,0,0,0,9653,Bank Transfer,SAR
PAY-000978,EMP-0188,2025-03,27-03-2025,8550,2138,855,0,13,694.69,12237.69,1042.08,1255.84,0,0,0,1042.08,11195.61,Bank Transfer,SAR
PAY-000979,EMP-0189,2025-03,27-03-2025,3450,863,345,650,24.5,528.28,5836.28,0,86.26,0,0,0,0,5836.28,Bank Transfer,SAR
PAY-000980,EMP-0190,2025-03,27-03-2025,4750,1188,475,0,0,0,6413,0,118.76,0,0,0,0,6413,Bank Transfer,SAR
PAY-000981,EMP-0191,2025-03,27-03-2025,3800,950,380,200,0,0,5330,0,95,0,0,0,0,5330,Bank Transfer,SAR
PAY-000982,EMP-0193,2025-03,27-03-2025,3650,913,365,2150,0,0,7078,0,91.26,0,900,0,900,6178,Bank Transfer,SAR
PAY-000983,EMP-0194,2025-03,27-03-2025,4750,1188,475,0,19.5,578.91,6991.91,0,118.76,0,0,0,0,6991.91,Bank Transfer,SAR
PAY-000984,EMP-0195,2025-03,27-03-2025,6150,1538,615,0,18.5,711.09,9014.09,0,153.76,0,0,0,0,9014.09,Bank Transfer,SAR
PAY-000985,EMP-0196,2025-03,27-03-2025,8550,2138,855,0,0,0,11543,0,213.76,0,0,0,0,11543,Bank Transfer,SAR
PAY-000986,EMP-0197,2025-03,27-03-2025,12000,3000,1200,2400,0,0,18600,0,300,0,0,0,0,18600,Bank Transfer,SAR
PAY-000987,EMP-0198,2025-03,27-03-2025,3400,850,340,300,0,0,4890,0,85,0,0,0,0,4890,Bank Transfer,SAR
PAY-000988,EMP-0199,2025-03,27-03-2025,7700,1925,770,0,0,0,10395,0,192.5,1732.5,0,0,1732.5,8662.5,Bank Transfer,SAR
PAY-000989,EMP-0200,2025-03,27-03-2025,11500,2875,1150,2250,19,1365.63,19140.63,0,287.5,0,0,0,0,19140.63,WPS Transfer,SAR
PAY-000990,EMP-0201,2025-03,27-03-2025,3700,925,370,0,0,0,4995,0,92.5,333,0,0,333,4662,Bank Transfer,SAR
PAY-000991,EMP-0202,2025-03,27-03-2025,8800,2200,880,1550,0,0,13430,1072.5,1292.5,0,0,0,1072.5,12357.5,Bank Transfer,SAR
PAY-000992,EMP-0203,2025-03,27-03-2025,4150,1038,415,0,17,440.94,6043.94,505.83,609.59,373.53,0,0,879.36,5164.58,Bank Transfer,SAR
PAY-000993,EMP-0204,2025-03,27-03-2025,4650,1163,465,0,0,0,6278,0,116.26,418.53,0,0,418.53,5859.47,Bank Transfer,SAR
PAY-000994,EMP-0209,2025-03,27-03-2025,3500,875,350,1000,12.5,273.44,5998.44,0,87.5,0,0,0,0,5998.44,Bank Transfer,SAR
PAY-000995,EMP-0210,2025-03,27-03-2025,6850,1713,685,0,15,642.19,9890.19,834.89,1006.15,0,0,590,1424.89,8465.3,Bank Transfer,SAR
PAY-000996,EMP-0211,2025-03,27-03-2025,4450,1113,445,750,6.5,180.78,6938.78,0,111.26,200.27,0,0,200.27,6738.51,Bank Transfer,SAR
PAY-000997,EMP-0212,2025-03,27-03-2025,8700,2175,870,600,0,0,12345,1060.31,1277.81,783,0,0,1843.31,10501.69,Bank Transfer,SAR
PAY-000998,EMP-0213,2025-03,27-03-2025,3650,913,365,0,0,0,4928,444.89,536.15,0,0,0,444.89,4483.11,Bank Transfer,SAR
PAY-000999,EMP-0214,2025-03,27-03-2025,3250,813,325,0,17,345.31,4733.31,396.14,477.4,0,0,0,396.14,4337.17,Bank Transfer,SAR
PAY-001000,EMP-0215,2025-03,27-03-2025,3300,825,330,0,23.5,484.69,4939.69,0,82.5,0,0,0,0,4939.69,Bank Transfer,SAR
PAY-001001,EMP-0216,2025-03,27-03-2025,7650,1913,765,400,0,0,10728,932.39,1123.65,688.53,0,0,1620.92,9107.08,Bank Transfer,SAR
PAY-001002,EMP-0217,2025-03,27-03-2025,3450,863,345,0,0,0,4658,0,86.26,0,0,0,0,4658,Bank Transfer,SAR
PAY-001003,EMP-0219,2025-03,27-03-2025,3500,875,350,0,0,0,4725,426.56,514.06,0,0,0,426.56,4298.44,Bank Transfer,SAR
PAY-001004,EMP-0220,2025-03,27-03-2025,3950,988,395,0,0,0,5333,481.46,580.21,0,0,0,481.46,4851.54,Bank Transfer,SAR
PAY-001005,EMP-0221,2025-03,27-03-2025,25950,6488,1200,0,0,0,33638,3162.71,3811.46,1121.27,0,0,4283.98,29354.02,Bank Transfer,SAR
PAY-001006,EMP-0222,2025-03,27-03-2025,3700,925,370,0,0,0,4995,0,92.5,0,0,0,0,4995,Bank Transfer,SAR
PAY-001007,EMP-0223,2025-03,27-03-2025,7500,1875,750,300,0,0,10425,0,187.5,675,0,0,675,9750,Bank Transfer,SAR
PAY-001008,EMP-0226,2025-03,27-03-2025,3350,838,335,1700,0,0,6223,0,83.76,452.3,0,0,452.3,5770.7,Bank Transfer,SAR
PAY-001009,EMP-0227,2025-03,27-03-2025,4650,1163,465,0,10,290.63,6568.63,566.77,683.03,837.07,0,0,1403.84,5164.79,Bank Transfer,SAR
PAY-001010,EMP-0228,2025-03,27-03-2025,4400,1100,440,900,14.5,398.75,7238.75,0,110,0,0,0,0,7238.75,Cheque,SAR
PAY-001011,EMP-0229,2025-03,27-03-2025,3550,888,355,0,0,0,4793,0,88.76,0,2000,0,2000,2793,Bank Transfer,SAR
PAY-001012,EMP-0231,2025-03,27-03-2025,4450,1113,445,0,25.5,709.22,6717.22,0,111.26,0,0,430,430,6287.22,WPS Transfer,SAR
PAY-001013,EMP-0232,2025-03,27-03-2025,4300,1075,430,0,0,0,5805,0,107.5,0,0,0,0,5805,Bank Transfer,SAR
PAY-001014,EMP-0235,2025-03,27-03-2025,4700,1175,470,1150,0,0,7495,572.81,690.31,0,0,0,572.81,6922.19,Bank Transfer,SAR
PAY-001015,EMP-0236,2025-03,27-03-2025,3250,813,325,0,0,0,4388,0,81.26,0,0,0,0,4388,Bank Transfer,SAR
PAY-001016,EMP-0237,2025-03,27-03-2025,4050,1013,405,0,0,0,5468,493.64,594.9,0,0,0,493.64,4974.36,WPS Transfer,SAR
PAY-001017,EMP-0238,2025-03,27-03-2025,8750,2188,875,0,6,328.13,12141.13,0,218.76,0,0,0,0,12141.13,Bank Transfer,SAR
PAY-001018,EMP-0239,2025-03,27-03-2025,8650,2163,865,950,0,0,12628,0,216.26,0,0,0,0,12628,Bank Transfer,SAR
PAY-001019,EMP-0240,2025-03,27-03-2025,3550,888,355,2200,0,0,6993,0,88.76,0,0,0,0,6993,Bank Transfer,SAR
PAY-001020,EMP-0241,2025-03,27-03-2025,11250,2813,1125,1750,4,281.25,17219.25,1371.14,1652.4,0,0,0,1371.14,15848.11,Bank Transfer,SAR
PAY-001021,EMP-0242,2025-03,27-03-2025,3500,875,350,1500,8,175,6400,426.56,514.06,0,0,0,426.56,5973.44,WPS Transfer,SAR
PAY-001022,EMP-0243,2025-03,27-03-2025,3350,838,335,0,0,0,4523,0,83.76,0,0,0,0,4523,Bank Transfer,SAR
PAY-001023,EMP-0244,2025-03,27-03-2025,8550,2138,855,0,0,0,11543,1042.08,1255.84,769.53,0,0,1811.61,9731.39,Bank Transfer,SAR
PAY-001024,EMP-0245,2025-03,27-03-2025,4100,1025,410,0,3,76.88,5611.88,499.69,602.19,369,0,0,868.69,4743.19,Bank Transfer,SAR
PAY-001025,EMP-0246,2025-03,27-03-2025,4600,1150,460,0,15,431.25,6641.25,560.63,675.63,0,0,0,560.63,6080.62,WPS Transfer,SAR
PAY-001026,EMP-0247,2025-03,27-03-2025,3850,963,385,0,0,0,5198,0,96.26,0,0,590,590,4608,Bank Transfer,SAR
PAY-001027,EMP-0248,2025-03,27-03-2025,8500,2125,850,1450,23,1221.88,14146.88,1035.94,1248.44,0,0,0,1035.94,13110.94,Bank Transfer,SAR
PAY-001028,EMP-0249,2025-03,27-03-2025,8600,2150,860,1000,22.5,1209.38,13819.38,0,215,0,1800,0,1800,12019.38,Bank Transfer,SAR
PAY-001029,EMP-0250,2025-03,27-03-2025,3950,988,395,0,0,0,5333,0,98.76,0,0,0,0,5333,Bank Transfer,SAR
PAY-001030,EMP-0252,2025-03,27-03-2025,7200,1800,720,0,0,0,9720,877.5,1057.5,0,0,0,877.5,8842.5,Bank Transfer,SAR
PAY-001031,EMP-0254,2025-03,27-03-2025,3200,800,320,0,0,0,4320,390,470,0,0,0,390,3930,Bank Transfer,SAR
PAY-001032,EMP-0256,2025-03,27-03-2025,3400,850,340,1550,0,0,6140,0,85,0,2250,0,2250,3890,WPS Transfer,SAR
PAY-001033,EMP-0257,2025-03,27-03-2025,9150,2288,915,450,0,0,12803,0,228.76,0,0,0,0,12803,Bank Transfer,SAR
PAY-001034,EMP-0258,2025-03,27-03-2025,4400,1100,440,700,0,0,6640,0,110,198,0,0,198,6442,Bank Transfer,SAR
PAY-001035,EMP-0260,2025-03,27-03-2025,10550,2638,1055,1900,0,0,16143,0,263.76,0,0,0,0,16143,WPS Transfer,SAR
PAY-001036,EMP-0261,2025-03,27-03-2025,7450,1863,745,0,0,0,10058,0,186.26,0,0,0,0,10058,Bank Transfer,SAR
PAY-001037,EMP-0262,2025-03,27-03-2025,4450,1113,445,0,0,0,6008,542.39,653.65,0,0,0,542.39,5465.61,Bank Transfer,SAR
PAY-001038,EMP-0263,2025-03,27-03-2025,11700,2925,1170,0,8.5,621.56,16416.56,1425.94,1718.44,1053,0,0,2478.94,13937.62,Bank Transfer,SAR
PAY-001039,EMP-0264,2025-03,27-03-2025,4500,1125,450,0,0,0,6075,548.44,660.94,202.5,0,0,750.94,5324.06,Bank Transfer,SAR
PAY-001040,EMP-0265,2025-03,27-03-2025,8850,2213,885,0,0,0,11948,0,221.26,0,0,0,0,11948,Bank Transfer,SAR
PAY-001041,EMP-0266,2025-03,27-03-2025,8900,2225,890,0,15,834.38,12849.38,1084.69,1307.19,0,0,0,1084.69,11764.69,Bank Transfer,SAR
PAY-001042,EMP-0267,2025-03,27-03-2025,9150,2288,915,0,6,343.13,12696.13,0,228.76,0,1050,0,1050,11646.13,Bank Transfer,SAR
PAY-001043,EMP-0268,2025-03,27-03-2025,4300,1075,430,2450,0,0,8255,0,107.5,0,0,0,0,8255,Bank Transfer,SAR
PAY-001044,EMP-0269,2025-03,27-03-2025,4450,1113,445,0,0,0,6008,0,111.26,200.27,0,0,200.27,5807.73,Bank Transfer,SAR
PAY-001045,EMP-0272,2025-03,27-03-2025,4200,1050,420,0,14.5,380.63,6050.63,0,105,0,0,130,130,5920.63,Bank Transfer,SAR
PAY-001046,EMP-0273,2025-03,27-03-2025,4750,1188,475,0,15.5,460.16,6873.16,578.96,697.71,0,0,0,578.96,6294.2,Bank Transfer,SAR
PAY-001047,EMP-0274,2025-03,27-03-2025,10550,2638,1055,0,0,0,14243,0,263.76,0,1450,0,1450,12793,Bank Transfer,SAR
PAY-001048,EMP-0275,2025-03,27-03-2025,13900,3475,1200,0,7,608.13,19183.13,1694.06,2041.56,0,0,0,1694.06,17489.07,Bank Transfer,SAR
PAY-001049,EMP-0277,2025-03,27-03-2025,8700,2175,870,0,0,0,11745,1060.31,1277.81,0,0,0,1060.31,10684.69,Bank Transfer,SAR
PAY-001050,EMP-0278,2025-03,27-03-2025,10350,2588,1035,0,0,0,13973,1261.46,1520.22,0,0,0,1261.46,12711.54,Bank Transfer,SAR
PAY-001051,EMP-0279,2025-03,27-03-2025,10300,2575,1030,300,0,0,14205,1255.31,1512.81,0,0,0,1255.31,12949.69,Cheque,SAR
PAY-001052,EMP-0280,2025-03,27-03-2025,4350,1088,435,1300,0,0,7173,0,108.76,195.77,0,0,195.77,6977.23,Bank Transfer,SAR
PAY-001053,EMP-0281,2025-03,27-03-2025,4350,1088,435,0,0,0,5873,0,108.76,0,0,0,0,5873,Bank Transfer,SAR
PAY-001054,EMP-0282,2025-03,27-03-2025,8750,2188,875,0,2.5,136.72,11949.72,1066.46,1285.21,0,450,0,1516.46,10433.26,Bank Transfer,SAR
PAY-001055,EMP-0283,2025-03,27-03-2025,3650,913,365,0,0,0,4928,0,91.26,0,0,0,0,4928,Bank Transfer,SAR
PAY-001056,EMP-0286,2025-03,27-03-2025,3900,975,390,0,16.5,402.19,5667.19,0,97.5,0,0,0,0,5667.19,Bank Transfer,SAR
PAY-001057,EMP-0287,2025-03,27-03-2025,8850,2213,885,0,0,0,11948,0,221.26,0,0,0,0,11948,Bank Transfer,SAR
PAY-001058,EMP-0288,2025-03,27-03-2025,4350,1088,435,2500,0,0,8373,530.21,638.96,0,0,0,530.21,7842.79,Bank Transfer,SAR
PAY-001059,EMP-0289,2025-03,27-03-2025,4650,1163,465,0,0,0,6278,566.77,683.03,0,0,0,566.77,5711.23,Bank Transfer,SAR
PAY-001060,EMP-0290,2025-03,27-03-2025,3950,988,395,0,0,0,5333,481.46,580.21,0,0,0,481.46,4851.54,Bank Transfer,SAR
PAY-001061,EMP-0291,2025-03,27-03-2025,3950,988,395,0,0,0,5333,0,98.76,355.53,0,0,355.53,4977.47,Bank Transfer,SAR
PAY-001062,EMP-0292,2025-03,27-03-2025,4750,1188,475,0,18.5,549.22,6962.22,578.96,697.71,0,0,0,578.96,6383.26,Bank Transfer,SAR
PAY-001063,EMP-0293,2025-03,27-03-2025,8500,2125,850,1750,21,1115.63,14340.63,1035.94,1248.44,0,0,0,1035.94,13304.69,Bank Transfer,SAR
PAY-001064,EMP-0294,2025-03,27-03-2025,4400,1100,440,0,6,165,6105,536.25,646.25,0,0,0,536.25,5568.75,Bank Transfer,SAR
PAY-001065,EMP-0295,2025-03,27-03-2025,11000,2750,1100,0,0,0,14850,0,275,0,0,0,0,14850,Bank Transfer,SAR
PAY-001066,EMP-0296,2025-03,27-03-2025,15050,3763,1200,0,21,1975.31,21988.31,1834.27,2210.53,0,0,0,1834.27,20154.04,Bank Transfer,SAR
PAY-001067,EMP-0297,2025-03,27-03-2025,4400,1100,440,0,0,0,5940,536.25,646.25,0,1550,0,2086.25,3853.75,Bank Transfer,SAR
PAY-001068,EMP-0300,2025-03,27-03-2025,12700,3175,1200,0,6,476.25,17551.25,0,317.5,0,0,0,0,17551.25,Bank Transfer,SAR
PAY-001069,EMP-0303,2025-03,27-03-2025,9200,2300,920,0,0,0,12420,0,230,0,0,0,0,12420,Bank Transfer,SAR
PAY-001070,EMP-0304,2025-03,27-03-2025,11500,2875,1150,0,2,143.75,15668.75,0,287.5,0,0,0,0,15668.75,Bank Transfer,SAR
PAY-001071,EMP-0305,2025-03,27-03-2025,3850,963,385,0,2.5,60.16,5258.16,469.27,565.53,0,0,0,469.27,4788.89,Bank Transfer,SAR
PAY-001072,EMP-0306,2025-03,27-03-2025,4800,1200,480,0,2.5,75,6555,0,120,216,0,0,216,6339,Bank Transfer,SAR
PAY-001073,EMP-0307,2025-03,27-03-2025,9450,2363,945,0,0,0,12758,0,236.26,850.53,0,0,850.53,11907.47,Bank Transfer,SAR
PAY-001074,EMP-0308,2025-03,27-03-2025,10900,2725,1090,750,0,0,15465,0,272.5,0,0,0,0,15465,Bank Transfer,SAR
PAY-001075,EMP-0309,2025-03,27-03-2025,3800,950,380,0,0,0,5130,0,95,0,0,0,0,5130,Bank Transfer,SAR
PAY-001076,EMP-0310,2025-03,27-03-2025,10450,2613,1045,0,20,1306.25,15414.25,0,261.26,0,0,0,0,15414.25,Bank Transfer,SAR
PAY-001077,EMP-0311,2025-03,27-03-2025,15900,3975,1200,250,5.5,546.56,21871.56,0,397.5,0,2200,110,2310,19561.56,Bank Transfer,SAR
PAY-001078,EMP-0312,2025-03,27-03-2025,14350,3588,1200,1050,18,1614.38,21802.38,0,358.76,0,0,0,0,21802.38,Bank Transfer,SAR
PAY-001079,EMP-0313,2025-03,27-03-2025,11900,2975,1190,0,7.5,557.81,16622.81,0,297.5,0,0,0,0,16622.81,Bank Transfer,SAR
PAY-001080,EMP-0314,2025-03,27-03-2025,3650,913,365,0,0,0,4928,444.89,536.15,0,0,0,444.89,4483.11,Bank Transfer,SAR
PAY-001081,EMP-0315,2025-03,27-03-2025,11600,2900,1160,0,6,435,16095,1413.75,1703.75,0,0,260,1673.75,14421.25,Bank Transfer,SAR
PAY-001082,EMP-0316,2025-03,27-03-2025,15200,3800,1200,0,0,0,20200,0,380,0,0,0,0,20200,Bank Transfer,SAR
PAY-001083,EMP-0318,2025-03,27-03-2025,4100,1025,410,0,22.5,576.56,6111.56,499.69,602.19,369,0,0,868.69,5242.87,Bank Transfer,SAR
PAY-001084,EMP-0320,2025-03,27-03-2025,8750,2188,875,0,7,382.81,12195.81,0,218.76,0,0,0,0,12195.81,Bank Transfer,SAR
PAY-001085,EMP-0321,2025-03,27-03-2025,21300,5325,1200,0,0,0,27825,2595.94,3128.44,0,0,0,2595.94,25229.06,Bank Transfer,SAR
PAY-001086,EMP-0322,2025-03,27-03-2025,8700,2175,870,0,0,0,11745,1060.31,1277.81,783,0,0,1843.31,9901.69,Bank Transfer,SAR
PAY-001087,EMP-0324,2025-03,27-03-2025,6100,1525,610,0,0,0,8235,0,152.5,0,0,0,0,8235,Bank Transfer,SAR
PAY-001088,EMP-0325,2025-03,27-03-2025,11300,2825,1130,0,12.5,882.81,16137.81,0,282.5,0,0,0,0,16137.81,Bank Transfer,SAR
PAY-001089,EMP-0326,2025-03,27-03-2025,5000,1250,500,0,0,0,6750,0,125,0,0,0,0,6750,Bank Transfer,SAR
PAY-001090,EMP-0327,2025-03,27-03-2025,9400,2350,940,0,9,528.75,13218.75,0,235,0,0,140,140,13078.75,Bank Transfer,SAR
PAY-001091,EMP-0328,2025-03,27-03-2025,10850,2713,1085,0,0,0,14648,1322.39,1593.65,0,0,0,1322.39,13325.61,Bank Transfer,SAR
PAY-001092,EMP-0329,2025-03,27-03-2025,10700,2675,1070,0,0,0,14445,0,267.5,0,0,0,0,14445,Bank Transfer,SAR
PAY-001093,EMP-0331,2025-03,27-03-2025,11600,2900,1160,0,3.5,253.75,15913.75,0,290,0,0,0,0,15913.75,Bank Transfer,SAR
PAY-001094,EMP-0332,2025-03,27-03-2025,5350,1338,535,0,0,0,7223,652.08,785.84,0,0,0,652.08,6570.92,Bank Transfer,SAR
PAY-001095,EMP-0333,2025-03,27-03-2025,4700,1175,470,0,0,0,6345,0,117.5,211.5,0,0,211.5,6133.5,Bank Transfer,SAR
PAY-001096,EMP-0334,2025-03,27-03-2025,15550,3888,1200,0,14,1360.63,21998.63,0,388.76,0,0,0,0,21998.63,Bank Transfer,SAR
PAY-001097,EMP-0335,2025-03,27-03-2025,12650,3163,1200,1900,20.5,1620.78,20533.78,0,316.26,0,0,0,0,20533.78,Bank Transfer,SAR
PAY-001098,EMP-0336,2025-03,27-03-2025,5000,1250,500,0,0,0,6750,0,125,0,0,0,0,6750,Bank Transfer,SAR
PAY-001099,EMP-0337,2025-03,27-03-2025,8750,2188,875,1700,5,273.44,13786.44,1066.46,1285.21,0,0,510,1576.46,12209.98,Bank Transfer,SAR
PAY-001100,EMP-0338,2025-03,27-03-2025,11550,2888,1155,0,6,433.13,16026.13,0,288.76,0,0,0,0,16026.13,Bank Transfer,SAR
PAY-001101,EMP-0339,2025-03,27-03-2025,12400,3100,1200,1050,13,1007.5,18757.5,1511.25,1821.25,0,0,0,1511.25,17246.25,Bank Transfer,SAR
PAY-001102,EMP-0340,2025-03,27-03-2025,11200,2800,1120,800,0,0,15920,0,280,0,0,0,0,15920,Bank Transfer,SAR
PAY-001103,EMP-0341,2025-03,27-03-2025,4900,1225,490,0,0,0,6615,0,122.5,0,1000,0,1000,5615,Bank Transfer,SAR
PAY-001104,EMP-0342,2025-03,27-03-2025,8500,2125,850,550,0,0,12025,1035.94,1248.44,0,0,0,1035.94,10989.06,Bank Transfer,SAR
PAY-001105,EMP-0343,2025-03,27-03-2025,5300,1325,530,2050,0,0,9205,0,132.5,0,0,0,0,9205,Bank Transfer,SAR
PAY-001106,EMP-0344,2025-03,27-03-2025,11000,2750,1100,0,0,0,14850,0,275,0,850,0,850,14000,Bank Transfer,SAR
PAY-001107,EMP-0345,2025-03,27-03-2025,5100,1275,510,0,0,0,6885,0,127.5,0,0,0,0,6885,Bank Transfer,SAR
PAY-001108,EMP-0347,2025-03,27-03-2025,5550,1388,555,0,26,901.88,8394.88,0,138.76,0,0,0,0,8394.88,Bank Transfer,SAR
PAY-001109,EMP-0349,2025-03,27-03-2025,10850,2713,1085,0,10.5,712.03,15360.03,0,271.26,0,0,0,0,15360.03,Bank Transfer,SAR
PAY-001110,EMP-0350,2025-03,27-03-2025,13050,3263,1200,1800,0,0,19313,1590.52,1916.78,1167.53,0,0,2758.05,16554.95,Bank Transfer,SAR
PAY-001111,EMP-0351,2025-03,27-03-2025,14350,3588,1200,0,0,0,19138,1748.96,2107.71,2551.73,0,0,4300.69,14837.31,Bank Transfer,SAR
PAY-001112,EMP-0352,2025-03,27-03-2025,10200,2550,1020,2200,0,0,15970,0,255,0,0,0,0,15970,Bank Transfer,SAR
PAY-001113,EMP-0353,2025-03,27-03-2025,10650,2663,1065,0,0,0,14378,1298.02,1564.28,0,0,0,1298.02,13079.98,WPS Transfer,SAR
PAY-001114,EMP-0354,2025-03,27-03-2025,12400,3100,1200,0,18,1395,18095,1511.25,1821.25,556.67,0,0,2067.92,16027.08,Bank Transfer,SAR
PAY-001115,EMP-0355,2025-03,27-03-2025,4700,1175,470,0,0,0,6345,0,117.5,0,0,60,60,6285,Bank Transfer,SAR
PAY-001116,EMP-0356,2025-03,27-03-2025,5700,1425,570,1200,0,0,8895,694.69,837.19,769.5,0,0,1464.19,7430.81,Bank Transfer,SAR
PAY-001117,EMP-0357,2025-03,27-03-2025,12700,3175,1200,0,0,0,17075,0,317.5,0,0,0,0,17075,Bank Transfer,SAR
PAY-001118,EMP-0359,2025-03,27-03-2025,4550,1138,455,1400,0,0,7543,554.58,668.34,0,0,0,554.58,6988.42,Bank Transfer,SAR
PAY-001119,EMP-0360,2025-03,27-03-2025,15300,3825,1200,0,0,0,20325,0,382.5,0,0,0,0,20325,Bank Transfer,SAR
PAY-001120,EMP-0361,2025-03,27-03-2025,28350,7088,1200,2150,0,0,38788,0,708.76,0,1950,0,1950,36838,Bank Transfer,SAR
PAY-001121,EMP-0362,2025-03,27-03-2025,7050,1763,705,0,20.5,903.28,10421.28,859.27,1035.53,0,1700,0,2559.27,7862.01,Bank Transfer,SAR
PAY-001122,EMP-0363,2025-03,27-03-2025,6900,1725,690,500,14.5,625.31,10440.31,840.94,1013.44,0,0,0,840.94,9599.37,Bank Transfer,SAR
PAY-001123,EMP-0364,2025-03,27-03-2025,6050,1513,605,0,0,0,8168,737.39,888.65,1089.07,0,0,1826.46,6341.54,Bank Transfer,SAR
PAY-001124,EMP-0366,2025-03,27-03-2025,12100,3025,1200,0,19,1436.88,17761.88,1474.69,1777.19,0,0,0,1474.69,16287.19,Bank Transfer,SAR
PAY-001125,EMP-0368,2025-03,27-03-2025,26850,6713,1200,0,0,0,34763,0,671.26,0,0,0,0,34763,WPS Transfer,SAR
PAY-001126,EMP-0369,2025-03,27-03-2025,7050,1763,705,0,14,616.88,10134.88,859.27,1035.53,0,0,0,859.27,9275.61,Bank Transfer,SAR
PAY-001127,EMP-0370,2025-03,27-03-2025,7150,1788,715,0,10.5,469.22,10122.22,871.46,1050.21,321.77,0,0,1193.23,8928.99,Bank Transfer,SAR
PAY-001128,EMP-0372,2025-03,27-03-2025,7450,1863,745,0,9,419.06,10477.06,0,186.26,0,0,0,0,10477.06,Bank Transfer,SAR
PAY-001129,EMP-0373,2025-03,27-03-2025,26000,6500,1200,0,0,0,33700,3168.75,3818.75,1123.33,2000,0,6292.08,27407.92,Bank Transfer,SAR
PAY-001130,EMP-0374,2025-03,27-03-2025,8650,2163,865,0,0,0,11678,0,216.26,0,0,0,0,11678,Bank Transfer,SAR
PAY-001131,EMP-0375,2025-03,27-03-2025,9600,2400,960,750,5,300,14010,0,240,432,0,0,432,13578,Bank Transfer,SAR
PAY-001132,EMP-0376,2025-03,27-03-2025,26700,6675,1200,350,0,0,34925,0,667.5,2305,0,0,2305,32620,Bank Transfer,SAR
PAY-001133,EMP-0377,2025-03,27-03-2025,15650,3913,1200,0,21,2054.06,22817.06,0,391.26,0,0,0,0,22817.06,Bank Transfer,SAR
PAY-001134,EMP-0378,2025-03,27-03-2025,12300,3075,1200,2350,0,0,18925,0,307.5,1105,0,0,1105,17820,Bank Transfer,SAR
PAY-001135,EMP-0379,2025-03,27-03-2025,16750,4188,1200,0,10.5,1099.22,23237.22,2041.46,2460.21,0,0,190,2231.46,21005.76,Bank Transfer,SAR
PAY-001136,EMP-0381,2025-03,27-03-2025,8300,2075,830,0,21,1089.38,12294.38,1011.56,1219.06,0,0,0,1011.56,11282.82,Bank Transfer,SAR
PAY-001137,EMP-0382,2025-03,27-03-2025,12900,3225,1200,0,0,0,17325,1572.19,1894.69,0,450,0,2022.19,15302.81,Bank Transfer,SAR
PAY-001138,EMP-0383,2025-03,27-03-2025,8250,2063,825,0,22.5,1160.16,12298.16,1005.52,1211.78,0,0,170,1175.52,11122.64,Bank Transfer,SAR
PAY-001139,EMP-0384,2025-03,27-03-2025,13550,3388,1200,0,0,0,18138,0,338.76,0,0,0,0,18138,Bank Transfer,SAR
PAY-001140,EMP-0385,2025-03,27-03-2025,6650,1663,665,0,0,0,8978,810.52,976.78,299.27,0,0,1109.79,7868.21,Bank Transfer,SAR
PAY-001141,EMP-0387,2025-03,27-03-2025,7700,1925,770,0,0,0,10395,938.44,1130.94,0,2150,0,3088.44,7306.56,Bank Transfer,SAR
PAY-001142,EMP-0388,2025-03,27-03-2025,8300,2075,830,0,0,0,11205,1011.56,1219.06,0,0,0,1011.56,10193.44,Bank Transfer,SAR
PAY-001143,EMP-0389,2025-03,27-03-2025,8650,2163,865,1200,0,0,12878,0,216.26,0,0,190,190,12688,Bank Transfer,SAR
PAY-001144,EMP-0390,2025-03,27-03-2025,6250,1563,625,0,0,0,8438,0,156.26,0,0,0,0,8438,Bank Transfer,SAR
PAY-001145,EMP-0391,2025-03,27-03-2025,11600,2900,1160,0,0,0,15660,1413.75,1703.75,0,0,0,1413.75,14246.25,Bank Transfer,SAR
PAY-001146,EMP-0393,2025-03,27-03-2025,8700,2175,870,0,2.5,135.94,11880.94,0,217.5,0,0,0,0,11880.94,Bank Transfer,SAR
PAY-001147,EMP-0394,2025-03,27-03-2025,11350,2838,1135,0,0,0,15323,0,283.76,0,0,0,0,15323,Bank Transfer,SAR
PAY-001148,EMP-0395,2025-03,27-03-2025,26050,6513,1200,0,0,0,33763,0,651.26,0,0,0,0,33763,Bank Transfer,SAR
PAY-001149,EMP-0398,2025-03,27-03-2025,12000,3000,1200,0,20.5,1537.5,17737.5,1462.5,1762.5,0,0,0,1462.5,16275,Cheque,SAR
PAY-001150,EMP-0399,2025-03,27-03-2025,5350,1338,535,0,0,0,7223,0,133.76,0,0,0,0,7223,Bank Transfer,SAR
PAY-001151,EMP-0400,2025-03,27-03-2025,5050,1263,505,0,0,0,6818,0,126.26,0,0,0,0,6818,Bank Transfer,SAR
PAY-001152,EMP-0402,2025-03,27-03-2025,13000,3250,1200,0,5,406.25,17856.25,0,325,0,0,0,0,17856.25,Bank Transfer,SAR
PAY-001153,EMP-0403,2025-03,27-03-2025,8750,2188,875,250,0,0,12063,1066.46,1285.21,0,0,0,1066.46,10996.54,Bank Transfer,SAR
PAY-001154,EMP-0405,2025-03,27-03-2025,10950,2738,1095,1150,0,0,15933,0,273.76,0,950,0,950,14983,WPS Transfer,SAR
PAY-001155,EMP-0406,2025-03,27-03-2025,12400,3100,1200,0,0,0,16700,1511.25,1821.25,556.67,0,0,2067.92,14632.08,Bank Transfer,SAR
PAY-001156,EMP-0407,2025-03,27-03-2025,6150,1538,615,0,25,960.94,9263.94,0,153.76,0,0,0,0,9263.94,Bank Transfer,SAR
PAY-001157,EMP-0409,2025-03,27-03-2025,5450,1363,545,950,2,68.13,8376.13,664.27,800.53,0,0,0,664.27,7711.86,Bank Transfer,SAR
PAY-001158,EMP-0410,2025-03,27-03-2025,6300,1575,630,0,22.5,885.94,9390.94,767.81,925.31,0,0,0,767.81,8623.13,Bank Transfer,SAR
PAY-001159,EMP-0411,2025-03,27-03-2025,9350,2338,935,0,13.5,788.91,13411.91,1139.58,1373.34,420.77,0,0,1560.35,11851.56,Bank Transfer,SAR
PAY-001160,EMP-0412,2025-03,27-03-2025,6400,1600,640,1600,19,760,11000,0,160,0,2450,0,2450,8550,Bank Transfer,SAR
PAY-001161,EMP-0413,2025-03,27-03-2025,11500,2875,1150,0,20,1437.5,16962.5,1401.56,1689.06,0,0,0,1401.56,15560.94,Bank Transfer,SAR
PAY-001162,EMP-0414,2025-03,27-03-2025,6300,1575,630,0,16.5,649.69,9154.69,0,157.5,0,0,0,0,9154.69,Bank Transfer,SAR
PAY-001163,EMP-0415,2025-03,27-03-2025,5800,1450,580,0,0,0,7830,706.88,851.88,0,350,0,1056.88,6773.12,Bank Transfer,SAR
PAY-001164,EMP-0416,2025-03,27-03-2025,4600,1150,460,0,20,575,6785,560.63,675.63,0,0,0,560.63,6224.37,Bank Transfer,SAR
PAY-001165,EMP-0417,2025-03,27-03-2025,5900,1475,590,0,11.5,424.06,8389.06,719.06,866.56,0,0,0,719.06,7670,Bank Transfer,SAR
PAY-001166,EMP-0420,2025-03,27-03-2025,4700,1175,470,0,0,0,6345,572.81,690.31,0,0,0,572.81,5772.19,Bank Transfer,SAR
PAY-001167,EMP-0421,2025-03,27-03-2025,12150,3038,1200,0,0,0,16388,1480.83,1784.59,0,2400,0,3880.83,12507.17,Bank Transfer,SAR
PAY-001168,EMP-0422,2025-03,27-03-2025,9200,2300,920,0,19,1092.5,13512.5,1121.25,1351.25,0,0,0,1121.25,12391.25,Bank Transfer,SAR
PAY-001169,EMP-0423,2025-03,27-03-2025,10250,2563,1025,1800,22.5,1441.41,17079.41,1249.27,1505.53,0,0,0,1249.27,15830.14,Bank Transfer,SAR
PAY-001170,EMP-0424,2025-03,27-03-2025,17650,4413,1200,0,12,1323.75,24586.75,2151.14,2592.4,1550.87,0,0,3702.01,20884.74,Bank Transfer,SAR
PAY-001171,EMP-0425,2025-03,27-03-2025,5950,1488,595,2150,0,0,10183,0,148.76,0,0,0,0,10183,Bank Transfer,SAR
PAY-001172,EMP-0426,2025-03,27-03-2025,29150,7288,1200,0,0,0,37638,0,728.76,0,0,0,0,37638,Bank Transfer,SAR
PAY-001173,EMP-0427,2025-03,27-03-2025,7750,1938,775,0,0,0,10463,0,193.76,0,0,0,0,10463,Bank Transfer,SAR
PAY-001174,EMP-0428,2025-03,27-03-2025,10850,2713,1085,0,4.5,305.16,14953.16,0,271.26,0,0,0,0,14953.16,Bank Transfer,SAR
PAY-001175,EMP-0429,2025-03,27-03-2025,8300,2075,830,0,0,0,11205,0,207.5,0,0,0,0,11205,Bank Transfer,SAR
PAY-001176,EMP-0430,2025-03,27-03-2025,6400,1600,640,0,19,760,9400,0,160,0,0,0,0,9400,Bank Transfer,SAR
PAY-001177,EMP-0431,2025-03,27-03-2025,8450,2113,845,0,0,0,11408,0,211.26,0,0,0,0,11408,Bank Transfer,SAR
PAY-001178,EMP-0432,2025-03,27-03-2025,8650,2163,865,0,0,0,11678,1054.27,1270.53,0,1650,0,2704.27,8973.73,Bank Transfer,SAR
PAY-001179,EMP-0433,2025-03,27-03-2025,16100,4025,1200,1850,0,0,23175,0,402.5,0,0,0,0,23175,Bank Transfer,SAR
PAY-001180,EMP-0434,2025-03,27-03-2025,12250,3063,1200,0,12,918.75,17431.75,0,306.26,0,0,0,0,17431.75,Bank Transfer,SAR
PAY-001181,EMP-0435,2025-03,27-03-2025,8750,2188,875,0,0,0,11813,1066.46,1285.21,393.77,1350,0,2810.23,9002.77,Bank Transfer,SAR
PAY-001182,EMP-0436,2025-03,27-03-2025,7450,1863,745,0,0,0,10058,0,186.26,0,0,0,0,10058,Bank Transfer,SAR
PAY-001183,EMP-0438,2025-03,27-03-2025,8900,2225,890,0,19.5,1084.69,13099.69,0,222.5,0,1950,0,1950,11149.69,Bank Transfer,SAR
PAY-001184,EMP-0439,2025-03,27-03-2025,6250,1563,625,0,0,0,8438,0,156.26,0,0,0,0,8438,Bank Transfer,SAR
PAY-001185,EMP-0440,2025-03,27-03-2025,6800,1700,680,0,0,0,9180,0,170,0,0,0,0,9180,Bank Transfer,SAR
PAY-001186,EMP-0441,2025-03,27-03-2025,16850,4213,1200,0,5.5,579.22,22842.22,2053.64,2474.9,0,0,0,2053.64,20788.58,Bank Transfer,SAR
PAY-001187,EMP-0442,2025-03,27-03-2025,7800,1950,780,1900,19.5,950.63,13380.63,950.63,1145.63,0,0,0,950.63,12430,Bank Transfer,SAR
PAY-001188,EMP-0443,2025-03,27-03-2025,9850,2463,985,0,3,184.69,13482.69,0,246.26,0,0,0,0,13482.69,Cheque,SAR
PAY-001189,EMP-0444,2025-03,27-03-2025,8500,2125,850,0,0,0,11475,1035.94,1248.44,0,0,0,1035.94,10439.06,Bank Transfer,SAR
PAY-001190,EMP-0445,2025-03,27-03-2025,10900,2725,1090,0,0,0,14715,0,272.5,0,1350,0,1350,13365,Bank Transfer,SAR
PAY-001191,EMP-0446,2025-03,27-03-2025,11600,2900,1160,1000,0,0,16660,1413.75,1703.75,0,0,0,1413.75,15246.25,Bank Transfer,SAR
PAY-001192,EMP-0449,2025-03,27-03-2025,6350,1588,635,0,4,158.75,8731.75,773.96,932.71,0,0,0,773.96,7957.79,Bank Transfer,SAR
PAY-001193,EMP-0450,2025-03,27-03-2025,6050,1513,605,0,0,0,8168,0,151.26,0,0,0,0,8168,Bank Transfer,SAR
PAY-001194,EMP-0451,2025-03,27-03-2025,26850,6713,1200,2300,0,0,37063,0,671.26,0,350,390,740,36323,Bank Transfer,SAR
PAY-001195,EMP-0452,2025-03,27-03-2025,6500,1625,650,0,3,121.88,8896.88,792.19,954.69,0,0,0,792.19,8104.69,Bank Transfer,SAR
PAY-001196,EMP-0453,2025-03,27-03-2025,6300,1575,630,0,20.5,807.19,9312.19,767.81,925.31,0,0,0,767.81,8544.38,Bank Transfer,SAR
PAY-001197,EMP-0454,2025-03,27-03-2025,5300,1325,530,0,0,0,7155,645.94,778.44,0,0,0,645.94,6509.06,Bank Transfer,SAR
PAY-001198,EMP-0455,2025-03,27-03-2025,4800,1200,480,0,0,0,6480,0,120,0,1700,0,1700,4780,Bank Transfer,SAR
PAY-001199,EMP-0457,2025-03,27-03-2025,5050,1263,505,0,0,0,6818,615.52,741.78,0,0,0,615.52,6202.48,Bank Transfer,SAR
PAY-001200,EMP-0458,2025-03,27-03-2025,6100,1525,610,0,0,0,8235,743.44,895.94,0,500,0,1243.44,6991.56,Bank Transfer,SAR
PAY-001201,EMP-0459,2025-03,27-03-2025,6400,1600,640,0,9.5,380,9020,780,940,0,0,0,780,8240,Bank Transfer,SAR
PAY-001202,EMP-0460,2025-03,27-03-2025,10050,2513,1005,0,0,0,13568,0,251.26,0,0,0,0,13568,Bank Transfer,SAR
PAY-001203,EMP-0461,2025-03,27-03-2025,4900,1225,490,0,0,0,6615,597.19,719.69,882,0,0,1479.19,5135.81,WPS Transfer,SAR
PAY-001204,EMP-0462,2025-03,27-03-2025,5400,1350,540,2100,0,0,9390,0,135,0,0,0,0,9390,Bank Transfer,SAR
PAY-001205,EMP-0463,2025-03,27-03-2025,5850,1463,585,500,0,0,8398,0,146.26,0,0,0,0,8398,Bank Transfer,SAR
PAY-001206,EMP-0464,2025-03,27-03-2025,5800,1450,580,0,0,0,7830,706.88,851.88,0,0,0,706.88,7123.12,Bank Transfer,SAR
PAY-001207,EMP-0465,2025-03,27-03-2025,11200,2800,1120,0,0,0,15120,0,280,0,0,0,0,15120,Bank Transfer,SAR
PAY-001208,EMP-0466,2025-03,27-03-2025,11900,2975,1190,0,21,1561.88,17626.88,0,297.5,0,0,0,0,17626.88,Bank Transfer,SAR
PAY-001209,EMP-0467,2025-03,27-03-2025,4650,1163,465,900,0,0,7178,566.77,683.03,0,1200,0,1766.77,5411.23,Bank Transfer,SAR
PAY-001210,EMP-0468,2025-03,27-03-2025,11850,2963,1185,500,0,0,16498,0,296.26,0,0,0,0,16498,Bank Transfer,SAR
PAY-001211,EMP-0469,2025-03,27-03-2025,4600,1150,460,0,0,0,6210,0,115,0,850,0,850,5360,Bank Transfer,SAR
PAY-001212,EMP-0470,2025-03,27-03-2025,4600,1150,460,0,0,0,6210,0,115,0,0,0,0,6210,Bank Transfer,SAR
PAY-001213,EMP-0471,2025-03,27-03-2025,25000,6250,1200,0,0,0,32450,3046.88,3671.88,0,0,0,3046.88,29403.12,Bank Transfer,SAR
PAY-001214,EMP-0472,2025-03,27-03-2025,8600,2150,860,0,0,0,11610,1048.13,1263.13,387,2150,0,3585.13,8024.87,Bank Transfer,SAR
PAY-001215,EMP-0473,2025-03,27-03-2025,8150,2038,815,1600,0,0,12603,993.33,1197.09,733.53,0,0,1726.86,10876.14,Bank Transfer,SAR
PAY-001216,EMP-0474,2025-03,27-03-2025,7700,1925,770,1850,0,0,12245,938.44,1130.94,693,1350,0,2981.44,9263.56,Bank Transfer,SAR
PAY-001217,EMP-0475,2025-03,27-03-2025,12800,3200,1200,1400,0,0,18600,0,320,0,0,0,0,18600,WPS Transfer,SAR
PAY-001218,EMP-0476,2025-03,27-03-2025,14600,3650,1200,0,0,0,19450,0,365,0,0,0,0,19450,Bank Transfer,SAR
PAY-001219,EMP-0478,2025-03,27-03-2025,7500,1875,750,0,0,0,10125,914.06,1101.56,0,800,0,1714.06,8410.94,Bank Transfer,SAR
PAY-001220,EMP-0480,2025-03,27-03-2025,14150,3538,1200,0,0,0,18888,0,353.76,1259.2,350,510,2119.2,16768.8,Bank Transfer,SAR
PAY-001221,EMP-0481,2025-03,27-03-2025,15500,3875,1200,0,0,0,20575,0,387.5,0,0,0,0,20575,Bank Transfer,SAR
PAY-001222,EMP-0482,2025-03,27-03-2025,8400,2100,840,0,6,315,11655,0,210,0,0,0,0,11655,Bank Transfer,SAR
PAY-001223,EMP-0483,2025-03,27-03-2025,8800,2200,880,0,0,0,11880,1072.5,1292.5,0,1750,0,2822.5,9057.5,Bank Transfer,SAR
PAY-001224,EMP-0484,2025-03,27-03-2025,10600,2650,1060,1500,24,1590,17400,1291.88,1556.88,0,0,0,1291.88,16108.12,Bank Transfer,SAR
PAY-001225,EMP-0485,2025-03,27-03-2025,10100,2525,1010,0,0,0,13635,0,252.5,0,0,0,0,13635,Bank Transfer,SAR
PAY-001226,EMP-0486,2025-03,27-03-2025,14700,3675,1200,0,0,0,19575,1791.56,2159.06,0,0,0,1791.56,17783.44,Bank Transfer,SAR
PAY-001227,EMP-0487,2025-03,27-03-2025,10850,2713,1085,0,7.5,508.59,15156.59,1322.39,1593.65,0,0,80,1402.39,13754.2,Bank Transfer,SAR
PAY-001228,EMP-0488,2025-03,27-03-2025,10850,2713,1085,0,19.5,1322.34,15970.34,0,271.26,0,0,0,0,15970.34,Bank Transfer,SAR
PAY-001229,EMP-0489,2025-03,27-03-2025,11700,2925,1170,1300,15.5,1133.44,18228.44,0,292.5,0,2200,0,2200,16028.44,Bank Transfer,SAR
PAY-001230,EMP-0490,2025-03,27-03-2025,6250,1563,625,0,0,0,8438,0,156.26,562.53,0,0,562.53,7875.47,Bank Transfer,SAR
PAY-001231,EMP-0491,2025-03,27-03-2025,37150,9288,1200,0,0,0,47638,4527.71,5456.46,0,0,0,4527.71,43110.29,Bank Transfer,SAR
PAY-001232,EMP-0492,2025-03,27-03-2025,21700,5425,1200,0,0,0,28325,2644.69,3187.19,944.17,0,0,3588.86,24736.14,Bank Transfer,SAR
PAY-001233,EMP-0493,2025-03,27-03-2025,6300,1575,630,2200,7.5,295.31,11000.31,0,157.5,0,0,0,0,11000.31,Bank Transfer,SAR
PAY-001234,EMP-0494,2025-03,27-03-2025,6500,1625,650,0,0,0,8775,792.19,954.69,0,0,0,792.19,7982.81,Bank Transfer,SAR
PAY-001235,EMP-0495,2025-03,27-03-2025,16800,4200,1200,2300,0,0,24500,0,420,0,0,0,0,24500,Bank Transfer,SAR
PAY-001236,EMP-0497,2025-03,27-03-2025,8700,2175,870,1000,0,0,12745,1060.31,1277.81,391.5,0,570,2021.81,10723.19,Bank Transfer,SAR
PAY-001237,EMP-0498,2025-03,27-03-2025,12050,3013,1200,500,25,1882.81,18645.81,0,301.26,0,0,0,0,18645.81,Bank Transfer,SAR
PAY-001238,EMP-0499,2025-03,27-03-2025,14750,3688,1200,0,0,0,19638,1797.71,2166.46,0,1000,0,2797.71,16840.29,Bank Transfer,SAR
PAY-001239,EMP-0500,2025-03,27-03-2025,22250,5563,1200,2350,0,0,31363,0,556.26,0,0,0,0,31363,Bank Transfer,SAR
PAY-001240,EMP-0001,2025-04,27-04-2025,35400,8850,1200,0,0,0,45450,4314.38,5199.38,0,0,0,4314.38,41135.62,Bank Transfer,SAR
PAY-001241,EMP-0003,2025-04,27-04-2025,8700,2175,870,0,19,1033.13,12778.13,0,217.5,0,0,0,0,12778.13,Bank Transfer,SAR
PAY-001242,EMP-0005,2025-04,27-04-2025,3450,863,345,0,14,301.88,4959.88,0,86.26,0,0,0,0,4959.88,Bank Transfer,SAR
PAY-001243,EMP-0006,2025-04,27-04-2025,3200,800,320,0,8,160,4480,390,470,0,0,0,390,4090,Bank Transfer,SAR
PAY-001244,EMP-0008,2025-04,27-04-2025,4650,1163,465,0,0,0,6278,566.77,683.03,0,0,290,856.77,5421.23,Bank Transfer,SAR
PAY-001245,EMP-0009,2025-04,27-04-2025,3800,950,380,0,19.5,463.13,5593.13,463.13,558.13,342,0,0,805.13,4788,Bank Transfer,SAR
PAY-001246,EMP-0010,2025-04,27-04-2025,29350,7338,1200,0,0,0,37888,3577.08,4310.84,0,0,0,3577.08,34310.92,Bank Transfer,SAR
PAY-001247,EMP-0014,2025-04,27-04-2025,9500,2375,950,0,8,475,13300,1157.81,1395.31,0,0,0,1157.81,12142.19,Bank Transfer,SAR
PAY-001248,EMP-0015,2025-04,27-04-2025,8000,2000,800,1250,13,650,12700,975,1175,0,2500,0,3475,9225,Bank Transfer,SAR
PAY-001249,EMP-0016,2025-04,27-04-2025,8850,2213,885,1950,17.5,967.97,14865.97,0,221.26,0,0,0,0,14865.97,Bank Transfer,SAR
PAY-001250,EMP-0017,2025-04,27-04-2025,6600,1650,660,0,0,0,8910,0,165,0,0,0,0,8910,Bank Transfer,SAR
PAY-001251,EMP-0018,2025-04,27-04-2025,3350,838,335,0,11.5,240.78,4763.78,408.33,492.09,0,2250,0,2658.33,2105.45,Bank Transfer,SAR
PAY-001252,EMP-0019,2025-04,27-04-2025,4700,1175,470,0,0,0,6345,572.81,690.31,0,0,0,572.81,5772.19,Bank Transfer,SAR
PAY-001253,EMP-0020,2025-04,27-04-2025,11450,2863,1145,1500,0,0,16958,0,286.26,0,0,0,0,16958,Bank Transfer,SAR
PAY-001254,EMP-0021,2025-04,27-04-2025,8800,2200,880,0,0,0,11880,1072.5,1292.5,0,0,0,1072.5,10807.5,Bank Transfer,SAR
PAY-001255,EMP-0022,2025-04,27-04-2025,11500,2875,1150,0,15,1078.13,16603.13,1401.56,1689.06,0,1950,0,3351.56,13251.57,Bank Transfer,SAR
PAY-001256,EMP-0023,2025-04,27-04-2025,3400,850,340,0,0,0,4590,0,85,0,600,0,600,3990,WPS Transfer,SAR
PAY-001257,EMP-0024,2025-04,27-04-2025,23700,5925,1200,0,0,0,30825,2888.44,3480.94,0,0,0,2888.44,27936.56,Bank Transfer,SAR
PAY-001258,EMP-0025,2025-04,27-04-2025,6000,1500,600,0,7,262.5,8362.5,0,150,0,1450,0,1450,6912.5,Bank Transfer,SAR
PAY-001259,EMP-0026,2025-04,27-04-2025,3300,825,330,0,0,0,4455,402.19,484.69,148.5,0,0,550.69,3904.31,Bank Transfer,SAR
PAY-001260,EMP-0027,2025-04,27-04-2025,3350,838,335,0,4,83.75,4606.75,0,83.76,0,0,0,0,4606.75,Bank Transfer,SAR
PAY-001261,EMP-0028,2025-04,27-04-2025,9000,2250,900,0,20.5,1153.13,13303.13,0,225,0,0,0,0,13303.13,WPS Transfer,SAR
PAY-001262,EMP-0029,2025-04,27-04-2025,3550,888,355,1700,0,0,6493,432.71,521.46,0,0,0,432.71,6060.29,Bank Transfer,SAR
PAY-001263,EMP-0030,2025-04,27-04-2025,4550,1138,455,0,0,0,6143,554.58,668.34,0,1050,0,1604.58,4538.42,Bank Transfer,SAR
PAY-001264,EMP-0031,2025-04,27-04-2025,3800,950,380,2200,18.5,439.38,7769.38,463.13,558.13,0,0,480,943.13,6826.25,Bank Transfer,SAR
PAY-001265,EMP-0032,2025-04,27-04-2025,12650,3163,1200,0,21,1660.31,18673.31,0,316.26,0,1300,0,1300,17373.31,Bank Transfer,SAR
PAY-001266,EMP-0034,2025-04,27-04-2025,11650,2913,1165,0,2.5,182.03,15910.03,0,291.26,0,0,0,0,15910.03,Bank Transfer,SAR
PAY-001267,EMP-0035,2025-04,27-04-2025,7300,1825,730,0,18.5,844.06,10699.06,0,182.5,0,0,0,0,10699.06,Bank Transfer,SAR
PAY-001268,EMP-0036,2025-04,27-04-2025,6950,1738,695,0,0,0,9383,847.08,1020.84,0,0,0,847.08,8535.92,Bank Transfer,SAR
PAY-001269,EMP-0037,2025-04,27-04-2025,3550,888,355,0,23,510.31,5303.31,0,88.76,0,0,0,0,5303.31,Bank Transfer,SAR
PAY-001270,EMP-0038,2025-04,27-04-2025,4400,1100,440,0,0,0,5940,0,110,0,1100,0,1100,4840,Bank Transfer,SAR
PAY-001271,EMP-0039,2025-04,27-04-2025,7100,1775,710,0,0,0,9585,865.31,1042.81,0,0,0,865.31,8719.69,Bank Transfer,SAR
PAY-001272,EMP-0040,2025-04,27-04-2025,30000,7500,1200,350,0,0,39050,0,750,0,0,0,0,39050,Bank Transfer,SAR
PAY-001273,EMP-0041,2025-04,27-04-2025,9050,2263,905,0,0,0,12218,1103.02,1329.28,0,0,0,1103.02,11114.98,Bank Transfer,SAR
PAY-001274,EMP-0042,2025-04,27-04-2025,4550,1138,455,0,0,0,6143,0,113.76,0,0,0,0,6143,Bank Transfer,SAR
PAY-001275,EMP-0043,2025-04,27-04-2025,4450,1113,445,0,0,0,6008,0,111.26,0,0,0,0,6008,Bank Transfer,SAR
PAY-001276,EMP-0044,2025-04,27-04-2025,7600,1900,760,0,20,950,11210,0,190,0,0,0,0,11210,WPS Transfer,SAR
PAY-001277,EMP-0045,2025-04,27-04-2025,6100,1525,610,2400,0,0,10635,0,152.5,0,0,0,0,10635,Bank Transfer,SAR
PAY-001278,EMP-0046,2025-04,27-04-2025,3450,863,345,0,14,301.88,4959.88,0,86.26,0,0,0,0,4959.88,Bank Transfer,SAR
PAY-001279,EMP-0047,2025-04,27-04-2025,8350,2088,835,0,0,0,11273,1017.71,1226.46,0,1250,0,2267.71,9005.29,Bank Transfer,SAR
PAY-001280,EMP-0048,2025-04,27-04-2025,21750,5438,1200,1150,0,0,29538,2650.83,3194.59,0,0,0,2650.83,26887.17,Bank Transfer,SAR
PAY-001281,EMP-0049,2025-04,27-04-2025,4100,1025,410,2150,0,0,7685,499.69,602.19,0,0,0,499.69,7185.31,Bank Transfer,SAR
PAY-001282,EMP-0050,2025-04,27-04-2025,3250,813,325,350,0,0,4738,0,81.26,0,400,0,400,4338,Bank Transfer,SAR
PAY-001283,EMP-0051,2025-04,27-04-2025,7700,1925,770,0,0,0,10395,0,192.5,0,0,0,0,10395,Bank Transfer,SAR
PAY-001284,EMP-0052,2025-04,27-04-2025,4700,1175,470,1350,19,558.13,8253.13,572.81,690.31,0,0,0,572.81,7680.32,Bank Transfer,SAR
PAY-001285,EMP-0053,2025-04,27-04-2025,4100,1025,410,0,25,640.63,6175.63,499.69,602.19,0,0,0,499.69,5675.94,Bank Transfer,SAR
PAY-001286,EMP-0055,2025-04,27-04-2025,4250,1063,425,0,9,239.06,5977.06,0,106.26,0,0,0,0,5977.06,Bank Transfer,SAR
PAY-001287,EMP-0056,2025-04,27-04-2025,4650,1163,465,500,0,0,6778,566.77,683.03,418.53,0,0,985.3,5792.7,Bank Transfer,SAR
PAY-001288,EMP-0057,2025-04,27-04-2025,4550,1138,455,2400,21.5,611.41,9154.41,554.58,668.34,0,0,0,554.58,8599.83,Bank Transfer,SAR
PAY-001289,EMP-0058,2025-04,27-04-2025,3850,963,385,1200,12,288.75,6686.75,0,96.26,0,2400,170,2570,4116.75,Bank Transfer,SAR
PAY-001290,EMP-0059,2025-04,27-04-2025,9300,2325,930,1000,22,1278.75,14833.75,0,232.5,0,350,0,350,14483.75,Bank Transfer,SAR
PAY-001291,EMP-0060,2025-04,27-04-2025,4500,1125,450,0,20.5,576.56,6651.56,548.44,660.94,0,0,0,548.44,6103.12,Bank Transfer,SAR
PAY-001292,EMP-0061,2025-04,27-04-2025,4000,1000,400,0,0,0,5400,487.5,587.5,0,0,0,487.5,4912.5,Bank Transfer,SAR
PAY-001293,EMP-0062,2025-04,27-04-2025,4050,1013,405,700,24.5,620.16,6788.16,0,101.26,0,0,0,0,6788.16,Bank Transfer,SAR
PAY-001294,EMP-0064,2025-04,27-04-2025,4600,1150,460,0,0,0,6210,0,115,0,0,0,0,6210,Bank Transfer,SAR
PAY-001295,EMP-0065,2025-04,27-04-2025,28650,7163,1200,0,0,0,37013,0,716.26,0,0,0,0,37013,Bank Transfer,SAR
PAY-001296,EMP-0066,2025-04,27-04-2025,3950,988,395,0,8,197.5,5530.5,0,98.76,0,0,0,0,5530.5,Bank Transfer,SAR
PAY-001297,EMP-0067,2025-04,27-04-2025,3450,863,345,0,0,0,4658,420.52,506.78,0,0,0,420.52,4237.48,Bank Transfer,SAR
PAY-001298,EMP-0068,2025-04,27-04-2025,3750,938,375,1150,0,0,6213,0,93.76,0,0,0,0,6213,Bank Transfer,SAR
PAY-001299,EMP-0069,2025-04,27-04-2025,25850,6463,1200,1000,0,0,34513,0,646.26,0,0,0,0,34513,Bank Transfer,SAR
PAY-001300,EMP-0070,2025-04,27-04-2025,3700,925,370,750,9.5,219.69,5964.69,0,92.5,0,2450,0,2450,3514.69,Bank Transfer,SAR
PAY-001301,EMP-0071,2025-04,27-04-2025,7100,1775,710,0,17,754.38,10339.38,0,177.5,0,0,0,0,10339.38,Bank Transfer,SAR
PAY-001302,EMP-0072,2025-04,27-04-2025,4450,1113,445,0,0,0,6008,0,111.26,0,0,530,530,5478,Bank Transfer,SAR
PAY-001303,EMP-0073,2025-04,27-04-2025,27600,6900,1200,0,0,0,35700,3363.75,4053.75,0,0,0,3363.75,32336.25,Bank Transfer,SAR
PAY-001304,EMP-0074,2025-04,27-04-2025,3300,825,330,0,0,0,4455,402.19,484.69,0,0,0,402.19,4052.81,Bank Transfer,SAR
PAY-001305,EMP-0079,2025-04,27-04-2025,6450,1613,645,0,0,0,8708,786.14,947.4,0,0,360,1146.14,7561.86,Bank Transfer,SAR
PAY-001306,EMP-0080,2025-04,27-04-2025,3200,800,320,0,20.5,410,4730,0,80,0,0,0,0,4730,Bank Transfer,SAR
PAY-001307,EMP-0082,2025-04,27-04-2025,4000,1000,400,0,0,0,5400,0,100,0,2000,0,2000,3400,Bank Transfer,SAR
PAY-001308,EMP-0083,2025-04,27-04-2025,10200,2550,1020,0,3,191.25,13961.25,0,255,0,0,0,0,13961.25,Bank Transfer,SAR
PAY-001309,EMP-0084,2025-04,27-04-2025,12750,3188,1200,0,0,0,17138,0,318.76,0,0,0,0,17138,Bank Transfer,SAR
PAY-001310,EMP-0085,2025-04,27-04-2025,6100,1525,610,400,2.5,95.31,8730.31,0,152.5,0,0,0,0,8730.31,Bank Transfer,SAR
PAY-001311,EMP-0086,2025-04,27-04-2025,3550,888,355,0,25.5,565.78,5358.78,0,88.76,0,0,0,0,5358.78,Bank Transfer,SAR
PAY-001312,EMP-0087,2025-04,27-04-2025,25550,6388,1200,0,0,0,33138,3113.96,3752.71,1104.6,1850,0,6068.56,27069.44,Bank Transfer,SAR
PAY-001313,EMP-0088,2025-04,27-04-2025,23950,5988,1200,0,0,0,31138,2918.96,3517.71,0,0,0,2918.96,28219.04,Bank Transfer,SAR
PAY-001314,EMP-0089,2025-04,27-04-2025,20900,5225,1200,0,0,0,27325,0,522.5,0,0,0,0,27325,Bank Transfer,SAR
PAY-001315,EMP-0092,2025-04,27-04-2025,4550,1138,455,0,0,0,6143,554.58,668.34,0,0,0,554.58,5588.42,Bank Transfer,SAR
PAY-001316,EMP-0093,2025-04,27-04-2025,4900,1225,490,1650,25,765.63,9030.63,0,122.5,0,0,0,0,9030.63,Bank Transfer,SAR
PAY-001317,EMP-0095,2025-04,27-04-2025,18600,4650,1200,0,21.5,2499.38,26949.38,0,465,0,0,0,0,26949.38,WPS Transfer,SAR
PAY-001318,EMP-0097,2025-04,27-04-2025,5050,1263,505,0,11.5,362.97,7180.97,0,126.26,0,0,0,0,7180.97,Cheque,SAR
PAY-001319,EMP-0098,2025-04,27-04-2025,6350,1588,635,1050,4.5,178.59,9801.59,0,158.76,0,0,0,0,9801.59,Bank Transfer,SAR
PAY-001320,EMP-0099,2025-04,27-04-2025,11850,2963,1185,0,7.5,555.47,16553.47,1444.27,1740.53,0,2450,0,3894.27,12659.2,Bank Transfer,SAR
PAY-001321,EMP-0100,2025-04,27-04-2025,12900,3225,1200,0,0,0,17325,0,322.5,0,1400,0,1400,15925,Bank Transfer,SAR
PAY-001322,EMP-0102,2025-04,27-04-2025,4650,1163,465,0,0,0,6278,566.77,683.03,0,0,0,566.77,5711.23,Bank Transfer,SAR
PAY-001323,EMP-0103,2025-04,27-04-2025,5350,1338,535,0,0,0,7223,0,133.76,0,0,0,0,7223,Bank Transfer,SAR
PAY-001324,EMP-0104,2025-04,27-04-2025,6350,1588,635,0,0,0,8573,773.96,932.71,0,0,0,773.96,7799.04,Bank Transfer,SAR
PAY-001325,EMP-0105,2025-04,27-04-2025,21650,5413,1200,0,24.5,3315.16,31578.16,2638.64,3179.9,0,0,0,2638.64,28939.52,Bank Transfer,SAR
PAY-001326,EMP-0106,2025-04,27-04-2025,24950,6238,1200,0,0,0,32388,3040.83,3664.59,0,1350,0,4390.83,27997.17,Bank Transfer,SAR
PAY-001327,EMP-0107,2025-04,27-04-2025,26350,6588,1200,0,0,0,34138,3211.46,3870.21,0,0,0,3211.46,30926.54,Bank Transfer,SAR
PAY-001328,EMP-0108,2025-04,27-04-2025,6050,1513,605,2150,11,415.94,10733.94,0,151.26,272.27,0,0,272.27,10461.67,Bank Transfer,SAR
PAY-001329,EMP-0112,2025-04,27-04-2025,17550,4388,1200,0,0,0,23138,0,438.76,0,0,0,0,23138,Bank Transfer,SAR
PAY-001330,EMP-0113,2025-04,27-04-2025,12550,3138,1200,0,4.5,352.97,17240.97,1529.58,1843.34,0,0,0,1529.58,15711.39,Bank Transfer,SAR
PAY-001331,EMP-0114,2025-04,27-04-2025,11300,2825,1130,0,0,0,15255,0,282.5,1017,1000,0,2017,13238,Bank Transfer,SAR
PAY-001332,EMP-0116,2025-04,27-04-2025,4550,1138,455,0,0,0,6143,0,113.76,0,0,0,0,6143,Bank Transfer,SAR
PAY-001333,EMP-0117,2025-04,27-04-2025,22450,5613,1200,850,0,0,30113,2736.14,3297.4,0,0,0,2736.14,27376.86,Bank Transfer,SAR
PAY-001334,EMP-0118,2025-04,27-04-2025,18200,4550,1200,0,0,0,23950,2218.13,2673.13,0,0,0,2218.13,21731.87,Bank Transfer,SAR
PAY-001335,EMP-0119,2025-04,27-04-2025,5300,1325,530,900,22.5,745.31,8800.31,0,132.5,0,0,0,0,8800.31,Bank Transfer,SAR
PAY-001336,EMP-0120,2025-04,27-04-2025,12250,3063,1200,0,20,1531.25,18044.25,1493.02,1799.28,1100.87,0,0,2593.89,15450.36,Bank Transfer,SAR
PAY-001337,EMP-0121,2025-04,27-04-2025,4700,1175,470,0,10,293.75,6638.75,0,117.5,0,0,0,0,6638.75,Bank Transfer,SAR
PAY-001338,EMP-0122,2025-04,27-04-2025,5250,1313,525,800,10.5,344.53,8232.53,0,131.26,0,0,0,0,8232.53,Bank Transfer,SAR
PAY-001339,EMP-0123,2025-04,27-04-2025,5450,1363,545,0,0,0,7358,664.27,800.53,245.27,0,210,1119.54,6238.46,Bank Transfer,SAR
PAY-001340,EMP-0124,2025-04,27-04-2025,28200,7050,1200,2200,0,0,38650,3436.88,4141.88,0,0,0,3436.88,35213.12,Bank Transfer,SAR
PAY-001341,EMP-0126,2025-04,27-04-2025,6100,1525,610,0,0,0,8235,0,152.5,0,0,0,0,8235,Bank Transfer,SAR
PAY-001342,EMP-0127,2025-04,27-04-2025,9350,2338,935,0,0,0,12623,0,233.76,0,0,0,0,12623,Bank Transfer,SAR
PAY-001343,EMP-0129,2025-04,27-04-2025,4850,1213,485,0,0,0,6548,591.14,712.4,0,0,0,591.14,5956.86,Bank Transfer,SAR
PAY-001344,EMP-0130,2025-04,27-04-2025,6350,1588,635,0,0,0,8573,0,158.76,0,0,0,0,8573,Bank Transfer,SAR
PAY-001345,EMP-0131,2025-04,27-04-2025,20750,5188,1200,0,0,0,27138,0,518.76,1809.2,1550,0,3359.2,23778.8,Bank Transfer,SAR
PAY-001346,EMP-0132,2025-04,27-04-2025,5400,1350,540,0,6,202.5,7492.5,658.13,793.13,0,0,0,658.13,6834.37,Bank Transfer,SAR
PAY-001347,EMP-0133,2025-04,27-04-2025,11850,2963,1185,0,0,0,15998,0,296.26,0,0,0,0,15998,Bank Transfer,SAR
PAY-001348,EMP-0134,2025-04,27-04-2025,4750,1188,475,0,0,0,6413,0,118.76,0,0,0,0,6413,Bank Transfer,SAR
PAY-001349,EMP-0135,2025-04,27-04-2025,5700,1425,570,0,0,0,7695,0,142.5,0,0,0,0,7695,Bank Transfer,SAR
PAY-001350,EMP-0136,2025-04,27-04-2025,4850,1213,485,0,0,0,6548,0,121.26,0,0,0,0,6548,Bank Transfer,SAR
PAY-001351,EMP-0137,2025-04,27-04-2025,20100,5025,1200,0,0,0,26325,0,502.5,0,0,0,0,26325,Bank Transfer,SAR
PAY-001352,EMP-0138,2025-04,27-04-2025,17050,4263,1200,500,0,0,23013,0,426.26,0,0,350,350,22663,Bank Transfer,SAR
PAY-001353,EMP-0139,2025-04,27-04-2025,9150,2288,915,0,8,457.5,12810.5,0,228.76,0,0,260,260,12550.5,Bank Transfer,SAR
PAY-001354,EMP-0140,2025-04,27-04-2025,10050,2513,1005,1800,0,0,15368,0,251.26,0,0,0,0,15368,Bank Transfer,SAR
PAY-001355,EMP-0141,2025-04,27-04-2025,6000,1500,600,0,17,637.5,8737.5,731.25,881.25,0,0,0,731.25,8006.25,Bank Transfer,SAR
PAY-001356,EMP-0142,2025-04,27-04-2025,4900,1225,490,0,18,551.25,7166.25,597.19,719.69,0,0,0,597.19,6569.06,Bank Transfer,SAR
PAY-001357,EMP-0145,2025-04,27-04-2025,5000,1250,500,0,24,750,7500,0,125,0,0,0,0,7500,Bank Transfer,SAR
PAY-001358,EMP-0146,2025-04,27-04-2025,17050,4263,1200,2150,0,0,24663,2078.02,2504.28,0,0,0,2078.02,22584.98,Bank Transfer,SAR
PAY-001359,EMP-0148,2025-04,27-04-2025,20350,5088,1200,0,0,0,26638,0,508.76,0,0,0,0,26638,Bank Transfer,SAR
PAY-001360,EMP-0149,2025-04,27-04-2025,20200,5050,1200,0,25,3156.25,29606.25,2461.88,2966.88,0,0,0,2461.88,27144.37,Bank Transfer,SAR
PAY-001361,EMP-0150,2025-04,27-04-2025,17050,4263,1200,1500,0,0,24013,2078.02,2504.28,0,0,0,2078.02,21934.98,Bank Transfer,SAR
PAY-001362,EMP-0151,2025-04,27-04-2025,16150,4038,1200,0,19.5,1968.28,23356.28,1968.33,2372.09,0,0,0,1968.33,21387.95,Bank Transfer,SAR
PAY-001363,EMP-0152,2025-04,27-04-2025,21350,5338,1200,0,25,3335.94,31223.94,0,533.76,0,900,0,900,30323.94,Bank Transfer,SAR
PAY-001364,EMP-0153,2025-04,27-04-2025,12500,3125,1200,0,0,0,16825,1523.44,1835.94,0,0,0,1523.44,15301.56,Bank Transfer,SAR
PAY-001365,EMP-0155,2025-04,27-04-2025,28050,7013,1200,0,0,0,36263,0,701.26,0,0,0,0,36263,Bank Transfer,SAR
PAY-001366,EMP-0157,2025-04,27-04-2025,11300,2825,1130,1150,23,1624.38,18029.38,0,282.5,0,0,0,0,18029.38,Bank Transfer,SAR
PAY-001367,EMP-0158,2025-04,27-04-2025,4550,1138,455,0,15,426.56,6569.56,0,113.76,0,350,0,350,6219.56,Bank Transfer,SAR
PAY-001368,EMP-0159,2025-04,27-04-2025,4650,1163,465,350,0,0,6628,566.77,683.03,0,0,0,566.77,6061.23,Bank Transfer,SAR
PAY-001369,EMP-0160,2025-04,27-04-2025,6000,1500,600,0,0,0,8100,731.25,881.25,270,0,0,1001.25,7098.75,Bank Transfer,SAR
PAY-001370,EMP-0161,2025-04,27-04-2025,25100,6275,1200,0,0,0,32575,3059.06,3686.56,0,0,0,3059.06,29515.94,Bank Transfer,SAR
PAY-001371,EMP-0162,2025-04,27-04-2025,10350,2588,1035,750,0,0,14723,0,258.76,0,0,0,0,14723,Bank Transfer,SAR
PAY-001372,EMP-0163,2025-04,27-04-2025,3850,963,385,0,0,0,5198,469.27,565.53,0,0,0,469.27,4728.73,Bank Transfer,SAR
PAY-001373,EMP-0164,2025-04,27-04-2025,6250,1563,625,2350,0,0,10788,761.77,918.03,0,0,0,761.77,10026.23,Bank Transfer,SAR
PAY-001374,EMP-0165,2025-04,27-04-2025,4500,1125,450,0,18,506.25,6581.25,0,112.5,0,0,0,0,6581.25,Bank Transfer,SAR
PAY-001375,EMP-0167,2025-04,27-04-2025,3450,863,345,450,4.5,97.03,5205.03,420.52,506.78,0,0,0,420.52,4784.51,Bank Transfer,SAR
PAY-001376,EMP-0168,2025-04,27-04-2025,11900,2975,1190,0,5,371.88,16436.88,0,297.5,0,550,0,550,15886.88,Bank Transfer,SAR
PAY-001377,EMP-0169,2025-04,27-04-2025,3250,813,325,0,0,0,4388,0,81.26,0,0,0,0,4388,Bank Transfer,SAR
PAY-001378,EMP-0170,2025-04,27-04-2025,7550,1888,755,450,12,566.25,11209.25,920.21,1108.96,679.53,0,0,1599.74,9609.51,Bank Transfer,SAR
PAY-001379,EMP-0171,2025-04,27-04-2025,8550,2138,855,0,15.5,828.28,12371.28,0,213.76,0,0,0,0,12371.28,Bank Transfer,SAR
PAY-001380,EMP-0172,2025-04,27-04-2025,7650,1913,765,0,5.5,262.97,10590.97,932.39,1123.65,0,0,210,1142.39,9448.58,Bank Transfer,SAR
PAY-001381,EMP-0173,2025-04,27-04-2025,8850,2213,885,0,8.5,470.16,12418.16,0,221.26,0,0,0,0,12418.16,Bank Transfer,SAR
PAY-001382,EMP-0174,2025-04,27-04-2025,6300,1575,630,0,0,0,8505,767.81,925.31,0,0,0,767.81,7737.19,Bank Transfer,SAR
PAY-001383,EMP-0175,2025-04,27-04-2025,4500,1125,450,0,7.5,210.94,6285.94,548.44,660.94,0,0,0,548.44,5737.5,Bank Transfer,SAR
PAY-001384,EMP-0176,2025-04,27-04-2025,6100,1525,610,0,0,0,8235,743.44,895.94,0,1900,0,2643.44,5591.56,WPS Transfer,SAR
PAY-001385,EMP-0177,2025-04,27-04-2025,4400,1100,440,250,13,357.5,6547.5,0,110,0,600,0,600,5947.5,Bank Transfer,SAR
PAY-001386,EMP-0178,2025-04,27-04-2025,4600,1150,460,700,3.5,100.63,7010.63,560.63,675.63,0,0,0,560.63,6450,Bank Transfer,SAR
PAY-001387,EMP-0179,2025-04,27-04-2025,4750,1188,475,0,24.5,727.34,7140.34,578.96,697.71,0,0,0,578.96,6561.38,Bank Transfer,SAR
PAY-001388,EMP-0180,2025-04,27-04-2025,4600,1150,460,0,12,345,6555,0,115,0,0,0,0,6555,Bank Transfer,SAR
PAY-001389,EMP-0182,2025-04,27-04-2025,7450,1863,745,0,0,0,10058,0,186.26,0,0,0,0,10058,Bank Transfer,SAR
PAY-001390,EMP-0183,2025-04,27-04-2025,4700,1175,470,1650,0,0,7995,572.81,690.31,423,0,0,995.81,6999.19,WPS Transfer,SAR
PAY-001391,EMP-0184,2025-04,27-04-2025,8900,2225,890,0,22.5,1251.56,13266.56,0,222.5,0,0,0,0,13266.56,Bank Transfer,SAR
PAY-001392,EMP-0186,2025-04,27-04-2025,3250,813,325,0,0,0,4388,396.14,477.4,0,0,0,396.14,3991.86,Bank Transfer,SAR
PAY-001393,EMP-0187,2025-04,27-04-2025,7150,1788,715,0,0,0,9653,0,178.76,0,0,0,0,9653,WPS Transfer,SAR
PAY-001394,EMP-0188,2025-04,27-04-2025,8550,2138,855,0,8,427.5,11970.5,1042.08,1255.84,0,2200,0,3242.08,8728.42,Bank Transfer,SAR
PAY-001395,EMP-0189,2025-04,27-04-2025,3450,863,345,250,8,172.5,5080.5,0,86.26,310.53,0,0,310.53,4769.97,Bank Transfer,SAR
PAY-001396,EMP-0190,2025-04,27-04-2025,4750,1188,475,0,0,0,6413,0,118.76,0,0,0,0,6413,Bank Transfer,SAR
PAY-001397,EMP-0191,2025-04,27-04-2025,3800,950,380,0,20,475,5605,0,95,0,0,0,0,5605,Bank Transfer,SAR
PAY-001398,EMP-0193,2025-04,27-04-2025,3650,913,365,0,0,0,4928,0,91.26,0,0,0,0,4928,Bank Transfer,SAR
PAY-001399,EMP-0194,2025-04,27-04-2025,4750,1188,475,0,0,0,6413,0,118.76,0,0,0,0,6413,Bank Transfer,SAR
PAY-001400,EMP-0195,2025-04,27-04-2025,6150,1538,615,0,4,153.75,8456.75,0,153.76,0,2500,0,2500,5956.75,Bank Transfer,SAR
PAY-001401,EMP-0196,2025-04,27-04-2025,8550,2138,855,2250,9,480.94,14273.94,0,213.76,0,0,0,0,14273.94,Bank Transfer,SAR
PAY-001402,EMP-0197,2025-04,27-04-2025,12000,3000,1200,0,3.5,262.5,16462.5,0,300,0,0,0,0,16462.5,Bank Transfer,SAR
PAY-001403,EMP-0198,2025-04,27-04-2025,3400,850,340,700,0,0,5290,0,85,0,0,0,0,5290,Bank Transfer,SAR
PAY-001404,EMP-0199,2025-04,27-04-2025,7700,1925,770,2050,14,673.75,13118.75,0,192.5,0,0,0,0,13118.75,Bank Transfer,SAR
PAY-001405,EMP-0200,2025-04,27-04-2025,11500,2875,1150,0,0,0,15525,0,287.5,0,0,0,0,15525,Bank Transfer,SAR
PAY-001406,EMP-0201,2025-04,27-04-2025,3700,925,370,0,0,0,4995,0,92.5,0,0,0,0,4995,Bank Transfer,SAR
PAY-001407,EMP-0202,2025-04,27-04-2025,8800,2200,880,0,0,0,11880,1072.5,1292.5,0,0,150,1222.5,10657.5,Bank Transfer,SAR
PAY-001408,EMP-0203,2025-04,27-04-2025,4150,1038,415,0,17.5,453.91,6056.91,505.83,609.59,0,1950,0,2455.83,3601.08,Bank Transfer,SAR
PAY-001409,EMP-0204,2025-04,27-04-2025,4650,1163,465,0,0,0,6278,0,116.26,0,0,0,0,6278,Bank Transfer,SAR
PAY-001410,EMP-0207,2025-04,27-04-2025,4450,1113,445,0,9,250.31,6258.31,0,111.26,0,0,0,0,6258.31,Bank Transfer,SAR
PAY-001411,EMP-0209,2025-04,27-04-2025,3500,875,350,0,4.5,98.44,4823.44,0,87.5,0,2400,0,2400,2423.44,Bank Transfer,SAR
PAY-001412,EMP-0210,2025-04,27-04-2025,6850,1713,685,0,0,0,9248,834.89,1006.15,616.53,0,540,1991.42,7256.58,Bank Transfer,SAR
PAY-001413,EMP-0211,2025-04,27-04-2025,4450,1113,445,2100,0,0,8108,0,111.26,0,0,0,0,8108,Bank Transfer,SAR
PAY-001414,EMP-0212,2025-04,27-04-2025,8700,2175,870,0,0,0,11745,1060.31,1277.81,0,0,0,1060.31,10684.69,Bank Transfer,SAR
PAY-001415,EMP-0213,2025-04,27-04-2025,3650,913,365,0,7,159.69,5087.69,444.89,536.15,0,0,0,444.89,4642.8,Bank Transfer,SAR
PAY-001416,EMP-0214,2025-04,27-04-2025,3250,813,325,0,0,0,4388,396.14,477.4,146.27,0,0,542.41,3845.59,Bank Transfer,SAR
PAY-001417,EMP-0215,2025-04,27-04-2025,3300,825,330,0,0,0,4455,0,82.5,0,2000,0,2000,2455,Bank Transfer,SAR
PAY-001418,EMP-0216,2025-04,27-04-2025,7650,1913,765,0,23,1099.69,11427.69,932.39,1123.65,0,0,0,932.39,10495.3,Bank Transfer,SAR
PAY-001419,EMP-0217,2025-04,27-04-2025,3450,863,345,0,10.5,226.41,4884.41,0,86.26,0,0,0,0,4884.41,WPS Transfer,SAR
PAY-001420,EMP-0219,2025-04,27-04-2025,3500,875,350,0,0,0,4725,426.56,514.06,0,0,0,426.56,4298.44,Bank Transfer,SAR
PAY-001421,EMP-0220,2025-04,27-04-2025,3950,988,395,0,0,0,5333,481.46,580.21,0,0,0,481.46,4851.54,Bank Transfer,SAR
PAY-001422,EMP-0221,2025-04,27-04-2025,25950,6488,1200,0,0,0,33638,3162.71,3811.46,0,0,0,3162.71,30475.29,Bank Transfer,SAR
PAY-001423,EMP-0222,2025-04,27-04-2025,3700,925,370,0,26,601.25,5596.25,0,92.5,0,2300,0,2300,3296.25,Bank Transfer,SAR
PAY-001424,EMP-0223,2025-04,27-04-2025,7500,1875,750,0,0,0,10125,0,187.5,0,0,0,0,10125,Bank Transfer,SAR
PAY-001425,EMP-0226,2025-04,27-04-2025,3350,838,335,1400,0,0,5923,0,83.76,0,0,0,0,5923,Bank Transfer,SAR
PAY-001426,EMP-0227,2025-04,27-04-2025,4650,1163,465,1250,2.5,72.66,7600.66,566.77,683.03,209.27,0,420,1196.04,6404.62,Bank Transfer,SAR
PAY-001427,EMP-0228,2025-04,27-04-2025,4400,1100,440,0,0,0,5940,0,110,0,0,0,0,5940,WPS Transfer,SAR
PAY-001428,EMP-0229,2025-04,27-04-2025,3550,888,355,0,0,0,4793,0,88.76,0,0,0,0,4793,Bank Transfer,SAR
PAY-001429,EMP-0231,2025-04,27-04-2025,4450,1113,445,0,0,0,6008,0,111.26,0,1000,0,1000,5008,Bank Transfer,SAR
PAY-001430,EMP-0232,2025-04,27-04-2025,4300,1075,430,0,0,0,5805,0,107.5,0,0,0,0,5805,Bank Transfer,SAR
PAY-001431,EMP-0236,2025-04,27-04-2025,3250,813,325,1500,21,426.56,6314.56,0,81.26,0,750,0,750,5564.56,Bank Transfer,SAR
PAY-001432,EMP-0237,2025-04,27-04-2025,4050,1013,405,0,8,202.5,5670.5,493.64,594.9,0,350,140,983.64,4686.86,Bank Transfer,SAR
PAY-001433,EMP-0238,2025-04,27-04-2025,8750,2188,875,0,19.5,1066.41,12879.41,0,218.76,0,0,0,0,12879.41,Bank Transfer,SAR
PAY-001434,EMP-0239,2025-04,27-04-2025,8650,2163,865,0,0,0,11678,0,216.26,0,0,0,0,11678,Bank Transfer,SAR
PAY-001435,EMP-0240,2025-04,27-04-2025,3550,888,355,0,0,0,4793,0,88.76,0,1050,0,1050,3743,WPS Transfer,SAR
PAY-001436,EMP-0241,2025-04,27-04-2025,11250,2813,1125,0,5.5,386.72,15574.72,1371.14,1652.4,0,0,0,1371.14,14203.58,WPS Transfer,SAR
PAY-001437,EMP-0242,2025-04,27-04-2025,3500,875,350,0,7.5,164.06,4889.06,426.56,514.06,0,0,0,426.56,4462.5,Bank Transfer,SAR
PAY-001438,EMP-0243,2025-04,27-04-2025,3350,838,335,0,15,314.06,4837.06,0,83.76,0,0,0,0,4837.06,Bank Transfer,SAR
PAY-001439,EMP-0244,2025-04,27-04-2025,8550,2138,855,0,6.5,347.34,11890.34,1042.08,1255.84,769.53,0,0,1811.61,10078.73,Bank Transfer,SAR
PAY-001440,EMP-0245,2025-04,27-04-2025,4100,1025,410,0,0,0,5535,499.69,602.19,0,0,250,749.69,4785.31,Bank Transfer,SAR
PAY-001441,EMP-0246,2025-04,27-04-2025,4600,1150,460,0,13,373.75,6583.75,560.63,675.63,0,0,0,560.63,6023.12,Bank Transfer,SAR
PAY-001442,EMP-0247,2025-04,27-04-2025,3850,963,385,0,18.5,445.16,5643.16,0,96.26,519.8,0,0,519.8,5123.36,Bank Transfer,SAR
PAY-001443,EMP-0248,2025-04,27-04-2025,8500,2125,850,0,0,0,11475,1035.94,1248.44,0,0,0,1035.94,10439.06,Bank Transfer,SAR
PAY-001444,EMP-0249,2025-04,27-04-2025,8600,2150,860,0,0,0,11610,0,215,0,0,0,0,11610,Bank Transfer,SAR
PAY-001445,EMP-0250,2025-04,27-04-2025,3950,988,395,0,17,419.69,5752.69,0,98.76,0,0,0,0,5752.69,WPS Transfer,SAR
PAY-001446,EMP-0252,2025-04,27-04-2025,7200,1800,720,0,0,0,9720,877.5,1057.5,0,0,0,877.5,8842.5,Bank Transfer,SAR
PAY-001447,EMP-0254,2025-04,27-04-2025,3200,800,320,1300,0,0,5620,390,470,0,2350,0,2740,2880,Bank Transfer,SAR
PAY-001448,EMP-0256,2025-04,27-04-2025,3400,850,340,0,8.5,180.63,4770.63,0,85,0,0,0,0,4770.63,Bank Transfer,SAR
PAY-001449,EMP-0257,2025-04,27-04-2025,9150,2288,915,2150,25.5,1458.28,15961.28,0,228.76,0,0,0,0,15961.28,Bank Transfer,SAR
PAY-001450,EMP-0258,2025-04,27-04-2025,4400,1100,440,1150,0,0,7090,0,110,0,0,0,0,7090,Bank Transfer,SAR
PAY-001451,EMP-0260,2025-04,27-04-2025,10550,2638,1055,0,0,0,14243,0,263.76,0,0,120,120,14123,Bank Transfer,SAR
PAY-001452,EMP-0261,2025-04,27-04-2025,7450,1863,745,950,0,0,11008,0,186.26,0,0,0,0,11008,WPS Transfer,SAR
PAY-001453,EMP-0262,2025-04,27-04-2025,4450,1113,445,850,0,0,6858,542.39,653.65,0,0,0,542.39,6315.61,WPS Transfer,SAR
PAY-001454,EMP-0263,2025-04,27-04-2025,11700,2925,1170,0,0,0,15795,1425.94,1718.44,0,0,0,1425.94,14369.06,Bank Transfer,SAR
PAY-001455,EMP-0264,2025-04,27-04-2025,4500,1125,450,0,0,0,6075,548.44,660.94,0,0,0,548.44,5526.56,Bank Transfer,SAR
PAY-001456,EMP-0265,2025-04,27-04-2025,8850,2213,885,1600,25.5,1410.47,14958.47,0,221.26,0,0,0,0,14958.47,Bank Transfer,SAR
PAY-001457,EMP-0266,2025-04,27-04-2025,8900,2225,890,0,0,0,12015,1084.69,1307.19,0,0,0,1084.69,10930.31,Bank Transfer,SAR
PAY-001458,EMP-0267,2025-04,27-04-2025,9150,2288,915,0,0,0,12353,0,228.76,0,0,0,0,12353,Bank Transfer,SAR
PAY-001459,EMP-0268,2025-04,27-04-2025,4300,1075,430,0,18.5,497.19,6302.19,0,107.5,0,0,0,0,6302.19,Bank Transfer,SAR
PAY-001460,EMP-0269,2025-04,27-04-2025,4450,1113,445,550,0,0,6558,0,111.26,400.53,0,0,400.53,6157.47,Bank Transfer,SAR
PAY-001461,EMP-0272,2025-04,27-04-2025,4200,1050,420,0,0,0,5670,0,105,0,0,0,0,5670,Bank Transfer,SAR
PAY-001462,EMP-0273,2025-04,27-04-2025,4750,1188,475,0,0,0,6413,578.96,697.71,0,0,0,578.96,5834.04,Bank Transfer,SAR
PAY-001463,EMP-0274,2025-04,27-04-2025,10550,2638,1055,0,0,0,14243,0,263.76,0,950,420,1370,12873,Bank Transfer,SAR
PAY-001464,EMP-0275,2025-04,27-04-2025,13900,3475,1200,0,15,1303.13,19878.13,1694.06,2041.56,0,0,0,1694.06,18184.07,Bank Transfer,SAR
PAY-001465,EMP-0277,2025-04,27-04-2025,8700,2175,870,0,0,0,11745,1060.31,1277.81,0,0,0,1060.31,10684.69,Bank Transfer,SAR
PAY-001466,EMP-0278,2025-04,27-04-2025,10350,2588,1035,0,3.5,226.41,14199.41,1261.46,1520.22,0,0,0,1261.46,12937.95,WPS Transfer,SAR
PAY-001467,EMP-0279,2025-04,27-04-2025,10300,2575,1030,0,0,0,13905,1255.31,1512.81,0,0,0,1255.31,12649.69,Bank Transfer,SAR
PAY-001468,EMP-0280,2025-04,27-04-2025,4350,1088,435,0,20,543.75,6416.75,0,108.76,0,1900,0,1900,4516.75,Bank Transfer,SAR
PAY-001469,EMP-0281,2025-04,27-04-2025,4350,1088,435,0,0,0,5873,0,108.76,195.77,0,0,195.77,5677.23,Bank Transfer,SAR
PAY-001470,EMP-0282,2025-04,27-04-2025,8750,2188,875,0,0,0,11813,1066.46,1285.21,0,0,0,1066.46,10746.54,Bank Transfer,SAR
PAY-001471,EMP-0283,2025-04,27-04-2025,3650,913,365,0,0,0,4928,0,91.26,0,0,0,0,4928,WPS Transfer,SAR
PAY-001472,EMP-0286,2025-04,27-04-2025,3900,975,390,0,0,0,5265,0,97.5,351,0,0,351,4914,WPS Transfer,SAR
PAY-001473,EMP-0287,2025-04,27-04-2025,8850,2213,885,0,16.5,912.66,12860.66,0,221.26,0,0,0,0,12860.66,Bank Transfer,SAR
PAY-001474,EMP-0288,2025-04,27-04-2025,4350,1088,435,0,0,0,5873,530.21,638.96,0,0,370,900.21,4972.79,Bank Transfer,SAR
PAY-001475,EMP-0289,2025-04,27-04-2025,4650,1163,465,0,0,0,6278,566.77,683.03,0,0,0,566.77,5711.23,Bank Transfer,SAR
PAY-001476,EMP-0290,2025-04,27-04-2025,3950,988,395,0,18,444.38,5777.38,481.46,580.21,355.53,0,0,836.99,4940.39,Bank Transfer,SAR
PAY-001477,EMP-0291,2025-04,27-04-2025,3950,988,395,0,0,0,5333,0,98.76,0,0,0,0,5333,Bank Transfer,SAR
PAY-001478,EMP-0292,2025-04,27-04-2025,4750,1188,475,500,0,0,6913,578.96,697.71,0,0,0,578.96,6334.04,Bank Transfer,SAR
PAY-001479,EMP-0293,2025-04,27-04-2025,8500,2125,850,0,0,0,11475,1035.94,1248.44,0,2250,0,3285.94,8189.06,Bank Transfer,SAR
PAY-001480,EMP-0294,2025-04,27-04-2025,4400,1100,440,0,15.5,426.25,6366.25,536.25,646.25,0,0,220,756.25,5610,Bank Transfer,SAR
PAY-001481,EMP-0295,2025-04,27-04-2025,11000,2750,1100,1000,0,0,15850,0,275,0,0,0,0,15850,Bank Transfer,SAR
PAY-001482,EMP-0296,2025-04,27-04-2025,15050,3763,1200,0,0,0,20013,1834.27,2210.53,0,0,390,2224.27,17788.73,Bank Transfer,SAR
PAY-001483,EMP-0297,2025-04,27-04-2025,4400,1100,440,1450,0,0,7390,536.25,646.25,0,0,0,536.25,6853.75,Bank Transfer,SAR
PAY-001484,EMP-0300,2025-04,27-04-2025,12700,3175,1200,0,0,0,17075,0,317.5,0,0,0,0,17075,Bank Transfer,SAR
PAY-001485,EMP-0303,2025-04,27-04-2025,9200,2300,920,0,24,1380,13800,0,230,0,0,110,110,13690,Bank Transfer,SAR
PAY-001486,EMP-0304,2025-04,27-04-2025,11500,2875,1150,1800,5.5,395.31,17720.31,0,287.5,0,0,0,0,17720.31,Bank Transfer,SAR
PAY-001487,EMP-0305,2025-04,27-04-2025,3850,963,385,0,0,0,5198,469.27,565.53,0,0,0,469.27,4728.73,Bank Transfer,SAR
PAY-001488,EMP-0306,2025-04,27-04-2025,4800,1200,480,0,22,660,7140,0,120,216,0,0,216,6924,WPS Transfer,SAR
PAY-001489,EMP-0307,2025-04,27-04-2025,9450,2363,945,0,0,0,12758,0,236.26,0,2200,0,2200,10558,Bank Transfer,SAR
PAY-001490,EMP-0308,2025-04,27-04-2025,10900,2725,1090,0,0,0,14715,0,272.5,0,0,0,0,14715,Bank Transfer,SAR
PAY-001491,EMP-0309,2025-04,27-04-2025,3800,950,380,0,11.5,273.13,5403.13,0,95,0,0,0,0,5403.13,Bank Transfer,SAR
PAY-001492,EMP-0310,2025-04,27-04-2025,10450,2613,1045,0,10.5,685.78,14793.78,0,261.26,0,0,0,0,14793.78,Bank Transfer,SAR
PAY-001493,EMP-0311,2025-04,27-04-2025,15900,3975,1200,0,0,0,21075,0,397.5,0,0,0,0,21075,Bank Transfer,SAR
PAY-001494,EMP-0312,2025-04,27-04-2025,14350,3588,1200,1150,6.5,582.97,20870.97,0,358.76,0,0,0,0,20870.97,Bank Transfer,SAR
PAY-001495,EMP-0313,2025-04,27-04-2025,11900,2975,1190,0,0,0,16065,0,297.5,0,0,340,340,15725,Bank Transfer,SAR
PAY-001496,EMP-0314,2025-04,27-04-2025,3650,913,365,0,0,0,4928,444.89,536.15,0,1500,0,1944.89,2983.11,Bank Transfer,SAR
PAY-001497,EMP-0315,2025-04,27-04-2025,11600,2900,1160,0,0,0,15660,1413.75,1703.75,0,0,0,1413.75,14246.25,Bank Transfer,SAR
PAY-001498,EMP-0316,2025-04,27-04-2025,15200,3800,1200,0,0,0,20200,0,380,673.33,0,0,673.33,19526.67,Bank Transfer,SAR
PAY-001499,EMP-0318,2025-04,27-04-2025,4100,1025,410,0,14,358.75,5893.75,499.69,602.19,0,0,0,499.69,5394.06,Bank Transfer,SAR
PAY-001500,EMP-0320,2025-04,27-04-2025,8750,2188,875,0,0,0,11813,0,218.76,0,0,0,0,11813,Bank Transfer,SAR
PAY-001501,EMP-0321,2025-04,27-04-2025,21300,5325,1200,0,0,0,27825,2595.94,3128.44,0,0,0,2595.94,25229.06,Bank Transfer,SAR
PAY-001502,EMP-0322,2025-04,27-04-2025,8700,2175,870,0,0,0,11745,1060.31,1277.81,0,0,0,1060.31,10684.69,Bank Transfer,SAR
PAY-001503,EMP-0324,2025-04,27-04-2025,6100,1525,610,0,0,0,8235,0,152.5,0,0,0,0,8235,Bank Transfer,SAR
PAY-001504,EMP-0325,2025-04,27-04-2025,11300,2825,1130,1950,0,0,17205,0,282.5,0,0,0,0,17205,Bank Transfer,SAR
PAY-001505,EMP-0326,2025-04,27-04-2025,5000,1250,500,0,0,0,6750,0,125,0,0,0,0,6750,Bank Transfer,SAR
PAY-001506,EMP-0327,2025-04,27-04-2025,9400,2350,940,0,6,352.5,13042.5,0,235,0,0,150,150,12892.5,Bank Transfer,SAR
PAY-001507,EMP-0328,2025-04,27-04-2025,10850,2713,1085,250,0,0,14898,1322.39,1593.65,976.53,0,0,2298.92,12599.08,Bank Transfer,SAR
PAY-001508,EMP-0329,2025-04,27-04-2025,10700,2675,1070,2400,18,1203.75,18048.75,0,267.5,0,0,0,0,18048.75,Bank Transfer,SAR
PAY-001509,EMP-0331,2025-04,27-04-2025,11600,2900,1160,0,0,0,15660,0,290,0,0,0,0,15660,Bank Transfer,SAR
PAY-001510,EMP-0332,2025-04,27-04-2025,5350,1338,535,0,0,0,7223,652.08,785.84,481.53,2300,0,3433.61,3789.39,Bank Transfer,SAR
PAY-001511,EMP-0333,2025-04,27-04-2025,4700,1175,470,0,0,0,6345,0,117.5,0,0,0,0,6345,Bank Transfer,SAR
PAY-001512,EMP-0334,2025-04,27-04-2025,15550,3888,1200,0,0,0,20638,0,388.76,687.93,0,0,687.93,19950.07,Bank Transfer,SAR
PAY-001513,EMP-0335,2025-04,27-04-2025,12650,3163,1200,0,0,0,17013,0,316.26,0,0,0,0,17013,Bank Transfer,SAR
PAY-001514,EMP-0336,2025-04,27-04-2025,5000,1250,500,0,0,0,6750,0,125,0,0,0,0,6750,Bank Transfer,SAR
PAY-001515,EMP-0337,2025-04,27-04-2025,8750,2188,875,2450,18.5,1011.72,15274.72,1066.46,1285.21,0,0,0,1066.46,14208.26,Bank Transfer,SAR
PAY-001516,EMP-0338,2025-04,27-04-2025,11550,2888,1155,0,22,1588.13,17181.13,0,288.76,0,0,210,210,16971.13,Bank Transfer,SAR
PAY-001517,EMP-0339,2025-04,27-04-2025,12400,3100,1200,0,14,1085,17785,1511.25,1821.25,0,0,0,1511.25,16273.75,Bank Transfer,SAR
PAY-001518,EMP-0340,2025-04,27-04-2025,11200,2800,1120,0,0,0,15120,0,280,0,0,0,0,15120,Bank Transfer,SAR
PAY-001519,EMP-0341,2025-04,27-04-2025,4900,1225,490,0,0,0,6615,0,122.5,0,0,0,0,6615,WPS Transfer,SAR
PAY-001520,EMP-0342,2025-04,27-04-2025,8500,2125,850,0,0,0,11475,1035.94,1248.44,0,0,0,1035.94,10439.06,Bank Transfer,SAR
PAY-001521,EMP-0343,2025-04,27-04-2025,5300,1325,530,0,10,331.25,7486.25,0,132.5,0,0,510,510,6976.25,Bank Transfer,SAR
PAY-001522,EMP-0344,2025-04,27-04-2025,11000,2750,1100,1900,0,0,16750,0,275,0,0,0,0,16750,Bank Transfer,SAR
PAY-001523,EMP-0347,2025-04,27-04-2025,5550,1388,555,0,0,0,7493,0,138.76,0,0,0,0,7493,Bank Transfer,SAR
PAY-001524,EMP-0349,2025-04,27-04-2025,10850,2713,1085,0,0,0,14648,0,271.26,976.53,0,0,976.53,13671.47,Bank Transfer,SAR
PAY-001525,EMP-0350,2025-04,27-04-2025,13050,3263,1200,0,24,1957.5,19470.5,1590.52,1916.78,583.77,0,0,2174.29,17296.21,Bank Transfer,SAR
PAY-001526,EMP-0351,2025-04,27-04-2025,14350,3588,1200,800,20,1793.75,21731.75,1748.96,2107.71,0,0,0,1748.96,19982.79,Bank Transfer,SAR
PAY-001527,EMP-0352,2025-04,27-04-2025,10200,2550,1020,0,23,1466.25,15236.25,0,255,0,0,0,0,15236.25,WPS Transfer,SAR
PAY-001528,EMP-0353,2025-04,27-04-2025,10650,2663,1065,400,0,0,14778,1298.02,1564.28,0,0,0,1298.02,13479.98,Bank Transfer,SAR
PAY-001529,EMP-0354,2025-04,27-04-2025,12400,3100,1200,0,14.5,1123.75,17823.75,1511.25,1821.25,0,0,0,1511.25,16312.5,Bank Transfer,SAR
PAY-001530,EMP-0355,2025-04,27-04-2025,4700,1175,470,0,10,293.75,6638.75,0,117.5,0,2450,0,2450,4188.75,Bank Transfer,SAR
PAY-001531,EMP-0356,2025-04,27-04-2025,5700,1425,570,1900,0,0,9595,694.69,837.19,0,0,0,694.69,8900.31,Bank Transfer,SAR
PAY-001532,EMP-0357,2025-04,27-04-2025,12700,3175,1200,800,14,1111.25,18986.25,0,317.5,0,0,0,0,18986.25,Bank Transfer,SAR
PAY-001533,EMP-0359,2025-04,27-04-2025,4550,1138,455,0,15,426.56,6569.56,554.58,668.34,0,1100,0,1654.58,4914.98,Bank Transfer,SAR
PAY-001534,EMP-0360,2025-04,27-04-2025,15300,3825,1200,0,0,0,20325,0,382.5,0,0,0,0,20325,Bank Transfer,SAR
PAY-001535,EMP-0361,2025-04,27-04-2025,28350,7088,1200,0,0,0,36638,0,708.76,0,0,0,0,36638,Bank Transfer,SAR
PAY-001536,EMP-0362,2025-04,27-04-2025,7050,1763,705,1700,5.5,242.34,11460.34,859.27,1035.53,1586.33,450,0,2895.6,8564.74,Bank Transfer,SAR
PAY-001537,EMP-0363,2025-04,27-04-2025,6900,1725,690,0,14,603.75,9918.75,840.94,1013.44,0,1450,0,2290.94,7627.81,Bank Transfer,SAR
PAY-001538,EMP-0364,2025-04,27-04-2025,6050,1513,605,0,4.5,170.16,8338.16,737.39,888.65,0,0,0,737.39,7600.77,Bank Transfer,SAR
PAY-001539,EMP-0366,2025-04,27-04-2025,12100,3025,1200,0,17,1285.63,17610.63,1474.69,1777.19,0,0,0,1474.69,16135.94,Bank Transfer,SAR
PAY-001540,EMP-0368,2025-04,27-04-2025,26850,6713,1200,1950,0,0,36713,0,671.26,2317.53,0,0,2317.53,34395.47,Bank Transfer,SAR
PAY-001541,EMP-0369,2025-04,27-04-2025,7050,1763,705,0,22.5,991.41,10509.41,859.27,1035.53,0,0,0,859.27,9650.14,Bank Transfer,SAR
PAY-001542,EMP-0370,2025-04,27-04-2025,7150,1788,715,0,0,0,9653,871.46,1050.21,0,0,0,871.46,8781.54,Bank Transfer,SAR
PAY-001543,EMP-0372,2025-04,27-04-2025,7450,1863,745,2100,22,1024.38,13182.38,0,186.26,0,0,0,0,13182.38,Bank Transfer,SAR
PAY-001544,EMP-0373,2025-04,27-04-2025,26000,6500,1200,0,0,0,33700,3168.75,3818.75,0,0,0,3168.75,30531.25,Bank Transfer,SAR
PAY-001545,EMP-0374,2025-04,27-04-2025,8650,2163,865,550,0,0,12228,0,216.26,0,0,0,0,12228,Bank Transfer,SAR
PAY-001546,EMP-0375,2025-04,27-04-2025,9600,2400,960,0,0,0,12960,0,240,0,0,440,440,12520,Bank Transfer,SAR
PAY-001547,EMP-0376,2025-04,27-04-2025,26700,6675,1200,0,0,0,34575,0,667.5,0,0,0,0,34575,Bank Transfer,SAR
PAY-001548,EMP-0377,2025-04,27-04-2025,15650,3913,1200,0,6.5,635.78,21398.78,0,391.26,0,0,0,0,21398.78,Bank Transfer,SAR
PAY-001549,EMP-0378,2025-04,27-04-2025,12300,3075,1200,500,0,0,17075,0,307.5,0,0,100,100,16975,Bank Transfer,SAR
PAY-001550,EMP-0379,2025-04,27-04-2025,16750,4188,1200,0,0,0,22138,2041.46,2460.21,0,0,0,2041.46,20096.54,Bank Transfer,SAR
PAY-001551,EMP-0381,2025-04,27-04-2025,8300,2075,830,0,0,0,11205,1011.56,1219.06,0,0,0,1011.56,10193.44,Bank Transfer,SAR
PAY-001552,EMP-0382,2025-04,27-04-2025,12900,3225,1200,0,6.5,524.06,17849.06,1572.19,1894.69,0,1250,0,2822.19,15026.87,Bank Transfer,SAR
PAY-001553,EMP-0383,2025-04,27-04-2025,8250,2063,825,0,4.5,232.03,11370.03,1005.52,1211.78,0,0,120,1125.52,10244.51,Bank Transfer,SAR
PAY-001554,EMP-0384,2025-04,27-04-2025,13550,3388,1200,0,19.5,1651.41,19789.41,0,338.76,0,0,0,0,19789.41,WPS Transfer,SAR
PAY-001555,EMP-0385,2025-04,27-04-2025,6650,1663,665,600,25,1039.06,10617.06,810.52,976.78,0,0,0,810.52,9806.54,Bank Transfer,SAR
PAY-001556,EMP-0387,2025-04,27-04-2025,7700,1925,770,1400,0,0,11795,938.44,1130.94,0,0,0,938.44,10856.56,Bank Transfer,SAR
PAY-001557,EMP-0388,2025-04,27-04-2025,8300,2075,830,1800,3,155.63,13160.63,1011.56,1219.06,0,2050,0,3061.56,10099.07,Bank Transfer,SAR
PAY-001558,EMP-0389,2025-04,27-04-2025,8650,2163,865,0,0,0,11678,0,216.26,0,0,0,0,11678,Bank Transfer,SAR
PAY-001559,EMP-0390,2025-04,27-04-2025,6250,1563,625,0,2,78.13,8516.13,0,156.26,0,0,0,0,8516.13,WPS Transfer,SAR
PAY-001560,EMP-0391,2025-04,27-04-2025,11600,2900,1160,450,0,0,16110,1413.75,1703.75,0,0,0,1413.75,14696.25,Bank Transfer,SAR
PAY-001561,EMP-0393,2025-04,27-04-2025,8700,2175,870,0,0,0,11745,0,217.5,0,0,0,0,11745,Bank Transfer,SAR
PAY-001562,EMP-0394,2025-04,27-04-2025,11350,2838,1135,0,26,1844.38,17167.38,0,283.76,0,0,0,0,17167.38,WPS Transfer,SAR
PAY-001563,EMP-0395,2025-04,27-04-2025,26050,6513,1200,700,0,0,34463,0,651.26,0,1550,0,1550,32913,Bank Transfer,SAR
PAY-001564,EMP-0398,2025-04,27-04-2025,12000,3000,1200,1850,26,1950,20000,1462.5,1762.5,0,0,0,1462.5,18537.5,Bank Transfer,SAR
PAY-001565,EMP-0399,2025-04,27-04-2025,5350,1338,535,0,0,0,7223,0,133.76,0,0,0,0,7223,Bank Transfer,SAR
PAY-001566,EMP-0400,2025-04,27-04-2025,5050,1263,505,0,0,0,6818,0,126.26,0,1200,0,1200,5618,Bank Transfer,SAR
PAY-001567,EMP-0402,2025-04,27-04-2025,13000,3250,1200,0,0,0,17450,0,325,0,0,0,0,17450,Bank Transfer,SAR
PAY-001568,EMP-0403,2025-04,27-04-2025,8750,2188,875,650,22,1203.13,13666.13,1066.46,1285.21,0,0,0,1066.46,12599.67,Bank Transfer,SAR
PAY-001569,EMP-0405,2025-04,27-04-2025,10950,2738,1095,0,0,0,14783,0,273.76,0,0,0,0,14783,Bank Transfer,SAR
PAY-001570,EMP-0406,2025-04,27-04-2025,12400,3100,1200,2250,0,0,18950,1511.25,1821.25,0,0,0,1511.25,17438.75,Bank Transfer,SAR
PAY-001571,EMP-0407,2025-04,27-04-2025,6150,1538,615,0,15,576.56,8879.56,0,153.76,276.77,0,0,276.77,8602.79,Bank Transfer,SAR
PAY-001572,EMP-0409,2025-04,27-04-2025,5450,1363,545,1150,0,0,8508,664.27,800.53,0,0,0,664.27,7843.73,Bank Transfer,SAR
PAY-001573,EMP-0410,2025-04,27-04-2025,6300,1575,630,0,16,630,9135,767.81,925.31,0,0,0,767.81,8367.19,Bank Transfer,SAR
PAY-001574,EMP-0411,2025-04,27-04-2025,9350,2338,935,0,6,350.63,12973.63,1139.58,1373.34,0,0,0,1139.58,11834.05,Bank Transfer,SAR
PAY-001575,EMP-0412,2025-04,27-04-2025,6400,1600,640,0,5,200,8840,0,160,0,0,0,0,8840,Bank Transfer,SAR
PAY-001576,EMP-0413,2025-04,27-04-2025,11500,2875,1150,0,20.5,1473.44,16998.44,1401.56,1689.06,0,650,0,2051.56,14946.88,Bank Transfer,SAR
PAY-001577,EMP-0414,2025-04,27-04-2025,6300,1575,630,0,0,0,8505,0,157.5,0,0,0,0,8505,Bank Transfer,SAR
PAY-001578,EMP-0415,2025-04,27-04-2025,5800,1450,580,900,0,0,8730,706.88,851.88,0,0,0,706.88,8023.12,Bank Transfer,SAR
PAY-001579,EMP-0416,2025-04,27-04-2025,4600,1150,460,0,15,431.25,6641.25,560.63,675.63,0,0,0,560.63,6080.62,Bank Transfer,SAR
PAY-001580,EMP-0417,2025-04,27-04-2025,5900,1475,590,0,13,479.38,8444.38,719.06,866.56,0,0,450,1169.06,7275.32,Bank Transfer,SAR
PAY-001581,EMP-0419,2025-04,27-04-2025,5850,1463,585,0,0,0,7898,713.02,859.28,0,1400,0,2113.02,5784.98,Bank Transfer,SAR
PAY-001582,EMP-0420,2025-04,27-04-2025,4700,1175,470,0,20,587.5,6932.5,572.81,690.31,0,1700,0,2272.81,4659.69,Bank Transfer,SAR
PAY-001583,EMP-0421,2025-04,27-04-2025,12150,3038,1200,0,8,607.5,16995.5,1480.83,1784.59,0,0,0,1480.83,15514.67,Bank Transfer,SAR
PAY-001584,EMP-0422,2025-04,27-04-2025,9200,2300,920,0,0,0,12420,1121.25,1351.25,828,0,0,1949.25,10470.75,Bank Transfer,SAR
PAY-001585,EMP-0423,2025-04,27-04-2025,10250,2563,1025,250,10,640.63,14728.63,1249.27,1505.53,0,0,0,1249.27,13479.36,Bank Transfer,SAR
PAY-001586,EMP-0424,2025-04,27-04-2025,17650,4413,1200,300,0,0,23563,2151.14,2592.4,0,0,0,2151.14,21411.86,Bank Transfer,SAR
PAY-001587,EMP-0425,2025-04,27-04-2025,5950,1488,595,0,0,0,8033,0,148.76,0,0,0,0,8033,Bank Transfer,SAR
PAY-001588,EMP-0426,2025-04,27-04-2025,29150,7288,1200,0,0,0,37638,0,728.76,0,0,0,0,37638,Bank Transfer,SAR
PAY-001589,EMP-0427,2025-04,27-04-2025,7750,1938,775,0,12.5,605.47,11068.47,0,193.76,0,550,0,550,10518.47,Bank Transfer,SAR
PAY-001590,EMP-0428,2025-04,27-04-2025,10850,2713,1085,0,0,0,14648,0,271.26,0,0,0,0,14648,Bank Transfer,SAR
PAY-001591,EMP-0429,2025-04,27-04-2025,8300,2075,830,0,0,0,11205,0,207.5,0,0,0,0,11205,Bank Transfer,SAR
PAY-001592,EMP-0430,2025-04,27-04-2025,6400,1600,640,650,23,920,10210,0,160,0,0,0,0,10210,Bank Transfer,SAR
PAY-001593,EMP-0431,2025-04,27-04-2025,8450,2113,845,0,15.5,818.59,12226.59,0,211.26,0,0,0,0,12226.59,Bank Transfer,SAR
PAY-001594,EMP-0432,2025-04,27-04-2025,8650,2163,865,0,18,973.13,12651.13,1054.27,1270.53,0,0,0,1054.27,11596.86,Bank Transfer,SAR
PAY-001595,EMP-0433,2025-04,27-04-2025,16100,4025,1200,0,0,0,21325,0,402.5,0,0,0,0,21325,Bank Transfer,SAR
PAY-001596,EMP-0434,2025-04,27-04-2025,12250,3063,1200,1350,0,0,17863,0,306.26,0,0,0,0,17863,Bank Transfer,SAR
PAY-001597,EMP-0435,2025-04,27-04-2025,8750,2188,875,1250,15.5,847.66,13910.66,1066.46,1285.21,0,0,0,1066.46,12844.2,Bank Transfer,SAR
PAY-001598,EMP-0436,2025-04,27-04-2025,7450,1863,745,0,5,232.81,10290.81,0,186.26,0,0,320,320,9970.81,Bank Transfer,SAR
PAY-001599,EMP-0438,2025-04,27-04-2025,8900,2225,890,700,0,0,12715,0,222.5,0,0,0,0,12715,Bank Transfer,SAR
PAY-001600,EMP-0439,2025-04,27-04-2025,6250,1563,625,0,0,0,8438,0,156.26,0,0,0,0,8438,Bank Transfer,SAR
PAY-001601,EMP-0440,2025-04,27-04-2025,6800,1700,680,0,20.5,871.25,10051.25,0,170,0,0,0,0,10051.25,Bank Transfer,SAR
PAY-001602,EMP-0441,2025-04,27-04-2025,16850,4213,1200,0,9.5,1000.47,23263.47,2053.64,2474.9,1484.2,1450,0,4987.84,18275.63,Bank Transfer,SAR
PAY-001603,EMP-0442,2025-04,27-04-2025,7800,1950,780,0,3,146.25,10676.25,950.63,1145.63,0,0,0,950.63,9725.62,Bank Transfer,SAR
PAY-001604,EMP-0443,2025-04,27-04-2025,9850,2463,985,0,0,0,13298,0,246.26,0,0,0,0,13298,Bank Transfer,SAR
PAY-001605,EMP-0444,2025-04,27-04-2025,8500,2125,850,0,0,0,11475,1035.94,1248.44,0,0,0,1035.94,10439.06,Bank Transfer,SAR
PAY-001606,EMP-0445,2025-04,27-04-2025,10900,2725,1090,0,9,613.13,15328.13,0,272.5,0,0,0,0,15328.13,Bank Transfer,SAR
PAY-001607,EMP-0446,2025-04,27-04-2025,11600,2900,1160,0,0,0,15660,1413.75,1703.75,0,0,0,1413.75,14246.25,Bank Transfer,SAR
PAY-001608,EMP-0449,2025-04,27-04-2025,6350,1588,635,0,25.5,1012.03,9585.03,773.96,932.71,0,0,0,773.96,8811.07,Bank Transfer,SAR
PAY-001609,EMP-0450,2025-04,27-04-2025,6050,1513,605,1400,7.5,283.59,9851.59,0,151.26,0,1150,0,1150,8701.59,Bank Transfer,SAR
PAY-001610,EMP-0451,2025-04,27-04-2025,26850,6713,1200,0,0,0,34763,0,671.26,0,0,0,0,34763,Bank Transfer,SAR
PAY-001611,EMP-0452,2025-04,27-04-2025,6500,1625,650,0,24.5,995.31,9770.31,792.19,954.69,0,0,0,792.19,8978.12,Bank Transfer,SAR
PAY-001612,EMP-0453,2025-04,27-04-2025,6300,1575,630,0,0,0,8505,767.81,925.31,0,0,0,767.81,7737.19,Bank Transfer,SAR
PAY-001613,EMP-0454,2025-04,27-04-2025,5300,1325,530,0,0,0,7155,645.94,778.44,0,300,0,945.94,6209.06,Bank Transfer,SAR
PAY-001614,EMP-0455,2025-04,27-04-2025,4800,1200,480,0,0,0,6480,0,120,0,0,0,0,6480,Bank Transfer,SAR
PAY-001615,EMP-0457,2025-04,27-04-2025,5050,1263,505,0,0,0,6818,615.52,741.78,0,0,0,615.52,6202.48,Bank Transfer,SAR
PAY-001616,EMP-0458,2025-04,27-04-2025,6100,1525,610,0,0,0,8235,743.44,895.94,0,0,0,743.44,7491.56,Bank Transfer,SAR
PAY-001617,EMP-0459,2025-04,27-04-2025,6400,1600,640,900,0,0,9540,780,940,0,1550,0,2330,7210,Bank Transfer,SAR
PAY-001618,EMP-0460,2025-04,27-04-2025,10050,2513,1005,0,4.5,282.66,13850.66,0,251.26,0,0,0,0,13850.66,Bank Transfer,SAR
PAY-001619,EMP-0461,2025-04,27-04-2025,4900,1225,490,0,8.5,260.31,6875.31,597.19,719.69,0,0,0,597.19,6278.12,WPS Transfer,SAR
PAY-001620,EMP-0462,2025-04,27-04-2025,5400,1350,540,0,12.5,421.88,7711.88,0,135,0,0,0,0,7711.88,Bank Transfer,SAR
PAY-001621,EMP-0463,2025-04,27-04-2025,5850,1463,585,0,0,0,7898,0,146.26,0,0,0,0,7898,Bank Transfer,SAR
PAY-001622,EMP-0464,2025-04,27-04-2025,5800,1450,580,0,0,0,7830,706.88,851.88,0,0,0,706.88,7123.12,Bank Transfer,SAR
PAY-001623,EMP-0465,2025-04,27-04-2025,11200,2800,1120,0,0,0,15120,0,280,504,2300,0,2804,12316,Bank Transfer,SAR
PAY-001624,EMP-0466,2025-04,27-04-2025,11900,2975,1190,0,0,0,16065,0,297.5,0,0,0,0,16065,Bank Transfer,SAR
PAY-001625,EMP-0467,2025-04,27-04-2025,4650,1163,465,0,0,0,6278,566.77,683.03,0,0,0,566.77,5711.23,Bank Transfer,SAR
PAY-001626,EMP-0468,2025-04,27-04-2025,11850,2963,1185,0,0,0,15998,0,296.26,1066.53,0,0,1066.53,14931.47,Bank Transfer,SAR
PAY-001627,EMP-0469,2025-04,27-04-2025,4600,1150,460,0,5,143.75,6353.75,0,115,0,0,0,0,6353.75,Bank Transfer,SAR
PAY-001628,EMP-0470,2025-04,27-04-2025,4600,1150,460,450,12.5,359.38,7019.38,0,115,0,0,0,0,7019.38,Bank Transfer,SAR
PAY-001629,EMP-0471,2025-04,27-04-2025,25000,6250,1200,0,0,0,32450,3046.88,3671.88,0,0,0,3046.88,29403.12,Bank Transfer,SAR
PAY-001630,EMP-0472,2025-04,27-04-2025,8600,2150,860,0,0,0,11610,1048.13,1263.13,0,0,0,1048.13,10561.87,Bank Transfer,SAR
PAY-001631,EMP-0473,2025-04,27-04-2025,8150,2038,815,0,0,0,11003,993.33,1197.09,0,0,0,993.33,10009.67,Bank Transfer,SAR
PAY-001632,EMP-0474,2025-04,27-04-2025,7700,1925,770,0,0,0,10395,938.44,1130.94,0,0,0,938.44,9456.56,Bank Transfer,SAR
PAY-001633,EMP-0475,2025-04,27-04-2025,12800,3200,1200,0,0,0,17200,0,320,0,0,0,0,17200,Bank Transfer,SAR
PAY-001634,EMP-0476,2025-04,27-04-2025,14600,3650,1200,0,0,0,19450,0,365,0,0,0,0,19450,WPS Transfer,SAR
PAY-001635,EMP-0478,2025-04,27-04-2025,7500,1875,750,0,0,0,10125,914.06,1101.56,0,0,0,914.06,9210.94,Bank Transfer,SAR
PAY-001636,EMP-0480,2025-04,27-04-2025,14150,3538,1200,0,0,0,18888,0,353.76,629.6,1400,0,2029.6,16858.4,Bank Transfer,SAR
PAY-001637,EMP-0481,2025-04,27-04-2025,15500,3875,1200,2200,0,0,22775,0,387.5,0,0,0,0,22775,Bank Transfer,SAR
PAY-001638,EMP-0482,2025-04,27-04-2025,8400,2100,840,0,0,0,11340,0,210,0,0,0,0,11340,Bank Transfer,SAR
PAY-001639,EMP-0483,2025-04,27-04-2025,8800,2200,880,0,24,1320,13200,1072.5,1292.5,0,0,0,1072.5,12127.5,Bank Transfer,SAR
PAY-001640,EMP-0484,2025-04,27-04-2025,10600,2650,1060,850,12.5,828.13,15988.13,1291.88,1556.88,0,0,0,1291.88,14696.25,Bank Transfer,SAR
PAY-001641,EMP-0485,2025-04,27-04-2025,10100,2525,1010,0,2.5,157.81,13792.81,0,252.5,0,0,0,0,13792.81,Bank Transfer,SAR
PAY-001642,EMP-0486,2025-04,27-04-2025,14700,3675,1200,0,12.5,1148.44,20723.44,1791.56,2159.06,0,0,0,1791.56,18931.88,Bank Transfer,SAR
PAY-001643,EMP-0487,2025-04,27-04-2025,10850,2713,1085,1750,0,0,16398,1322.39,1593.65,0,0,0,1322.39,15075.61,Bank Transfer,SAR
PAY-001644,EMP-0488,2025-04,27-04-2025,10850,2713,1085,0,0,0,14648,0,271.26,0,0,0,0,14648,Bank Transfer,SAR
PAY-001645,EMP-0489,2025-04,27-04-2025,11700,2925,1170,0,9,658.13,16453.13,0,292.5,0,0,0,0,16453.13,Bank Transfer,SAR
PAY-001646,EMP-0490,2025-04,27-04-2025,6250,1563,625,0,0,0,8438,0,156.26,0,0,0,0,8438,Bank Transfer,SAR
PAY-001647,EMP-0491,2025-04,27-04-2025,37150,9288,1200,0,0,0,47638,4527.71,5456.46,0,0,0,4527.71,43110.29,Bank Transfer,SAR
PAY-001648,EMP-0492,2025-04,27-04-2025,21700,5425,1200,0,0,0,28325,2644.69,3187.19,0,0,0,2644.69,25680.31,WPS Transfer,SAR
PAY-001649,EMP-0493,2025-04,27-04-2025,6300,1575,630,0,0,0,8505,0,157.5,0,0,0,0,8505,Bank Transfer,SAR
PAY-001650,EMP-0494,2025-04,27-04-2025,6500,1625,650,0,21.5,873.44,9648.44,792.19,954.69,585,0,0,1377.19,8271.25,Bank Transfer,SAR
PAY-001651,EMP-0495,2025-04,27-04-2025,16800,4200,1200,0,7.5,787.5,22987.5,0,420,0,0,0,0,22987.5,Bank Transfer,SAR
PAY-001652,EMP-0497,2025-04,27-04-2025,8700,2175,870,0,0,0,11745,1060.31,1277.81,0,0,0,1060.31,10684.69,Bank Transfer,SAR
PAY-001653,EMP-0498,2025-04,27-04-2025,12050,3013,1200,0,0,0,16263,0,301.26,0,0,0,0,16263,WPS Transfer,SAR
PAY-001654,EMP-0499,2025-04,27-04-2025,14750,3688,1200,0,0,0,19638,1797.71,2166.46,0,1000,0,2797.71,16840.29,Bank Transfer,SAR
PAY-001655,EMP-0500,2025-04,27-04-2025,22250,5563,1200,0,0,0,29013,0,556.26,0,0,0,0,29013,Bank Transfer,SAR
PAY-001656,EMP-0001,2025-05,27-05-2025,35400,8850,1200,0,0,0,45450,4314.38,5199.38,3030,0,0,7344.38,38105.62,Bank Transfer,SAR
PAY-001657,EMP-0003,2025-05,27-05-2025,8700,2175,870,0,0,0,11745,0,217.5,0,0,0,0,11745,Bank Transfer,SAR
PAY-001658,EMP-0005,2025-05,27-05-2025,3450,863,345,0,25.5,549.84,5207.84,0,86.26,310.53,1250,0,1560.53,3647.31,Bank Transfer,SAR
PAY-001659,EMP-0006,2025-05,27-05-2025,3200,800,320,2400,23.5,470,7190,390,470,0,0,0,390,6800,Bank Transfer,SAR
PAY-001660,EMP-0007,2025-05,27-05-2025,8450,2113,845,0,0,0,11408,0,211.26,380.27,0,0,380.27,11027.73,Cheque,SAR
PAY-001661,EMP-0008,2025-05,27-05-2025,4650,1163,465,0,0,0,6278,566.77,683.03,0,0,0,566.77,5711.23,Bank Transfer,SAR
PAY-001662,EMP-0009,2025-05,27-05-2025,3800,950,380,0,0,0,5130,463.13,558.13,0,0,0,463.13,4666.87,Bank Transfer,SAR
PAY-001663,EMP-0010,2025-05,27-05-2025,29350,7338,1200,0,0,0,37888,3577.08,4310.84,0,0,0,3577.08,34310.92,Cheque,SAR
PAY-001664,EMP-0014,2025-05,27-05-2025,9500,2375,950,0,5,296.88,13121.88,1157.81,1395.31,0,0,0,1157.81,11964.07,Bank Transfer,SAR
PAY-001665,EMP-0015,2025-05,27-05-2025,8000,2000,800,0,0,0,10800,975,1175,0,0,0,975,9825,Bank Transfer,SAR
PAY-001666,EMP-0016,2025-05,27-05-2025,8850,2213,885,0,21,1161.56,13109.56,0,221.26,796.53,0,0,796.53,12313.03,Bank Transfer,SAR
PAY-001667,EMP-0017,2025-05,27-05-2025,6600,1650,660,1100,8.5,350.63,10360.63,0,165,1188,0,0,1188,9172.63,Bank Transfer,SAR
PAY-001668,EMP-0018,2025-05,27-05-2025,3350,838,335,2100,15,314.06,6937.06,408.33,492.09,0,0,0,408.33,6528.73,Bank Transfer,SAR
PAY-001669,EMP-0019,2025-05,27-05-2025,4700,1175,470,0,9,264.38,6609.38,572.81,690.31,0,0,0,572.81,6036.57,Bank Transfer,SAR
PAY-001670,EMP-0020,2025-05,27-05-2025,11450,2863,1145,0,12.5,894.53,16352.53,0,286.26,0,0,0,0,16352.53,Bank Transfer,SAR
PAY-001671,EMP-0021,2025-05,27-05-2025,8800,2200,880,0,18.5,1017.5,12897.5,1072.5,1292.5,0,0,0,1072.5,11825,Bank Transfer,SAR
PAY-001672,EMP-0022,2025-05,27-05-2025,11500,2875,1150,0,3.5,251.56,15776.56,1401.56,1689.06,0,0,0,1401.56,14375,Bank Transfer,SAR
PAY-001673,EMP-0023,2025-05,27-05-2025,3400,850,340,0,0,0,4590,0,85,0,0,0,0,4590,Bank Transfer,SAR
PAY-001674,EMP-0024,2025-05,27-05-2025,23700,5925,1200,0,0,0,30825,2888.44,3480.94,0,0,0,2888.44,27936.56,Bank Transfer,SAR
PAY-001675,EMP-0025,2025-05,27-05-2025,6000,1500,600,0,22,825,8925,0,150,0,0,0,0,8925,Bank Transfer,SAR
PAY-001676,EMP-0026,2025-05,27-05-2025,3300,825,330,0,19.5,402.19,4857.19,402.19,484.69,0,0,0,402.19,4455,Bank Transfer,SAR
PAY-001677,EMP-0027,2025-05,27-05-2025,3350,838,335,0,0,0,4523,0,83.76,0,0,0,0,4523,Bank Transfer,SAR
PAY-001678,EMP-0028,2025-05,27-05-2025,9000,2250,900,0,0,0,12150,0,225,0,350,0,350,11800,Bank Transfer,SAR
PAY-001679,EMP-0029,2025-05,27-05-2025,3550,888,355,0,0,0,4793,432.71,521.46,0,0,0,432.71,4360.29,Bank Transfer,SAR
PAY-001680,EMP-0030,2025-05,27-05-2025,4550,1138,455,0,14.5,412.34,6555.34,554.58,668.34,0,1600,0,2154.58,4400.76,Bank Transfer,SAR
PAY-001681,EMP-0031,2025-05,27-05-2025,3800,950,380,200,0,0,5330,463.13,558.13,171,0,0,634.13,4695.87,Bank Transfer,SAR
PAY-001682,EMP-0032,2025-05,27-05-2025,12650,3163,1200,0,0,0,17013,0,316.26,0,0,0,0,17013,Bank Transfer,SAR
PAY-001683,EMP-0034,2025-05,27-05-2025,11650,2913,1165,0,0,0,15728,0,291.26,0,0,0,0,15728,Bank Transfer,SAR
PAY-001684,EMP-0035,2025-05,27-05-2025,7300,1825,730,0,0,0,9855,0,182.5,0,0,0,0,9855,Bank Transfer,SAR
PAY-001685,EMP-0036,2025-05,27-05-2025,6950,1738,695,0,26,1129.38,10512.38,847.08,1020.84,0,0,0,847.08,9665.3,Bank Transfer,SAR
PAY-001686,EMP-0037,2025-05,27-05-2025,3550,888,355,0,0,0,4793,0,88.76,0,1000,0,1000,3793,Bank Transfer,SAR
PAY-001687,EMP-0038,2025-05,27-05-2025,4400,1100,440,0,12,330,6270,0,110,0,1000,0,1000,5270,Bank Transfer,SAR
PAY-001688,EMP-0039,2025-05,27-05-2025,7100,1775,710,1650,0,0,11235,865.31,1042.81,0,0,0,865.31,10369.69,Bank Transfer,SAR
PAY-001689,EMP-0040,2025-05,27-05-2025,30000,7500,1200,0,0,0,38700,0,750,0,0,0,0,38700,Bank Transfer,SAR
PAY-001690,EMP-0041,2025-05,27-05-2025,9050,2263,905,0,0,0,12218,1103.02,1329.28,0,0,0,1103.02,11114.98,Bank Transfer,SAR
PAY-001691,EMP-0042,2025-05,27-05-2025,4550,1138,455,0,19.5,554.53,6697.53,0,113.76,204.77,0,260,464.77,6232.76,Bank Transfer,SAR
PAY-001692,EMP-0043,2025-05,27-05-2025,4450,1113,445,0,0,0,6008,0,111.26,0,0,0,0,6008,Bank Transfer,SAR
PAY-001693,EMP-0044,2025-05,27-05-2025,7600,1900,760,0,21.5,1021.25,11281.25,0,190,342,0,0,342,10939.25,Bank Transfer,SAR
PAY-001694,EMP-0045,2025-05,27-05-2025,6100,1525,610,0,0,0,8235,0,152.5,0,1550,0,1550,6685,Bank Transfer,SAR
PAY-001695,EMP-0046,2025-05,27-05-2025,3450,863,345,1750,0,0,6408,0,86.26,0,0,0,0,6408,Bank Transfer,SAR
PAY-001696,EMP-0047,2025-05,27-05-2025,8350,2088,835,0,4,208.75,11481.75,1017.71,1226.46,375.77,0,0,1393.48,10088.27,Bank Transfer,SAR
PAY-001697,EMP-0048,2025-05,27-05-2025,21750,5438,1200,2500,0,0,30888,2650.83,3194.59,1892.53,0,0,4543.36,26344.64,Bank Transfer,SAR
PAY-001698,EMP-0049,2025-05,27-05-2025,4100,1025,410,0,0,0,5535,499.69,602.19,184.5,0,0,684.19,4850.81,Bank Transfer,SAR
PAY-001699,EMP-0050,2025-05,27-05-2025,3250,813,325,0,5.5,111.72,4499.72,0,81.26,0,0,0,0,4499.72,Bank Transfer,SAR
PAY-001700,EMP-0051,2025-05,27-05-2025,7700,1925,770,0,0,0,10395,0,192.5,0,0,0,0,10395,Bank Transfer,SAR
PAY-001701,EMP-0052,2025-05,27-05-2025,4700,1175,470,1000,16.5,484.69,7829.69,572.81,690.31,0,0,490,1062.81,6766.88,Bank Transfer,SAR
PAY-001702,EMP-0053,2025-05,27-05-2025,4100,1025,410,2300,0,0,7835,499.69,602.19,0,0,0,499.69,7335.31,Bank Transfer,SAR
PAY-001703,EMP-0055,2025-05,27-05-2025,4250,1063,425,0,0,0,5738,0,106.26,382.53,0,0,382.53,5355.47,Bank Transfer,SAR
PAY-001704,EMP-0056,2025-05,27-05-2025,4650,1163,465,0,16.5,479.53,6757.53,566.77,683.03,0,0,0,566.77,6190.76,Bank Transfer,SAR
PAY-001705,EMP-0057,2025-05,27-05-2025,4550,1138,455,0,21,597.19,6740.19,554.58,668.34,0,0,0,554.58,6185.61,Bank Transfer,SAR
PAY-001706,EMP-0058,2025-05,27-05-2025,3850,963,385,1600,18,433.13,7231.13,0,96.26,0,0,0,0,7231.13,Bank Transfer,SAR
PAY-001707,EMP-0059,2025-05,27-05-2025,9300,2325,930,0,9.5,552.19,13107.19,0,232.5,837,0,0,837,12270.19,WPS Transfer,SAR
PAY-001708,EMP-0060,2025-05,27-05-2025,4500,1125,450,1950,18,506.25,8531.25,548.44,660.94,0,650,560,1758.44,6772.81,Bank Transfer,SAR
PAY-001709,EMP-0061,2025-05,27-05-2025,4000,1000,400,0,0,0,5400,487.5,587.5,360,0,0,847.5,4552.5,Bank Transfer,SAR
PAY-001710,EMP-0062,2025-05,27-05-2025,4050,1013,405,2000,25.5,645.47,8113.47,0,101.26,0,0,500,500,7613.47,Bank Transfer,SAR
PAY-001711,EMP-0064,2025-05,27-05-2025,4600,1150,460,700,18.5,531.88,7441.88,0,115,414,0,0,414,7027.88,Bank Transfer,SAR
PAY-001712,EMP-0065,2025-05,27-05-2025,28650,7163,1200,0,0,0,37013,0,716.26,0,750,0,750,36263,Bank Transfer,SAR
PAY-001713,EMP-0066,2025-05,27-05-2025,3950,988,395,0,0,0,5333,0,98.76,0,550,0,550,4783,WPS Transfer,SAR
PAY-001714,EMP-0067,2025-05,27-05-2025,3450,863,345,0,0,0,4658,420.52,506.78,0,0,0,420.52,4237.48,Bank Transfer,SAR
PAY-001715,EMP-0068,2025-05,27-05-2025,3750,938,375,0,0,0,5063,0,93.76,168.77,0,0,168.77,4894.23,WPS Transfer,SAR
PAY-001716,EMP-0069,2025-05,27-05-2025,25850,6463,1200,2400,0,0,35913,0,646.26,0,0,0,0,35913,Bank Transfer,SAR
PAY-001717,EMP-0070,2025-05,27-05-2025,3700,925,370,0,16,370,5365,0,92.5,0,0,0,0,5365,Bank Transfer,SAR
PAY-001718,EMP-0071,2025-05,27-05-2025,7100,1775,710,0,8.5,377.19,9962.19,0,177.5,0,0,0,0,9962.19,Bank Transfer,SAR
PAY-001719,EMP-0072,2025-05,27-05-2025,4450,1113,445,250,0,0,6258,0,111.26,0,550,0,550,5708,Bank Transfer,SAR
PAY-001720,EMP-0073,2025-05,27-05-2025,27600,6900,1200,0,0,0,35700,3363.75,4053.75,0,0,0,3363.75,32336.25,Bank Transfer,SAR
PAY-001721,EMP-0074,2025-05,27-05-2025,3300,825,330,0,19.5,402.19,4857.19,402.19,484.69,0,0,0,402.19,4455,Bank Transfer,SAR
PAY-001722,EMP-0079,2025-05,27-05-2025,6450,1613,645,1050,8,322.5,10080.5,786.14,947.4,0,0,0,786.14,9294.36,Bank Transfer,SAR
PAY-001723,EMP-0080,2025-05,27-05-2025,3200,800,320,0,0,0,4320,0,80,0,1750,0,1750,2570,Bank Transfer,SAR
PAY-001724,EMP-0082,2025-05,27-05-2025,4000,1000,400,0,0,0,5400,0,100,180,0,0,180,5220,Bank Transfer,SAR
PAY-001725,EMP-0083,2025-05,27-05-2025,10200,2550,1020,0,8,510,14280,0,255,0,500,0,500,13780,Bank Transfer,SAR
PAY-001726,EMP-0084,2025-05,27-05-2025,12750,3188,1200,0,0,0,17138,0,318.76,0,0,0,0,17138,Bank Transfer,SAR
PAY-001727,EMP-0085,2025-05,27-05-2025,6100,1525,610,1850,0,0,10085,0,152.5,549,750,0,1299,8786,Bank Transfer,SAR
PAY-001728,EMP-0086,2025-05,27-05-2025,3550,888,355,0,0,0,4793,0,88.76,0,0,0,0,4793,Bank Transfer,SAR
PAY-001729,EMP-0087,2025-05,27-05-2025,25550,6388,1200,0,0,0,33138,3113.96,3752.71,0,0,0,3113.96,30024.04,Bank Transfer,SAR
PAY-001730,EMP-0088,2025-05,27-05-2025,23950,5988,1200,1500,0,0,32638,2918.96,3517.71,0,0,0,2918.96,29719.04,Bank Transfer,SAR
PAY-001731,EMP-0089,2025-05,27-05-2025,20900,5225,1200,0,0,0,27325,0,522.5,0,0,0,0,27325,Bank Transfer,SAR
PAY-001732,EMP-0092,2025-05,27-05-2025,4550,1138,455,0,5,142.19,6285.19,554.58,668.34,204.77,0,0,759.35,5525.84,Bank Transfer,SAR
PAY-001733,EMP-0093,2025-05,27-05-2025,4900,1225,490,0,21.5,658.44,7273.44,0,122.5,0,0,0,0,7273.44,Bank Transfer,SAR
PAY-001734,EMP-0095,2025-05,27-05-2025,18600,4650,1200,0,8,930,25380,0,465,0,0,0,0,25380,Bank Transfer,SAR
PAY-001735,EMP-0097,2025-05,27-05-2025,5050,1263,505,600,3,94.69,7512.69,0,126.26,0,0,0,0,7512.69,Bank Transfer,SAR
PAY-001736,EMP-0098,2025-05,27-05-2025,6350,1588,635,0,26,1031.88,9604.88,0,158.76,0,0,0,0,9604.88,Bank Transfer,SAR
PAY-001737,EMP-0099,2025-05,27-05-2025,11850,2963,1185,0,0,0,15998,1444.27,1740.53,0,0,0,1444.27,14553.73,WPS Transfer,SAR
PAY-001738,EMP-0100,2025-05,27-05-2025,12900,3225,1200,0,0,0,17325,0,322.5,0,0,0,0,17325,Bank Transfer,SAR
PAY-001739,EMP-0102,2025-05,27-05-2025,4650,1163,465,400,0,0,6678,566.77,683.03,0,0,0,566.77,6111.23,Bank Transfer,SAR
PAY-001740,EMP-0103,2025-05,27-05-2025,5350,1338,535,0,0,0,7223,0,133.76,481.53,0,0,481.53,6741.47,Bank Transfer,SAR
PAY-001741,EMP-0104,2025-05,27-05-2025,6350,1588,635,2350,0,0,10923,773.96,932.71,0,0,0,773.96,10149.04,Bank Transfer,SAR
PAY-001742,EMP-0105,2025-05,27-05-2025,21650,5413,1200,0,25.5,3450.47,31713.47,2638.64,3179.9,0,0,0,2638.64,29074.83,Bank Transfer,SAR
PAY-001743,EMP-0106,2025-05,27-05-2025,24950,6238,1200,0,0,0,32388,3040.83,3664.59,1079.6,0,0,4120.43,28267.57,Bank Transfer,SAR
PAY-001744,EMP-0107,2025-05,27-05-2025,26350,6588,1200,0,0,0,34138,3211.46,3870.21,0,450,0,3661.46,30476.54,Bank Transfer,SAR
PAY-001745,EMP-0108,2025-05,27-05-2025,6050,1513,605,0,0,0,8168,0,151.26,0,0,0,0,8168,Bank Transfer,SAR
PAY-001746,EMP-0112,2025-05,27-05-2025,17550,4388,1200,750,17.5,1919.53,25807.53,0,438.76,0,650,0,650,25157.53,Bank Transfer,SAR
PAY-001747,EMP-0113,2025-05,27-05-2025,12550,3138,1200,0,18,1411.88,18299.88,1529.58,1843.34,0,0,0,1529.58,16770.3,Bank Transfer,SAR
PAY-001748,EMP-0114,2025-05,27-05-2025,11300,2825,1130,1400,7,494.38,17149.38,0,282.5,0,0,0,0,17149.38,WPS Transfer,SAR
PAY-001749,EMP-0116,2025-05,27-05-2025,4550,1138,455,0,15.5,440.78,6583.78,0,113.76,0,0,0,0,6583.78,Bank Transfer,SAR
PAY-001750,EMP-0117,2025-05,27-05-2025,22450,5613,1200,650,0,0,29913,2736.14,3297.4,0,0,0,2736.14,27176.86,Bank Transfer,SAR
PAY-001751,EMP-0118,2025-05,27-05-2025,18200,4550,1200,0,0,0,23950,2218.13,2673.13,0,0,0,2218.13,21731.87,Cheque,SAR
PAY-001752,EMP-0119,2025-05,27-05-2025,5300,1325,530,0,0,0,7155,0,132.5,0,0,170,170,6985,Bank Transfer,SAR
PAY-001753,EMP-0120,2025-05,27-05-2025,12250,3063,1200,0,7.5,574.22,17087.22,1493.02,1799.28,0,0,0,1493.02,15594.2,Bank Transfer,SAR
PAY-001754,EMP-0121,2025-05,27-05-2025,4700,1175,470,0,9.5,279.06,6624.06,0,117.5,0,450,0,450,6174.06,Bank Transfer,SAR
PAY-001755,EMP-0122,2025-05,27-05-2025,5250,1313,525,0,12,393.75,7481.75,0,131.26,0,0,0,0,7481.75,Bank Transfer,SAR
PAY-001756,EMP-0123,2025-05,27-05-2025,5450,1363,545,0,0,0,7358,664.27,800.53,0,0,0,664.27,6693.73,Bank Transfer,SAR
PAY-001757,EMP-0124,2025-05,27-05-2025,28200,7050,1200,0,0,0,36450,3436.88,4141.88,0,2050,0,5486.88,30963.12,Bank Transfer,SAR
PAY-001758,EMP-0126,2025-05,27-05-2025,6100,1525,610,0,11,419.38,8654.38,0,152.5,274.5,0,0,274.5,8379.88,Bank Transfer,SAR
PAY-001759,EMP-0127,2025-05,27-05-2025,9350,2338,935,300,7,409.06,13332.06,0,233.76,0,2300,0,2300,11032.06,Bank Transfer,SAR
PAY-001760,EMP-0129,2025-05,27-05-2025,4850,1213,485,0,0,0,6548,591.14,712.4,0,0,0,591.14,5956.86,Bank Transfer,SAR
PAY-001761,EMP-0130,2025-05,27-05-2025,6350,1588,635,1900,0,0,10473,0,158.76,0,0,70,70,10403,Bank Transfer,SAR
PAY-001762,EMP-0131,2025-05,27-05-2025,20750,5188,1200,0,0,0,27138,0,518.76,1809.2,0,0,1809.2,25328.8,Bank Transfer,SAR
PAY-001763,EMP-0132,2025-05,27-05-2025,5400,1350,540,0,0,0,7290,658.13,793.13,0,0,0,658.13,6631.87,WPS Transfer,SAR
PAY-001764,EMP-0133,2025-05,27-05-2025,11850,2963,1185,0,0,0,15998,0,296.26,1066.53,0,0,1066.53,14931.47,Bank Transfer,SAR
PAY-001765,EMP-0134,2025-05,27-05-2025,4750,1188,475,0,0,0,6413,0,118.76,0,2000,0,2000,4413,Bank Transfer,SAR
PAY-001766,EMP-0135,2025-05,27-05-2025,5700,1425,570,0,25.5,908.44,8603.44,0,142.5,0,0,0,0,8603.44,Bank Transfer,SAR
PAY-001767,EMP-0136,2025-05,27-05-2025,4850,1213,485,0,20.5,621.41,7169.41,0,121.26,0,0,0,0,7169.41,Bank Transfer,SAR
PAY-001768,EMP-0137,2025-05,27-05-2025,20100,5025,1200,0,0,0,26325,0,502.5,0,0,0,0,26325,Bank Transfer,SAR
PAY-001769,EMP-0138,2025-05,27-05-2025,17050,4263,1200,0,0,0,22513,0,426.26,0,0,0,0,22513,Bank Transfer,SAR
PAY-001770,EMP-0139,2025-05,27-05-2025,9150,2288,915,0,15,857.81,13210.81,0,228.76,0,0,0,0,13210.81,Bank Transfer,SAR
PAY-001771,EMP-0140,2025-05,27-05-2025,10050,2513,1005,0,15.5,973.59,14541.59,0,251.26,0,0,0,0,14541.59,Bank Transfer,SAR
PAY-001772,EMP-0141,2025-05,27-05-2025,6000,1500,600,0,0,0,8100,731.25,881.25,0,0,0,731.25,7368.75,Bank Transfer,SAR
PAY-001773,EMP-0142,2025-05,27-05-2025,4900,1225,490,0,0,0,6615,597.19,719.69,0,0,0,597.19,6017.81,Bank Transfer,SAR
PAY-001774,EMP-0145,2025-05,27-05-2025,5000,1250,500,0,0,0,6750,0,125,0,1750,460,2210,4540,Bank Transfer,SAR
PAY-001775,EMP-0146,2025-05,27-05-2025,17050,4263,1200,0,4.5,479.53,22992.53,2078.02,2504.28,0,0,0,2078.02,20914.51,WPS Transfer,SAR
PAY-001776,EMP-0148,2025-05,27-05-2025,20350,5088,1200,2000,0,0,28638,0,508.76,0,800,0,800,27838,Bank Transfer,SAR
PAY-001777,EMP-0149,2025-05,27-05-2025,20200,5050,1200,0,9.5,1199.38,27649.38,2461.88,2966.88,0,0,0,2461.88,25187.5,Bank Transfer,SAR
PAY-001778,EMP-0150,2025-05,27-05-2025,17050,4263,1200,1750,0,0,24263,2078.02,2504.28,0,0,0,2078.02,22184.98,Bank Transfer,SAR
PAY-001779,EMP-0151,2025-05,27-05-2025,16150,4038,1200,0,7,706.56,22094.56,1968.33,2372.09,0,0,0,1968.33,20126.23,Bank Transfer,SAR
PAY-001780,EMP-0152,2025-05,27-05-2025,21350,5338,1200,0,0,0,27888,0,533.76,0,0,0,0,27888,Bank Transfer,SAR
PAY-001781,EMP-0153,2025-05,27-05-2025,12500,3125,1200,0,0,0,16825,1523.44,1835.94,1121.67,600,0,3245.11,13579.89,Bank Transfer,SAR
PAY-001782,EMP-0155,2025-05,27-05-2025,28050,7013,1200,0,0,0,36263,0,701.26,0,0,0,0,36263,Bank Transfer,SAR
PAY-001783,EMP-0157,2025-05,27-05-2025,11300,2825,1130,0,21,1483.13,16738.13,0,282.5,0,0,0,0,16738.13,Bank Transfer,SAR
PAY-001784,EMP-0158,2025-05,27-05-2025,4550,1138,455,1450,0,0,7593,0,113.76,0,0,0,0,7593,Bank Transfer,SAR
PAY-001785,EMP-0159,2025-05,27-05-2025,4650,1163,465,2100,0,0,8378,566.77,683.03,209.27,400,0,1176.04,7201.96,Bank Transfer,SAR
PAY-001786,EMP-0160,2025-05,27-05-2025,6000,1500,600,0,0,0,8100,731.25,881.25,270,0,0,1001.25,7098.75,Bank Transfer,SAR
PAY-001787,EMP-0161,2025-05,27-05-2025,25100,6275,1200,0,0,0,32575,3059.06,3686.56,1085.83,0,0,4144.89,28430.11,Bank Transfer,SAR
PAY-001788,EMP-0162,2025-05,27-05-2025,10350,2588,1035,0,10.5,679.22,14652.22,0,258.76,0,1550,0,1550,13102.22,Bank Transfer,SAR
PAY-001789,EMP-0163,2025-05,27-05-2025,3850,963,385,0,0,0,5198,469.27,565.53,0,0,0,469.27,4728.73,Bank Transfer,SAR
PAY-001790,EMP-0164,2025-05,27-05-2025,6250,1563,625,0,19.5,761.72,9199.72,761.77,918.03,0,0,0,761.77,8437.95,Bank Transfer,SAR
PAY-001791,EMP-0165,2025-05,27-05-2025,4500,1125,450,0,0,0,6075,0,112.5,0,0,0,0,6075,Bank Transfer,SAR
PAY-001792,EMP-0167,2025-05,27-05-2025,3450,863,345,0,15.5,334.22,4992.22,420.52,506.78,310.53,0,0,731.05,4261.17,WPS Transfer,SAR
PAY-001793,EMP-0168,2025-05,27-05-2025,11900,2975,1190,0,0,0,16065,0,297.5,0,0,0,0,16065,Bank Transfer,SAR
PAY-001794,EMP-0169,2025-05,27-05-2025,3250,813,325,0,0,0,4388,0,81.26,0,0,0,0,4388,Bank Transfer,SAR
PAY-001795,EMP-0170,2025-05,27-05-2025,7550,1888,755,0,4.5,212.34,10405.34,920.21,1108.96,679.53,0,0,1599.74,8805.6,Bank Transfer,SAR
PAY-001796,EMP-0171,2025-05,27-05-2025,8550,2138,855,0,0,0,11543,0,213.76,0,0,0,0,11543,Bank Transfer,SAR
PAY-001797,EMP-0172,2025-05,27-05-2025,7650,1913,765,0,0,0,10328,932.39,1123.65,0,0,0,932.39,9395.61,Bank Transfer,SAR
PAY-001798,EMP-0173,2025-05,27-05-2025,8850,2213,885,0,20,1106.25,13054.25,0,221.26,0,0,0,0,13054.25,Bank Transfer,SAR
PAY-001799,EMP-0174,2025-05,27-05-2025,6300,1575,630,0,7.5,295.31,8800.31,767.81,925.31,0,0,0,767.81,8032.5,Bank Transfer,SAR
PAY-001800,EMP-0175,2025-05,27-05-2025,4500,1125,450,1250,17,478.13,7803.13,548.44,660.94,0,0,0,548.44,7254.69,Bank Transfer,SAR
PAY-001801,EMP-0176,2025-05,27-05-2025,6100,1525,610,0,0,0,8235,743.44,895.94,0,0,0,743.44,7491.56,Bank Transfer,SAR
PAY-001802,EMP-0177,2025-05,27-05-2025,4400,1100,440,2500,0,0,8440,0,110,0,0,0,0,8440,Bank Transfer,SAR
PAY-001803,EMP-0178,2025-05,27-05-2025,4600,1150,460,0,0,0,6210,560.63,675.63,414,0,0,974.63,5235.37,WPS Transfer,SAR
PAY-001804,EMP-0179,2025-05,27-05-2025,4750,1188,475,0,0,0,6413,578.96,697.71,0,0,0,578.96,5834.04,WPS Transfer,SAR
PAY-001805,EMP-0180,2025-05,27-05-2025,4600,1150,460,1050,0,0,7260,0,115,0,2400,0,2400,4860,Bank Transfer,SAR
PAY-001806,EMP-0182,2025-05,27-05-2025,7450,1863,745,0,0,0,10058,0,186.26,0,0,190,190,9868,Bank Transfer,SAR
PAY-001807,EMP-0183,2025-05,27-05-2025,4700,1175,470,0,25,734.38,7079.38,572.81,690.31,0,0,0,572.81,6506.57,Bank Transfer,SAR
PAY-001808,EMP-0184,2025-05,27-05-2025,8900,2225,890,0,0,0,12015,0,222.5,0,0,0,0,12015,Bank Transfer,SAR
PAY-001809,EMP-0186,2025-05,27-05-2025,3250,813,325,0,3,60.94,4448.94,396.14,477.4,0,0,0,396.14,4052.8,WPS Transfer,SAR
PAY-001810,EMP-0187,2025-05,27-05-2025,7150,1788,715,0,13,580.94,10233.94,0,178.76,1287.07,0,0,1287.07,8946.87,Cheque,SAR
PAY-001811,EMP-0188,2025-05,27-05-2025,8550,2138,855,0,3.5,187.03,11730.03,1042.08,1255.84,0,0,0,1042.08,10687.95,Bank Transfer,SAR
PAY-001812,EMP-0189,2025-05,27-05-2025,3450,863,345,0,6.5,140.16,4798.16,0,86.26,0,0,0,0,4798.16,Bank Transfer,SAR
PAY-001813,EMP-0190,2025-05,27-05-2025,4750,1188,475,0,20.5,608.59,7021.59,0,118.76,0,450,0,450,6571.59,Bank Transfer,SAR
PAY-001814,EMP-0191,2025-05,27-05-2025,3800,950,380,0,6.5,154.38,5284.38,0,95,0,0,0,0,5284.38,Bank Transfer,SAR
PAY-001815,EMP-0193,2025-05,27-05-2025,3650,913,365,300,10.5,239.53,5467.53,0,91.26,492.8,0,470,962.8,4504.73,Bank Transfer,SAR
PAY-001816,EMP-0194,2025-05,27-05-2025,4750,1188,475,0,0,0,6413,0,118.76,0,0,0,0,6413,Bank Transfer,SAR
PAY-001817,EMP-0195,2025-05,27-05-2025,6150,1538,615,0,13.5,518.91,8821.91,0,153.76,0,0,0,0,8821.91,Bank Transfer,SAR
PAY-001818,EMP-0196,2025-05,27-05-2025,8550,2138,855,0,20,1068.75,12611.75,0,213.76,0,0,0,0,12611.75,Bank Transfer,SAR
PAY-001819,EMP-0197,2025-05,27-05-2025,12000,3000,1200,0,0,0,16200,0,300,0,700,0,700,15500,WPS Transfer,SAR
PAY-001820,EMP-0198,2025-05,27-05-2025,3400,850,340,2300,0,0,6890,0,85,0,0,0,0,6890,Bank Transfer,SAR
PAY-001821,EMP-0199,2025-05,27-05-2025,7700,1925,770,0,17.5,842.19,11237.19,0,192.5,693,0,0,693,10544.19,Bank Transfer,SAR
PAY-001822,EMP-0200,2025-05,27-05-2025,11500,2875,1150,1400,17.5,1257.81,18182.81,0,287.5,1035,0,0,1035,17147.81,Bank Transfer,SAR
PAY-001823,EMP-0201,2025-05,27-05-2025,3700,925,370,0,0,0,4995,0,92.5,0,0,210,210,4785,Bank Transfer,SAR
PAY-001824,EMP-0202,2025-05,27-05-2025,8800,2200,880,0,0,0,11880,1072.5,1292.5,0,800,200,2072.5,9807.5,Bank Transfer,SAR
PAY-001825,EMP-0203,2025-05,27-05-2025,4150,1038,415,700,4,103.75,6406.75,505.83,609.59,0,0,0,505.83,5900.92,Bank Transfer,SAR
PAY-001826,EMP-0204,2025-05,27-05-2025,4650,1163,465,1900,0,0,8178,0,116.26,0,0,0,0,8178,Bank Transfer,SAR
PAY-001827,EMP-0207,2025-05,27-05-2025,4450,1113,445,200,0,0,6208,0,111.26,0,0,0,0,6208,Bank Transfer,SAR
PAY-001828,EMP-0209,2025-05,27-05-2025,3500,875,350,0,0,0,4725,0,87.5,0,0,0,0,4725,Bank Transfer,SAR
PAY-001829,EMP-0210,2025-05,27-05-2025,6850,1713,685,0,0,0,9248,834.89,1006.15,0,0,0,834.89,8413.11,Bank Transfer,SAR
PAY-001830,EMP-0211,2025-05,27-05-2025,4450,1113,445,2000,0,0,8008,0,111.26,200.27,0,0,200.27,7807.73,Bank Transfer,SAR
PAY-001831,EMP-0212,2025-05,27-05-2025,8700,2175,870,300,7.5,407.81,12452.81,1060.31,1277.81,0,0,0,1060.31,11392.5,Bank Transfer,SAR
PAY-001832,EMP-0213,2025-05,27-05-2025,3650,913,365,0,3.5,79.84,5007.84,444.89,536.15,0,2250,450,3144.89,1862.95,Bank Transfer,SAR
PAY-001833,EMP-0214,2025-05,27-05-2025,3250,813,325,0,0,0,4388,396.14,477.4,0,0,0,396.14,3991.86,Bank Transfer,SAR
PAY-001834,EMP-0215,2025-05,27-05-2025,3300,825,330,0,13.5,278.44,4733.44,0,82.5,0,0,130,130,4603.44,Bank Transfer,SAR
PAY-001835,EMP-0216,2025-05,27-05-2025,7650,1913,765,0,10.5,502.03,10830.03,932.39,1123.65,0,0,0,932.39,9897.64,Bank Transfer,SAR
PAY-001836,EMP-0217,2025-05,27-05-2025,3450,863,345,0,0,0,4658,0,86.26,0,0,0,0,4658,Bank Transfer,SAR
PAY-001837,EMP-0219,2025-05,27-05-2025,3500,875,350,0,0,0,4725,426.56,514.06,0,0,0,426.56,4298.44,Bank Transfer,SAR
PAY-001838,EMP-0220,2025-05,27-05-2025,3950,988,395,0,0,0,5333,481.46,580.21,0,0,490,971.46,4361.54,Bank Transfer,SAR
PAY-001839,EMP-0221,2025-05,27-05-2025,25950,6488,1200,800,0,0,34438,3162.71,3811.46,0,0,0,3162.71,31275.29,Bank Transfer,SAR
PAY-001840,EMP-0222,2025-05,27-05-2025,3700,925,370,400,4,92.5,5487.5,0,92.5,0,1050,0,1050,4437.5,Bank Transfer,SAR
PAY-001841,EMP-0223,2025-05,27-05-2025,7500,1875,750,0,8.5,398.44,10523.44,0,187.5,675,0,0,675,9848.44,WPS Transfer,SAR
PAY-001842,EMP-0226,2025-05,27-05-2025,3350,838,335,0,23.5,492.03,5015.03,0,83.76,150.77,1200,0,1350.77,3664.26,Bank Transfer,SAR
PAY-001843,EMP-0227,2025-05,27-05-2025,4650,1163,465,0,15,435.94,6713.94,566.77,683.03,0,0,0,566.77,6147.17,Bank Transfer,SAR
PAY-001844,EMP-0228,2025-05,27-05-2025,4400,1100,440,1350,7,192.5,7482.5,0,110,0,0,0,0,7482.5,Bank Transfer,SAR
PAY-001845,EMP-0229,2025-05,27-05-2025,3550,888,355,0,0,0,4793,0,88.76,0,0,0,0,4793,WPS Transfer,SAR
PAY-001846,EMP-0231,2025-05,27-05-2025,4450,1113,445,0,0,0,6008,0,111.26,0,0,0,0,6008,Bank Transfer,SAR
PAY-001847,EMP-0232,2025-05,27-05-2025,4300,1075,430,750,0,0,6555,0,107.5,0,900,0,900,5655,Bank Transfer,SAR
PAY-001848,EMP-0236,2025-05,27-05-2025,3250,813,325,0,0,0,4388,0,81.26,0,0,440,440,3948,WPS Transfer,SAR
PAY-001849,EMP-0237,2025-05,27-05-2025,4050,1013,405,0,13,329.06,5797.06,493.64,594.9,0,0,0,493.64,5303.42,Bank Transfer,SAR
PAY-001850,EMP-0238,2025-05,27-05-2025,8750,2188,875,0,12,656.25,12469.25,0,218.76,0,1600,0,1600,10869.25,Bank Transfer,SAR
PAY-001851,EMP-0239,2025-05,27-05-2025,8650,2163,865,0,0,0,11678,0,216.26,0,1400,0,1400,10278,Bank Transfer,SAR
PAY-001852,EMP-0240,2025-05,27-05-2025,3550,888,355,0,0,0,4793,0,88.76,0,0,0,0,4793,Bank Transfer,SAR
PAY-001853,EMP-0241,2025-05,27-05-2025,11250,2813,1125,0,0,0,15188,1371.14,1652.4,0,0,0,1371.14,13816.86,Bank Transfer,SAR
PAY-001854,EMP-0242,2025-05,27-05-2025,3500,875,350,2300,0,0,7025,426.56,514.06,0,0,0,426.56,6598.44,WPS Transfer,SAR
PAY-001855,EMP-0243,2025-05,27-05-2025,3350,838,335,0,0,0,4523,0,83.76,0,0,0,0,4523,Bank Transfer,SAR
PAY-001856,EMP-0244,2025-05,27-05-2025,8550,2138,855,0,0,0,11543,1042.08,1255.84,0,0,0,1042.08,10500.92,Bank Transfer,SAR
PAY-001857,EMP-0245,2025-05,27-05-2025,4100,1025,410,0,6.5,166.56,5701.56,499.69,602.19,0,0,0,499.69,5201.87,Bank Transfer,SAR
PAY-001858,EMP-0246,2025-05,27-05-2025,4600,1150,460,0,17,488.75,6698.75,560.63,675.63,0,2400,0,2960.63,3738.12,Bank Transfer,SAR
PAY-001859,EMP-0247,2025-05,27-05-2025,3850,963,385,0,7,168.44,5366.44,0,96.26,0,0,0,0,5366.44,Bank Transfer,SAR
PAY-001860,EMP-0248,2025-05,27-05-2025,8500,2125,850,1900,0,0,13375,1035.94,1248.44,0,0,0,1035.94,12339.06,Bank Transfer,SAR
PAY-001861,EMP-0249,2025-05,27-05-2025,8600,2150,860,0,0,0,11610,0,215,387,0,0,387,11223,Bank Transfer,SAR
PAY-001862,EMP-0250,2025-05,27-05-2025,3950,988,395,0,0,0,5333,0,98.76,0,0,0,0,5333,Bank Transfer,SAR
PAY-001863,EMP-0252,2025-05,27-05-2025,7200,1800,720,0,20,900,10620,877.5,1057.5,648,1300,0,2825.5,7794.5,Bank Transfer,SAR
PAY-001864,EMP-0254,2025-05,27-05-2025,3200,800,320,0,12.5,250,4570,390,470,0,0,0,390,4180,Bank Transfer,SAR
PAY-001865,EMP-0256,2025-05,27-05-2025,3400,850,340,0,8.5,180.63,4770.63,0,85,0,0,0,0,4770.63,Bank Transfer,SAR
PAY-001866,EMP-0257,2025-05,27-05-2025,9150,2288,915,0,0,0,12353,0,228.76,823.53,0,0,823.53,11529.47,WPS Transfer,SAR
PAY-001867,EMP-0258,2025-05,27-05-2025,4400,1100,440,0,14,385,6325,0,110,0,0,0,0,6325,Bank Transfer,SAR
PAY-001868,EMP-0260,2025-05,27-05-2025,10550,2638,1055,0,0,0,14243,0,263.76,0,0,0,0,14243,Bank Transfer,SAR
PAY-001869,EMP-0261,2025-05,27-05-2025,7450,1863,745,0,0,0,10058,0,186.26,0,0,0,0,10058,Bank Transfer,SAR
PAY-001870,EMP-0262,2025-05,27-05-2025,4450,1113,445,0,10.5,292.03,6300.03,542.39,653.65,0,0,0,542.39,5757.64,Bank Transfer,SAR
PAY-001871,EMP-0263,2025-05,27-05-2025,11700,2925,1170,0,0,0,15795,1425.94,1718.44,0,1950,280,3655.94,12139.06,Bank Transfer,SAR
PAY-001872,EMP-0264,2025-05,27-05-2025,4500,1125,450,0,0,0,6075,548.44,660.94,0,0,280,828.44,5246.56,Bank Transfer,SAR
PAY-001873,EMP-0265,2025-05,27-05-2025,8850,2213,885,0,9.5,525.47,12473.47,0,221.26,0,750,0,750,11723.47,Bank Transfer,SAR
PAY-001874,EMP-0266,2025-05,27-05-2025,8900,2225,890,2050,5.5,305.94,14370.94,1084.69,1307.19,0,2100,0,3184.69,11186.25,Bank Transfer,SAR
PAY-001875,EMP-0267,2025-05,27-05-2025,9150,2288,915,0,0,0,12353,0,228.76,0,0,0,0,12353,Bank Transfer,SAR
PAY-001876,EMP-0268,2025-05,27-05-2025,4300,1075,430,0,5,134.38,5939.38,0,107.5,0,0,0,0,5939.38,Bank Transfer,SAR
PAY-001877,EMP-0269,2025-05,27-05-2025,4450,1113,445,0,0,0,6008,0,111.26,0,0,0,0,6008,Bank Transfer,SAR
PAY-001878,EMP-0272,2025-05,27-05-2025,4200,1050,420,1150,17.5,459.38,7279.38,0,105,0,0,0,0,7279.38,Bank Transfer,SAR
PAY-001879,EMP-0273,2025-05,27-05-2025,4750,1188,475,2450,10,296.88,9159.88,578.96,697.71,0,0,0,578.96,8580.92,Bank Transfer,SAR
PAY-001880,EMP-0274,2025-05,27-05-2025,10550,2638,1055,1650,8.5,560.47,16453.47,0,263.76,0,1550,0,1550,14903.47,Bank Transfer,SAR
PAY-001881,EMP-0275,2025-05,27-05-2025,13900,3475,1200,0,0,0,18575,1694.06,2041.56,0,0,0,1694.06,16880.94,Bank Transfer,SAR
PAY-001882,EMP-0277,2025-05,27-05-2025,8700,2175,870,900,0,0,12645,1060.31,1277.81,0,0,0,1060.31,11584.69,Bank Transfer,SAR
PAY-001883,EMP-0278,2025-05,27-05-2025,10350,2588,1035,0,0,0,13973,1261.46,1520.22,0,0,0,1261.46,12711.54,Bank Transfer,SAR
PAY-001884,EMP-0279,2025-05,27-05-2025,10300,2575,1030,0,2.5,160.94,14065.94,1255.31,1512.81,0,0,0,1255.31,12810.63,Bank Transfer,SAR
PAY-001885,EMP-0280,2025-05,27-05-2025,4350,1088,435,0,8.5,231.09,6104.09,0,108.76,0,800,0,800,5304.09,Bank Transfer,SAR
PAY-001886,EMP-0281,2025-05,27-05-2025,4350,1088,435,0,0,0,5873,0,108.76,0,900,0,900,4973,Bank Transfer,SAR
PAY-001887,EMP-0282,2025-05,27-05-2025,8750,2188,875,1050,13.5,738.28,13601.28,1066.46,1285.21,0,0,0,1066.46,12534.82,Bank Transfer,SAR
PAY-001888,EMP-0283,2025-05,27-05-2025,3650,913,365,0,25.5,581.72,5509.72,0,91.26,0,0,0,0,5509.72,Bank Transfer,SAR
PAY-001889,EMP-0286,2025-05,27-05-2025,3900,975,390,0,0,0,5265,0,97.5,0,0,0,0,5265,Bank Transfer,SAR
PAY-001890,EMP-0287,2025-05,27-05-2025,8850,2213,885,0,6.5,359.53,12307.53,0,221.26,0,0,0,0,12307.53,Bank Transfer,SAR
PAY-001891,EMP-0288,2025-05,27-05-2025,4350,1088,435,0,0,0,5873,530.21,638.96,0,0,0,530.21,5342.79,Bank Transfer,SAR
PAY-001892,EMP-0289,2025-05,27-05-2025,4650,1163,465,0,21,610.31,6888.31,566.77,683.03,0,0,0,566.77,6321.54,Bank Transfer,SAR
PAY-001893,EMP-0290,2025-05,27-05-2025,3950,988,395,550,0,0,5883,481.46,580.21,0,0,0,481.46,5401.54,Bank Transfer,SAR
PAY-001894,EMP-0291,2025-05,27-05-2025,3950,988,395,1150,0,0,6483,0,98.76,0,1700,0,1700,4783,Bank Transfer,SAR
PAY-001895,EMP-0292,2025-05,27-05-2025,4750,1188,475,0,0,0,6413,578.96,697.71,0,0,0,578.96,5834.04,Bank Transfer,SAR
PAY-001896,EMP-0293,2025-05,27-05-2025,8500,2125,850,0,0,0,11475,1035.94,1248.44,0,0,0,1035.94,10439.06,Bank Transfer,SAR
PAY-001897,EMP-0294,2025-05,27-05-2025,4400,1100,440,700,0,0,6640,536.25,646.25,0,1150,460,2146.25,4493.75,Bank Transfer,SAR
PAY-001898,EMP-0295,2025-05,27-05-2025,11000,2750,1100,0,0,0,14850,0,275,0,0,0,0,14850,Bank Transfer,SAR
PAY-001899,EMP-0296,2025-05,27-05-2025,15050,3763,1200,0,0,0,20013,1834.27,2210.53,0,0,0,1834.27,18178.73,Bank Transfer,SAR
PAY-001900,EMP-0297,2025-05,27-05-2025,4400,1100,440,0,7,192.5,6132.5,536.25,646.25,0,0,0,536.25,5596.25,WPS Transfer,SAR
PAY-001901,EMP-0300,2025-05,27-05-2025,12700,3175,1200,0,0,0,17075,0,317.5,0,0,0,0,17075,Bank Transfer,SAR
PAY-001902,EMP-0303,2025-05,27-05-2025,9200,2300,920,2250,0,0,14670,0,230,0,0,0,0,14670,Bank Transfer,SAR
PAY-001903,EMP-0304,2025-05,27-05-2025,11500,2875,1150,1400,9.5,682.81,17607.81,0,287.5,0,0,0,0,17607.81,Bank Transfer,SAR
PAY-001904,EMP-0305,2025-05,27-05-2025,3850,963,385,0,23.5,565.47,5763.47,469.27,565.53,0,0,0,469.27,5294.2,Bank Transfer,SAR
PAY-001905,EMP-0306,2025-05,27-05-2025,4800,1200,480,650,0,0,7130,0,120,0,0,0,0,7130,Bank Transfer,SAR
PAY-001906,EMP-0307,2025-05,27-05-2025,9450,2363,945,600,17,1004.06,14362.06,0,236.26,0,0,550,550,13812.06,WPS Transfer,SAR
PAY-001907,EMP-0308,2025-05,27-05-2025,10900,2725,1090,0,13,885.63,15600.63,0,272.5,490.5,0,0,490.5,15110.13,Bank Transfer,SAR
PAY-001908,EMP-0309,2025-05,27-05-2025,3800,950,380,300,25,593.75,6023.75,0,95,0,0,0,0,6023.75,Bank Transfer,SAR
PAY-001909,EMP-0310,2025-05,27-05-2025,10450,2613,1045,0,0,0,14108,0,261.26,0,0,0,0,14108,Bank Transfer,SAR
PAY-001910,EMP-0311,2025-05,27-05-2025,15900,3975,1200,0,0,0,21075,0,397.5,0,0,0,0,21075,Bank Transfer,SAR
PAY-001911,EMP-0312,2025-05,27-05-2025,14350,3588,1200,0,25,2242.19,21380.19,0,358.76,637.93,2300,0,2937.93,18442.26,Bank Transfer,SAR
PAY-001912,EMP-0313,2025-05,27-05-2025,11900,2975,1190,0,9.5,706.56,16771.56,0,297.5,0,0,0,0,16771.56,Bank Transfer,SAR
PAY-001913,EMP-0314,2025-05,27-05-2025,3650,913,365,0,17.5,399.22,5327.22,444.89,536.15,0,0,0,444.89,4882.33,Bank Transfer,SAR
PAY-001914,EMP-0315,2025-05,27-05-2025,11600,2900,1160,0,0,0,15660,1413.75,1703.75,1044,0,0,2457.75,13202.25,Bank Transfer,SAR
PAY-001915,EMP-0316,2025-05,27-05-2025,15200,3800,1200,0,7.5,712.5,20912.5,0,380,673.33,0,0,673.33,20239.17,Bank Transfer,SAR
PAY-001916,EMP-0318,2025-05,27-05-2025,4100,1025,410,0,0,0,5535,499.69,602.19,0,0,0,499.69,5035.31,Bank Transfer,SAR
PAY-001917,EMP-0320,2025-05,27-05-2025,8750,2188,875,0,0,0,11813,0,218.76,0,0,0,0,11813,WPS Transfer,SAR
PAY-001918,EMP-0321,2025-05,27-05-2025,21300,5325,1200,0,0,0,27825,2595.94,3128.44,0,0,0,2595.94,25229.06,Bank Transfer,SAR
PAY-001919,EMP-0322,2025-05,27-05-2025,8700,2175,870,0,0,0,11745,1060.31,1277.81,391.5,0,0,1451.81,10293.19,Bank Transfer,SAR
PAY-001920,EMP-0324,2025-05,27-05-2025,6100,1525,610,850,23,876.88,9961.88,0,152.5,0,0,0,0,9961.88,Bank Transfer,SAR
PAY-001921,EMP-0325,2025-05,27-05-2025,11300,2825,1130,1000,14,988.75,17243.75,0,282.5,0,0,0,0,17243.75,Bank Transfer,SAR
PAY-001922,EMP-0326,2025-05,27-05-2025,5000,1250,500,0,0,0,6750,0,125,0,0,0,0,6750,Bank Transfer,SAR
PAY-001923,EMP-0327,2025-05,27-05-2025,9400,2350,940,0,0,0,12690,0,235,0,0,0,0,12690,Bank Transfer,SAR
PAY-001924,EMP-0328,2025-05,27-05-2025,10850,2713,1085,0,0,0,14648,1322.39,1593.65,0,0,0,1322.39,13325.61,Bank Transfer,SAR
PAY-001925,EMP-0329,2025-05,27-05-2025,10700,2675,1070,0,3.5,234.06,14679.06,0,267.5,0,0,0,0,14679.06,Bank Transfer,SAR
PAY-001926,EMP-0331,2025-05,27-05-2025,11600,2900,1160,1600,0,0,17260,0,290,0,0,0,0,17260,Bank Transfer,SAR
PAY-001927,EMP-0332,2025-05,27-05-2025,5350,1338,535,0,0,0,7223,652.08,785.84,240.77,0,370,1262.85,5960.15,Bank Transfer,SAR
PAY-001928,EMP-0333,2025-05,27-05-2025,4700,1175,470,2000,0,0,8345,0,117.5,0,0,0,0,8345,Bank Transfer,SAR
PAY-001929,EMP-0334,2025-05,27-05-2025,15550,3888,1200,0,0,0,20638,0,388.76,687.93,0,0,687.93,19950.07,Bank Transfer,SAR
PAY-001930,EMP-0335,2025-05,27-05-2025,12650,3163,1200,0,0,0,17013,0,316.26,0,0,0,0,17013,Bank Transfer,SAR
PAY-001931,EMP-0336,2025-05,27-05-2025,5000,1250,500,0,0,0,6750,0,125,0,0,0,0,6750,Bank Transfer,SAR
PAY-001932,EMP-0337,2025-05,27-05-2025,8750,2188,875,550,0,0,12363,1066.46,1285.21,0,0,0,1066.46,11296.54,Bank Transfer,SAR
PAY-001933,EMP-0338,2025-05,27-05-2025,11550,2888,1155,1050,0,0,16643,0,288.76,1039.53,0,0,1039.53,15603.47,Bank Transfer,SAR
PAY-001934,EMP-0339,2025-05,27-05-2025,12400,3100,1200,0,0,0,16700,1511.25,1821.25,0,0,0,1511.25,15188.75,Bank Transfer,SAR
PAY-001935,EMP-0340,2025-05,27-05-2025,11200,2800,1120,0,15.5,1085,16205,0,280,504,0,0,504,15701,Bank Transfer,SAR
PAY-001936,EMP-0341,2025-05,27-05-2025,4900,1225,490,0,0,0,6615,0,122.5,0,0,0,0,6615,Bank Transfer,SAR
PAY-001937,EMP-0342,2025-05,27-05-2025,8500,2125,850,0,6.5,345.31,11820.31,1035.94,1248.44,0,0,0,1035.94,10784.37,Bank Transfer,SAR
PAY-001938,EMP-0343,2025-05,27-05-2025,5300,1325,530,1800,0,0,8955,0,132.5,0,0,0,0,8955,Bank Transfer,SAR
PAY-001939,EMP-0344,2025-05,27-05-2025,11000,2750,1100,0,0,0,14850,0,275,0,0,0,0,14850,Bank Transfer,SAR
PAY-001940,EMP-0347,2025-05,27-05-2025,5550,1388,555,0,0,0,7493,0,138.76,0,0,0,0,7493,Bank Transfer,SAR
PAY-001941,EMP-0349,2025-05,27-05-2025,10850,2713,1085,0,19.5,1322.34,15970.34,0,271.26,488.27,0,0,488.27,15482.07,Bank Transfer,SAR
PAY-001942,EMP-0350,2025-05,27-05-2025,13050,3263,1200,0,11.5,937.97,18450.97,1590.52,1916.78,0,0,0,1590.52,16860.45,Bank Transfer,SAR
PAY-001943,EMP-0351,2025-05,27-05-2025,14350,3588,1200,0,18,1614.38,20752.38,1748.96,2107.71,0,0,0,1748.96,19003.42,Bank Transfer,SAR
PAY-001944,EMP-0352,2025-05,27-05-2025,10200,2550,1020,0,14,892.5,14662.5,0,255,1377,0,0,1377,13285.5,Bank Transfer,SAR
PAY-001945,EMP-0353,2025-05,27-05-2025,10650,2663,1065,0,0,0,14378,1298.02,1564.28,0,0,0,1298.02,13079.98,Bank Transfer,SAR
PAY-001946,EMP-0354,2025-05,27-05-2025,12400,3100,1200,0,0,0,16700,1511.25,1821.25,556.67,550,0,2617.92,14082.08,Bank Transfer,SAR
PAY-001947,EMP-0355,2025-05,27-05-2025,4700,1175,470,0,0,0,6345,0,117.5,0,750,0,750,5595,Bank Transfer,SAR
PAY-001948,EMP-0356,2025-05,27-05-2025,5700,1425,570,0,0,0,7695,694.69,837.19,0,0,0,694.69,7000.31,Bank Transfer,SAR
PAY-001949,EMP-0357,2025-05,27-05-2025,12700,3175,1200,0,25,1984.38,19059.38,0,317.5,0,0,0,0,19059.38,Bank Transfer,SAR
PAY-001950,EMP-0359,2025-05,27-05-2025,4550,1138,455,0,0,0,6143,554.58,668.34,0,0,0,554.58,5588.42,Bank Transfer,SAR
PAY-001951,EMP-0360,2025-05,27-05-2025,15300,3825,1200,0,19,1816.88,22141.88,0,382.5,0,0,0,0,22141.88,Bank Transfer,SAR
PAY-001952,EMP-0361,2025-05,27-05-2025,28350,7088,1200,0,0,0,36638,0,708.76,0,0,0,0,36638,Bank Transfer,SAR
PAY-001953,EMP-0362,2025-05,27-05-2025,7050,1763,705,0,0,0,9518,859.27,1035.53,0,0,0,859.27,8658.73,Bank Transfer,SAR
PAY-001954,EMP-0363,2025-05,27-05-2025,6900,1725,690,1600,0,0,10915,840.94,1013.44,310.5,650,0,1801.44,9113.56,Bank Transfer,SAR
PAY-001955,EMP-0364,2025-05,27-05-2025,6050,1513,605,0,20,756.25,8924.25,737.39,888.65,0,0,0,737.39,8186.86,Bank Transfer,SAR
PAY-001956,EMP-0366,2025-05,27-05-2025,12100,3025,1200,0,0,0,16325,1474.69,1777.19,0,0,0,1474.69,14850.31,Bank Transfer,SAR
PAY-001957,EMP-0368,2025-05,27-05-2025,26850,6713,1200,450,0,0,35213,0,671.26,0,0,0,0,35213,Bank Transfer,SAR
PAY-001958,EMP-0369,2025-05,27-05-2025,7050,1763,705,0,20.5,903.28,10421.28,859.27,1035.53,0,0,210,1069.27,9352.01,Bank Transfer,SAR
PAY-001959,EMP-0370,2025-05,27-05-2025,7150,1788,715,0,0,0,9653,871.46,1050.21,0,0,0,871.46,8781.54,WPS Transfer,SAR
PAY-001960,EMP-0372,2025-05,27-05-2025,7450,1863,745,0,0,0,10058,0,186.26,0,0,0,0,10058,Bank Transfer,SAR
PAY-001961,EMP-0373,2025-05,27-05-2025,26000,6500,1200,0,0,0,33700,3168.75,3818.75,0,0,0,3168.75,30531.25,Bank Transfer,SAR
PAY-001962,EMP-0374,2025-05,27-05-2025,8650,2163,865,0,15,810.94,12488.94,0,216.26,0,0,0,0,12488.94,Bank Transfer,SAR
PAY-001963,EMP-0375,2025-05,27-05-2025,9600,2400,960,0,0,0,12960,0,240,0,0,350,350,12610,Bank Transfer,SAR
PAY-001964,EMP-0376,2025-05,27-05-2025,26700,6675,1200,0,0,0,34575,0,667.5,0,0,0,0,34575,Bank Transfer,SAR
PAY-001965,EMP-0377,2025-05,27-05-2025,15650,3913,1200,1000,0,0,21763,0,391.26,0,800,0,800,20963,Bank Transfer,SAR
PAY-001966,EMP-0378,2025-05,27-05-2025,12300,3075,1200,0,13,999.38,17574.38,0,307.5,0,0,0,0,17574.38,Bank Transfer,SAR
PAY-001967,EMP-0379,2025-05,27-05-2025,16750,4188,1200,0,25,2617.19,24755.19,2041.46,2460.21,737.93,0,0,2779.39,21975.8,Bank Transfer,SAR
PAY-001968,EMP-0381,2025-05,27-05-2025,8300,2075,830,0,0,0,11205,1011.56,1219.06,373.5,0,0,1385.06,9819.94,Bank Transfer,SAR
PAY-001969,EMP-0382,2025-05,27-05-2025,12900,3225,1200,0,4,322.5,17647.5,1572.19,1894.69,577.5,0,0,2149.69,15497.81,Bank Transfer,SAR
PAY-001970,EMP-0383,2025-05,27-05-2025,8250,2063,825,0,0,0,11138,1005.52,1211.78,0,0,0,1005.52,10132.48,Bank Transfer,SAR
PAY-001971,EMP-0384,2025-05,27-05-2025,13550,3388,1200,0,2.5,211.72,18349.72,0,338.76,0,0,0,0,18349.72,Bank Transfer,SAR
PAY-001972,EMP-0385,2025-05,27-05-2025,6650,1663,665,0,8,332.5,9310.5,810.52,976.78,0,0,0,810.52,8499.98,Bank Transfer,SAR
PAY-001973,EMP-0387,2025-05,27-05-2025,7700,1925,770,0,0,0,10395,938.44,1130.94,0,2250,0,3188.44,7206.56,Bank Transfer,SAR
PAY-001974,EMP-0388,2025-05,27-05-2025,8300,2075,830,0,0,0,11205,1011.56,1219.06,0,0,0,1011.56,10193.44,Bank Transfer,SAR
PAY-001975,EMP-0389,2025-05,27-05-2025,8650,2163,865,0,18.5,1000.16,12678.16,0,216.26,389.27,1900,0,2289.27,10388.89,Bank Transfer,SAR
PAY-001976,EMP-0390,2025-05,27-05-2025,6250,1563,625,1700,0,0,10138,0,156.26,0,2400,0,2400,7738,Bank Transfer,SAR
PAY-001977,EMP-0391,2025-05,27-05-2025,11600,2900,1160,1650,11.5,833.75,18143.75,1413.75,1703.75,2088,2500,0,6001.75,12142,Bank Transfer,SAR
PAY-001978,EMP-0392,2025-05,27-05-2025,16550,4138,1200,0,21.5,2223.91,24111.91,2017.08,2430.84,0,0,0,2017.08,22094.83,Bank Transfer,SAR
PAY-001979,EMP-0393,2025-05,27-05-2025,8700,2175,870,0,24.5,1332.19,13077.19,0,217.5,0,650,160,810,12267.19,Bank Transfer,SAR
PAY-001980,EMP-0394,2025-05,27-05-2025,11350,2838,1135,1350,0,0,16673,0,283.76,0,0,0,0,16673,Bank Transfer,SAR
PAY-001981,EMP-0395,2025-05,27-05-2025,26050,6513,1200,200,0,0,33963,0,651.26,2250.87,0,0,2250.87,31712.13,Bank Transfer,SAR
PAY-001982,EMP-0398,2025-05,27-05-2025,12000,3000,1200,0,0,0,16200,1462.5,1762.5,0,0,0,1462.5,14737.5,WPS Transfer,SAR
PAY-001983,EMP-0399,2025-05,27-05-2025,5350,1338,535,0,19,635.31,7858.31,0,133.76,0,0,0,0,7858.31,Bank Transfer,SAR
PAY-001984,EMP-0400,2025-05,27-05-2025,5050,1263,505,0,25,789.06,7607.06,0,126.26,0,0,0,0,7607.06,Bank Transfer,SAR
PAY-001985,EMP-0402,2025-05,27-05-2025,13000,3250,1200,1200,0,0,18650,0,325,0,0,0,0,18650,Bank Transfer,SAR
PAY-001986,EMP-0403,2025-05,27-05-2025,8750,2188,875,0,0,0,11813,1066.46,1285.21,0,0,0,1066.46,10746.54,Bank Transfer,SAR
PAY-001987,EMP-0405,2025-05,27-05-2025,10950,2738,1095,0,5.5,376.41,15159.41,0,273.76,0,0,0,0,15159.41,Bank Transfer,SAR
PAY-001988,EMP-0406,2025-05,27-05-2025,12400,3100,1200,0,0,0,16700,1511.25,1821.25,0,0,0,1511.25,15188.75,Bank Transfer,SAR
PAY-001989,EMP-0407,2025-05,27-05-2025,6150,1538,615,0,0,0,8303,0,153.76,0,0,0,0,8303,Bank Transfer,SAR
PAY-001990,EMP-0409,2025-05,27-05-2025,5450,1363,545,0,0,0,7358,664.27,800.53,0,0,0,664.27,6693.73,Bank Transfer,SAR
PAY-001991,EMP-0410,2025-05,27-05-2025,6300,1575,630,300,3,118.13,8923.13,767.81,925.31,0,0,0,767.81,8155.32,Bank Transfer,SAR
PAY-001992,EMP-0411,2025-05,27-05-2025,9350,2338,935,0,0,0,12623,1139.58,1373.34,0,0,0,1139.58,11483.42,Bank Transfer,SAR
PAY-001993,EMP-0412,2025-05,27-05-2025,6400,1600,640,0,21,840,9480,0,160,0,0,0,0,9480,Bank Transfer,SAR
PAY-001994,EMP-0413,2025-05,27-05-2025,11500,2875,1150,1050,0,0,16575,1401.56,1689.06,0,0,0,1401.56,15173.44,Bank Transfer,SAR
PAY-001995,EMP-0414,2025-05,27-05-2025,6300,1575,630,0,0,0,8505,0,157.5,0,0,0,0,8505,Bank Transfer,SAR
PAY-001996,EMP-0415,2025-05,27-05-2025,5800,1450,580,0,0,0,7830,706.88,851.88,0,0,0,706.88,7123.12,Bank Transfer,SAR
PAY-001997,EMP-0416,2025-05,27-05-2025,4600,1150,460,0,23.5,675.63,6885.63,560.63,675.63,0,0,0,560.63,6325,Bank Transfer,SAR
PAY-001998,EMP-0417,2025-05,27-05-2025,5900,1475,590,0,0,0,7965,719.06,866.56,531,0,0,1250.06,6714.94,WPS Transfer,SAR
PAY-001999,EMP-0419,2025-05,27-05-2025,5850,1463,585,0,0,0,7898,713.02,859.28,526.53,850,0,2089.55,5808.45,Bank Transfer,SAR
PAY-002000,EMP-0420,2025-05,27-05-2025,4700,1175,470,0,17.5,514.06,6859.06,572.81,690.31,0,0,0,572.81,6286.25,Bank Transfer,SAR
PAY-002001,EMP-0421,2025-05,27-05-2025,12150,3038,1200,0,11,835.31,17223.31,1480.83,1784.59,546.27,0,0,2027.1,15196.21,Bank Transfer,SAR
PAY-002002,EMP-0422,2025-05,27-05-2025,9200,2300,920,0,19.5,1121.25,13541.25,1121.25,1351.25,0,0,0,1121.25,12420,Bank Transfer,SAR
PAY-002003,EMP-0423,2025-05,27-05-2025,10250,2563,1025,0,0,0,13838,1249.27,1505.53,0,0,120,1369.27,12468.73,Bank Transfer,SAR
PAY-002004,EMP-0424,2025-05,27-05-2025,17650,4413,1200,500,0,0,23763,2151.14,2592.4,0,0,0,2151.14,21611.86,Bank Transfer,SAR
PAY-002005,EMP-0425,2025-05,27-05-2025,5950,1488,595,1200,9.5,353.28,9586.28,0,148.76,0,0,420,420,9166.28,Bank Transfer,SAR
PAY-002006,EMP-0426,2025-05,27-05-2025,29150,7288,1200,0,0,0,37638,0,728.76,0,1700,0,1700,35938,Bank Transfer,SAR
PAY-002007,EMP-0427,2025-05,27-05-2025,7750,1938,775,0,3,145.31,10608.31,0,193.76,348.77,0,0,348.77,10259.54,Bank Transfer,SAR
PAY-002008,EMP-0428,2025-05,27-05-2025,10850,2713,1085,950,0,0,15598,0,271.26,976.53,0,0,976.53,14621.47,Bank Transfer,SAR
PAY-002009,EMP-0429,2025-05,27-05-2025,8300,2075,830,0,0,0,11205,0,207.5,0,0,0,0,11205,Bank Transfer,SAR
PAY-002010,EMP-0430,2025-05,27-05-2025,6400,1600,640,0,13.5,540,9180,0,160,0,2050,0,2050,7130,Bank Transfer,SAR
PAY-002011,EMP-0431,2025-05,27-05-2025,8450,2113,845,0,11,580.94,11988.94,0,211.26,0,0,0,0,11988.94,Bank Transfer,SAR
PAY-002012,EMP-0432,2025-05,27-05-2025,8650,2163,865,0,0,0,11678,1054.27,1270.53,0,0,0,1054.27,10623.73,Bank Transfer,SAR
PAY-002013,EMP-0433,2025-05,27-05-2025,16100,4025,1200,0,0,0,21325,0,402.5,710.83,0,0,710.83,20614.17,Bank Transfer,SAR
PAY-002014,EMP-0434,2025-05,27-05-2025,12250,3063,1200,0,0,0,16513,0,306.26,0,300,480,780,15733,Bank Transfer,SAR
PAY-002015,EMP-0435,2025-05,27-05-2025,8750,2188,875,0,0,0,11813,1066.46,1285.21,0,0,0,1066.46,10746.54,Bank Transfer,SAR
PAY-002016,EMP-0436,2025-05,27-05-2025,7450,1863,745,0,0,0,10058,0,186.26,0,2100,0,2100,7958,Bank Transfer,SAR
PAY-002017,EMP-0438,2025-05,27-05-2025,8900,2225,890,1850,0,0,13865,0,222.5,0,0,0,0,13865,Bank Transfer,SAR
PAY-002018,EMP-0439,2025-05,27-05-2025,6250,1563,625,0,0,0,8438,0,156.26,0,0,0,0,8438,Bank Transfer,SAR
PAY-002019,EMP-0440,2025-05,27-05-2025,6800,1700,680,0,0,0,9180,0,170,0,0,0,0,9180,Bank Transfer,SAR
PAY-002020,EMP-0441,2025-05,27-05-2025,16850,4213,1200,0,0,0,22263,2053.64,2474.9,0,750,0,2803.64,19459.36,Bank Transfer,SAR
PAY-002021,EMP-0442,2025-05,27-05-2025,7800,1950,780,0,0,0,10530,950.63,1145.63,0,0,0,950.63,9579.37,Bank Transfer,SAR
PAY-002022,EMP-0443,2025-05,27-05-2025,9850,2463,985,2150,0,0,15448,0,246.26,0,0,0,0,15448,Bank Transfer,SAR
PAY-002023,EMP-0444,2025-05,27-05-2025,8500,2125,850,0,17.5,929.69,12404.69,1035.94,1248.44,0,0,0,1035.94,11368.75,WPS Transfer,SAR
PAY-002024,EMP-0445,2025-05,27-05-2025,10900,2725,1090,1950,4,272.5,16937.5,0,272.5,0,0,0,0,16937.5,Bank Transfer,SAR
PAY-002025,EMP-0446,2025-05,27-05-2025,11600,2900,1160,1800,0,0,17460,1413.75,1703.75,0,0,0,1413.75,16046.25,Bank Transfer,SAR
PAY-002026,EMP-0448,2025-05,27-05-2025,12400,3100,1200,0,3.5,271.25,16971.25,1511.25,1821.25,0,0,0,1511.25,15460,Bank Transfer,SAR
PAY-002027,EMP-0449,2025-05,27-05-2025,6350,1588,635,0,0,0,8573,773.96,932.71,0,0,0,773.96,7799.04,Bank Transfer,SAR
PAY-002028,EMP-0450,2025-05,27-05-2025,6050,1513,605,0,0,0,8168,0,151.26,0,0,560,560,7608,Cheque,SAR
PAY-002029,EMP-0451,2025-05,27-05-2025,26850,6713,1200,1000,0,0,35763,0,671.26,0,800,0,800,34963,Bank Transfer,SAR
PAY-002030,EMP-0452,2025-05,27-05-2025,6500,1625,650,300,0,0,9075,792.19,954.69,0,0,210,1002.19,8072.81,Bank Transfer,SAR
PAY-002031,EMP-0453,2025-05,27-05-2025,6300,1575,630,0,15.5,610.31,9115.31,767.81,925.31,0,0,0,767.81,8347.5,WPS Transfer,SAR
PAY-002032,EMP-0454,2025-05,27-05-2025,5300,1325,530,1750,0,0,8905,645.94,778.44,0,1350,0,1995.94,6909.06,Bank Transfer,SAR
PAY-002033,EMP-0455,2025-05,27-05-2025,4800,1200,480,0,17,510,6990,0,120,0,0,260,260,6730,Bank Transfer,SAR
PAY-002034,EMP-0457,2025-05,27-05-2025,5050,1263,505,0,0,0,6818,615.52,741.78,0,0,0,615.52,6202.48,Bank Transfer,SAR
PAY-002035,EMP-0458,2025-05,27-05-2025,6100,1525,610,0,24.5,934.06,9169.06,743.44,895.94,0,0,0,743.44,8425.62,Bank Transfer,SAR
PAY-002036,EMP-0459,2025-05,27-05-2025,6400,1600,640,0,0,0,8640,780,940,0,0,0,780,7860,Bank Transfer,SAR
PAY-002037,EMP-0460,2025-05,27-05-2025,10050,2513,1005,1300,0,0,14868,0,251.26,0,850,0,850,14018,Bank Transfer,SAR
PAY-002038,EMP-0461,2025-05,27-05-2025,4900,1225,490,0,0,0,6615,597.19,719.69,0,0,0,597.19,6017.81,Bank Transfer,SAR
PAY-002039,EMP-0462,2025-05,27-05-2025,5400,1350,540,0,23,776.25,8066.25,0,135,0,0,480,480,7586.25,Bank Transfer,SAR
PAY-002040,EMP-0463,2025-05,27-05-2025,5850,1463,585,0,21,767.81,8665.81,0,146.26,0,0,0,0,8665.81,Bank Transfer,SAR
PAY-002041,EMP-0464,2025-05,27-05-2025,5800,1450,580,0,14,507.5,8337.5,706.88,851.88,0,0,0,706.88,7630.62,Bank Transfer,SAR
PAY-002042,EMP-0465,2025-05,27-05-2025,11200,2800,1120,0,16.5,1155,16275,0,280,504,0,0,504,15771,Bank Transfer,SAR
PAY-002043,EMP-0466,2025-05,27-05-2025,11900,2975,1190,900,21,1561.88,18526.88,0,297.5,0,0,0,0,18526.88,Bank Transfer,SAR
PAY-002044,EMP-0467,2025-05,27-05-2025,4650,1163,465,1200,0,0,7478,566.77,683.03,0,0,0,566.77,6911.23,Bank Transfer,SAR
PAY-002045,EMP-0468,2025-05,27-05-2025,11850,2963,1185,0,7,518.44,16516.44,0,296.26,0,0,0,0,16516.44,Bank Transfer,SAR
PAY-002046,EMP-0469,2025-05,27-05-2025,4600,1150,460,0,8.5,244.38,6454.38,0,115,0,0,0,0,6454.38,Bank Transfer,SAR
PAY-002047,EMP-0470,2025-05,27-05-2025,4600,1150,460,0,0,0,6210,0,115,0,0,0,0,6210,Bank Transfer,SAR
PAY-002048,EMP-0471,2025-05,27-05-2025,25000,6250,1200,600,0,0,33050,3046.88,3671.88,0,0,0,3046.88,30003.12,Bank Transfer,SAR
PAY-002049,EMP-0472,2025-05,27-05-2025,8600,2150,860,0,0,0,11610,1048.13,1263.13,0,0,0,1048.13,10561.87,Bank Transfer,SAR
PAY-002050,EMP-0473,2025-05,27-05-2025,8150,2038,815,0,0,0,11003,993.33,1197.09,0,0,0,993.33,10009.67,Bank Transfer,SAR
PAY-002051,EMP-0474,2025-05,27-05-2025,7700,1925,770,0,0,0,10395,938.44,1130.94,0,0,0,938.44,9456.56,Bank Transfer,SAR
PAY-002052,EMP-0475,2025-05,27-05-2025,12800,3200,1200,0,0,0,17200,0,320,0,0,0,0,17200,Bank Transfer,SAR
PAY-002053,EMP-0476,2025-05,27-05-2025,14600,3650,1200,1700,0,0,21150,0,365,0,0,0,0,21150,Bank Transfer,SAR
PAY-002054,EMP-0478,2025-05,27-05-2025,7500,1875,750,0,0,0,10125,914.06,1101.56,0,0,0,914.06,9210.94,Bank Transfer,SAR
PAY-002055,EMP-0480,2025-05,27-05-2025,14150,3538,1200,0,0,0,18888,0,353.76,1259.2,0,0,1259.2,17628.8,Bank Transfer,SAR
PAY-002056,EMP-0481,2025-05,27-05-2025,15500,3875,1200,0,19.5,1889.06,22464.06,0,387.5,0,0,0,0,22464.06,Bank Transfer,SAR
PAY-002057,EMP-0482,2025-05,27-05-2025,8400,2100,840,0,0,0,11340,0,210,0,0,0,0,11340,Bank Transfer,SAR
PAY-002058,EMP-0483,2025-05,27-05-2025,8800,2200,880,0,0,0,11880,1072.5,1292.5,0,0,0,1072.5,10807.5,Bank Transfer,SAR
PAY-002059,EMP-0484,2025-05,27-05-2025,10600,2650,1060,0,0,0,14310,1291.88,1556.88,0,0,0,1291.88,13018.12,Bank Transfer,SAR
PAY-002060,EMP-0485,2025-05,27-05-2025,10100,2525,1010,1100,0,0,14735,0,252.5,909,0,0,909,13826,Bank Transfer,SAR
PAY-002061,EMP-0487,2025-05,27-05-2025,10850,2713,1085,0,24,1627.5,16275.5,1322.39,1593.65,0,0,0,1322.39,14953.11,Bank Transfer,SAR
PAY-002062,EMP-0488,2025-05,27-05-2025,10850,2713,1085,2450,0,0,17098,0,271.26,0,0,0,0,17098,Bank Transfer,SAR
PAY-002063,EMP-0489,2025-05,27-05-2025,11700,2925,1170,0,8.5,621.56,16416.56,0,292.5,1053,1850,0,2903,13513.56,Bank Transfer,SAR
PAY-002064,EMP-0490,2025-05,27-05-2025,6250,1563,625,0,0,0,8438,0,156.26,0,0,0,0,8438,Bank Transfer,SAR
PAY-002065,EMP-0491,2025-05,27-05-2025,37150,9288,1200,2450,0,0,50088,4527.71,5456.46,0,0,0,4527.71,45560.29,Bank Transfer,SAR
PAY-002066,EMP-0492,2025-05,27-05-2025,21700,5425,1200,700,0,0,29025,2644.69,3187.19,0,0,0,2644.69,26380.31,Bank Transfer,SAR
PAY-002067,EMP-0493,2025-05,27-05-2025,6300,1575,630,1250,0,0,9755,0,157.5,0,0,0,0,9755,Bank Transfer,SAR
PAY-002068,EMP-0494,2025-05,27-05-2025,6500,1625,650,0,0,0,8775,792.19,954.69,0,0,0,792.19,7982.81,Bank Transfer,SAR
PAY-002069,EMP-0495,2025-05,27-05-2025,16800,4200,1200,0,0,0,22200,0,420,0,0,0,0,22200,Bank Transfer,SAR
PAY-002070,EMP-0497,2025-05,27-05-2025,8700,2175,870,0,0,0,11745,1060.31,1277.81,0,1500,0,2560.31,9184.69,Bank Transfer,SAR
PAY-002071,EMP-0498,2025-05,27-05-2025,12050,3013,1200,0,0,0,16263,0,301.26,542.1,0,0,542.1,15720.9,Bank Transfer,SAR
PAY-002072,EMP-0499,2025-05,27-05-2025,14750,3688,1200,0,0,0,19638,1797.71,2166.46,0,0,0,1797.71,17840.29,Bank Transfer,SAR
PAY-002073,EMP-0500,2025-05,27-05-2025,22250,5563,1200,500,0,0,29513,0,556.26,0,0,0,0,29513,Bank Transfer,SAR
PAY-002074,EMP-0001,2025-06,27-06-2025,35400,8850,1200,1250,0,0,46700,4314.38,5199.38,0,0,0,4314.38,42385.62,Bank Transfer,SAR
PAY-002075,EMP-0003,2025-06,27-06-2025,8700,2175,870,0,0,0,11745,0,217.5,0,1700,0,1700,10045,Bank Transfer,SAR
PAY-002076,EMP-0005,2025-06,27-06-2025,3450,863,345,0,0,0,4658,0,86.26,0,0,0,0,4658,Bank Transfer,SAR
PAY-002077,EMP-0006,2025-06,27-06-2025,3200,800,320,0,0,0,4320,390,470,0,0,0,390,3930,Bank Transfer,SAR
PAY-002078,EMP-0007,2025-06,27-06-2025,8450,2113,845,0,2.5,132.03,11540.03,0,211.26,0,0,0,0,11540.03,Bank Transfer,SAR
PAY-002079,EMP-0008,2025-06,27-06-2025,4650,1163,465,0,0,0,6278,566.77,683.03,0,0,0,566.77,5711.23,Bank Transfer,SAR
PAY-002080,EMP-0009,2025-06,27-06-2025,3800,950,380,0,6,142.5,5272.5,463.13,558.13,0,400,0,863.13,4409.37,Bank Transfer,SAR
PAY-002081,EMP-0010,2025-06,27-06-2025,29350,7338,1200,0,0,0,37888,3577.08,4310.84,0,0,0,3577.08,34310.92,Bank Transfer,SAR
PAY-002082,EMP-0014,2025-06,27-06-2025,9500,2375,950,450,0,0,13275,1157.81,1395.31,0,0,0,1157.81,12117.19,Bank Transfer,SAR
PAY-002083,EMP-0015,2025-06,27-06-2025,8000,2000,800,0,10,500,11300,975,1175,0,0,0,975,10325,Bank Transfer,SAR
PAY-002084,EMP-0016,2025-06,27-06-2025,8850,2213,885,0,0,0,11948,0,221.26,0,0,0,0,11948,Bank Transfer,SAR
PAY-002085,EMP-0017,2025-06,27-06-2025,6600,1650,660,0,0,0,8910,0,165,0,0,0,0,8910,WPS Transfer,SAR
PAY-002086,EMP-0018,2025-06,27-06-2025,3350,838,335,0,14,293.13,4816.13,408.33,492.09,0,0,0,408.33,4407.8,Bank Transfer,SAR
PAY-002087,EMP-0019,2025-06,27-06-2025,4700,1175,470,700,0,0,7045,572.81,690.31,0,0,0,572.81,6472.19,Bank Transfer,SAR
PAY-002088,EMP-0020,2025-06,27-06-2025,11450,2863,1145,0,24.5,1753.28,17211.28,0,286.26,0,0,0,0,17211.28,Bank Transfer,SAR
PAY-002089,EMP-0021,2025-06,27-06-2025,8800,2200,880,0,0,0,11880,1072.5,1292.5,0,0,0,1072.5,10807.5,Bank Transfer,SAR
PAY-002090,EMP-0022,2025-06,27-06-2025,11500,2875,1150,600,18.5,1329.69,17454.69,1401.56,1689.06,0,0,0,1401.56,16053.13,Bank Transfer,SAR
PAY-002091,EMP-0023,2025-06,27-06-2025,3400,850,340,0,0,0,4590,0,85,0,0,0,0,4590,Bank Transfer,SAR
PAY-002092,EMP-0024,2025-06,27-06-2025,23700,5925,1200,0,0,0,30825,2888.44,3480.94,0,0,0,2888.44,27936.56,Bank Transfer,SAR
PAY-002093,EMP-0025,2025-06,27-06-2025,6000,1500,600,0,10,375,8475,0,150,0,0,0,0,8475,Bank Transfer,SAR
PAY-002094,EMP-0026,2025-06,27-06-2025,3300,825,330,0,0,0,4455,402.19,484.69,0,0,0,402.19,4052.81,Bank Transfer,SAR
PAY-002095,EMP-0027,2025-06,27-06-2025,3350,838,335,2400,0,0,6923,0,83.76,0,0,0,0,6923,Bank Transfer,SAR
PAY-002096,EMP-0028,2025-06,27-06-2025,9000,2250,900,0,0,0,12150,0,225,0,1850,0,1850,10300,Bank Transfer,SAR
PAY-002097,EMP-0029,2025-06,27-06-2025,3550,888,355,0,21.5,477.03,5270.03,432.71,521.46,0,0,0,432.71,4837.32,Bank Transfer,SAR
PAY-002098,EMP-0030,2025-06,27-06-2025,4550,1138,455,0,0,0,6143,554.58,668.34,0,350,0,904.58,5238.42,Bank Transfer,SAR
PAY-002099,EMP-0031,2025-06,27-06-2025,3800,950,380,0,0,0,5130,463.13,558.13,342,0,0,805.13,4324.87,Bank Transfer,SAR
PAY-002100,EMP-0032,2025-06,27-06-2025,12650,3163,1200,0,20,1581.25,18594.25,0,316.26,0,0,0,0,18594.25,Cheque,SAR
PAY-002101,EMP-0034,2025-06,27-06-2025,11650,2913,1165,0,17,1237.81,16965.81,0,291.26,0,0,0,0,16965.81,Bank Transfer,SAR
PAY-002102,EMP-0035,2025-06,27-06-2025,7300,1825,730,0,19,866.88,10721.88,0,182.5,0,0,0,0,10721.88,Bank Transfer,SAR
PAY-002103,EMP-0036,2025-06,27-06-2025,6950,1738,695,0,0,0,9383,847.08,1020.84,0,550,0,1397.08,7985.92,Bank Transfer,SAR
PAY-002104,EMP-0037,2025-06,27-06-2025,3550,888,355,0,0,0,4793,0,88.76,0,0,0,0,4793,Bank Transfer,SAR
PAY-002105,EMP-0038,2025-06,27-06-2025,4400,1100,440,0,0,0,5940,0,110,0,1650,0,1650,4290,Bank Transfer,SAR
PAY-002106,EMP-0039,2025-06,27-06-2025,7100,1775,710,0,7,310.63,9895.63,865.31,1042.81,0,0,0,865.31,9030.32,Bank Transfer,SAR
PAY-002107,EMP-0040,2025-06,27-06-2025,30000,7500,1200,0,0,0,38700,0,750,0,0,0,0,38700,Bank Transfer,SAR
PAY-002108,EMP-0041,2025-06,27-06-2025,9050,2263,905,0,21,1187.81,13405.81,1103.02,1329.28,0,0,0,1103.02,12302.79,Bank Transfer,SAR
PAY-002109,EMP-0042,2025-06,27-06-2025,4550,1138,455,0,22,625.63,6768.63,0,113.76,0,0,0,0,6768.63,Bank Transfer,SAR
PAY-002110,EMP-0043,2025-06,27-06-2025,4450,1113,445,0,20,556.25,6564.25,0,111.26,0,0,0,0,6564.25,Bank Transfer,SAR
PAY-002111,EMP-0044,2025-06,27-06-2025,7600,1900,760,0,0,0,10260,0,190,0,0,0,0,10260,Bank Transfer,SAR
PAY-002112,EMP-0045,2025-06,27-06-2025,6100,1525,610,0,22,838.75,9073.75,0,152.5,0,0,0,0,9073.75,WPS Transfer,SAR
PAY-002113,EMP-0046,2025-06,27-06-2025,3450,863,345,0,25.5,549.84,5207.84,0,86.26,0,0,0,0,5207.84,Bank Transfer,SAR
PAY-002114,EMP-0047,2025-06,27-06-2025,8350,2088,835,0,8,417.5,11690.5,1017.71,1226.46,0,0,0,1017.71,10672.79,Bank Transfer,SAR
PAY-002115,EMP-0048,2025-06,27-06-2025,21750,5438,1200,0,0,0,28388,2650.83,3194.59,0,0,0,2650.83,25737.17,Bank Transfer,SAR
PAY-002116,EMP-0049,2025-06,27-06-2025,4100,1025,410,1650,0,0,7185,499.69,602.19,0,0,0,499.69,6685.31,Bank Transfer,SAR
PAY-002117,EMP-0050,2025-06,27-06-2025,3250,813,325,1050,18,365.63,5803.63,0,81.26,0,0,0,0,5803.63,Bank Transfer,SAR
PAY-002118,EMP-0051,2025-06,27-06-2025,7700,1925,770,0,25,1203.13,11598.13,0,192.5,0,0,270,270,11328.13,Bank Transfer,SAR
PAY-002119,EMP-0052,2025-06,27-06-2025,4700,1175,470,0,6,176.25,6521.25,572.81,690.31,0,2200,0,2772.81,3748.44,Bank Transfer,SAR
PAY-002120,EMP-0053,2025-06,27-06-2025,4100,1025,410,0,4,102.5,5637.5,499.69,602.19,0,0,0,499.69,5137.81,Bank Transfer,SAR
PAY-002121,EMP-0055,2025-06,27-06-2025,4250,1063,425,1400,0,0,7138,0,106.26,0,0,0,0,7138,Bank Transfer,SAR
PAY-002122,EMP-0056,2025-06,27-06-2025,4650,1163,465,0,17.5,508.59,6786.59,566.77,683.03,0,0,0,566.77,6219.82,Bank Transfer,SAR
PAY-002123,EMP-0057,2025-06,27-06-2025,4550,1138,455,1700,0,0,7843,554.58,668.34,0,0,0,554.58,7288.42,Bank Transfer,SAR
PAY-002124,EMP-0058,2025-06,27-06-2025,3850,963,385,0,0,0,5198,0,96.26,0,800,0,800,4398,Bank Transfer,SAR
PAY-002125,EMP-0059,2025-06,27-06-2025,9300,2325,930,0,19.5,1133.44,13688.44,0,232.5,0,0,0,0,13688.44,Bank Transfer,SAR
PAY-002126,EMP-0060,2025-06,27-06-2025,4500,1125,450,0,0,0,6075,548.44,660.94,0,0,440,988.44,5086.56,Bank Transfer,SAR
PAY-002127,EMP-0061,2025-06,27-06-2025,4000,1000,400,0,14.5,362.5,5762.5,487.5,587.5,360,0,0,847.5,4915,Bank Transfer,SAR
PAY-002128,EMP-0062,2025-06,27-06-2025,4050,1013,405,0,20,506.25,5974.25,0,101.26,0,0,0,0,5974.25,Bank Transfer,SAR
PAY-002129,EMP-0064,2025-06,27-06-2025,4600,1150,460,0,0,0,6210,0,115,0,0,0,0,6210,Bank Transfer,SAR
PAY-002130,EMP-0065,2025-06,27-06-2025,28650,7163,1200,0,0,0,37013,0,716.26,0,0,0,0,37013,Bank Transfer,SAR
PAY-002131,EMP-0066,2025-06,27-06-2025,3950,988,395,0,0,0,5333,0,98.76,0,0,0,0,5333,Bank Transfer,SAR
PAY-002132,EMP-0067,2025-06,27-06-2025,3450,863,345,500,12,258.75,5416.75,420.52,506.78,155.27,0,530,1105.79,4310.96,Bank Transfer,SAR
PAY-002133,EMP-0068,2025-06,27-06-2025,3750,938,375,2200,13.5,316.41,7579.41,0,93.76,0,2350,0,2350,5229.41,Bank Transfer,SAR
PAY-002134,EMP-0069,2025-06,27-06-2025,25850,6463,1200,0,0,0,33513,0,646.26,0,0,0,0,33513,Bank Transfer,SAR
PAY-002135,EMP-0070,2025-06,27-06-2025,3700,925,370,1000,0,0,5995,0,92.5,0,800,0,800,5195,Bank Transfer,SAR
PAY-002136,EMP-0071,2025-06,27-06-2025,7100,1775,710,1550,14.5,643.44,11778.44,0,177.5,0,1800,0,1800,9978.44,Bank Transfer,SAR
PAY-002137,EMP-0072,2025-06,27-06-2025,4450,1113,445,1500,9,250.31,7758.31,0,111.26,0,850,0,850,6908.31,Bank Transfer,SAR
PAY-002138,EMP-0073,2025-06,27-06-2025,27600,6900,1200,0,0,0,35700,3363.75,4053.75,0,0,270,3633.75,32066.25,Bank Transfer,SAR
PAY-002139,EMP-0074,2025-06,27-06-2025,3300,825,330,1800,0,0,6255,402.19,484.69,0,0,0,402.19,5852.81,Bank Transfer,SAR
PAY-002140,EMP-0077,2025-06,27-06-2025,4600,1150,460,0,16,460,6670,0,115,0,0,0,0,6670,Bank Transfer,SAR
PAY-002141,EMP-0079,2025-06,27-06-2025,6450,1613,645,0,4.5,181.41,8889.41,786.14,947.4,0,0,0,786.14,8103.27,Bank Transfer,SAR
PAY-002142,EMP-0080,2025-06,27-06-2025,3200,800,320,0,5,100,4420,0,80,0,0,0,0,4420,Bank Transfer,SAR
PAY-002143,EMP-0081,2025-06,27-06-2025,8250,2063,825,0,0,0,11138,0,206.26,0,0,0,0,11138,Bank Transfer,SAR
PAY-002144,EMP-0082,2025-06,27-06-2025,4000,1000,400,0,0,0,5400,0,100,0,0,0,0,5400,Bank Transfer,SAR
PAY-002145,EMP-0083,2025-06,27-06-2025,10200,2550,1020,0,22.5,1434.38,15204.38,0,255,0,2350,0,2350,12854.38,Bank Transfer,SAR
PAY-002146,EMP-0084,2025-06,27-06-2025,12750,3188,1200,0,0,0,17138,0,318.76,0,0,0,0,17138,Bank Transfer,SAR
PAY-002147,EMP-0085,2025-06,27-06-2025,6100,1525,610,0,11,419.38,8654.38,0,152.5,0,350,0,350,8304.38,Bank Transfer,SAR
PAY-002148,EMP-0086,2025-06,27-06-2025,3550,888,355,0,0,0,4793,0,88.76,639.07,0,0,639.07,4153.93,Bank Transfer,SAR
PAY-002149,EMP-0087,2025-06,27-06-2025,25550,6388,1200,0,0,0,33138,3113.96,3752.71,0,0,0,3113.96,30024.04,Bank Transfer,SAR
PAY-002150,EMP-0088,2025-06,27-06-2025,23950,5988,1200,0,0,0,31138,2918.96,3517.71,0,0,0,2918.96,28219.04,Bank Transfer,SAR
PAY-002151,EMP-0089,2025-06,27-06-2025,20900,5225,1200,0,0,0,27325,0,522.5,0,0,0,0,27325,Bank Transfer,SAR
PAY-002152,EMP-0092,2025-06,27-06-2025,4550,1138,455,0,0,0,6143,554.58,668.34,0,0,0,554.58,5588.42,Bank Transfer,SAR
PAY-002153,EMP-0093,2025-06,27-06-2025,4900,1225,490,2350,0,0,8965,0,122.5,0,0,360,360,8605,Bank Transfer,SAR
PAY-002154,EMP-0095,2025-06,27-06-2025,18600,4650,1200,0,7.5,871.88,25321.88,0,465,0,0,0,0,25321.88,Bank Transfer,SAR
PAY-002155,EMP-0097,2025-06,27-06-2025,5050,1263,505,0,0,0,6818,0,126.26,0,0,0,0,6818,Bank Transfer,SAR
PAY-002156,EMP-0098,2025-06,27-06-2025,6350,1588,635,0,17,674.69,9247.69,0,158.76,0,0,0,0,9247.69,Bank Transfer,SAR
PAY-002157,EMP-0099,2025-06,27-06-2025,11850,2963,1185,0,23.5,1740.47,17738.47,1444.27,1740.53,0,0,0,1444.27,16294.2,Bank Transfer,SAR
PAY-002158,EMP-0100,2025-06,27-06-2025,12900,3225,1200,0,24.5,1975.31,19300.31,0,322.5,0,0,0,0,19300.31,Bank Transfer,SAR
PAY-002159,EMP-0102,2025-06,27-06-2025,4650,1163,465,0,6.5,188.91,6466.91,566.77,683.03,0,0,0,566.77,5900.14,Bank Transfer,SAR
PAY-002160,EMP-0103,2025-06,27-06-2025,5350,1338,535,0,24,802.5,8025.5,0,133.76,0,0,0,0,8025.5,Bank Transfer,SAR
PAY-002161,EMP-0104,2025-06,27-06-2025,6350,1588,635,0,24,952.5,9525.5,773.96,932.71,0,0,0,773.96,8751.54,Bank Transfer,SAR
PAY-002162,EMP-0105,2025-06,27-06-2025,21650,5413,1200,0,0,0,28263,2638.64,3179.9,0,0,0,2638.64,25624.36,Bank Transfer,SAR
PAY-002163,EMP-0106,2025-06,27-06-2025,24950,6238,1200,0,0,0,32388,3040.83,3664.59,0,0,0,3040.83,29347.17,Bank Transfer,SAR
PAY-002164,EMP-0107,2025-06,27-06-2025,26350,6588,1200,0,0,0,34138,3211.46,3870.21,2275.87,0,0,5487.33,28650.67,WPS Transfer,SAR
PAY-002165,EMP-0108,2025-06,27-06-2025,6050,1513,605,0,0,0,8168,0,151.26,0,0,0,0,8168,Bank Transfer,SAR
PAY-002166,EMP-0112,2025-06,27-06-2025,17550,4388,1200,2400,8,877.5,26415.5,0,438.76,0,0,0,0,26415.5,Bank Transfer,SAR
PAY-002167,EMP-0113,2025-06,27-06-2025,12550,3138,1200,2000,0,0,18888,1529.58,1843.34,0,0,0,1529.58,17358.42,Bank Transfer,SAR
PAY-002168,EMP-0114,2025-06,27-06-2025,11300,2825,1130,0,11.5,812.19,16067.19,0,282.5,0,0,0,0,16067.19,Bank Transfer,SAR
PAY-002169,EMP-0116,2025-06,27-06-2025,4550,1138,455,0,5.5,156.41,6299.41,0,113.76,0,0,0,0,6299.41,WPS Transfer,SAR
PAY-002170,EMP-0117,2025-06,27-06-2025,22450,5613,1200,0,0,0,29263,2736.14,3297.4,0,0,0,2736.14,26526.86,Bank Transfer,SAR
PAY-002171,EMP-0118,2025-06,27-06-2025,18200,4550,1200,0,0,0,23950,2218.13,2673.13,0,0,0,2218.13,21731.87,Bank Transfer,SAR
PAY-002172,EMP-0119,2025-06,27-06-2025,5300,1325,530,0,7,231.88,7386.88,0,132.5,0,0,0,0,7386.88,Bank Transfer,SAR
PAY-002173,EMP-0120,2025-06,27-06-2025,12250,3063,1200,0,4.5,344.53,16857.53,1493.02,1799.28,0,0,0,1493.02,15364.51,WPS Transfer,SAR
PAY-002174,EMP-0121,2025-06,27-06-2025,4700,1175,470,0,0,0,6345,0,117.5,0,0,0,0,6345,Cheque,SAR
PAY-002175,EMP-0122,2025-06,27-06-2025,5250,1313,525,0,15.5,508.59,7596.59,0,131.26,0,0,0,0,7596.59,Bank Transfer,SAR
PAY-002176,EMP-0123,2025-06,27-06-2025,5450,1363,545,2250,0,0,9608,664.27,800.53,0,0,0,664.27,8943.73,Bank Transfer,SAR
PAY-002177,EMP-0124,2025-06,27-06-2025,28200,7050,1200,0,0,0,36450,3436.88,4141.88,2430,0,0,5866.88,30583.12,Bank Transfer,SAR
PAY-002178,EMP-0126,2025-06,27-06-2025,6100,1525,610,1550,6.5,247.81,10032.81,0,152.5,549,0,0,549,9483.81,Bank Transfer,SAR
PAY-002179,EMP-0127,2025-06,27-06-2025,9350,2338,935,1950,22,1285.63,15858.63,0,233.76,0,0,0,0,15858.63,Bank Transfer,SAR
PAY-002180,EMP-0129,2025-06,27-06-2025,4850,1213,485,0,0,0,6548,591.14,712.4,0,0,0,591.14,5956.86,Bank Transfer,SAR
PAY-002181,EMP-0130,2025-06,27-06-2025,6350,1588,635,0,0,0,8573,0,158.76,0,0,0,0,8573,Bank Transfer,SAR
PAY-002182,EMP-0131,2025-06,27-06-2025,20750,5188,1200,0,0,0,27138,0,518.76,0,0,370,370,26768,Bank Transfer,SAR
PAY-002183,EMP-0132,2025-06,27-06-2025,5400,1350,540,1200,0,0,8490,658.13,793.13,0,0,0,658.13,7831.87,WPS Transfer,SAR
PAY-002184,EMP-0133,2025-06,27-06-2025,11850,2963,1185,1750,0,0,17748,0,296.26,0,0,0,0,17748,Bank Transfer,SAR
PAY-002185,EMP-0134,2025-06,27-06-2025,4750,1188,475,1600,0,0,8013,0,118.76,0,2350,0,2350,5663,Bank Transfer,SAR
PAY-002186,EMP-0135,2025-06,27-06-2025,5700,1425,570,0,0,0,7695,0,142.5,0,1350,0,1350,6345,Bank Transfer,SAR
PAY-002187,EMP-0136,2025-06,27-06-2025,4850,1213,485,0,18.5,560.78,7108.78,0,121.26,436.53,0,0,436.53,6672.25,Bank Transfer,SAR
PAY-002188,EMP-0137,2025-06,27-06-2025,20100,5025,1200,0,0,0,26325,0,502.5,0,0,0,0,26325,Bank Transfer,SAR
PAY-002189,EMP-0138,2025-06,27-06-2025,17050,4263,1200,2050,0,0,24563,0,426.26,0,0,0,0,24563,Bank Transfer,SAR
PAY-002190,EMP-0140,2025-06,27-06-2025,10050,2513,1005,2350,25,1570.31,17488.31,0,251.26,0,0,0,0,17488.31,Bank Transfer,SAR
PAY-002191,EMP-0141,2025-06,27-06-2025,6000,1500,600,0,0,0,8100,731.25,881.25,0,0,0,731.25,7368.75,Bank Transfer,SAR
PAY-002192,EMP-0142,2025-06,27-06-2025,4900,1225,490,0,7,214.38,6829.38,597.19,719.69,0,0,0,597.19,6232.19,Bank Transfer,SAR
PAY-002193,EMP-0145,2025-06,27-06-2025,5000,1250,500,0,14,437.5,7187.5,0,125,0,0,0,0,7187.5,Bank Transfer,SAR
PAY-002194,EMP-0146,2025-06,27-06-2025,17050,4263,1200,0,0,0,22513,2078.02,2504.28,0,1750,0,3828.02,18684.98,Bank Transfer,SAR
PAY-002195,EMP-0148,2025-06,27-06-2025,20350,5088,1200,0,0,0,26638,0,508.76,0,0,0,0,26638,Bank Transfer,SAR
PAY-002196,EMP-0149,2025-06,27-06-2025,20200,5050,1200,0,7.5,946.88,27396.88,2461.88,2966.88,0,0,0,2461.88,24935,Bank Transfer,SAR
PAY-002197,EMP-0150,2025-06,27-06-2025,17050,4263,1200,0,22.5,2397.66,24910.66,2078.02,2504.28,0,0,0,2078.02,22832.64,Bank Transfer,SAR
PAY-002198,EMP-0151,2025-06,27-06-2025,16150,4038,1200,0,0,0,21388,1968.33,2372.09,0,0,0,1968.33,19419.67,Bank Transfer,SAR
PAY-002199,EMP-0152,2025-06,27-06-2025,21350,5338,1200,0,9.5,1267.66,29155.66,0,533.76,929.6,0,0,929.6,28226.06,Bank Transfer,SAR
PAY-002200,EMP-0153,2025-06,27-06-2025,12500,3125,1200,0,19.5,1523.44,18348.44,1523.44,1835.94,0,0,0,1523.44,16825,Bank Transfer,SAR
PAY-002201,EMP-0155,2025-06,27-06-2025,28050,7013,1200,1850,0,0,38113,0,701.26,0,0,0,0,38113,Bank Transfer,SAR
PAY-002202,EMP-0157,2025-06,27-06-2025,11300,2825,1130,2450,18,1271.25,18976.25,0,282.5,0,1600,0,1600,17376.25,Bank Transfer,SAR
PAY-002203,EMP-0158,2025-06,27-06-2025,4550,1138,455,1600,0,0,7743,0,113.76,0,0,0,0,7743,WPS Transfer,SAR
PAY-002204,EMP-0159,2025-06,27-06-2025,4650,1163,465,0,0,0,6278,566.77,683.03,0,0,0,566.77,5711.23,Bank Transfer,SAR
PAY-002205,EMP-0160,2025-06,27-06-2025,6000,1500,600,0,0,0,8100,731.25,881.25,0,0,0,731.25,7368.75,Bank Transfer,SAR
PAY-002206,EMP-0161,2025-06,27-06-2025,25100,6275,1200,0,0,0,32575,3059.06,3686.56,0,2300,0,5359.06,27215.94,Bank Transfer,SAR
PAY-002207,EMP-0162,2025-06,27-06-2025,10350,2588,1035,1450,24,1552.5,16975.5,0,258.76,0,0,0,0,16975.5,Bank Transfer,SAR
PAY-002208,EMP-0163,2025-06,27-06-2025,3850,963,385,0,0,0,5198,469.27,565.53,0,0,0,469.27,4728.73,Bank Transfer,SAR
PAY-002209,EMP-0164,2025-06,27-06-2025,6250,1563,625,0,0,0,8438,761.77,918.03,0,0,0,761.77,7676.23,Bank Transfer,SAR
PAY-002210,EMP-0165,2025-06,27-06-2025,4500,1125,450,0,19.5,548.44,6623.44,0,112.5,0,0,0,0,6623.44,Bank Transfer,SAR
PAY-002211,EMP-0167,2025-06,27-06-2025,3450,863,345,0,20.5,442.03,5100.03,420.52,506.78,0,0,0,420.52,4679.51,Bank Transfer,SAR
PAY-002212,EMP-0168,2025-06,27-06-2025,11900,2975,1190,0,0,0,16065,0,297.5,0,0,0,0,16065,Bank Transfer,SAR
PAY-002213,EMP-0169,2025-06,27-06-2025,3250,813,325,0,0,0,4388,0,81.26,0,0,0,0,4388,Bank Transfer,SAR
PAY-002214,EMP-0170,2025-06,27-06-2025,7550,1888,755,2400,22,1038.13,13631.13,920.21,1108.96,0,0,0,920.21,12710.92,Bank Transfer,SAR
PAY-002215,EMP-0171,2025-06,27-06-2025,8550,2138,855,0,8,427.5,11970.5,0,213.76,0,0,0,0,11970.5,Bank Transfer,SAR
PAY-002216,EMP-0172,2025-06,27-06-2025,7650,1913,765,0,0,0,10328,932.39,1123.65,0,0,0,932.39,9395.61,Bank Transfer,SAR
PAY-002217,EMP-0173,2025-06,27-06-2025,8850,2213,885,0,0,0,11948,0,221.26,0,0,0,0,11948,Bank Transfer,SAR
PAY-002218,EMP-0174,2025-06,27-06-2025,6300,1575,630,1350,8,315,10170,767.81,925.31,0,0,0,767.81,9402.19,Bank Transfer,SAR
PAY-002219,EMP-0175,2025-06,27-06-2025,4500,1125,450,2250,0,0,8325,548.44,660.94,0,0,510,1058.44,7266.56,Bank Transfer,SAR
PAY-002220,EMP-0176,2025-06,27-06-2025,6100,1525,610,0,15.5,590.94,8825.94,743.44,895.94,0,0,0,743.44,8082.5,Bank Transfer,SAR
PAY-002221,EMP-0177,2025-06,27-06-2025,4400,1100,440,0,0,0,5940,0,110,0,0,0,0,5940,Bank Transfer,SAR
PAY-002222,EMP-0178,2025-06,27-06-2025,4600,1150,460,0,0,0,6210,560.63,675.63,0,1850,0,2410.63,3799.37,Bank Transfer,SAR
PAY-002223,EMP-0179,2025-06,27-06-2025,4750,1188,475,0,24,712.5,7125.5,578.96,697.71,0,0,0,578.96,6546.54,Bank Transfer,SAR
PAY-002224,EMP-0180,2025-06,27-06-2025,4600,1150,460,0,0,0,6210,0,115,0,0,0,0,6210,Bank Transfer,SAR
PAY-002225,EMP-0182,2025-06,27-06-2025,7450,1863,745,0,0,0,10058,0,186.26,0,0,0,0,10058,Bank Transfer,SAR
PAY-002226,EMP-0183,2025-06,27-06-2025,4700,1175,470,0,0,0,6345,572.81,690.31,0,0,0,572.81,5772.19,WPS Transfer,SAR
PAY-002227,EMP-0184,2025-06,27-06-2025,8900,2225,890,0,0,0,12015,0,222.5,0,0,0,0,12015,Bank Transfer,SAR
PAY-002228,EMP-0186,2025-06,27-06-2025,3250,813,325,900,0,0,5288,396.14,477.4,0,0,0,396.14,4891.86,Bank Transfer,SAR
PAY-002229,EMP-0187,2025-06,27-06-2025,7150,1788,715,0,0,0,9653,0,178.76,321.77,0,0,321.77,9331.23,Bank Transfer,SAR
PAY-002230,EMP-0188,2025-06,27-06-2025,8550,2138,855,900,0,0,12443,1042.08,1255.84,0,0,230,1272.08,11170.92,WPS Transfer,SAR
PAY-002231,EMP-0189,2025-06,27-06-2025,3450,863,345,1450,0,0,6108,0,86.26,0,0,0,0,6108,Bank Transfer,SAR
PAY-002232,EMP-0190,2025-06,27-06-2025,4750,1188,475,2000,0,0,8413,0,118.76,0,0,0,0,8413,WPS Transfer,SAR
PAY-002233,EMP-0191,2025-06,27-06-2025,3800,950,380,0,0,0,5130,0,95,0,0,0,0,5130,WPS Transfer,SAR
PAY-002234,EMP-0193,2025-06,27-06-2025,3650,913,365,0,0,0,4928,0,91.26,0,1250,0,1250,3678,Bank Transfer,SAR
PAY-002235,EMP-0194,2025-06,27-06-2025,4750,1188,475,0,0,0,6413,0,118.76,0,0,0,0,6413,Bank Transfer,SAR
PAY-002236,EMP-0195,2025-06,27-06-2025,6150,1538,615,2000,0,0,10303,0,153.76,0,1300,0,1300,9003,Bank Transfer,SAR
PAY-002237,EMP-0196,2025-06,27-06-2025,8550,2138,855,0,3,160.31,11703.31,0,213.76,0,0,0,0,11703.31,Bank Transfer,SAR
PAY-002238,EMP-0197,2025-06,27-06-2025,12000,3000,1200,850,11,825,17875,0,300,0,0,0,0,17875,WPS Transfer,SAR
PAY-002239,EMP-0198,2025-06,27-06-2025,3400,850,340,0,0,0,4590,0,85,0,0,0,0,4590,Bank Transfer,SAR
PAY-002240,EMP-0199,2025-06,27-06-2025,7700,1925,770,0,23.5,1130.94,11525.94,0,192.5,0,550,0,550,10975.94,Bank Transfer,SAR
PAY-002241,EMP-0200,2025-06,27-06-2025,11500,2875,1150,1750,7.5,539.06,17814.06,0,287.5,0,0,0,0,17814.06,Bank Transfer,SAR
PAY-002242,EMP-0201,2025-06,27-06-2025,3700,925,370,0,0,0,4995,0,92.5,0,0,0,0,4995,Bank Transfer,SAR
PAY-002243,EMP-0202,2025-06,27-06-2025,8800,2200,880,0,0,0,11880,1072.5,1292.5,0,0,0,1072.5,10807.5,Bank Transfer,SAR
PAY-002244,EMP-0203,2025-06,27-06-2025,4150,1038,415,0,0,0,5603,505.83,609.59,0,0,0,505.83,5097.17,Bank Transfer,SAR
PAY-002245,EMP-0205,2025-06,27-06-2025,4450,1113,445,0,21,584.06,6592.06,542.39,653.65,0,0,0,542.39,6049.67,Bank Transfer,SAR
PAY-002246,EMP-0207,2025-06,27-06-2025,4450,1113,445,0,0,0,6008,0,111.26,0,0,0,0,6008,Bank Transfer,SAR
PAY-002247,EMP-0209,2025-06,27-06-2025,3500,875,350,1400,4.5,98.44,6223.44,0,87.5,157.5,0,0,157.5,6065.94,WPS Transfer,SAR
PAY-002248,EMP-0210,2025-06,27-06-2025,6850,1713,685,0,0,0,9248,834.89,1006.15,0,0,0,834.89,8413.11,Bank Transfer,SAR
PAY-002249,EMP-0211,2025-06,27-06-2025,4450,1113,445,0,0,0,6008,0,111.26,0,0,0,0,6008,Bank Transfer,SAR
PAY-002250,EMP-0212,2025-06,27-06-2025,8700,2175,870,200,0,0,11945,1060.31,1277.81,0,0,0,1060.31,10884.69,Bank Transfer,SAR
PAY-002251,EMP-0213,2025-06,27-06-2025,3650,913,365,0,0,0,4928,444.89,536.15,0,0,0,444.89,4483.11,WPS Transfer,SAR
PAY-002252,EMP-0214,2025-06,27-06-2025,3250,813,325,0,0,0,4388,396.14,477.4,0,1250,0,1646.14,2741.86,Bank Transfer,SAR
PAY-002253,EMP-0215,2025-06,27-06-2025,3300,825,330,0,0,0,4455,0,82.5,0,0,0,0,4455,Bank Transfer,SAR
PAY-002254,EMP-0216,2025-06,27-06-2025,7650,1913,765,0,2,95.63,10423.63,932.39,1123.65,0,0,0,932.39,9491.24,Bank Transfer,SAR
PAY-002255,EMP-0217,2025-06,27-06-2025,3450,863,345,0,0,0,4658,0,86.26,0,0,0,0,4658,WPS Transfer,SAR
PAY-002256,EMP-0219,2025-06,27-06-2025,3500,875,350,0,3.5,76.56,4801.56,426.56,514.06,0,0,0,426.56,4375,Bank Transfer,SAR
PAY-002257,EMP-0220,2025-06,27-06-2025,3950,988,395,0,16.5,407.34,5740.34,481.46,580.21,0,0,0,481.46,5258.88,Bank Transfer,SAR
PAY-002258,EMP-0221,2025-06,27-06-2025,25950,6488,1200,0,0,0,33638,3162.71,3811.46,0,0,0,3162.71,30475.29,Bank Transfer,SAR
PAY-002259,EMP-0222,2025-06,27-06-2025,3700,925,370,0,0,0,4995,0,92.5,0,0,0,0,4995,Bank Transfer,SAR
PAY-002260,EMP-0223,2025-06,27-06-2025,7500,1875,750,0,0,0,10125,0,187.5,0,0,0,0,10125,Bank Transfer,SAR
PAY-002261,EMP-0225,2025-06,27-06-2025,11800,2950,1180,0,24,1770,17700,1438.13,1733.13,0,0,0,1438.13,16261.87,Bank Transfer,SAR
PAY-002262,EMP-0226,2025-06,27-06-2025,3350,838,335,1950,0,0,6473,0,83.76,150.77,0,0,150.77,6322.23,Bank Transfer,SAR
PAY-002263,EMP-0227,2025-06,27-06-2025,4650,1163,465,1950,0,0,8228,566.77,683.03,418.53,0,0,985.3,7242.7,Bank Transfer,SAR
PAY-002264,EMP-0228,2025-06,27-06-2025,4400,1100,440,0,3.5,96.25,6036.25,0,110,0,550,0,550,5486.25,Bank Transfer,SAR
PAY-002265,EMP-0229,2025-06,27-06-2025,3550,888,355,0,0,0,4793,0,88.76,0,0,0,0,4793,Bank Transfer,SAR
PAY-002266,EMP-0230,2025-06,27-06-2025,4650,1163,465,450,0,0,6728,566.77,683.03,0,0,0,566.77,6161.23,Bank Transfer,SAR
PAY-002267,EMP-0231,2025-06,27-06-2025,4450,1113,445,2350,5.5,152.97,8510.97,0,111.26,0,0,0,0,8510.97,Bank Transfer,SAR
PAY-002268,EMP-0232,2025-06,27-06-2025,4300,1075,430,0,0,0,5805,0,107.5,0,650,0,650,5155,Bank Transfer,SAR
PAY-002269,EMP-0236,2025-06,27-06-2025,3250,813,325,0,9,182.81,4570.81,0,81.26,0,0,0,0,4570.81,Bank Transfer,SAR
PAY-002270,EMP-0237,2025-06,27-06-2025,4050,1013,405,0,20,506.25,5974.25,493.64,594.9,0,2250,0,2743.64,3230.61,Bank Transfer,SAR
PAY-002271,EMP-0238,2025-06,27-06-2025,8750,2188,875,0,16.5,902.34,12715.34,0,218.76,0,0,0,0,12715.34,Bank Transfer,SAR
PAY-002272,EMP-0239,2025-06,27-06-2025,8650,2163,865,400,0,0,12078,0,216.26,0,0,0,0,12078,Bank Transfer,SAR
PAY-002273,EMP-0240,2025-06,27-06-2025,3550,888,355,1000,2.5,55.47,5848.47,0,88.76,0,0,0,0,5848.47,Bank Transfer,SAR
PAY-002274,EMP-0241,2025-06,27-06-2025,11250,2813,1125,1200,11,773.44,17161.44,1371.14,1652.4,0,0,0,1371.14,15790.3,Bank Transfer,SAR
PAY-002275,EMP-0242,2025-06,27-06-2025,3500,875,350,2350,0,0,7075,426.56,514.06,0,0,0,426.56,6648.44,WPS Transfer,SAR
PAY-002276,EMP-0243,2025-06,27-06-2025,3350,838,335,0,0,0,4523,0,83.76,0,0,0,0,4523,Bank Transfer,SAR
PAY-002277,EMP-0244,2025-06,27-06-2025,8550,2138,855,0,0,0,11543,1042.08,1255.84,0,0,0,1042.08,10500.92,Bank Transfer,SAR
PAY-002278,EMP-0245,2025-06,27-06-2025,4100,1025,410,0,25,640.63,6175.63,499.69,602.19,0,0,0,499.69,5675.94,Bank Transfer,SAR
PAY-002279,EMP-0246,2025-06,27-06-2025,4600,1150,460,0,23.5,675.63,6885.63,560.63,675.63,0,0,0,560.63,6325,Bank Transfer,SAR
PAY-002280,EMP-0247,2025-06,27-06-2025,3850,963,385,2350,18.5,445.16,7993.16,0,96.26,0,1550,0,1550,6443.16,Bank Transfer,SAR
PAY-002281,EMP-0248,2025-06,27-06-2025,8500,2125,850,0,12,637.5,12112.5,1035.94,1248.44,0,0,0,1035.94,11076.56,Bank Transfer,SAR
PAY-002282,EMP-0249,2025-06,27-06-2025,8600,2150,860,0,0,0,11610,0,215,0,0,0,0,11610,Bank Transfer,SAR
PAY-002283,EMP-0250,2025-06,27-06-2025,3950,988,395,0,0,0,5333,0,98.76,0,0,0,0,5333,Bank Transfer,SAR
PAY-002284,EMP-0252,2025-06,27-06-2025,7200,1800,720,0,0,0,9720,877.5,1057.5,0,650,0,1527.5,8192.5,Bank Transfer,SAR
PAY-002285,EMP-0254,2025-06,27-06-2025,3200,800,320,0,0,0,4320,390,470,144,0,0,534,3786,Bank Transfer,SAR
PAY-002286,EMP-0256,2025-06,27-06-2025,3400,850,340,0,12.5,265.63,4855.63,0,85,0,0,0,0,4855.63,Bank Transfer,SAR
PAY-002287,EMP-0257,2025-06,27-06-2025,9150,2288,915,0,0,0,12353,0,228.76,0,0,0,0,12353,Bank Transfer,SAR
PAY-002288,EMP-0258,2025-06,27-06-2025,4400,1100,440,0,6.5,178.75,6118.75,0,110,0,0,340,340,5778.75,Bank Transfer,SAR
PAY-002289,EMP-0260,2025-06,27-06-2025,10550,2638,1055,0,0,0,14243,0,263.76,0,0,0,0,14243,Bank Transfer,SAR
PAY-002290,EMP-0261,2025-06,27-06-2025,7450,1863,745,0,23,1070.94,11128.94,0,186.26,0,0,0,0,11128.94,Bank Transfer,SAR
PAY-002291,EMP-0262,2025-06,27-06-2025,4450,1113,445,0,7.5,208.59,6216.59,542.39,653.65,0,0,0,542.39,5674.2,Bank Transfer,SAR
PAY-002292,EMP-0263,2025-06,27-06-2025,11700,2925,1170,0,0,0,15795,1425.94,1718.44,0,0,0,1425.94,14369.06,Bank Transfer,SAR
PAY-002293,EMP-0264,2025-06,27-06-2025,4500,1125,450,1850,18,506.25,8431.25,548.44,660.94,0,0,0,548.44,7882.81,Bank Transfer,SAR
PAY-002294,EMP-0265,2025-06,27-06-2025,8850,2213,885,0,19.5,1078.59,13026.59,0,221.26,0,850,0,850,12176.59,Bank Transfer,SAR
PAY-002295,EMP-0266,2025-06,27-06-2025,8900,2225,890,0,21.5,1195.94,13210.94,1084.69,1307.19,0,0,590,1674.69,11536.25,Bank Transfer,SAR
PAY-002296,EMP-0267,2025-06,27-06-2025,9150,2288,915,1700,10.5,600.47,14653.47,0,228.76,0,0,0,0,14653.47,Bank Transfer,SAR
PAY-002297,EMP-0268,2025-06,27-06-2025,4300,1075,430,0,0,0,5805,0,107.5,193.5,1450,0,1643.5,4161.5,Bank Transfer,SAR
PAY-002298,EMP-0269,2025-06,27-06-2025,4450,1113,445,0,4,111.25,6119.25,0,111.26,0,0,0,0,6119.25,Bank Transfer,SAR
PAY-002299,EMP-0272,2025-06,27-06-2025,4200,1050,420,1800,16,420,7890,0,105,0,1750,0,1750,6140,Bank Transfer,SAR
PAY-002300,EMP-0273,2025-06,27-06-2025,4750,1188,475,0,0,0,6413,578.96,697.71,0,0,0,578.96,5834.04,Bank Transfer,SAR
PAY-002301,EMP-0274,2025-06,27-06-2025,10550,2638,1055,1300,19.5,1285.78,16828.78,0,263.76,0,2300,0,2300,14528.78,Bank Transfer,SAR
PAY-002302,EMP-0275,2025-06,27-06-2025,13900,3475,1200,0,25,2171.88,20746.88,1694.06,2041.56,0,0,0,1694.06,19052.82,Bank Transfer,SAR
PAY-002303,EMP-0277,2025-06,27-06-2025,8700,2175,870,0,0,0,11745,1060.31,1277.81,391.5,0,0,1451.81,10293.19,Bank Transfer,SAR
PAY-002304,EMP-0278,2025-06,27-06-2025,10350,2588,1035,0,0,0,13973,1261.46,1520.22,0,0,0,1261.46,12711.54,Bank Transfer,SAR
PAY-002305,EMP-0279,2025-06,27-06-2025,10300,2575,1030,0,4,257.5,14162.5,1255.31,1512.81,0,0,0,1255.31,12907.19,Bank Transfer,SAR
PAY-002306,EMP-0280,2025-06,27-06-2025,4350,1088,435,0,17.5,475.78,6348.78,0,108.76,0,0,0,0,6348.78,Bank Transfer,SAR
PAY-002307,EMP-0281,2025-06,27-06-2025,4350,1088,435,0,19.5,530.16,6403.16,0,108.76,783.07,0,0,783.07,5620.09,Bank Transfer,SAR
PAY-002308,EMP-0282,2025-06,27-06-2025,8750,2188,875,0,0,0,11813,1066.46,1285.21,0,0,0,1066.46,10746.54,Bank Transfer,SAR
PAY-002309,EMP-0283,2025-06,27-06-2025,3650,913,365,0,0,0,4928,0,91.26,0,0,0,0,4928,Bank Transfer,SAR
PAY-002310,EMP-0286,2025-06,27-06-2025,3900,975,390,650,10.5,255.94,6170.94,0,97.5,0,1400,0,1400,4770.94,Bank Transfer,SAR
PAY-002311,EMP-0287,2025-06,27-06-2025,8850,2213,885,0,0,0,11948,0,221.26,0,0,0,0,11948,Bank Transfer,SAR
PAY-002312,EMP-0288,2025-06,27-06-2025,4350,1088,435,350,0,0,6223,530.21,638.96,0,1550,0,2080.21,4142.79,Bank Transfer,SAR
PAY-002313,EMP-0289,2025-06,27-06-2025,4650,1163,465,2200,0,0,8478,566.77,683.03,0,0,0,566.77,7911.23,Bank Transfer,SAR
PAY-002314,EMP-0290,2025-06,27-06-2025,3950,988,395,650,0,0,5983,481.46,580.21,0,0,0,481.46,5501.54,Bank Transfer,SAR
PAY-002315,EMP-0291,2025-06,27-06-2025,3950,988,395,0,0,0,5333,0,98.76,0,0,0,0,5333,Bank Transfer,SAR
PAY-002316,EMP-0292,2025-06,27-06-2025,4750,1188,475,0,10,296.88,6709.88,578.96,697.71,0,0,0,578.96,6130.92,Bank Transfer,SAR
PAY-002317,EMP-0293,2025-06,27-06-2025,8500,2125,850,0,0,0,11475,1035.94,1248.44,0,0,0,1035.94,10439.06,Bank Transfer,SAR
PAY-002318,EMP-0294,2025-06,27-06-2025,4400,1100,440,0,5.5,151.25,6091.25,536.25,646.25,0,0,50,586.25,5505,Bank Transfer,SAR
PAY-002319,EMP-0295,2025-06,27-06-2025,11000,2750,1100,0,0,0,14850,0,275,0,0,0,0,14850,Bank Transfer,SAR
PAY-002320,EMP-0296,2025-06,27-06-2025,15050,3763,1200,1700,22,2069.38,23782.38,1834.27,2210.53,0,1000,360,3194.27,20588.11,Bank Transfer,SAR
PAY-002321,EMP-0297,2025-06,27-06-2025,4400,1100,440,550,24,660,7150,536.25,646.25,0,800,0,1336.25,5813.75,Bank Transfer,SAR
PAY-002322,EMP-0300,2025-06,27-06-2025,12700,3175,1200,0,0,0,17075,0,317.5,569.17,0,0,569.17,16505.83,WPS Transfer,SAR
PAY-002323,EMP-0301,2025-06,27-06-2025,8700,2175,870,950,0,0,12695,0,217.5,0,0,0,0,12695,Bank Transfer,SAR
PAY-002324,EMP-0303,2025-06,27-06-2025,9200,2300,920,1200,0,0,13620,0,230,0,550,0,550,13070,Bank Transfer,SAR
PAY-002325,EMP-0304,2025-06,27-06-2025,11500,2875,1150,0,0,0,15525,0,287.5,0,0,0,0,15525,Bank Transfer,SAR
PAY-002326,EMP-0305,2025-06,27-06-2025,3850,963,385,0,0,0,5198,469.27,565.53,173.27,0,0,642.54,4555.46,Bank Transfer,SAR
PAY-002327,EMP-0306,2025-06,27-06-2025,4800,1200,480,0,7.5,225,6705,0,120,0,0,0,0,6705,Bank Transfer,SAR
PAY-002328,EMP-0307,2025-06,27-06-2025,9450,2363,945,0,0,0,12758,0,236.26,0,550,0,550,12208,Bank Transfer,SAR
PAY-002329,EMP-0308,2025-06,27-06-2025,10900,2725,1090,0,2,136.25,14851.25,0,272.5,0,0,0,0,14851.25,Bank Transfer,SAR
PAY-002330,EMP-0309,2025-06,27-06-2025,3800,950,380,1400,0,0,6530,0,95,0,0,0,0,6530,Bank Transfer,SAR
PAY-002331,EMP-0310,2025-06,27-06-2025,10450,2613,1045,0,21,1371.56,15479.56,0,261.26,0,0,0,0,15479.56,Bank Transfer,SAR
PAY-002332,EMP-0311,2025-06,27-06-2025,15900,3975,1200,0,0,0,21075,0,397.5,0,0,0,0,21075,Bank Transfer,SAR
PAY-002333,EMP-0312,2025-06,27-06-2025,14350,3588,1200,0,0,0,19138,0,358.76,0,0,0,0,19138,Bank Transfer,SAR
PAY-002334,EMP-0313,2025-06,27-06-2025,11900,2975,1190,0,22.5,1673.44,17738.44,0,297.5,0,0,410,410,17328.44,Bank Transfer,SAR
PAY-002335,EMP-0314,2025-06,27-06-2025,3650,913,365,0,3.5,79.84,5007.84,444.89,536.15,0,2050,0,2494.89,2512.95,Bank Transfer,SAR
PAY-002336,EMP-0315,2025-06,27-06-2025,11600,2900,1160,0,3,217.5,15877.5,1413.75,1703.75,0,1000,0,2413.75,13463.75,Bank Transfer,SAR
PAY-002337,EMP-0316,2025-06,27-06-2025,15200,3800,1200,0,0,0,20200,0,380,0,0,0,0,20200,Bank Transfer,SAR
PAY-002338,EMP-0318,2025-06,27-06-2025,4100,1025,410,0,0,0,5535,499.69,602.19,0,0,0,499.69,5035.31,Bank Transfer,SAR
PAY-002339,EMP-0320,2025-06,27-06-2025,8750,2188,875,0,13,710.94,12523.94,0,218.76,0,0,0,0,12523.94,Bank Transfer,SAR
PAY-002340,EMP-0321,2025-06,27-06-2025,21300,5325,1200,0,0,0,27825,2595.94,3128.44,0,0,0,2595.94,25229.06,Bank Transfer,SAR
PAY-002341,EMP-0322,2025-06,27-06-2025,8700,2175,870,0,15.5,842.81,12587.81,1060.31,1277.81,0,0,0,1060.31,11527.5,Bank Transfer,SAR
PAY-002342,EMP-0324,2025-06,27-06-2025,6100,1525,610,1400,0,0,9635,0,152.5,0,0,0,0,9635,Bank Transfer,SAR
PAY-002343,EMP-0325,2025-06,27-06-2025,11300,2825,1130,0,0,0,15255,0,282.5,0,1500,0,1500,13755,Bank Transfer,SAR
PAY-002344,EMP-0326,2025-06,27-06-2025,5000,1250,500,0,0,0,6750,0,125,225,0,0,225,6525,Bank Transfer,SAR
PAY-002345,EMP-0327,2025-06,27-06-2025,9400,2350,940,0,20,1175,13865,0,235,0,0,0,0,13865,WPS Transfer,SAR
PAY-002346,EMP-0328,2025-06,27-06-2025,10850,2713,1085,0,0,0,14648,1322.39,1593.65,0,1050,0,2372.39,12275.61,Bank Transfer,SAR
PAY-002347,EMP-0329,2025-06,27-06-2025,10700,2675,1070,0,0,0,14445,0,267.5,481.5,0,0,481.5,13963.5,Bank Transfer,SAR
PAY-002348,EMP-0331,2025-06,27-06-2025,11600,2900,1160,0,25,1812.5,17472.5,0,290,0,0,0,0,17472.5,Bank Transfer,SAR
PAY-002349,EMP-0332,2025-06,27-06-2025,5350,1338,535,0,22,735.63,7958.63,652.08,785.84,240.77,0,0,892.85,7065.78,Bank Transfer,SAR
PAY-002350,EMP-0333,2025-06,27-06-2025,4700,1175,470,0,0,0,6345,0,117.5,0,0,0,0,6345,Bank Transfer,SAR
PAY-002351,EMP-0334,2025-06,27-06-2025,15550,3888,1200,550,2.5,242.97,21430.97,0,388.76,0,0,0,0,21430.97,Bank Transfer,SAR
PAY-002352,EMP-0335,2025-06,27-06-2025,12650,3163,1200,0,18,1423.13,18436.13,0,316.26,0,0,0,0,18436.13,Bank Transfer,SAR
PAY-002353,EMP-0336,2025-06,27-06-2025,5000,1250,500,800,19.5,609.38,8159.38,0,125,225,0,0,225,7934.38,Bank Transfer,SAR
PAY-002354,EMP-0337,2025-06,27-06-2025,8750,2188,875,0,10.5,574.22,12387.22,1066.46,1285.21,0,0,0,1066.46,11320.76,Bank Transfer,SAR
PAY-002355,EMP-0338,2025-06,27-06-2025,11550,2888,1155,0,0,0,15593,0,288.76,1039.53,0,0,1039.53,14553.47,Bank Transfer,SAR
PAY-002356,EMP-0339,2025-06,27-06-2025,12400,3100,1200,1800,6,465,18965,1511.25,1821.25,0,0,0,1511.25,17453.75,Bank Transfer,SAR
PAY-002357,EMP-0340,2025-06,27-06-2025,11200,2800,1120,0,0,0,15120,0,280,0,0,0,0,15120,Bank Transfer,SAR
PAY-002358,EMP-0341,2025-06,27-06-2025,4900,1225,490,0,0,0,6615,0,122.5,0,0,0,0,6615,Bank Transfer,SAR
PAY-002359,EMP-0342,2025-06,27-06-2025,8500,2125,850,0,0,0,11475,1035.94,1248.44,0,0,0,1035.94,10439.06,Bank Transfer,SAR
PAY-002360,EMP-0343,2025-06,27-06-2025,5300,1325,530,0,8,265,7420,0,132.5,0,0,570,570,6850,Bank Transfer,SAR
PAY-002361,EMP-0344,2025-06,27-06-2025,11000,2750,1100,0,23.5,1615.63,16465.63,0,275,0,0,0,0,16465.63,Bank Transfer,SAR
PAY-002362,EMP-0347,2025-06,27-06-2025,5550,1388,555,1750,0,0,9243,0,138.76,0,0,0,0,9243,Cheque,SAR
PAY-002363,EMP-0349,2025-06,27-06-2025,10850,2713,1085,0,8,542.5,15190.5,0,271.26,0,0,0,0,15190.5,Bank Transfer,SAR
PAY-002364,EMP-0350,2025-06,27-06-2025,13050,3263,1200,0,0,0,17513,1590.52,1916.78,1167.53,0,0,2758.05,14754.95,Bank Transfer,SAR
PAY-002365,EMP-0351,2025-06,27-06-2025,14350,3588,1200,0,11,986.56,20124.56,1748.96,2107.71,2551.73,0,0,4300.69,15823.87,Bank Transfer,SAR
PAY-002366,EMP-0352,2025-06,27-06-2025,10200,2550,1020,0,25,1593.75,15363.75,0,255,0,0,0,0,15363.75,WPS Transfer,SAR
PAY-002367,EMP-0353,2025-06,27-06-2025,10650,2663,1065,0,0,0,14378,1298.02,1564.28,0,600,0,1898.02,12479.98,Bank Transfer,SAR
PAY-002368,EMP-0354,2025-06,27-06-2025,12400,3100,1200,0,0,0,16700,1511.25,1821.25,0,1300,0,2811.25,13888.75,Cheque,SAR
PAY-002369,EMP-0355,2025-06,27-06-2025,4700,1175,470,2000,0,0,8345,0,117.5,0,400,0,400,7945,Bank Transfer,SAR
PAY-002370,EMP-0356,2025-06,27-06-2025,5700,1425,570,0,0,0,7695,694.69,837.19,0,0,0,694.69,7000.31,Bank Transfer,SAR
PAY-002371,EMP-0357,2025-06,27-06-2025,12700,3175,1200,0,22,1746.25,18821.25,0,317.5,0,0,0,0,18821.25,Bank Transfer,SAR
PAY-002372,EMP-0359,2025-06,27-06-2025,4550,1138,455,0,11.5,327.03,6470.03,554.58,668.34,0,0,0,554.58,5915.45,Bank Transfer,SAR
PAY-002373,EMP-0360,2025-06,27-06-2025,15300,3825,1200,0,4.5,430.31,20755.31,0,382.5,0,0,0,0,20755.31,Bank Transfer,SAR
PAY-002374,EMP-0361,2025-06,27-06-2025,28350,7088,1200,0,0,0,36638,0,708.76,0,0,420,420,36218,Bank Transfer,SAR
PAY-002375,EMP-0362,2025-06,27-06-2025,7050,1763,705,0,0,0,9518,859.27,1035.53,1269.07,2300,0,4428.34,5089.66,Bank Transfer,SAR
PAY-002376,EMP-0363,2025-06,27-06-2025,6900,1725,690,0,14,603.75,9918.75,840.94,1013.44,0,0,0,840.94,9077.81,Bank Transfer,SAR
PAY-002377,EMP-0364,2025-06,27-06-2025,6050,1513,605,1550,22,831.88,10549.88,737.39,888.65,272.27,1550,0,2559.66,7990.22,Bank Transfer,SAR
PAY-002378,EMP-0366,2025-06,27-06-2025,12100,3025,1200,0,0,0,16325,1474.69,1777.19,0,2050,0,3524.69,12800.31,Bank Transfer,SAR
PAY-002379,EMP-0368,2025-06,27-06-2025,26850,6713,1200,2500,0,0,37263,0,671.26,0,0,0,0,37263,Bank Transfer,SAR
PAY-002380,EMP-0369,2025-06,27-06-2025,7050,1763,705,0,0,0,9518,859.27,1035.53,0,0,0,859.27,8658.73,Bank Transfer,SAR
PAY-002381,EMP-0370,2025-06,27-06-2025,7150,1788,715,0,18,804.38,10457.38,871.46,1050.21,0,0,0,871.46,9585.92,Bank Transfer,SAR
PAY-002382,EMP-0372,2025-06,27-06-2025,7450,1863,745,0,0,0,10058,0,186.26,0,0,0,0,10058,Bank Transfer,SAR
PAY-002383,EMP-0373,2025-06,27-06-2025,26000,6500,1200,250,0,0,33950,3168.75,3818.75,0,0,0,3168.75,30781.25,Bank Transfer,SAR
PAY-002384,EMP-0374,2025-06,27-06-2025,8650,2163,865,0,0,0,11678,0,216.26,0,0,50,50,11628,Bank Transfer,SAR
PAY-002385,EMP-0375,2025-06,27-06-2025,9600,2400,960,0,23,1380,14340,0,240,0,1650,0,1650,12690,WPS Transfer,SAR
PAY-002386,EMP-0376,2025-06,27-06-2025,26700,6675,1200,0,0,0,34575,0,667.5,0,0,0,0,34575,Bank Transfer,SAR
PAY-002387,EMP-0377,2025-06,27-06-2025,15650,3913,1200,0,15,1467.19,22230.19,0,391.26,0,0,0,0,22230.19,WPS Transfer,SAR
PAY-002388,EMP-0378,2025-06,27-06-2025,12300,3075,1200,0,0,0,16575,0,307.5,0,0,0,0,16575,Bank Transfer,SAR
PAY-002389,EMP-0379,2025-06,27-06-2025,16750,4188,1200,0,0,0,22138,2041.46,2460.21,0,0,0,2041.46,20096.54,Bank Transfer,SAR
PAY-002390,EMP-0381,2025-06,27-06-2025,8300,2075,830,0,0,0,11205,1011.56,1219.06,0,1750,0,2761.56,8443.44,Bank Transfer,SAR
PAY-002391,EMP-0382,2025-06,27-06-2025,12900,3225,1200,0,21.5,1733.44,19058.44,1572.19,1894.69,0,0,0,1572.19,17486.25,Bank Transfer,SAR
PAY-002392,EMP-0383,2025-06,27-06-2025,8250,2063,825,0,0,0,11138,1005.52,1211.78,0,0,0,1005.52,10132.48,Bank Transfer,SAR
PAY-002393,EMP-0384,2025-06,27-06-2025,13550,3388,1200,0,0,0,18138,0,338.76,0,0,0,0,18138,Bank Transfer,SAR
PAY-002394,EMP-0385,2025-06,27-06-2025,6650,1663,665,0,0,0,8978,810.52,976.78,0,0,0,810.52,8167.48,Bank Transfer,SAR
PAY-002395,EMP-0387,2025-06,27-06-2025,7700,1925,770,1850,22.5,1082.81,13327.81,938.44,1130.94,0,0,0,938.44,12389.37,Bank Transfer,SAR
PAY-002396,EMP-0388,2025-06,27-06-2025,8300,2075,830,0,4,207.5,11412.5,1011.56,1219.06,0,0,0,1011.56,10400.94,Bank Transfer,SAR
PAY-002397,EMP-0389,2025-06,27-06-2025,8650,2163,865,850,0,0,12528,0,216.26,0,0,0,0,12528,Bank Transfer,SAR
PAY-002398,EMP-0390,2025-06,27-06-2025,6250,1563,625,0,9.5,371.09,8809.09,0,156.26,0,0,0,0,8809.09,Bank Transfer,SAR
PAY-002399,EMP-0391,2025-06,27-06-2025,11600,2900,1160,0,18.5,1341.25,17001.25,1413.75,1703.75,0,0,0,1413.75,15587.5,Bank Transfer,SAR
PAY-002400,EMP-0392,2025-06,27-06-2025,16550,4138,1200,0,0,0,21888,2017.08,2430.84,0,0,0,2017.08,19870.92,Bank Transfer,SAR
PAY-002401,EMP-0393,2025-06,27-06-2025,8700,2175,870,0,0,0,11745,0,217.5,0,1800,0,1800,9945,Bank Transfer,SAR
PAY-002402,EMP-0394,2025-06,27-06-2025,11350,2838,1135,550,0,0,15873,0,283.76,0,0,0,0,15873,Bank Transfer,SAR
PAY-002403,EMP-0395,2025-06,27-06-2025,26050,6513,1200,0,0,0,33763,0,651.26,0,0,0,0,33763,Bank Transfer,SAR
PAY-002404,EMP-0398,2025-06,27-06-2025,12000,3000,1200,0,13,975,17175,1462.5,1762.5,0,0,0,1462.5,15712.5,Bank Transfer,SAR
PAY-002405,EMP-0399,2025-06,27-06-2025,5350,1338,535,0,18.5,618.59,7841.59,0,133.76,0,1750,0,1750,6091.59,Bank Transfer,SAR
PAY-002406,EMP-0400,2025-06,27-06-2025,5050,1263,505,0,0,0,6818,0,126.26,0,0,490,490,6328,Bank Transfer,SAR
PAY-002407,EMP-0402,2025-06,27-06-2025,13000,3250,1200,300,0,0,17750,0,325,0,0,0,0,17750,Bank Transfer,SAR
PAY-002408,EMP-0403,2025-06,27-06-2025,8750,2188,875,0,0,0,11813,1066.46,1285.21,0,0,0,1066.46,10746.54,Bank Transfer,SAR
PAY-002409,EMP-0405,2025-06,27-06-2025,10950,2738,1095,0,0,0,14783,0,273.76,0,0,0,0,14783,Bank Transfer,SAR
PAY-002410,EMP-0406,2025-06,27-06-2025,12400,3100,1200,0,0,0,16700,1511.25,1821.25,0,0,0,1511.25,15188.75,Bank Transfer,SAR
PAY-002411,EMP-0407,2025-06,27-06-2025,6150,1538,615,0,0,0,8303,0,153.76,0,0,0,0,8303,Bank Transfer,SAR
PAY-002412,EMP-0409,2025-06,27-06-2025,5450,1363,545,0,12,408.75,7766.75,664.27,800.53,0,0,0,664.27,7102.48,Bank Transfer,SAR
PAY-002413,EMP-0410,2025-06,27-06-2025,6300,1575,630,0,0,0,8505,767.81,925.31,0,0,0,767.81,7737.19,Bank Transfer,SAR
PAY-002414,EMP-0411,2025-06,27-06-2025,9350,2338,935,0,19,1110.31,13733.31,1139.58,1373.34,0,0,0,1139.58,12593.73,Bank Transfer,SAR
PAY-002415,EMP-0412,2025-06,27-06-2025,6400,1600,640,1250,0,0,9890,0,160,0,0,0,0,9890,Bank Transfer,SAR
PAY-002416,EMP-0413,2025-06,27-06-2025,11500,2875,1150,0,0,0,15525,1401.56,1689.06,0,0,0,1401.56,14123.44,Bank Transfer,SAR
PAY-002417,EMP-0414,2025-06,27-06-2025,6300,1575,630,0,0,0,8505,0,157.5,0,0,0,0,8505,Bank Transfer,SAR
PAY-002418,EMP-0415,2025-06,27-06-2025,5800,1450,580,0,0,0,7830,706.88,851.88,0,0,0,706.88,7123.12,Bank Transfer,SAR
PAY-002419,EMP-0416,2025-06,27-06-2025,4600,1150,460,0,0,0,6210,560.63,675.63,0,0,0,560.63,5649.37,Bank Transfer,SAR
PAY-002420,EMP-0417,2025-06,27-06-2025,5900,1475,590,200,10.5,387.19,8552.19,719.06,866.56,0,0,0,719.06,7833.13,Bank Transfer,SAR
PAY-002421,EMP-0419,2025-06,27-06-2025,5850,1463,585,1950,4,146.25,9994.25,713.02,859.28,0,0,110,823.02,9171.23,Bank Transfer,SAR
PAY-002422,EMP-0420,2025-06,27-06-2025,4700,1175,470,0,0,0,6345,572.81,690.31,0,0,0,572.81,5772.19,Bank Transfer,SAR
PAY-002423,EMP-0421,2025-06,27-06-2025,12150,3038,1200,0,0,0,16388,1480.83,1784.59,0,2400,0,3880.83,12507.17,Bank Transfer,SAR
PAY-002424,EMP-0422,2025-06,27-06-2025,9200,2300,920,0,20,1150,13570,1121.25,1351.25,0,0,0,1121.25,12448.75,Bank Transfer,SAR
PAY-002425,EMP-0423,2025-06,27-06-2025,10250,2563,1025,0,15,960.94,14798.94,1249.27,1505.53,0,0,0,1249.27,13549.67,Bank Transfer,SAR
PAY-002426,EMP-0424,2025-06,27-06-2025,17650,4413,1200,0,15.5,1709.84,24972.84,2151.14,2592.4,0,0,0,2151.14,22821.7,WPS Transfer,SAR
PAY-002427,EMP-0425,2025-06,27-06-2025,5950,1488,595,0,13.5,502.03,8535.03,0,148.76,0,0,0,0,8535.03,Bank Transfer,SAR
PAY-002428,EMP-0426,2025-06,27-06-2025,29150,7288,1200,250,0,0,37888,0,728.76,0,0,0,0,37888,Bank Transfer,SAR
PAY-002429,EMP-0427,2025-06,27-06-2025,7750,1938,775,0,20,968.75,11431.75,0,193.76,348.77,0,0,348.77,11082.98,Bank Transfer,SAR
PAY-002430,EMP-0428,2025-06,27-06-2025,10850,2713,1085,0,0,0,14648,0,271.26,0,0,0,0,14648,Bank Transfer,SAR
PAY-002431,EMP-0429,2025-06,27-06-2025,8300,2075,830,0,0,0,11205,0,207.5,0,0,0,0,11205,Bank Transfer,SAR
PAY-002432,EMP-0430,2025-06,27-06-2025,6400,1600,640,0,11,440,9080,0,160,0,0,0,0,9080,Bank Transfer,SAR
PAY-002433,EMP-0431,2025-06,27-06-2025,8450,2113,845,0,16,845,12253,0,211.26,0,0,0,0,12253,Bank Transfer,SAR
PAY-002434,EMP-0432,2025-06,27-06-2025,8650,2163,865,0,23.5,1270.47,12948.47,1054.27,1270.53,0,0,0,1054.27,11894.2,Bank Transfer,SAR
PAY-002435,EMP-0433,2025-06,27-06-2025,16100,4025,1200,0,24.5,2465.31,23790.31,0,402.5,0,0,0,0,23790.31,WPS Transfer,SAR
PAY-002436,EMP-0434,2025-06,27-06-2025,12250,3063,1200,0,20.5,1569.53,18082.53,0,306.26,0,0,260,260,17822.53,Bank Transfer,SAR
PAY-002437,EMP-0435,2025-06,27-06-2025,8750,2188,875,0,14.5,792.97,12605.97,1066.46,1285.21,0,0,0,1066.46,11539.51,Bank Transfer,SAR
PAY-002438,EMP-0436,2025-06,27-06-2025,7450,1863,745,1500,0,0,11558,0,186.26,0,0,0,0,11558,Bank Transfer,SAR
PAY-002439,EMP-0438,2025-06,27-06-2025,8900,2225,890,0,0,0,12015,0,222.5,0,0,0,0,12015,Bank Transfer,SAR
PAY-002440,EMP-0439,2025-06,27-06-2025,6250,1563,625,0,20,781.25,9219.25,0,156.26,0,0,490,490,8729.25,Bank Transfer,SAR
PAY-002441,EMP-0440,2025-06,27-06-2025,6800,1700,680,0,12.5,531.25,9711.25,0,170,612,700,0,1312,8399.25,Bank Transfer,SAR
PAY-002442,EMP-0441,2025-06,27-06-2025,16850,4213,1200,0,0,0,22263,2053.64,2474.9,0,0,0,2053.64,20209.36,Bank Transfer,SAR
PAY-002443,EMP-0442,2025-06,27-06-2025,7800,1950,780,0,0,0,10530,950.63,1145.63,0,0,390,1340.63,9189.37,Bank Transfer,SAR
PAY-002444,EMP-0443,2025-06,27-06-2025,9850,2463,985,350,0,0,13648,0,246.26,0,0,0,0,13648,Bank Transfer,SAR
PAY-002445,EMP-0444,2025-06,27-06-2025,8500,2125,850,0,6,318.75,11793.75,1035.94,1248.44,0,0,0,1035.94,10757.81,Cheque,SAR
PAY-002446,EMP-0445,2025-06,27-06-2025,10900,2725,1090,0,0,0,14715,0,272.5,490.5,0,0,490.5,14224.5,Bank Transfer,SAR
PAY-002447,EMP-0446,2025-06,27-06-2025,11600,2900,1160,0,9,652.5,16312.5,1413.75,1703.75,0,0,0,1413.75,14898.75,Bank Transfer,SAR
PAY-002448,EMP-0448,2025-06,27-06-2025,12400,3100,1200,0,0,0,16700,1511.25,1821.25,0,0,0,1511.25,15188.75,Bank Transfer,SAR
PAY-002449,EMP-0449,2025-06,27-06-2025,6350,1588,635,0,13.5,535.78,9108.78,773.96,932.71,0,0,0,773.96,8334.82,Bank Transfer,SAR
PAY-002450,EMP-0450,2025-06,27-06-2025,6050,1513,605,0,0,0,8168,0,151.26,0,0,0,0,8168,Bank Transfer,SAR
PAY-002451,EMP-0451,2025-06,27-06-2025,26850,6713,1200,0,0,0,34763,0,671.26,0,0,0,0,34763,Bank Transfer,SAR
PAY-002452,EMP-0452,2025-06,27-06-2025,6500,1625,650,0,0,0,8775,792.19,954.69,0,0,0,792.19,7982.81,Bank Transfer,SAR
PAY-002453,EMP-0453,2025-06,27-06-2025,6300,1575,630,0,21.5,846.56,9351.56,767.81,925.31,283.5,0,0,1051.31,8300.25,Bank Transfer,SAR
PAY-002454,EMP-0454,2025-06,27-06-2025,5300,1325,530,0,9,298.13,7453.13,645.94,778.44,477,0,0,1122.94,6330.19,Bank Transfer,SAR
PAY-002455,EMP-0455,2025-06,27-06-2025,4800,1200,480,0,18.5,555,7035,0,120,0,0,0,0,7035,Bank Transfer,SAR
PAY-002456,EMP-0457,2025-06,27-06-2025,5050,1263,505,0,7.5,236.72,7054.72,615.52,741.78,227.27,0,0,842.79,6211.93,Bank Transfer,SAR
PAY-002457,EMP-0458,2025-06,27-06-2025,6100,1525,610,1450,0,0,9685,743.44,895.94,549,0,0,1292.44,8392.56,Bank Transfer,SAR
PAY-002458,EMP-0459,2025-06,27-06-2025,6400,1600,640,0,0,0,8640,780,940,0,0,0,780,7860,Bank Transfer,SAR
PAY-002459,EMP-0460,2025-06,27-06-2025,10050,2513,1005,1650,9.5,596.72,15814.72,0,251.26,0,0,0,0,15814.72,Bank Transfer,SAR
PAY-002460,EMP-0461,2025-06,27-06-2025,4900,1225,490,0,15,459.38,7074.38,597.19,719.69,0,2150,0,2747.19,4327.19,Cheque,SAR
PAY-002461,EMP-0462,2025-06,27-06-2025,5400,1350,540,850,0,0,8140,0,135,0,0,0,0,8140,Bank Transfer,SAR
PAY-002462,EMP-0463,2025-06,27-06-2025,5850,1463,585,0,0,0,7898,0,146.26,0,0,180,180,7718,Bank Transfer,SAR
PAY-002463,EMP-0464,2025-06,27-06-2025,5800,1450,580,0,17.5,634.38,8464.38,706.88,851.88,0,0,0,706.88,7757.5,Bank Transfer,SAR
PAY-002464,EMP-0465,2025-06,27-06-2025,11200,2800,1120,0,0,0,15120,0,280,0,600,0,600,14520,Bank Transfer,SAR
PAY-002465,EMP-0466,2025-06,27-06-2025,11900,2975,1190,0,15,1115.63,17180.63,0,297.5,0,0,0,0,17180.63,Bank Transfer,SAR
PAY-002466,EMP-0467,2025-06,27-06-2025,4650,1163,465,0,23.5,682.97,6960.97,566.77,683.03,0,0,0,566.77,6394.2,Bank Transfer,SAR
PAY-002467,EMP-0468,2025-06,27-06-2025,11850,2963,1185,0,24.5,1814.53,17812.53,0,296.26,0,650,0,650,17162.53,Bank Transfer,SAR
PAY-002468,EMP-0469,2025-06,27-06-2025,4600,1150,460,0,0,0,6210,0,115,0,0,0,0,6210,Bank Transfer,SAR
PAY-002469,EMP-0470,2025-06,27-06-2025,4600,1150,460,0,4,115,6325,0,115,0,0,0,0,6325,Bank Transfer,SAR
PAY-002470,EMP-0471,2025-06,27-06-2025,25000,6250,1200,0,0,0,32450,3046.88,3671.88,0,0,0,3046.88,29403.12,Bank Transfer,SAR
PAY-002471,EMP-0472,2025-06,27-06-2025,8600,2150,860,0,20,1075,12685,1048.13,1263.13,0,0,0,1048.13,11636.87,Bank Transfer,SAR
PAY-002472,EMP-0473,2025-06,27-06-2025,8150,2038,815,0,22.5,1146.09,12149.09,993.33,1197.09,0,2100,0,3093.33,9055.76,Bank Transfer,SAR
PAY-002473,EMP-0474,2025-06,27-06-2025,7700,1925,770,1400,0,0,11795,938.44,1130.94,0,1550,0,2488.44,9306.56,Bank Transfer,SAR
PAY-002474,EMP-0475,2025-06,27-06-2025,12800,3200,1200,400,0,0,17600,0,320,1146.67,0,0,1146.67,16453.33,Bank Transfer,SAR
PAY-002475,EMP-0476,2025-06,27-06-2025,14600,3650,1200,0,17.5,1596.88,21046.88,0,365,0,0,0,0,21046.88,Bank Transfer,SAR
PAY-002476,EMP-0478,2025-06,27-06-2025,7500,1875,750,0,13.5,632.81,10757.81,914.06,1101.56,0,0,0,914.06,9843.75,Bank Transfer,SAR
PAY-002477,EMP-0480,2025-06,27-06-2025,14150,3538,1200,0,0,0,18888,0,353.76,0,0,0,0,18888,Bank Transfer,SAR
PAY-002478,EMP-0481,2025-06,27-06-2025,15500,3875,1200,0,0,0,20575,0,387.5,0,0,0,0,20575,WPS Transfer,SAR
PAY-002479,EMP-0482,2025-06,27-06-2025,8400,2100,840,0,0,0,11340,0,210,0,0,0,0,11340,Bank Transfer,SAR
PAY-002480,EMP-0483,2025-06,27-06-2025,8800,2200,880,1100,0,0,12980,1072.5,1292.5,0,1150,0,2222.5,10757.5,Bank Transfer,SAR
PAY-002481,EMP-0484,2025-06,27-06-2025,10600,2650,1060,0,4,265,14575,1291.88,1556.88,0,0,0,1291.88,13283.12,Bank Transfer,SAR
PAY-002482,EMP-0485,2025-06,27-06-2025,10100,2525,1010,0,11.5,725.94,14360.94,0,252.5,0,0,0,0,14360.94,Bank Transfer,SAR
PAY-002483,EMP-0487,2025-06,27-06-2025,10850,2713,1085,0,7.5,508.59,15156.59,1322.39,1593.65,0,0,0,1322.39,13834.2,Bank Transfer,SAR
PAY-002484,EMP-0488,2025-06,27-06-2025,10850,2713,1085,0,0,0,14648,0,271.26,0,0,0,0,14648,Bank Transfer,SAR
PAY-002485,EMP-0489,2025-06,27-06-2025,11700,2925,1170,0,0,0,15795,0,292.5,526.5,0,0,526.5,15268.5,Bank Transfer,SAR
PAY-002486,EMP-0490,2025-06,27-06-2025,6250,1563,625,0,0,0,8438,0,156.26,0,0,0,0,8438,Bank Transfer,SAR
PAY-002487,EMP-0491,2025-06,27-06-2025,37150,9288,1200,1200,0,0,48838,4527.71,5456.46,0,0,0,4527.71,44310.29,Bank Transfer,SAR
PAY-002488,EMP-0492,2025-06,27-06-2025,21700,5425,1200,0,0,0,28325,2644.69,3187.19,0,0,0,2644.69,25680.31,Bank Transfer,SAR
PAY-002489,EMP-0493,2025-06,27-06-2025,6300,1575,630,0,0,0,8505,0,157.5,0,0,0,0,8505,Bank Transfer,SAR
PAY-002490,EMP-0494,2025-06,27-06-2025,6500,1625,650,0,0,0,8775,792.19,954.69,0,0,0,792.19,7982.81,Bank Transfer,SAR
PAY-002491,EMP-0495,2025-06,27-06-2025,16800,4200,1200,0,10.5,1102.5,23302.5,0,420,0,0,0,0,23302.5,Bank Transfer,SAR
PAY-002492,EMP-0497,2025-06,27-06-2025,8700,2175,870,0,0,0,11745,1060.31,1277.81,0,1100,0,2160.31,9584.69,Bank Transfer,SAR
PAY-002493,EMP-0498,2025-06,27-06-2025,12050,3013,1200,0,0,0,16263,0,301.26,542.1,0,0,542.1,15720.9,Bank Transfer,SAR
PAY-002494,EMP-0499,2025-06,27-06-2025,14750,3688,1200,600,17.5,1613.28,21851.28,1797.71,2166.46,0,900,0,2697.71,19153.57,Bank Transfer,SAR
PAY-002495,EMP-0500,2025-06,27-06-2025,22250,5563,1200,0,0,0,29013,0,556.26,0,0,0,0,29013,Bank Transfer,SAR
PAY-002496,EMP-0001,2025-07,27-07-2025,35400,8850,1200,0,0,0,45450,4314.38,5199.38,0,700,0,5014.38,40435.62,Bank Transfer,SAR
PAY-002497,EMP-0003,2025-07,27-07-2025,8700,2175,870,650,0,0,12395,0,217.5,0,0,0,0,12395,Bank Transfer,SAR
PAY-002498,EMP-0004,2025-07,27-07-2025,3500,875,350,0,0,0,4725,426.56,514.06,157.5,0,0,584.06,4140.94,Bank Transfer,SAR
PAY-002499,EMP-0005,2025-07,27-07-2025,3450,863,345,0,24,517.5,5175.5,0,86.26,155.27,0,0,155.27,5020.23,Bank Transfer,SAR
PAY-002500,EMP-0006,2025-07,27-07-2025,3200,800,320,0,23,460,4780,390,470,0,0,0,390,4390,Bank Transfer,SAR
PAY-002501,EMP-0007,2025-07,27-07-2025,8450,2113,845,700,4.5,237.66,12345.66,0,211.26,0,0,330,330,12015.66,Bank Transfer,SAR
PAY-002502,EMP-0008,2025-07,27-07-2025,4650,1163,465,0,11,319.69,6597.69,566.77,683.03,0,2250,0,2816.77,3780.92,Bank Transfer,SAR
PAY-002503,EMP-0009,2025-07,27-07-2025,3800,950,380,0,9,213.75,5343.75,463.13,558.13,0,0,0,463.13,4880.62,Bank Transfer,SAR
PAY-002504,EMP-0010,2025-07,27-07-2025,29350,7338,1200,0,0,0,37888,3577.08,4310.84,0,0,0,3577.08,34310.92,Bank Transfer,SAR
PAY-002505,EMP-0014,2025-07,27-07-2025,9500,2375,950,0,0,0,12825,1157.81,1395.31,0,0,0,1157.81,11667.19,Bank Transfer,SAR
PAY-002506,EMP-0015,2025-07,27-07-2025,8000,2000,800,0,0,0,10800,975,1175,360,0,0,1335,9465,Bank Transfer,SAR
PAY-002507,EMP-0016,2025-07,27-07-2025,8850,2213,885,0,0,0,11948,0,221.26,0,0,0,0,11948,Bank Transfer,SAR
PAY-002508,EMP-0017,2025-07,27-07-2025,6600,1650,660,0,9.5,391.88,9301.88,0,165,0,0,0,0,9301.88,Bank Transfer,SAR
PAY-002509,EMP-0018,2025-07,27-07-2025,3350,838,335,2050,0,0,6573,408.33,492.09,301.53,0,0,709.86,5863.14,Bank Transfer,SAR
PAY-002510,EMP-0019,2025-07,27-07-2025,4700,1175,470,0,0,0,6345,572.81,690.31,423,0,0,995.81,5349.19,Bank Transfer,SAR
PAY-002511,EMP-0020,2025-07,27-07-2025,11450,2863,1145,0,21,1502.81,16960.81,0,286.26,0,0,0,0,16960.81,Bank Transfer,SAR
PAY-002512,EMP-0021,2025-07,27-07-2025,8800,2200,880,0,0,0,11880,1072.5,1292.5,0,0,0,1072.5,10807.5,Bank Transfer,SAR
PAY-002513,EMP-0022,2025-07,27-07-2025,11500,2875,1150,1900,4,287.5,17712.5,1401.56,1689.06,517.5,0,0,1919.06,15793.44,Bank Transfer,SAR
PAY-002514,EMP-0023,2025-07,27-07-2025,3400,850,340,0,2.5,53.13,4643.13,0,85,0,1600,0,1600,3043.13,Bank Transfer,SAR
PAY-002515,EMP-0024,2025-07,27-07-2025,23700,5925,1200,0,0,0,30825,2888.44,3480.94,0,0,0,2888.44,27936.56,Bank Transfer,SAR
PAY-002516,EMP-0025,2025-07,27-07-2025,6000,1500,600,0,4.5,168.75,8268.75,0,150,0,0,310,310,7958.75,Bank Transfer,SAR
PAY-002517,EMP-0026,2025-07,27-07-2025,3300,825,330,0,6.5,134.06,4589.06,402.19,484.69,0,0,0,402.19,4186.87,Bank Transfer,SAR
PAY-002518,EMP-0027,2025-07,27-07-2025,3350,838,335,0,0,0,4523,0,83.76,0,0,0,0,4523,Bank Transfer,SAR
PAY-002519,EMP-0028,2025-07,27-07-2025,9000,2250,900,0,10.5,590.63,12740.63,0,225,0,0,0,0,12740.63,Bank Transfer,SAR
PAY-002520,EMP-0029,2025-07,27-07-2025,3550,888,355,0,0,0,4793,432.71,521.46,0,0,0,432.71,4360.29,Bank Transfer,SAR
PAY-002521,EMP-0030,2025-07,27-07-2025,4550,1138,455,0,0,0,6143,554.58,668.34,0,0,0,554.58,5588.42,Bank Transfer,SAR
PAY-002522,EMP-0031,2025-07,27-07-2025,3800,950,380,0,0,0,5130,463.13,558.13,0,0,0,463.13,4666.87,Bank Transfer,SAR
PAY-002523,EMP-0032,2025-07,27-07-2025,12650,3163,1200,0,0,0,17013,0,316.26,0,0,0,0,17013,Bank Transfer,SAR
PAY-002524,EMP-0034,2025-07,27-07-2025,11650,2913,1165,400,0,0,16128,0,291.26,0,0,0,0,16128,Bank Transfer,SAR
PAY-002525,EMP-0035,2025-07,27-07-2025,7300,1825,730,0,0,0,9855,0,182.5,0,0,0,0,9855,Bank Transfer,SAR
PAY-002526,EMP-0036,2025-07,27-07-2025,6950,1738,695,0,0,0,9383,847.08,1020.84,0,0,0,847.08,8535.92,Bank Transfer,SAR
PAY-002527,EMP-0037,2025-07,27-07-2025,3550,888,355,0,22,488.13,5281.13,0,88.76,0,0,0,0,5281.13,Bank Transfer,SAR
PAY-002528,EMP-0038,2025-07,27-07-2025,4400,1100,440,0,4,110,6050,0,110,198,0,130,328,5722,Bank Transfer,SAR
PAY-002529,EMP-0039,2025-07,27-07-2025,7100,1775,710,0,0,0,9585,865.31,1042.81,0,0,0,865.31,8719.69,Bank Transfer,SAR
PAY-002530,EMP-0040,2025-07,27-07-2025,30000,7500,1200,1300,0,0,40000,0,750,0,0,0,0,40000,Bank Transfer,SAR
PAY-002531,EMP-0041,2025-07,27-07-2025,9050,2263,905,0,0,0,12218,1103.02,1329.28,0,0,0,1103.02,11114.98,Bank Transfer,SAR
PAY-002532,EMP-0042,2025-07,27-07-2025,4550,1138,455,650,6,170.63,6963.63,0,113.76,0,0,0,0,6963.63,Bank Transfer,SAR
PAY-002533,EMP-0043,2025-07,27-07-2025,4450,1113,445,0,0,0,6008,0,111.26,200.27,0,0,200.27,5807.73,Bank Transfer,SAR
PAY-002534,EMP-0044,2025-07,27-07-2025,7600,1900,760,0,8.5,403.75,10663.75,0,190,0,0,0,0,10663.75,Bank Transfer,SAR
PAY-002535,EMP-0045,2025-07,27-07-2025,6100,1525,610,1600,0,0,9835,0,152.5,0,0,0,0,9835,Bank Transfer,SAR
PAY-002536,EMP-0046,2025-07,27-07-2025,3450,863,345,0,0,0,4658,0,86.26,155.27,0,0,155.27,4502.73,Bank Transfer,SAR
PAY-002537,EMP-0047,2025-07,27-07-2025,8350,2088,835,0,0,0,11273,1017.71,1226.46,0,0,0,1017.71,10255.29,Bank Transfer,SAR
PAY-002538,EMP-0048,2025-07,27-07-2025,21750,5438,1200,0,0,0,28388,2650.83,3194.59,0,0,0,2650.83,25737.17,Bank Transfer,SAR
PAY-002539,EMP-0049,2025-07,27-07-2025,4100,1025,410,0,12.5,320.31,5855.31,499.69,602.19,0,2200,0,2699.69,3155.62,Bank Transfer,SAR
PAY-002540,EMP-0050,2025-07,27-07-2025,3250,813,325,0,20,406.25,4794.25,0,81.26,0,0,300,300,4494.25,Bank Transfer,SAR
PAY-002541,EMP-0051,2025-07,27-07-2025,7700,1925,770,0,3,144.38,10539.38,0,192.5,693,0,0,693,9846.38,WPS Transfer,SAR
PAY-002542,EMP-0052,2025-07,27-07-2025,4700,1175,470,0,17,499.38,6844.38,572.81,690.31,0,0,0,572.81,6271.57,Bank Transfer,SAR
PAY-002543,EMP-0053,2025-07,27-07-2025,4100,1025,410,0,0,0,5535,499.69,602.19,0,0,0,499.69,5035.31,Bank Transfer,SAR
PAY-002544,EMP-0055,2025-07,27-07-2025,4250,1063,425,2050,0,0,7788,0,106.26,0,0,0,0,7788,Bank Transfer,SAR
PAY-002545,EMP-0057,2025-07,27-07-2025,4550,1138,455,0,3.5,99.53,6242.53,554.58,668.34,0,0,0,554.58,5687.95,WPS Transfer,SAR
PAY-002546,EMP-0058,2025-07,27-07-2025,3850,963,385,0,0,0,5198,0,96.26,0,0,0,0,5198,Bank Transfer,SAR
PAY-002547,EMP-0059,2025-07,27-07-2025,9300,2325,930,0,0,0,12555,0,232.5,0,0,0,0,12555,Bank Transfer,SAR
PAY-002548,EMP-0060,2025-07,27-07-2025,4500,1125,450,2050,7.5,210.94,8335.94,548.44,660.94,0,0,0,548.44,7787.5,Bank Transfer,SAR
PAY-002549,EMP-0061,2025-07,27-07-2025,4000,1000,400,1050,21,525,6975,487.5,587.5,0,0,0,487.5,6487.5,Bank Transfer,SAR
PAY-002550,EMP-0062,2025-07,27-07-2025,4050,1013,405,0,13,329.06,5797.06,0,101.26,0,0,0,0,5797.06,Bank Transfer,SAR
PAY-002551,EMP-0064,2025-07,27-07-2025,4600,1150,460,0,0,0,6210,0,115,0,0,340,340,5870,Bank Transfer,SAR
PAY-002552,EMP-0065,2025-07,27-07-2025,28650,7163,1200,0,0,0,37013,0,716.26,0,0,0,0,37013,Bank Transfer,SAR
PAY-002553,EMP-0066,2025-07,27-07-2025,3950,988,395,1500,0,0,6833,0,98.76,0,0,0,0,6833,Bank Transfer,SAR
PAY-002554,EMP-0067,2025-07,27-07-2025,3450,863,345,1100,0,0,5758,420.52,506.78,0,750,0,1170.52,4587.48,Bank Transfer,SAR
PAY-002555,EMP-0068,2025-07,27-07-2025,3750,938,375,550,0,0,5613,0,93.76,0,0,0,0,5613,Bank Transfer,SAR
PAY-002556,EMP-0069,2025-07,27-07-2025,25850,6463,1200,0,0,0,33513,0,646.26,0,0,0,0,33513,Bank Transfer,SAR
PAY-002557,EMP-0070,2025-07,27-07-2025,3700,925,370,0,5,115.63,5110.63,0,92.5,0,0,0,0,5110.63,Bank Transfer,SAR
PAY-002558,EMP-0071,2025-07,27-07-2025,7100,1775,710,0,0,0,9585,0,177.5,0,1550,0,1550,8035,Bank Transfer,SAR
PAY-002559,EMP-0072,2025-07,27-07-2025,4450,1113,445,0,0,0,6008,0,111.26,0,1750,0,1750,4258,Bank Transfer,SAR
PAY-002560,EMP-0073,2025-07,27-07-2025,27600,6900,1200,0,0,0,35700,3363.75,4053.75,0,1950,0,5313.75,30386.25,Bank Transfer,SAR
PAY-002561,EMP-0074,2025-07,27-07-2025,3300,825,330,0,0,0,4455,402.19,484.69,0,1700,0,2102.19,2352.81,Bank Transfer,SAR
PAY-002562,EMP-0077,2025-07,27-07-2025,4600,1150,460,1850,0,0,8060,0,115,0,0,240,240,7820,Bank Transfer,SAR
PAY-002563,EMP-0079,2025-07,27-07-2025,6450,1613,645,0,15,604.69,9312.69,786.14,947.4,0,0,0,786.14,8526.55,Bank Transfer,SAR
PAY-002564,EMP-0080,2025-07,27-07-2025,3200,800,320,800,24.5,490,5610,0,80,0,0,0,0,5610,Bank Transfer,SAR
PAY-002565,EMP-0081,2025-07,27-07-2025,8250,2063,825,1850,0,0,12988,0,206.26,0,0,0,0,12988,Bank Transfer,SAR
PAY-002566,EMP-0082,2025-07,27-07-2025,4000,1000,400,0,0,0,5400,0,100,0,400,0,400,5000,Bank Transfer,SAR
PAY-002567,EMP-0083,2025-07,27-07-2025,10200,2550,1020,0,0,0,13770,0,255,0,500,0,500,13270,Bank Transfer,SAR
PAY-002568,EMP-0084,2025-07,27-07-2025,12750,3188,1200,950,19.5,1553.91,19641.91,0,318.76,1142.53,0,0,1142.53,18499.38,Bank Transfer,SAR
PAY-002569,EMP-0085,2025-07,27-07-2025,6100,1525,610,0,0,0,8235,0,152.5,0,1250,0,1250,6985,Bank Transfer,SAR
PAY-002570,EMP-0086,2025-07,27-07-2025,3550,888,355,0,0,0,4793,0,88.76,0,0,0,0,4793,Bank Transfer,SAR
PAY-002571,EMP-0087,2025-07,27-07-2025,25550,6388,1200,2000,0,0,35138,3113.96,3752.71,0,0,0,3113.96,32024.04,WPS Transfer,SAR
PAY-002572,EMP-0088,2025-07,27-07-2025,23950,5988,1200,2250,0,0,33388,2918.96,3517.71,0,0,0,2918.96,30469.04,Bank Transfer,SAR
PAY-002573,EMP-0089,2025-07,27-07-2025,20900,5225,1200,0,0,0,27325,0,522.5,0,0,0,0,27325,Bank Transfer,SAR
PAY-002574,EMP-0092,2025-07,27-07-2025,4550,1138,455,1750,24,682.5,8575.5,554.58,668.34,0,1400,280,2234.58,6340.92,Bank Transfer,SAR
PAY-002575,EMP-0093,2025-07,27-07-2025,4900,1225,490,600,0,0,7215,0,122.5,0,0,0,0,7215,Bank Transfer,SAR
PAY-002576,EMP-0095,2025-07,27-07-2025,18600,4650,1200,1950,20,2325,28725,0,465,0,0,0,0,28725,Bank Transfer,SAR
PAY-002577,EMP-0097,2025-07,27-07-2025,5050,1263,505,0,21,662.81,7480.81,0,126.26,0,0,0,0,7480.81,Bank Transfer,SAR
PAY-002578,EMP-0098,2025-07,27-07-2025,6350,1588,635,0,8.5,337.34,8910.34,0,158.76,0,0,0,0,8910.34,Bank Transfer,SAR
PAY-002579,EMP-0099,2025-07,27-07-2025,11850,2963,1185,0,0,0,15998,1444.27,1740.53,0,0,0,1444.27,14553.73,Bank Transfer,SAR
PAY-002580,EMP-0100,2025-07,27-07-2025,12900,3225,1200,500,0,0,17825,0,322.5,1155,0,0,1155,16670,Bank Transfer,SAR
PAY-002581,EMP-0102,2025-07,27-07-2025,4650,1163,465,0,19.5,566.72,6844.72,566.77,683.03,0,0,0,566.77,6277.95,Bank Transfer,SAR
PAY-002582,EMP-0103,2025-07,27-07-2025,5350,1338,535,0,0,0,7223,0,133.76,0,0,0,0,7223,Bank Transfer,SAR
PAY-002583,EMP-0104,2025-07,27-07-2025,6350,1588,635,0,0,0,8573,773.96,932.71,0,0,0,773.96,7799.04,Bank Transfer,SAR
PAY-002584,EMP-0105,2025-07,27-07-2025,21650,5413,1200,0,14.5,1962.03,30225.03,2638.64,3179.9,1884.2,0,0,4522.84,25702.19,Bank Transfer,SAR
PAY-002585,EMP-0106,2025-07,27-07-2025,24950,6238,1200,0,0,0,32388,3040.83,3664.59,0,0,0,3040.83,29347.17,Bank Transfer,SAR
PAY-002586,EMP-0107,2025-07,27-07-2025,26350,6588,1200,0,0,0,34138,3211.46,3870.21,0,0,0,3211.46,30926.54,Bank Transfer,SAR
PAY-002587,EMP-0108,2025-07,27-07-2025,6050,1513,605,0,6.5,245.78,8413.78,0,151.26,0,0,0,0,8413.78,Bank Transfer,SAR
PAY-002588,EMP-0112,2025-07,27-07-2025,17550,4388,1200,1350,0,0,24488,0,438.76,0,0,0,0,24488,Bank Transfer,SAR
PAY-002589,EMP-0113,2025-07,27-07-2025,12550,3138,1200,0,0,0,16888,1529.58,1843.34,0,0,0,1529.58,15358.42,Bank Transfer,SAR
PAY-002590,EMP-0114,2025-07,27-07-2025,11300,2825,1130,0,12.5,882.81,16137.81,0,282.5,0,1650,0,1650,14487.81,Bank Transfer,SAR
PAY-002591,EMP-0116,2025-07,27-07-2025,4550,1138,455,0,15,426.56,6569.56,0,113.76,0,0,0,0,6569.56,Bank Transfer,SAR
PAY-002592,EMP-0117,2025-07,27-07-2025,22450,5613,1200,0,0,0,29263,2736.14,3297.4,0,0,0,2736.14,26526.86,Bank Transfer,SAR
PAY-002593,EMP-0118,2025-07,27-07-2025,18200,4550,1200,0,0,0,23950,2218.13,2673.13,0,0,0,2218.13,21731.87,Bank Transfer,SAR
PAY-002594,EMP-0119,2025-07,27-07-2025,5300,1325,530,0,9.5,314.69,7469.69,0,132.5,0,0,0,0,7469.69,Bank Transfer,SAR
PAY-002595,EMP-0120,2025-07,27-07-2025,12250,3063,1200,0,6,459.38,16972.38,1493.02,1799.28,0,1200,0,2693.02,14279.36,Bank Transfer,SAR
PAY-002596,EMP-0121,2025-07,27-07-2025,4700,1175,470,0,0,0,6345,0,117.5,0,0,490,490,5855,Bank Transfer,SAR
PAY-002597,EMP-0122,2025-07,27-07-2025,5250,1313,525,0,7,229.69,7317.69,0,131.26,0,0,0,0,7317.69,Bank Transfer,SAR
PAY-002598,EMP-0123,2025-07,27-07-2025,5450,1363,545,0,0,0,7358,664.27,800.53,0,0,0,664.27,6693.73,Bank Transfer,SAR
PAY-002599,EMP-0124,2025-07,27-07-2025,28200,7050,1200,0,0,0,36450,3436.88,4141.88,0,2200,0,5636.88,30813.12,Bank Transfer,SAR
PAY-002600,EMP-0126,2025-07,27-07-2025,6100,1525,610,2500,17,648.13,11383.13,0,152.5,0,0,0,0,11383.13,WPS Transfer,SAR
PAY-002601,EMP-0127,2025-07,27-07-2025,9350,2338,935,0,0,0,12623,0,233.76,0,0,0,0,12623,Bank Transfer,SAR
PAY-002602,EMP-0129,2025-07,27-07-2025,4850,1213,485,0,3,90.94,6638.94,591.14,712.4,0,0,0,591.14,6047.8,Bank Transfer,SAR
PAY-002603,EMP-0130,2025-07,27-07-2025,6350,1588,635,0,3.5,138.91,8711.91,0,158.76,0,850,0,850,7861.91,Bank Transfer,SAR
PAY-002604,EMP-0131,2025-07,27-07-2025,20750,5188,1200,2400,0,0,29538,0,518.76,904.6,0,0,904.6,28633.4,Bank Transfer,SAR
PAY-002605,EMP-0132,2025-07,27-07-2025,5400,1350,540,0,0,0,7290,658.13,793.13,0,0,0,658.13,6631.87,Bank Transfer,SAR
PAY-002606,EMP-0133,2025-07,27-07-2025,11850,2963,1185,0,0,0,15998,0,296.26,0,0,0,0,15998,Bank Transfer,SAR
PAY-002607,EMP-0134,2025-07,27-07-2025,4750,1188,475,0,13,385.94,6798.94,0,118.76,0,0,0,0,6798.94,Bank Transfer,SAR
PAY-002608,EMP-0135,2025-07,27-07-2025,5700,1425,570,0,0,0,7695,0,142.5,0,0,0,0,7695,Bank Transfer,SAR
PAY-002609,EMP-0136,2025-07,27-07-2025,4850,1213,485,0,3,90.94,6638.94,0,121.26,0,0,0,0,6638.94,WPS Transfer,SAR
PAY-002610,EMP-0137,2025-07,27-07-2025,20100,5025,1200,0,0,0,26325,0,502.5,0,0,0,0,26325,Bank Transfer,SAR
PAY-002611,EMP-0138,2025-07,27-07-2025,17050,4263,1200,0,2.5,266.41,22779.41,0,426.26,750.43,0,0,750.43,22028.98,Bank Transfer,SAR
PAY-002612,EMP-0140,2025-07,27-07-2025,10050,2513,1005,0,0,0,13568,0,251.26,0,0,530,530,13038,Bank Transfer,SAR
PAY-002613,EMP-0141,2025-07,27-07-2025,6000,1500,600,0,0,0,8100,731.25,881.25,0,0,0,731.25,7368.75,Bank Transfer,SAR
PAY-002614,EMP-0142,2025-07,27-07-2025,4900,1225,490,0,0,0,6615,597.19,719.69,0,0,0,597.19,6017.81,Bank Transfer,SAR
PAY-002615,EMP-0145,2025-07,27-07-2025,5000,1250,500,0,10,312.5,7062.5,0,125,0,0,0,0,7062.5,Bank Transfer,SAR
PAY-002616,EMP-0146,2025-07,27-07-2025,17050,4263,1200,0,0,0,22513,2078.02,2504.28,0,0,0,2078.02,20434.98,Bank Transfer,SAR
PAY-002617,EMP-0148,2025-07,27-07-2025,20350,5088,1200,0,23,2925.31,29563.31,0,508.76,0,0,0,0,29563.31,Bank Transfer,SAR
PAY-002618,EMP-0149,2025-07,27-07-2025,20200,5050,1200,0,0,0,26450,2461.88,2966.88,881.67,0,0,3343.55,23106.45,Bank Transfer,SAR
PAY-002619,EMP-0150,2025-07,27-07-2025,17050,4263,1200,0,0,0,22513,2078.02,2504.28,0,0,0,2078.02,20434.98,Bank Transfer,SAR
PAY-002620,EMP-0151,2025-07,27-07-2025,16150,4038,1200,0,0,0,21388,1968.33,2372.09,0,0,0,1968.33,19419.67,Bank Transfer,SAR
PAY-002621,EMP-0152,2025-07,27-07-2025,21350,5338,1200,1000,0,0,28888,0,533.76,0,0,0,0,28888,Bank Transfer,SAR
PAY-002622,EMP-0153,2025-07,27-07-2025,12500,3125,1200,700,0,0,17525,1523.44,1835.94,0,0,0,1523.44,16001.56,WPS Transfer,SAR
PAY-002623,EMP-0155,2025-07,27-07-2025,28050,7013,1200,0,0,0,36263,0,701.26,1208.77,0,0,1208.77,35054.23,Bank Transfer,SAR
PAY-002624,EMP-0157,2025-07,27-07-2025,11300,2825,1130,0,0,0,15255,0,282.5,508.5,0,0,508.5,14746.5,Bank Transfer,SAR
PAY-002625,EMP-0158,2025-07,27-07-2025,4550,1138,455,0,17,483.44,6626.44,0,113.76,0,0,0,0,6626.44,Bank Transfer,SAR
PAY-002626,EMP-0159,2025-07,27-07-2025,4650,1163,465,250,10,290.63,6818.63,566.77,683.03,0,0,0,566.77,6251.86,Bank Transfer,SAR
PAY-002627,EMP-0160,2025-07,27-07-2025,6000,1500,600,0,0,0,8100,731.25,881.25,0,600,0,1331.25,6768.75,Bank Transfer,SAR
PAY-002628,EMP-0161,2025-07,27-07-2025,25100,6275,1200,0,0,0,32575,3059.06,3686.56,0,0,0,3059.06,29515.94,Bank Transfer,SAR
PAY-002629,EMP-0162,2025-07,27-07-2025,10350,2588,1035,0,2,129.38,14102.38,0,258.76,0,0,0,0,14102.38,Bank Transfer,SAR
PAY-002630,EMP-0163,2025-07,27-07-2025,3850,963,385,0,20.5,493.28,5691.28,469.27,565.53,0,800,0,1269.27,4422.01,Bank Transfer,SAR
PAY-002631,EMP-0164,2025-07,27-07-2025,6250,1563,625,250,0,0,8688,761.77,918.03,0,1200,0,1961.77,6726.23,Bank Transfer,SAR
PAY-002632,EMP-0165,2025-07,27-07-2025,4500,1125,450,0,0,0,6075,0,112.5,0,0,0,0,6075,Bank Transfer,SAR
PAY-002633,EMP-0167,2025-07,27-07-2025,3450,863,345,0,0,0,4658,420.52,506.78,621.07,0,0,1041.59,3616.41,Bank Transfer,SAR
PAY-002634,EMP-0168,2025-07,27-07-2025,11900,2975,1190,750,0,0,16815,0,297.5,0,1050,0,1050,15765,Bank Transfer,SAR
PAY-002635,EMP-0169,2025-07,27-07-2025,3250,813,325,500,0,0,4888,0,81.26,0,0,0,0,4888,WPS Transfer,SAR
PAY-002636,EMP-0170,2025-07,27-07-2025,7550,1888,755,0,24,1132.5,11325.5,920.21,1108.96,0,0,0,920.21,10405.29,WPS Transfer,SAR
PAY-002637,EMP-0171,2025-07,27-07-2025,8550,2138,855,0,0,0,11543,0,213.76,0,0,0,0,11543,Bank Transfer,SAR
PAY-002638,EMP-0172,2025-07,27-07-2025,7650,1913,765,1650,20.5,980.16,12958.16,932.39,1123.65,0,0,0,932.39,12025.77,Bank Transfer,SAR
PAY-002639,EMP-0173,2025-07,27-07-2025,8850,2213,885,0,2.5,138.28,12086.28,0,221.26,0,0,0,0,12086.28,WPS Transfer,SAR
PAY-002640,EMP-0174,2025-07,27-07-2025,6300,1575,630,0,0,0,8505,767.81,925.31,0,950,0,1717.81,6787.19,Bank Transfer,SAR
PAY-002641,EMP-0175,2025-07,27-07-2025,4500,1125,450,2050,0,0,8125,548.44,660.94,0,0,0,548.44,7576.56,Bank Transfer,SAR
PAY-002642,EMP-0176,2025-07,27-07-2025,6100,1525,610,0,0,0,8235,743.44,895.94,0,0,0,743.44,7491.56,WPS Transfer,SAR
PAY-002643,EMP-0177,2025-07,27-07-2025,4400,1100,440,0,0,0,5940,0,110,0,0,0,0,5940,Bank Transfer,SAR
PAY-002644,EMP-0178,2025-07,27-07-2025,4600,1150,460,0,19.5,560.63,6770.63,560.63,675.63,0,0,0,560.63,6210,Bank Transfer,SAR
PAY-002645,EMP-0179,2025-07,27-07-2025,4750,1188,475,650,0,0,7063,578.96,697.71,213.77,0,0,792.73,6270.27,Bank Transfer,SAR
PAY-002646,EMP-0180,2025-07,27-07-2025,4600,1150,460,1200,5,143.75,7553.75,0,115,0,650,0,650,6903.75,Bank Transfer,SAR
PAY-002647,EMP-0182,2025-07,27-07-2025,7450,1863,745,0,0,0,10058,0,186.26,0,0,0,0,10058,Bank Transfer,SAR
PAY-002648,EMP-0183,2025-07,27-07-2025,4700,1175,470,2350,16,470,9165,572.81,690.31,0,0,0,572.81,8592.19,Bank Transfer,SAR
PAY-002649,EMP-0184,2025-07,27-07-2025,8900,2225,890,650,0,0,12665,0,222.5,0,0,0,0,12665,Bank Transfer,SAR
PAY-002650,EMP-0186,2025-07,27-07-2025,3250,813,325,1000,0,0,5388,396.14,477.4,0,0,0,396.14,4991.86,Bank Transfer,SAR
PAY-002651,EMP-0187,2025-07,27-07-2025,7150,1788,715,550,0,0,10203,0,178.76,0,0,0,0,10203,Bank Transfer,SAR
PAY-002652,EMP-0188,2025-07,27-07-2025,8550,2138,855,0,0,0,11543,1042.08,1255.84,0,0,0,1042.08,10500.92,Bank Transfer,SAR
PAY-002653,EMP-0189,2025-07,27-07-2025,3450,863,345,0,0,0,4658,0,86.26,0,0,0,0,4658,Bank Transfer,SAR
PAY-002654,EMP-0190,2025-07,27-07-2025,4750,1188,475,0,20.5,608.59,7021.59,0,118.76,213.77,0,170,383.77,6637.82,Bank Transfer,SAR
PAY-002655,EMP-0191,2025-07,27-07-2025,3800,950,380,750,0,0,5880,0,95,0,0,0,0,5880,Bank Transfer,SAR
PAY-002656,EMP-0193,2025-07,27-07-2025,3650,913,365,1150,0,0,6078,0,91.26,0,0,0,0,6078,Bank Transfer,SAR
PAY-002657,EMP-0194,2025-07,27-07-2025,4750,1188,475,1900,21.5,638.28,8951.28,0,118.76,0,0,0,0,8951.28,Bank Transfer,SAR
PAY-002658,EMP-0195,2025-07,27-07-2025,6150,1538,615,0,0,0,8303,0,153.76,0,0,0,0,8303,Bank Transfer,SAR
PAY-002659,EMP-0196,2025-07,27-07-2025,8550,2138,855,1850,0,0,13393,0,213.76,0,0,0,0,13393,Bank Transfer,SAR
PAY-002660,EMP-0197,2025-07,27-07-2025,12000,3000,1200,0,0,0,16200,0,300,0,0,0,0,16200,Bank Transfer,SAR
PAY-002661,EMP-0198,2025-07,27-07-2025,3400,850,340,0,0,0,4590,0,85,0,0,0,0,4590,Bank Transfer,SAR
PAY-002662,EMP-0199,2025-07,27-07-2025,7700,1925,770,1250,18.5,890.31,12535.31,0,192.5,0,900,0,900,11635.31,Bank Transfer,SAR
PAY-002663,EMP-0200,2025-07,27-07-2025,11500,2875,1150,0,14,1006.25,16531.25,0,287.5,0,0,0,0,16531.25,Bank Transfer,SAR
PAY-002664,EMP-0201,2025-07,27-07-2025,3700,925,370,0,0,0,4995,0,92.5,0,0,480,480,4515,Bank Transfer,SAR
PAY-002665,EMP-0202,2025-07,27-07-2025,8800,2200,880,0,20,1100,12980,1072.5,1292.5,0,0,0,1072.5,11907.5,Bank Transfer,SAR
PAY-002666,EMP-0203,2025-07,27-07-2025,4150,1038,415,450,0,0,6053,505.83,609.59,0,0,0,505.83,5547.17,Bank Transfer,SAR
PAY-002667,EMP-0205,2025-07,27-07-2025,4450,1113,445,550,0,0,6558,542.39,653.65,200.27,0,0,742.66,5815.34,Bank Transfer,SAR
PAY-002668,EMP-0207,2025-07,27-07-2025,4450,1113,445,0,26,723.13,6731.13,0,111.26,0,0,0,0,6731.13,Bank Transfer,SAR
PAY-002669,EMP-0209,2025-07,27-07-2025,3500,875,350,0,0,0,4725,0,87.5,0,0,0,0,4725,Bank Transfer,SAR
PAY-002670,EMP-0210,2025-07,27-07-2025,6850,1713,685,700,23,984.69,10932.69,834.89,1006.15,0,0,0,834.89,10097.8,Bank Transfer,SAR
PAY-002671,EMP-0211,2025-07,27-07-2025,4450,1113,445,1800,0,0,7808,0,111.26,0,0,0,0,7808,Bank Transfer,SAR
PAY-002672,EMP-0212,2025-07,27-07-2025,8700,2175,870,0,0,0,11745,1060.31,1277.81,0,0,0,1060.31,10684.69,Bank Transfer,SAR
PAY-002673,EMP-0213,2025-07,27-07-2025,3650,913,365,0,11,250.94,5178.94,444.89,536.15,0,0,0,444.89,4734.05,Bank Transfer,SAR
PAY-002674,EMP-0214,2025-07,27-07-2025,3250,813,325,0,0,0,4388,396.14,477.4,0,0,0,396.14,3991.86,Bank Transfer,SAR
PAY-002675,EMP-0215,2025-07,27-07-2025,3300,825,330,0,0,0,4455,0,82.5,0,0,0,0,4455,Bank Transfer,SAR
PAY-002676,EMP-0216,2025-07,27-07-2025,7650,1913,765,2400,0,0,12728,932.39,1123.65,0,0,0,932.39,11795.61,Bank Transfer,SAR
PAY-002677,EMP-0217,2025-07,27-07-2025,3450,863,345,0,0,0,4658,0,86.26,0,0,0,0,4658,Bank Transfer,SAR
PAY-002678,EMP-0218,2025-07,27-07-2025,4200,1050,420,0,0,0,5670,0,105,0,0,0,0,5670,Bank Transfer,SAR
PAY-002679,EMP-0219,2025-07,27-07-2025,3500,875,350,0,0,0,4725,426.56,514.06,157.5,0,0,584.06,4140.94,Bank Transfer,SAR
PAY-002680,EMP-0220,2025-07,27-07-2025,3950,988,395,0,12,296.25,5629.25,481.46,580.21,0,0,0,481.46,5147.79,Bank Transfer,SAR
PAY-002681,EMP-0221,2025-07,27-07-2025,25950,6488,1200,0,0,0,33638,3162.71,3811.46,0,0,0,3162.71,30475.29,Bank Transfer,SAR
PAY-002682,EMP-0222,2025-07,27-07-2025,3700,925,370,0,0,0,4995,0,92.5,0,0,0,0,4995,Bank Transfer,SAR
PAY-002683,EMP-0223,2025-07,27-07-2025,7500,1875,750,0,0,0,10125,0,187.5,675,0,0,675,9450,Bank Transfer,SAR
PAY-002684,EMP-0225,2025-07,27-07-2025,11800,2950,1180,0,3,221.25,16151.25,1438.13,1733.13,0,0,0,1438.13,14713.12,Bank Transfer,SAR
PAY-002685,EMP-0226,2025-07,27-07-2025,3350,838,335,0,2.5,52.34,4575.34,0,83.76,0,0,0,0,4575.34,Bank Transfer,SAR
PAY-002686,EMP-0227,2025-07,27-07-2025,4650,1163,465,0,0,0,6278,566.77,683.03,0,0,0,566.77,5711.23,Bank Transfer,SAR
PAY-002687,EMP-0228,2025-07,27-07-2025,4400,1100,440,300,0,0,6240,0,110,396,1700,0,2096,4144,Bank Transfer,SAR
PAY-002688,EMP-0229,2025-07,27-07-2025,3550,888,355,450,0,0,5243,0,88.76,0,0,0,0,5243,Bank Transfer,SAR
PAY-002689,EMP-0230,2025-07,27-07-2025,4650,1163,465,0,12.5,363.28,6641.28,566.77,683.03,0,950,0,1516.77,5124.51,Bank Transfer,SAR
PAY-002690,EMP-0231,2025-07,27-07-2025,4450,1113,445,0,22,611.88,6619.88,0,111.26,0,0,0,0,6619.88,Bank Transfer,SAR
PAY-002691,EMP-0232,2025-07,27-07-2025,4300,1075,430,0,0,0,5805,0,107.5,387,0,0,387,5418,Bank Transfer,SAR
PAY-002692,EMP-0236,2025-07,27-07-2025,3250,813,325,1550,0,0,5938,0,81.26,0,0,0,0,5938,Bank Transfer,SAR
PAY-002693,EMP-0237,2025-07,27-07-2025,4050,1013,405,1550,0,0,7018,493.64,594.9,0,0,0,493.64,6524.36,Bank Transfer,SAR
PAY-002694,EMP-0238,2025-07,27-07-2025,8750,2188,875,0,0,0,11813,0,218.76,0,0,0,0,11813,Bank Transfer,SAR
PAY-002695,EMP-0239,2025-07,27-07-2025,8650,2163,865,0,0,0,11678,0,216.26,0,0,0,0,11678,Bank Transfer,SAR
PAY-002696,EMP-0240,2025-07,27-07-2025,3550,888,355,0,21,465.94,5258.94,0,88.76,0,0,0,0,5258.94,Bank Transfer,SAR
PAY-002697,EMP-0241,2025-07,27-07-2025,11250,2813,1125,0,16,1125,16313,1371.14,1652.4,0,0,0,1371.14,14941.86,Bank Transfer,SAR
PAY-002698,EMP-0242,2025-07,27-07-2025,3500,875,350,850,0,0,5575,426.56,514.06,0,0,0,426.56,5148.44,Bank Transfer,SAR
PAY-002699,EMP-0243,2025-07,27-07-2025,3350,838,335,0,0,0,4523,0,83.76,0,0,0,0,4523,Bank Transfer,SAR
PAY-002700,EMP-0244,2025-07,27-07-2025,8550,2138,855,600,0,0,12143,1042.08,1255.84,0,0,0,1042.08,11100.92,Bank Transfer,SAR
PAY-002701,EMP-0245,2025-07,27-07-2025,4100,1025,410,0,0,0,5535,499.69,602.19,0,0,0,499.69,5035.31,Bank Transfer,SAR
PAY-002702,EMP-0246,2025-07,27-07-2025,4600,1150,460,0,21,603.75,6813.75,560.63,675.63,0,0,0,560.63,6253.12,Bank Transfer,SAR
PAY-002703,EMP-0247,2025-07,27-07-2025,3850,963,385,0,0,0,5198,0,96.26,0,0,0,0,5198,Bank Transfer,SAR
PAY-002704,EMP-0248,2025-07,27-07-2025,8500,2125,850,0,3.5,185.94,11660.94,1035.94,1248.44,0,0,0,1035.94,10625,Bank Transfer,SAR
PAY-002705,EMP-0249,2025-07,27-07-2025,8600,2150,860,1250,0,0,12860,0,215,0,0,0,0,12860,Bank Transfer,SAR
PAY-002706,EMP-0250,2025-07,27-07-2025,3950,988,395,0,0,0,5333,0,98.76,0,0,0,0,5333,Bank Transfer,SAR
PAY-002707,EMP-0252,2025-07,27-07-2025,7200,1800,720,0,10,450,10170,877.5,1057.5,0,0,0,877.5,9292.5,Bank Transfer,SAR
PAY-002708,EMP-0253,2025-07,27-07-2025,4350,1088,435,0,20,543.75,6416.75,530.21,638.96,0,0,0,530.21,5886.54,Bank Transfer,SAR
PAY-002709,EMP-0254,2025-07,27-07-2025,3200,800,320,0,6,120,4440,390,470,0,0,0,390,4050,Bank Transfer,SAR
PAY-002710,EMP-0256,2025-07,27-07-2025,3400,850,340,500,20,425,5515,0,85,0,0,0,0,5515,Bank Transfer,SAR
PAY-002711,EMP-0257,2025-07,27-07-2025,9150,2288,915,0,0,0,12353,0,228.76,0,0,0,0,12353,Bank Transfer,SAR
PAY-002712,EMP-0258,2025-07,27-07-2025,4400,1100,440,0,0,0,5940,0,110,0,1750,0,1750,4190,Bank Transfer,SAR
PAY-002713,EMP-0260,2025-07,27-07-2025,10550,2638,1055,0,15,989.06,15232.06,0,263.76,0,0,340,340,14892.06,WPS Transfer,SAR
PAY-002714,EMP-0261,2025-07,27-07-2025,7450,1863,745,0,0,0,10058,0,186.26,0,0,0,0,10058,Bank Transfer,SAR
PAY-002715,EMP-0262,2025-07,27-07-2025,4450,1113,445,0,5,139.06,6147.06,542.39,653.65,0,0,0,542.39,5604.67,Bank Transfer,SAR
PAY-002716,EMP-0263,2025-07,27-07-2025,11700,2925,1170,0,2.5,182.81,15977.81,1425.94,1718.44,0,0,0,1425.94,14551.87,Bank Transfer,SAR
PAY-002717,EMP-0264,2025-07,27-07-2025,4500,1125,450,0,25.5,717.19,6792.19,548.44,660.94,0,0,0,548.44,6243.75,Bank Transfer,SAR
PAY-002718,EMP-0265,2025-07,27-07-2025,8850,2213,885,0,0,0,11948,0,221.26,0,0,0,0,11948,Bank Transfer,SAR
PAY-002719,EMP-0266,2025-07,27-07-2025,8900,2225,890,0,0,0,12015,1084.69,1307.19,0,0,440,1524.69,10490.31,Bank Transfer,SAR
PAY-002720,EMP-0267,2025-07,27-07-2025,9150,2288,915,0,20,1143.75,13496.75,0,228.76,0,0,0,0,13496.75,Bank Transfer,SAR
PAY-002721,EMP-0268,2025-07,27-07-2025,4300,1075,430,0,21,564.38,6369.38,0,107.5,387,0,500,887,5482.38,Bank Transfer,SAR
PAY-002722,EMP-0269,2025-07,27-07-2025,4450,1113,445,0,0,0,6008,0,111.26,0,0,0,0,6008,Bank Transfer,SAR
PAY-002723,EMP-0272,2025-07,27-07-2025,4200,1050,420,1250,8.5,223.13,7143.13,0,105,0,0,0,0,7143.13,Bank Transfer,SAR
PAY-002724,EMP-0273,2025-07,27-07-2025,4750,1188,475,0,0,0,6413,578.96,697.71,0,0,0,578.96,5834.04,Bank Transfer,SAR
PAY-002725,EMP-0274,2025-07,27-07-2025,10550,2638,1055,1700,0,0,15943,0,263.76,0,1600,0,1600,14343,Bank Transfer,SAR
PAY-002726,EMP-0275,2025-07,27-07-2025,13900,3475,1200,0,0,0,18575,1694.06,2041.56,619.17,0,0,2313.23,16261.77,Bank Transfer,SAR
PAY-002727,EMP-0277,2025-07,27-07-2025,8700,2175,870,0,16.5,897.19,12642.19,1060.31,1277.81,0,0,0,1060.31,11581.88,Bank Transfer,SAR
PAY-002728,EMP-0278,2025-07,27-07-2025,10350,2588,1035,0,0,0,13973,1261.46,1520.22,0,0,590,1851.46,12121.54,Bank Transfer,SAR
PAY-002729,EMP-0279,2025-07,27-07-2025,10300,2575,1030,0,0,0,13905,1255.31,1512.81,0,0,0,1255.31,12649.69,Bank Transfer,SAR
PAY-002730,EMP-0280,2025-07,27-07-2025,4350,1088,435,0,0,0,5873,0,108.76,0,0,0,0,5873,Bank Transfer,SAR
PAY-002731,EMP-0281,2025-07,27-07-2025,4350,1088,435,0,0,0,5873,0,108.76,0,0,0,0,5873,Bank Transfer,SAR
PAY-002732,EMP-0282,2025-07,27-07-2025,8750,2188,875,1900,11,601.56,14314.56,1066.46,1285.21,0,1950,0,3016.46,11298.1,Bank Transfer,SAR
PAY-002733,EMP-0283,2025-07,27-07-2025,3650,913,365,1800,0,0,6728,0,91.26,0,0,0,0,6728,Cheque,SAR
PAY-002734,EMP-0286,2025-07,27-07-2025,3900,975,390,0,0,0,5265,0,97.5,0,1850,0,1850,3415,Bank Transfer,SAR
PAY-002735,EMP-0287,2025-07,27-07-2025,8850,2213,885,0,15.5,857.34,12805.34,0,221.26,0,0,0,0,12805.34,Bank Transfer,SAR
PAY-002736,EMP-0288,2025-07,27-07-2025,4350,1088,435,0,0,0,5873,530.21,638.96,0,0,0,530.21,5342.79,Bank Transfer,SAR
PAY-002737,EMP-0289,2025-07,27-07-2025,4650,1163,465,0,0,0,6278,566.77,683.03,0,0,0,566.77,5711.23,Bank Transfer,SAR
PAY-002738,EMP-0290,2025-07,27-07-2025,3950,988,395,0,7,172.81,5505.81,481.46,580.21,0,0,0,481.46,5024.35,Bank Transfer,SAR
PAY-002739,EMP-0292,2025-07,27-07-2025,4750,1188,475,0,0,0,6413,578.96,697.71,0,0,0,578.96,5834.04,Bank Transfer,SAR
PAY-002740,EMP-0293,2025-07,27-07-2025,8500,2125,850,0,0,0,11475,1035.94,1248.44,0,0,460,1495.94,9979.06,Bank Transfer,SAR
PAY-002741,EMP-0294,2025-07,27-07-2025,4400,1100,440,0,17.5,481.25,6421.25,536.25,646.25,0,0,0,536.25,5885,Bank Transfer,SAR
PAY-002742,EMP-0295,2025-07,27-07-2025,11000,2750,1100,0,0,0,14850,0,275,990,0,0,990,13860,Bank Transfer,SAR
PAY-002743,EMP-0296,2025-07,27-07-2025,15050,3763,1200,0,0,0,20013,1834.27,2210.53,0,750,0,2584.27,17428.73,Bank Transfer,SAR
PAY-002744,EMP-0297,2025-07,27-07-2025,4400,1100,440,0,15.5,426.25,6366.25,536.25,646.25,0,0,0,536.25,5830,Bank Transfer,SAR
PAY-002745,EMP-0300,2025-07,27-07-2025,12700,3175,1200,1200,0,0,18275,0,317.5,1138.33,1300,0,2438.33,15836.67,Bank Transfer,SAR
PAY-002746,EMP-0301,2025-07,27-07-2025,8700,2175,870,0,0,0,11745,0,217.5,0,0,0,0,11745,Bank Transfer,SAR
PAY-002747,EMP-0303,2025-07,27-07-2025,9200,2300,920,0,0,0,12420,0,230,0,0,0,0,12420,Bank Transfer,SAR
PAY-002748,EMP-0304,2025-07,27-07-2025,11500,2875,1150,0,9.5,682.81,16207.81,0,287.5,517.5,0,0,517.5,15690.31,Bank Transfer,SAR
PAY-002749,EMP-0305,2025-07,27-07-2025,3850,963,385,2000,3,72.19,7270.19,469.27,565.53,0,0,0,469.27,6800.92,Bank Transfer,SAR
PAY-002750,EMP-0306,2025-07,27-07-2025,4800,1200,480,0,17,510,6990,0,120,0,0,0,0,6990,Bank Transfer,SAR
PAY-002751,EMP-0307,2025-07,27-07-2025,9450,2363,945,550,0,0,13308,0,236.26,850.53,0,0,850.53,12457.47,Bank Transfer,SAR
PAY-002752,EMP-0308,2025-07,27-07-2025,10900,2725,1090,0,0,0,14715,0,272.5,0,0,0,0,14715,Bank Transfer,SAR
PAY-002753,EMP-0309,2025-07,27-07-2025,3800,950,380,0,13,308.75,5438.75,0,95,0,550,0,550,4888.75,Bank Transfer,SAR
PAY-002754,EMP-0310,2025-07,27-07-2025,10450,2613,1045,0,0,0,14108,0,261.26,0,0,0,0,14108,Bank Transfer,SAR
PAY-002755,EMP-0311,2025-07,27-07-2025,15900,3975,1200,0,0,0,21075,0,397.5,0,0,0,0,21075,Bank Transfer,SAR
PAY-002756,EMP-0312,2025-07,27-07-2025,14350,3588,1200,0,0,0,19138,0,358.76,0,0,0,0,19138,Bank Transfer,SAR
PAY-002757,EMP-0313,2025-07,27-07-2025,11900,2975,1190,0,25.5,1896.56,17961.56,0,297.5,0,0,50,50,17911.56,Bank Transfer,SAR
PAY-002758,EMP-0314,2025-07,27-07-2025,3650,913,365,0,0,0,4928,444.89,536.15,0,0,0,444.89,4483.11,Bank Transfer,SAR
PAY-002759,EMP-0315,2025-07,27-07-2025,11600,2900,1160,0,25,1812.5,17472.5,1413.75,1703.75,0,0,0,1413.75,16058.75,Bank Transfer,SAR
PAY-002760,EMP-0316,2025-07,27-07-2025,15200,3800,1200,0,0,0,20200,0,380,0,0,0,0,20200,Bank Transfer,SAR
PAY-002761,EMP-0318,2025-07,27-07-2025,4100,1025,410,0,0,0,5535,499.69,602.19,0,0,0,499.69,5035.31,Bank Transfer,SAR
PAY-002762,EMP-0320,2025-07,27-07-2025,8750,2188,875,0,0,0,11813,0,218.76,0,0,0,0,11813,Bank Transfer,SAR
PAY-002763,EMP-0321,2025-07,27-07-2025,21300,5325,1200,0,0,0,27825,2595.94,3128.44,0,0,0,2595.94,25229.06,WPS Transfer,SAR
PAY-002764,EMP-0322,2025-07,27-07-2025,8700,2175,870,550,16.5,897.19,13192.19,1060.31,1277.81,0,0,0,1060.31,12131.88,Bank Transfer,SAR
PAY-002765,EMP-0324,2025-07,27-07-2025,6100,1525,610,0,0,0,8235,0,152.5,0,300,0,300,7935,Bank Transfer,SAR
PAY-002766,EMP-0325,2025-07,27-07-2025,11300,2825,1130,0,0,0,15255,0,282.5,0,0,0,0,15255,WPS Transfer,SAR
PAY-002767,EMP-0326,2025-07,27-07-2025,5000,1250,500,0,0,0,6750,0,125,0,400,0,400,6350,Bank Transfer,SAR
PAY-002768,EMP-0327,2025-07,27-07-2025,9400,2350,940,2200,0,0,14890,0,235,0,0,0,0,14890,Bank Transfer,SAR
PAY-002769,EMP-0328,2025-07,27-07-2025,10850,2713,1085,1600,0,0,16248,1322.39,1593.65,0,0,0,1322.39,14925.61,Bank Transfer,SAR
PAY-002770,EMP-0329,2025-07,27-07-2025,10700,2675,1070,0,0,0,14445,0,267.5,0,0,0,0,14445,Bank Transfer,SAR
PAY-002771,EMP-0331,2025-07,27-07-2025,11600,2900,1160,0,7,507.5,16167.5,0,290,0,0,60,60,16107.5,WPS Transfer,SAR
PAY-002772,EMP-0332,2025-07,27-07-2025,5350,1338,535,0,0,0,7223,652.08,785.84,0,0,0,652.08,6570.92,Bank Transfer,SAR
PAY-002773,EMP-0333,2025-07,27-07-2025,4700,1175,470,0,0,0,6345,0,117.5,0,950,0,950,5395,Bank Transfer,SAR
PAY-002774,EMP-0334,2025-07,27-07-2025,15550,3888,1200,0,0,0,20638,0,388.76,687.93,0,0,687.93,19950.07,Bank Transfer,SAR
PAY-002775,EMP-0335,2025-07,27-07-2025,12650,3163,1200,0,0,0,17013,0,316.26,1134.2,0,0,1134.2,15878.8,Bank Transfer,SAR
PAY-002776,EMP-0336,2025-07,27-07-2025,5000,1250,500,0,0,0,6750,0,125,0,0,0,0,6750,WPS Transfer,SAR
PAY-002777,EMP-0337,2025-07,27-07-2025,8750,2188,875,1500,0,0,13313,1066.46,1285.21,0,0,0,1066.46,12246.54,Bank Transfer,SAR
PAY-002778,EMP-0338,2025-07,27-07-2025,11550,2888,1155,650,0,0,16243,0,288.76,0,0,0,0,16243,Bank Transfer,SAR
PAY-002779,EMP-0339,2025-07,27-07-2025,12400,3100,1200,2150,0,0,18850,1511.25,1821.25,0,0,0,1511.25,17338.75,Bank Transfer,SAR
PAY-002780,EMP-0340,2025-07,27-07-2025,11200,2800,1120,0,9.5,665,15785,0,280,0,0,0,0,15785,Bank Transfer,SAR
PAY-002781,EMP-0341,2025-07,27-07-2025,4900,1225,490,0,0,0,6615,0,122.5,0,0,0,0,6615,Bank Transfer,SAR
PAY-002782,EMP-0342,2025-07,27-07-2025,8500,2125,850,0,25,1328.13,12803.13,1035.94,1248.44,0,0,0,1035.94,11767.19,Bank Transfer,SAR
PAY-002783,EMP-0343,2025-07,27-07-2025,5300,1325,530,0,3.5,115.94,7270.94,0,132.5,0,0,0,0,7270.94,Bank Transfer,SAR
PAY-002784,EMP-0344,2025-07,27-07-2025,11000,2750,1100,0,0,0,14850,0,275,0,1400,0,1400,13450,Bank Transfer,SAR
PAY-002785,EMP-0347,2025-07,27-07-2025,5550,1388,555,1500,22.5,780.47,9773.47,0,138.76,0,0,0,0,9773.47,Bank Transfer,SAR
PAY-002786,EMP-0349,2025-07,27-07-2025,10850,2713,1085,450,0,0,15098,0,271.26,488.27,0,0,488.27,14609.73,Bank Transfer,SAR
PAY-002787,EMP-0350,2025-07,27-07-2025,13050,3263,1200,0,5,407.81,17920.81,1590.52,1916.78,583.77,0,0,2174.29,15746.52,Bank Transfer,SAR
PAY-002788,EMP-0351,2025-07,27-07-2025,14350,3588,1200,0,0,0,19138,1748.96,2107.71,0,650,0,2398.96,16739.04,Bank Transfer,SAR
PAY-002789,EMP-0352,2025-07,27-07-2025,10200,2550,1020,0,8,510,14280,0,255,0,0,0,0,14280,Bank Transfer,SAR
PAY-002790,EMP-0353,2025-07,27-07-2025,10650,2663,1065,0,0,0,14378,1298.02,1564.28,0,0,0,1298.02,13079.98,Bank Transfer,SAR
PAY-002791,EMP-0354,2025-07,27-07-2025,12400,3100,1200,0,10,775,17475,1511.25,1821.25,0,0,0,1511.25,15963.75,Bank Transfer,SAR
PAY-002792,EMP-0355,2025-07,27-07-2025,4700,1175,470,1950,6,176.25,8471.25,0,117.5,0,0,0,0,8471.25,Bank Transfer,SAR
PAY-002793,EMP-0356,2025-07,27-07-2025,5700,1425,570,0,0,0,7695,694.69,837.19,0,0,0,694.69,7000.31,Bank Transfer,SAR
PAY-002794,EMP-0357,2025-07,27-07-2025,12700,3175,1200,2050,0,0,19125,0,317.5,0,0,280,280,18845,Bank Transfer,SAR
PAY-002795,EMP-0358,2025-07,27-07-2025,6500,1625,650,400,0,0,9175,792.19,954.69,0,0,0,792.19,8382.81,Bank Transfer,SAR
PAY-002796,EMP-0359,2025-07,27-07-2025,4550,1138,455,0,16.5,469.22,6612.22,554.58,668.34,0,1450,0,2004.58,4607.64,Bank Transfer,SAR
PAY-002797,EMP-0360,2025-07,27-07-2025,15300,3825,1200,0,23,2199.38,22524.38,0,382.5,0,0,0,0,22524.38,Bank Transfer,SAR
PAY-002798,EMP-0361,2025-07,27-07-2025,28350,7088,1200,1850,0,0,38488,0,708.76,0,0,0,0,38488,Bank Transfer,SAR
PAY-002799,EMP-0362,2025-07,27-07-2025,7050,1763,705,0,17,749.06,10267.06,859.27,1035.53,0,0,0,859.27,9407.79,Bank Transfer,SAR
PAY-002800,EMP-0363,2025-07,27-07-2025,6900,1725,690,0,25,1078.13,10393.13,840.94,1013.44,0,0,0,840.94,9552.19,Bank Transfer,SAR
PAY-002801,EMP-0364,2025-07,27-07-2025,6050,1513,605,0,0,0,8168,737.39,888.65,0,0,0,737.39,7430.61,Bank Transfer,SAR
PAY-002802,EMP-0366,2025-07,27-07-2025,12100,3025,1200,2450,0,0,18775,1474.69,1777.19,544.17,0,0,2018.86,16756.14,Bank Transfer,SAR
PAY-002803,EMP-0368,2025-07,27-07-2025,26850,6713,1200,450,0,0,35213,0,671.26,0,0,0,0,35213,Bank Transfer,SAR
PAY-002804,EMP-0369,2025-07,27-07-2025,7050,1763,705,0,0,0,9518,859.27,1035.53,0,0,0,859.27,8658.73,Bank Transfer,SAR
PAY-002805,EMP-0370,2025-07,27-07-2025,7150,1788,715,1900,24.5,1094.84,12647.84,871.46,1050.21,0,0,0,871.46,11776.38,Bank Transfer,SAR
PAY-002806,EMP-0372,2025-07,27-07-2025,7450,1863,745,2250,0,0,12308,0,186.26,0,0,0,0,12308,Bank Transfer,SAR
PAY-002807,EMP-0373,2025-07,27-07-2025,26000,6500,1200,0,0,0,33700,3168.75,3818.75,0,0,0,3168.75,30531.25,Bank Transfer,SAR
PAY-002808,EMP-0374,2025-07,27-07-2025,8650,2163,865,0,10.5,567.66,12245.66,0,216.26,389.27,0,0,389.27,11856.39,Bank Transfer,SAR
PAY-002809,EMP-0375,2025-07,27-07-2025,9600,2400,960,500,0,0,13460,0,240,0,0,0,0,13460,WPS Transfer,SAR
PAY-002810,EMP-0376,2025-07,27-07-2025,26700,6675,1200,0,0,0,34575,0,667.5,0,0,0,0,34575,Bank Transfer,SAR
PAY-002811,EMP-0377,2025-07,27-07-2025,15650,3913,1200,850,20,1956.25,23569.25,0,391.26,0,0,0,0,23569.25,Bank Transfer,SAR
PAY-002812,EMP-0378,2025-07,27-07-2025,12300,3075,1200,0,18.5,1422.19,17997.19,0,307.5,0,0,0,0,17997.19,Bank Transfer,SAR
PAY-002813,EMP-0379,2025-07,27-07-2025,16750,4188,1200,0,7,732.81,22870.81,2041.46,2460.21,0,350,0,2391.46,20479.35,Bank Transfer,SAR
PAY-002814,EMP-0381,2025-07,27-07-2025,8300,2075,830,0,17.5,907.81,12112.81,1011.56,1219.06,0,1350,140,2501.56,9611.25,Bank Transfer,SAR
PAY-002815,EMP-0382,2025-07,27-07-2025,12900,3225,1200,0,0,0,17325,1572.19,1894.69,0,0,0,1572.19,15752.81,Bank Transfer,SAR
PAY-002816,EMP-0383,2025-07,27-07-2025,8250,2063,825,0,0,0,11138,1005.52,1211.78,0,0,0,1005.52,10132.48,Bank Transfer,SAR
PAY-002817,EMP-0384,2025-07,27-07-2025,13550,3388,1200,0,0,0,18138,0,338.76,0,0,0,0,18138,Bank Transfer,SAR
PAY-002818,EMP-0385,2025-07,27-07-2025,6650,1663,665,2000,12.5,519.53,11497.53,810.52,976.78,0,0,0,810.52,10687.01,Bank Transfer,SAR
PAY-002819,EMP-0387,2025-07,27-07-2025,7700,1925,770,0,6,288.75,10683.75,938.44,1130.94,0,0,0,938.44,9745.31,Bank Transfer,SAR
PAY-002820,EMP-0388,2025-07,27-07-2025,8300,2075,830,0,7,363.13,11568.13,1011.56,1219.06,0,0,0,1011.56,10556.57,Bank Transfer,SAR
PAY-002821,EMP-0389,2025-07,27-07-2025,8650,2163,865,0,0,0,11678,0,216.26,0,0,0,0,11678,Bank Transfer,SAR
PAY-002822,EMP-0390,2025-07,27-07-2025,6250,1563,625,0,0,0,8438,0,156.26,0,0,0,0,8438,Bank Transfer,SAR
PAY-002823,EMP-0391,2025-07,27-07-2025,11600,2900,1160,0,0,0,15660,1413.75,1703.75,0,0,0,1413.75,14246.25,Bank Transfer,SAR
PAY-002824,EMP-0392,2025-07,27-07-2025,16550,4138,1200,0,0,0,21888,2017.08,2430.84,0,0,200,2217.08,19670.92,Bank Transfer,SAR
PAY-002825,EMP-0393,2025-07,27-07-2025,8700,2175,870,2050,5,271.88,14066.88,0,217.5,0,1100,0,1100,12966.88,Bank Transfer,SAR
PAY-002826,EMP-0394,2025-07,27-07-2025,11350,2838,1135,0,4,283.75,15606.75,0,283.76,0,0,0,0,15606.75,Bank Transfer,SAR
PAY-002827,EMP-0395,2025-07,27-07-2025,26050,6513,1200,0,0,0,33763,0,651.26,0,0,0,0,33763,Bank Transfer,SAR
PAY-002828,EMP-0398,2025-07,27-07-2025,12000,3000,1200,0,21.5,1612.5,17812.5,1462.5,1762.5,0,0,0,1462.5,16350,Bank Transfer,SAR
PAY-002829,EMP-0399,2025-07,27-07-2025,5350,1338,535,0,10.5,351.09,7574.09,0,133.76,0,0,0,0,7574.09,Bank Transfer,SAR
PAY-002830,EMP-0400,2025-07,27-07-2025,5050,1263,505,0,13.5,426.09,7244.09,0,126.26,0,0,0,0,7244.09,Bank Transfer,SAR
PAY-002831,EMP-0402,2025-07,27-07-2025,13000,3250,1200,0,0,0,17450,0,325,1163.33,0,0,1163.33,16286.67,Bank Transfer,SAR
PAY-002832,EMP-0403,2025-07,27-07-2025,8750,2188,875,2200,20.5,1121.09,15134.09,1066.46,1285.21,0,0,0,1066.46,14067.63,Bank Transfer,SAR
PAY-002833,EMP-0405,2025-07,27-07-2025,10950,2738,1095,0,10,684.38,15467.38,0,273.76,0,0,0,0,15467.38,Bank Transfer,SAR
PAY-002834,EMP-0406,2025-07,27-07-2025,12400,3100,1200,2000,0,0,18700,1511.25,1821.25,0,0,0,1511.25,17188.75,Bank Transfer,SAR
PAY-002835,EMP-0407,2025-07,27-07-2025,6150,1538,615,0,0,0,8303,0,153.76,553.53,1250,0,1803.53,6499.47,Bank Transfer,SAR
PAY-002836,EMP-0409,2025-07,27-07-2025,5450,1363,545,0,0,0,7358,664.27,800.53,0,0,440,1104.27,6253.73,Bank Transfer,SAR
PAY-002837,EMP-0410,2025-07,27-07-2025,6300,1575,630,0,0,0,8505,767.81,925.31,567,0,0,1334.81,7170.19,WPS Transfer,SAR
PAY-002838,EMP-0411,2025-07,27-07-2025,9350,2338,935,0,0,0,12623,1139.58,1373.34,0,0,0,1139.58,11483.42,Bank Transfer,SAR
PAY-002839,EMP-0412,2025-07,27-07-2025,6400,1600,640,0,0,0,8640,0,160,0,0,0,0,8640,Bank Transfer,SAR
PAY-002840,EMP-0413,2025-07,27-07-2025,11500,2875,1150,950,0,0,16475,1401.56,1689.06,0,0,0,1401.56,15073.44,Bank Transfer,SAR
PAY-002841,EMP-0414,2025-07,27-07-2025,6300,1575,630,0,16.5,649.69,9154.69,0,157.5,0,0,0,0,9154.69,Bank Transfer,SAR
PAY-002842,EMP-0415,2025-07,27-07-2025,5800,1450,580,0,7,253.75,8083.75,706.88,851.88,0,0,0,706.88,7376.87,Bank Transfer,SAR
PAY-002843,EMP-0416,2025-07,27-07-2025,4600,1150,460,750,0,0,6960,560.63,675.63,414,0,0,974.63,5985.37,Bank Transfer,SAR
PAY-002844,EMP-0417,2025-07,27-07-2025,5900,1475,590,0,17,626.88,8591.88,719.06,866.56,0,0,0,719.06,7872.82,Bank Transfer,SAR
PAY-002845,EMP-0419,2025-07,27-07-2025,5850,1463,585,0,25,914.06,8812.06,713.02,859.28,263.27,0,0,976.29,7835.77,Bank Transfer,SAR
PAY-002846,EMP-0420,2025-07,27-07-2025,4700,1175,470,0,0,0,6345,572.81,690.31,0,0,0,572.81,5772.19,Bank Transfer,SAR
PAY-002847,EMP-0421,2025-07,27-07-2025,12150,3038,1200,0,0,0,16388,1480.83,1784.59,0,0,0,1480.83,14907.17,Bank Transfer,SAR
PAY-002848,EMP-0422,2025-07,27-07-2025,9200,2300,920,0,0,0,12420,1121.25,1351.25,828,950,0,2899.25,9520.75,Bank Transfer,SAR
PAY-002849,EMP-0423,2025-07,27-07-2025,10250,2563,1025,0,0,0,13838,1249.27,1505.53,0,0,0,1249.27,12588.73,Bank Transfer,SAR
PAY-002850,EMP-0424,2025-07,27-07-2025,17650,4413,1200,0,6.5,717.03,23980.03,2151.14,2592.4,0,0,0,2151.14,21828.89,Bank Transfer,SAR
PAY-002851,EMP-0425,2025-07,27-07-2025,5950,1488,595,0,19.5,725.16,8758.16,0,148.76,0,0,0,0,8758.16,Bank Transfer,SAR
PAY-002852,EMP-0426,2025-07,27-07-2025,29150,7288,1200,0,0,0,37638,0,728.76,0,850,0,850,36788,Bank Transfer,SAR
PAY-002853,EMP-0427,2025-07,27-07-2025,7750,1938,775,0,0,0,10463,0,193.76,0,0,0,0,10463,Bank Transfer,SAR
PAY-002854,EMP-0428,2025-07,27-07-2025,10850,2713,1085,0,12,813.75,15461.75,0,271.26,0,0,0,0,15461.75,Bank Transfer,SAR
PAY-002855,EMP-0429,2025-07,27-07-2025,8300,2075,830,1750,0,0,12955,0,207.5,0,0,0,0,12955,Bank Transfer,SAR
PAY-002856,EMP-0430,2025-07,27-07-2025,6400,1600,640,0,21,840,9480,0,160,0,0,0,0,9480,Bank Transfer,SAR
PAY-002857,EMP-0431,2025-07,27-07-2025,8450,2113,845,0,0,0,11408,0,211.26,380.27,0,0,380.27,11027.73,Bank Transfer,SAR
PAY-002858,EMP-0432,2025-07,27-07-2025,8650,2163,865,0,0,0,11678,1054.27,1270.53,0,0,0,1054.27,10623.73,Bank Transfer,SAR
PAY-002859,EMP-0433,2025-07,27-07-2025,16100,4025,1200,500,21,2113.13,23938.13,0,402.5,0,0,0,0,23938.13,Bank Transfer,SAR
PAY-002860,EMP-0434,2025-07,27-07-2025,12250,3063,1200,0,4.5,344.53,16857.53,0,306.26,0,0,0,0,16857.53,Bank Transfer,SAR
PAY-002861,EMP-0435,2025-07,27-07-2025,8750,2188,875,0,0,0,11813,1066.46,1285.21,787.53,2100,0,3953.99,7859.01,Bank Transfer,SAR
PAY-002862,EMP-0436,2025-07,27-07-2025,7450,1863,745,1000,25.5,1187.34,12245.34,0,186.26,0,0,0,0,12245.34,Bank Transfer,SAR
PAY-002863,EMP-0438,2025-07,27-07-2025,8900,2225,890,0,20,1112.5,13127.5,0,222.5,0,0,0,0,13127.5,Bank Transfer,SAR
PAY-002864,EMP-0439,2025-07,27-07-2025,6250,1563,625,0,10,390.63,8828.63,0,156.26,0,0,0,0,8828.63,Bank Transfer,SAR
PAY-002865,EMP-0440,2025-07,27-07-2025,6800,1700,680,0,0,0,9180,0,170,0,0,0,0,9180,Bank Transfer,SAR
PAY-002866,EMP-0441,2025-07,27-07-2025,16850,4213,1200,2300,0,0,24563,2053.64,2474.9,1484.2,0,0,3537.84,21025.16,Bank Transfer,SAR
PAY-002867,EMP-0442,2025-07,27-07-2025,7800,1950,780,0,8,390,10920,950.63,1145.63,0,0,0,950.63,9969.37,Bank Transfer,SAR
PAY-002868,EMP-0443,2025-07,27-07-2025,9850,2463,985,0,0,0,13298,0,246.26,0,0,0,0,13298,Bank Transfer,SAR
PAY-002869,EMP-0444,2025-07,27-07-2025,8500,2125,850,1750,0,0,13225,1035.94,1248.44,0,0,0,1035.94,12189.06,Bank Transfer,SAR
PAY-002870,EMP-0445,2025-07,27-07-2025,10900,2725,1090,2350,0,0,17065,0,272.5,0,0,0,0,17065,Bank Transfer,SAR
PAY-002871,EMP-0446,2025-07,27-07-2025,11600,2900,1160,0,0,0,15660,1413.75,1703.75,0,0,0,1413.75,14246.25,Bank Transfer,SAR
PAY-002872,EMP-0448,2025-07,27-07-2025,12400,3100,1200,0,0,0,16700,1511.25,1821.25,0,0,0,1511.25,15188.75,Bank Transfer,SAR
PAY-002873,EMP-0449,2025-07,27-07-2025,6350,1588,635,0,11,436.56,9009.56,773.96,932.71,0,1400,0,2173.96,6835.6,Bank Transfer,SAR
PAY-002874,EMP-0450,2025-07,27-07-2025,6050,1513,605,1250,0,0,9418,0,151.26,0,1650,0,1650,7768,Bank Transfer,SAR
PAY-002875,EMP-0451,2025-07,27-07-2025,26850,6713,1200,450,0,0,35213,0,671.26,0,950,0,950,34263,Bank Transfer,SAR
PAY-002876,EMP-0452,2025-07,27-07-2025,6500,1625,650,0,4,162.5,8937.5,792.19,954.69,0,0,0,792.19,8145.31,Bank Transfer,SAR
PAY-002877,EMP-0453,2025-07,27-07-2025,6300,1575,630,0,0,0,8505,767.81,925.31,0,0,0,767.81,7737.19,Bank Transfer,SAR
PAY-002878,EMP-0454,2025-07,27-07-2025,5300,1325,530,1200,0,0,8355,645.94,778.44,0,0,0,645.94,7709.06,Bank Transfer,SAR
PAY-002879,EMP-0455,2025-07,27-07-2025,4800,1200,480,1700,7.5,225,8405,0,120,0,0,0,0,8405,Bank Transfer,SAR
PAY-002880,EMP-0457,2025-07,27-07-2025,5050,1263,505,2400,16,505,9723,615.52,741.78,0,0,0,615.52,9107.48,Bank Transfer,SAR
PAY-002881,EMP-0458,2025-07,27-07-2025,6100,1525,610,0,9.5,362.19,8597.19,743.44,895.94,0,0,0,743.44,7853.75,Bank Transfer,SAR
PAY-002882,EMP-0459,2025-07,27-07-2025,6400,1600,640,0,13.5,540,9180,780,940,0,0,0,780,8400,Bank Transfer,SAR
PAY-002883,EMP-0460,2025-07,27-07-2025,10050,2513,1005,0,12,753.75,14321.75,0,251.26,0,0,0,0,14321.75,Bank Transfer,SAR
PAY-002884,EMP-0461,2025-07,27-07-2025,4900,1225,490,0,26,796.25,7411.25,597.19,719.69,441,0,120,1158.19,6253.06,Bank Transfer,SAR
PAY-002885,EMP-0463,2025-07,27-07-2025,5850,1463,585,0,21,767.81,8665.81,0,146.26,0,0,0,0,8665.81,Bank Transfer,SAR
PAY-002886,EMP-0464,2025-07,27-07-2025,5800,1450,580,0,0,0,7830,706.88,851.88,0,0,0,706.88,7123.12,Bank Transfer,SAR
PAY-002887,EMP-0465,2025-07,27-07-2025,11200,2800,1120,2100,0,0,17220,0,280,504,0,0,504,16716,Bank Transfer,SAR
PAY-002888,EMP-0466,2025-07,27-07-2025,11900,2975,1190,0,0,0,16065,0,297.5,1071,0,0,1071,14994,Bank Transfer,SAR
PAY-002889,EMP-0467,2025-07,27-07-2025,4650,1163,465,1650,13.5,392.34,8320.34,566.77,683.03,209.27,0,0,776.04,7544.3,Bank Transfer,SAR
PAY-002890,EMP-0468,2025-07,27-07-2025,11850,2963,1185,0,0,0,15998,0,296.26,0,0,0,0,15998,Bank Transfer,SAR
PAY-002891,EMP-0469,2025-07,27-07-2025,4600,1150,460,900,23.5,675.63,7785.63,0,115,0,0,0,0,7785.63,Bank Transfer,SAR
PAY-002892,EMP-0470,2025-07,27-07-2025,4600,1150,460,0,0,0,6210,0,115,0,0,0,0,6210,WPS Transfer,SAR
PAY-002893,EMP-0471,2025-07,27-07-2025,25000,6250,1200,1750,0,0,34200,3046.88,3671.88,0,0,0,3046.88,31153.12,Bank Transfer,SAR
PAY-002894,EMP-0472,2025-07,27-07-2025,8600,2150,860,1250,0,0,12860,1048.13,1263.13,0,0,0,1048.13,11811.87,Bank Transfer,SAR
PAY-002895,EMP-0473,2025-07,27-07-2025,8150,2038,815,0,0,0,11003,993.33,1197.09,366.77,0,0,1360.1,9642.9,Bank Transfer,SAR
PAY-002896,EMP-0474,2025-07,27-07-2025,7700,1925,770,2150,20,962.5,13507.5,938.44,1130.94,0,0,0,938.44,12569.06,Bank Transfer,SAR
PAY-002897,EMP-0475,2025-07,27-07-2025,12800,3200,1200,450,0,0,17650,0,320,0,0,0,0,17650,Bank Transfer,SAR
PAY-002898,EMP-0476,2025-07,27-07-2025,14600,3650,1200,0,21,1916.25,21366.25,0,365,648.33,0,0,648.33,20717.92,Bank Transfer,SAR
PAY-002899,EMP-0478,2025-07,27-07-2025,7500,1875,750,0,0,0,10125,914.06,1101.56,0,0,0,914.06,9210.94,Bank Transfer,SAR
PAY-002900,EMP-0480,2025-07,27-07-2025,14150,3538,1200,0,0,0,18888,0,353.76,0,0,0,0,18888,Bank Transfer,SAR
PAY-002901,EMP-0481,2025-07,27-07-2025,15500,3875,1200,0,5,484.38,21059.38,0,387.5,0,0,0,0,21059.38,Bank Transfer,SAR
PAY-002902,EMP-0482,2025-07,27-07-2025,8400,2100,840,0,16,840,12180,0,210,0,0,0,0,12180,Bank Transfer,SAR
PAY-002903,EMP-0483,2025-07,27-07-2025,8800,2200,880,0,0,0,11880,1072.5,1292.5,792,0,0,1864.5,10015.5,Bank Transfer,SAR
PAY-002904,EMP-0484,2025-07,27-07-2025,10600,2650,1060,0,0,0,14310,1291.88,1556.88,0,700,0,1991.88,12318.12,Bank Transfer,SAR
PAY-002905,EMP-0485,2025-07,27-07-2025,10100,2525,1010,0,0,0,13635,0,252.5,0,0,0,0,13635,Bank Transfer,SAR
PAY-002906,EMP-0487,2025-07,27-07-2025,10850,2713,1085,2250,0,0,16898,1322.39,1593.65,0,0,0,1322.39,15575.61,Bank Transfer,SAR
PAY-002907,EMP-0488,2025-07,27-07-2025,10850,2713,1085,0,11,745.94,15393.94,0,271.26,0,0,0,0,15393.94,Bank Transfer,SAR
PAY-002908,EMP-0489,2025-07,27-07-2025,11700,2925,1170,0,0,0,15795,0,292.5,0,0,0,0,15795,Bank Transfer,SAR
PAY-002909,EMP-0490,2025-07,27-07-2025,6250,1563,625,0,0,0,8438,0,156.26,0,0,0,0,8438,Bank Transfer,SAR
PAY-002910,EMP-0491,2025-07,27-07-2025,37150,9288,1200,1100,0,0,48738,4527.71,5456.46,0,0,0,4527.71,44210.29,Bank Transfer,SAR
PAY-002911,EMP-0492,2025-07,27-07-2025,21700,5425,1200,0,0,0,28325,2644.69,3187.19,0,600,480,3724.69,24600.31,Bank Transfer,SAR
PAY-002912,EMP-0493,2025-07,27-07-2025,6300,1575,630,1650,0,0,10155,0,157.5,0,0,0,0,10155,Bank Transfer,SAR
PAY-002913,EMP-0494,2025-07,27-07-2025,6500,1625,650,0,0,0,8775,792.19,954.69,0,0,160,952.19,7822.81,Bank Transfer,SAR
PAY-002914,EMP-0495,2025-07,27-07-2025,16800,4200,1200,0,22,2310,24510,0,420,0,0,0,0,24510,Bank Transfer,SAR
PAY-002915,EMP-0497,2025-07,27-07-2025,8700,2175,870,0,0,0,11745,1060.31,1277.81,0,0,0,1060.31,10684.69,WPS Transfer,SAR
PAY-002916,EMP-0498,2025-07,27-07-2025,12050,3013,1200,0,5.5,414.22,16677.22,0,301.26,0,0,0,0,16677.22,Bank Transfer,SAR
PAY-002917,EMP-0499,2025-07,27-07-2025,14750,3688,1200,1550,19.5,1797.66,22985.66,1797.71,2166.46,654.6,0,0,2452.31,20533.35,Bank Transfer,SAR
PAY-002918,EMP-0500,2025-07,27-07-2025,22250,5563,1200,0,0,0,29013,0,556.26,967.1,0,0,967.1,28045.9,Bank Transfer,SAR
PAY-002919,EMP-0001,2025-08,27-08-2025,35400,8850,1200,0,0,0,45450,4314.38,5199.38,3030,0,0,7344.38,38105.62,Bank Transfer,SAR
PAY-002920,EMP-0003,2025-08,27-08-2025,8700,2175,870,0,17.5,951.56,12696.56,0,217.5,0,0,0,0,12696.56,Bank Transfer,SAR
PAY-002921,EMP-0004,2025-08,27-08-2025,3500,875,350,0,11,240.63,4965.63,426.56,514.06,0,0,0,426.56,4539.07,Bank Transfer,SAR
PAY-002922,EMP-0005,2025-08,27-08-2025,3450,863,345,0,0,0,4658,0,86.26,155.27,0,0,155.27,4502.73,Bank Transfer,SAR
PAY-002923,EMP-0006,2025-08,27-08-2025,3200,800,320,0,5.5,110,4430,390,470,144,0,0,534,3896,Bank Transfer,SAR
PAY-002924,EMP-0007,2025-08,27-08-2025,8450,2113,845,1350,0,0,12758,0,211.26,760.53,0,0,760.53,11997.47,Bank Transfer,SAR
PAY-002925,EMP-0008,2025-08,27-08-2025,4650,1163,465,750,0,0,7028,566.77,683.03,0,0,0,566.77,6461.23,WPS Transfer,SAR
PAY-002926,EMP-0009,2025-08,27-08-2025,3800,950,380,0,0,0,5130,463.13,558.13,171,0,0,634.13,4495.87,Bank Transfer,SAR
PAY-002927,EMP-0010,2025-08,27-08-2025,29350,7338,1200,0,0,0,37888,3577.08,4310.84,0,0,0,3577.08,34310.92,Bank Transfer,SAR
PAY-002928,EMP-0014,2025-08,27-08-2025,9500,2375,950,0,0,0,12825,1157.81,1395.31,855,0,0,2012.81,10812.19,Bank Transfer,SAR
PAY-002929,EMP-0015,2025-08,27-08-2025,8000,2000,800,0,12.5,625,11425,975,1175,0,0,0,975,10450,Bank Transfer,SAR
PAY-002930,EMP-0016,2025-08,27-08-2025,8850,2213,885,450,0,0,12398,0,221.26,0,0,0,0,12398,Bank Transfer,SAR
PAY-002931,EMP-0017,2025-08,27-08-2025,6600,1650,660,0,0,0,8910,0,165,0,0,0,0,8910,Bank Transfer,SAR
PAY-002932,EMP-0018,2025-08,27-08-2025,3350,838,335,0,0,0,4523,408.33,492.09,0,0,0,408.33,4114.67,Bank Transfer,SAR
PAY-002933,EMP-0019,2025-08,27-08-2025,4700,1175,470,0,0,0,6345,572.81,690.31,0,0,0,572.81,5772.19,Bank Transfer,SAR
PAY-002934,EMP-0020,2025-08,27-08-2025,11450,2863,1145,1400,12.5,894.53,17752.53,0,286.26,515.27,1050,0,1565.27,16187.26,Bank Transfer,SAR
PAY-002935,EMP-0021,2025-08,27-08-2025,8800,2200,880,0,0,0,11880,1072.5,1292.5,0,0,0,1072.5,10807.5,Bank Transfer,SAR
PAY-002936,EMP-0022,2025-08,27-08-2025,11500,2875,1150,0,13.5,970.31,16495.31,1401.56,1689.06,0,0,0,1401.56,15093.75,Bank Transfer,SAR
PAY-002937,EMP-0023,2025-08,27-08-2025,3400,850,340,0,0,0,4590,0,85,459,0,0,459,4131,Bank Transfer,SAR
PAY-002938,EMP-0024,2025-08,27-08-2025,23700,5925,1200,0,0,0,30825,2888.44,3480.94,0,1350,0,4238.44,26586.56,Bank Transfer,SAR
PAY-002939,EMP-0025,2025-08,27-08-2025,6000,1500,600,0,14.5,543.75,8643.75,0,150,0,0,0,0,8643.75,Bank Transfer,SAR
PAY-002940,EMP-0026,2025-08,27-08-2025,3300,825,330,1450,0,0,5905,402.19,484.69,0,0,0,402.19,5502.81,Bank Transfer,SAR
PAY-002941,EMP-0027,2025-08,27-08-2025,3350,838,335,0,22,460.63,4983.63,0,83.76,0,1450,0,1450,3533.63,Bank Transfer,SAR
PAY-002942,EMP-0028,2025-08,27-08-2025,9000,2250,900,0,16.5,928.13,13078.13,0,225,0,0,0,0,13078.13,Bank Transfer,SAR
PAY-002943,EMP-0029,2025-08,27-08-2025,3550,888,355,2050,0,0,6843,432.71,521.46,0,0,0,432.71,6410.29,Bank Transfer,SAR
PAY-002944,EMP-0030,2025-08,27-08-2025,4550,1138,455,0,21.5,611.41,6754.41,554.58,668.34,0,0,0,554.58,6199.83,Bank Transfer,SAR
PAY-002945,EMP-0031,2025-08,27-08-2025,3800,950,380,0,0,0,5130,463.13,558.13,0,0,0,463.13,4666.87,Cheque,SAR
PAY-002946,EMP-0032,2025-08,27-08-2025,12650,3163,1200,0,13,1027.81,18040.81,0,316.26,0,0,0,0,18040.81,Bank Transfer,SAR
PAY-002947,EMP-0034,2025-08,27-08-2025,11650,2913,1165,0,0,0,15728,0,291.26,0,0,0,0,15728,Bank Transfer,SAR
PAY-002948,EMP-0035,2025-08,27-08-2025,7300,1825,730,2300,0,0,12155,0,182.5,0,0,0,0,12155,Bank Transfer,SAR
PAY-002949,EMP-0036,2025-08,27-08-2025,6950,1738,695,1250,24,1042.5,11675.5,847.08,1020.84,0,2150,0,2997.08,8678.42,Bank Transfer,SAR
PAY-002950,EMP-0037,2025-08,27-08-2025,3550,888,355,0,0,0,4793,0,88.76,0,1350,0,1350,3443,Bank Transfer,SAR
PAY-002951,EMP-0038,2025-08,27-08-2025,4400,1100,440,350,15,412.5,6702.5,0,110,0,0,0,0,6702.5,Bank Transfer,SAR
PAY-002952,EMP-0039,2025-08,27-08-2025,7100,1775,710,0,0,0,9585,865.31,1042.81,0,0,0,865.31,8719.69,Bank Transfer,SAR
PAY-002953,EMP-0040,2025-08,27-08-2025,30000,7500,1200,1850,0,0,40550,0,750,0,0,0,0,40550,Bank Transfer,SAR
PAY-002954,EMP-0041,2025-08,27-08-2025,9050,2263,905,0,0,0,12218,1103.02,1329.28,0,0,0,1103.02,11114.98,Bank Transfer,SAR
PAY-002955,EMP-0042,2025-08,27-08-2025,4550,1138,455,0,0,0,6143,0,113.76,0,0,0,0,6143,Bank Transfer,SAR
PAY-002956,EMP-0043,2025-08,27-08-2025,4450,1113,445,1300,0,0,7308,0,111.26,0,0,0,0,7308,Bank Transfer,SAR
PAY-002957,EMP-0044,2025-08,27-08-2025,7600,1900,760,0,17.5,831.25,11091.25,0,190,0,0,0,0,11091.25,Bank Transfer,SAR
PAY-002958,EMP-0045,2025-08,27-08-2025,6100,1525,610,0,25.5,972.19,9207.19,0,152.5,0,0,0,0,9207.19,Bank Transfer,SAR
PAY-002959,EMP-0046,2025-08,27-08-2025,3450,863,345,2100,0,0,6758,0,86.26,0,0,0,0,6758,Bank Transfer,SAR
PAY-002960,EMP-0047,2025-08,27-08-2025,8350,2088,835,1000,0,0,12273,1017.71,1226.46,0,0,0,1017.71,11255.29,Bank Transfer,SAR
PAY-002961,EMP-0048,2025-08,27-08-2025,21750,5438,1200,0,0,0,28388,2650.83,3194.59,0,0,0,2650.83,25737.17,Bank Transfer,SAR
PAY-002962,EMP-0049,2025-08,27-08-2025,4100,1025,410,2400,12,307.5,8242.5,499.69,602.19,0,2400,0,2899.69,5342.81,Bank Transfer,SAR
PAY-002963,EMP-0050,2025-08,27-08-2025,3250,813,325,0,0,0,4388,0,81.26,0,0,0,0,4388,Bank Transfer,SAR
PAY-002964,EMP-0051,2025-08,27-08-2025,7700,1925,770,0,0,0,10395,0,192.5,346.5,0,0,346.5,10048.5,Bank Transfer,SAR
PAY-002965,EMP-0052,2025-08,27-08-2025,4700,1175,470,0,21.5,631.56,6976.56,572.81,690.31,423,0,490,1485.81,5490.75,Bank Transfer,SAR
PAY-002966,EMP-0053,2025-08,27-08-2025,4100,1025,410,1750,14.5,371.56,7656.56,499.69,602.19,0,0,0,499.69,7156.87,Bank Transfer,SAR
PAY-002967,EMP-0055,2025-08,27-08-2025,4250,1063,425,0,0,0,5738,0,106.26,0,0,0,0,5738,Bank Transfer,SAR
PAY-002968,EMP-0057,2025-08,27-08-2025,4550,1138,455,0,4.5,127.97,6270.97,554.58,668.34,0,0,0,554.58,5716.39,WPS Transfer,SAR
PAY-002969,EMP-0058,2025-08,27-08-2025,3850,963,385,1750,11,264.69,7212.69,0,96.26,0,0,0,0,7212.69,Bank Transfer,SAR
PAY-002970,EMP-0059,2025-08,27-08-2025,9300,2325,930,0,13,755.63,13310.63,0,232.5,0,0,0,0,13310.63,Bank Transfer,SAR
PAY-002971,EMP-0060,2025-08,27-08-2025,4500,1125,450,0,0,0,6075,548.44,660.94,0,2150,0,2698.44,3376.56,Bank Transfer,SAR
PAY-002972,EMP-0061,2025-08,27-08-2025,4000,1000,400,0,0,0,5400,487.5,587.5,0,0,0,487.5,4912.5,Bank Transfer,SAR
PAY-002973,EMP-0062,2025-08,27-08-2025,4050,1013,405,0,0,0,5468,0,101.26,0,1650,0,1650,3818,Bank Transfer,SAR
PAY-002974,EMP-0064,2025-08,27-08-2025,4600,1150,460,0,20.5,589.38,6799.38,0,115,207,2350,0,2557,4242.38,Bank Transfer,SAR
PAY-002975,EMP-0065,2025-08,27-08-2025,28650,7163,1200,0,0,0,37013,0,716.26,2467.53,0,0,2467.53,34545.47,Bank Transfer,SAR
PAY-002976,EMP-0066,2025-08,27-08-2025,3950,988,395,0,0,0,5333,0,98.76,0,0,0,0,5333,Bank Transfer,SAR
PAY-002977,EMP-0067,2025-08,27-08-2025,3450,863,345,0,0,0,4658,420.52,506.78,310.53,0,0,731.05,3926.95,Bank Transfer,SAR
PAY-002978,EMP-0068,2025-08,27-08-2025,3750,938,375,0,0,0,5063,0,93.76,506.3,0,0,506.3,4556.7,Bank Transfer,SAR
PAY-002979,EMP-0069,2025-08,27-08-2025,25850,6463,1200,0,0,0,33513,0,646.26,1117.1,0,0,1117.1,32395.9,WPS Transfer,SAR
PAY-002980,EMP-0070,2025-08,27-08-2025,3700,925,370,2400,15,346.88,7741.88,0,92.5,166.5,0,0,166.5,7575.38,WPS Transfer,SAR
PAY-002981,EMP-0071,2025-08,27-08-2025,7100,1775,710,2300,4.5,199.69,12084.69,0,177.5,0,0,0,0,12084.69,Bank Transfer,SAR
PAY-002982,EMP-0072,2025-08,27-08-2025,4450,1113,445,0,14.5,403.28,6411.28,0,111.26,0,0,0,0,6411.28,Bank Transfer,SAR
PAY-002983,EMP-0073,2025-08,27-08-2025,27600,6900,1200,1000,0,0,36700,3363.75,4053.75,2380,0,0,5743.75,30956.25,Bank Transfer,SAR
PAY-002984,EMP-0074,2025-08,27-08-2025,3300,825,330,0,0,0,4455,402.19,484.69,0,0,0,402.19,4052.81,Bank Transfer,SAR
PAY-002985,EMP-0077,2025-08,27-08-2025,4600,1150,460,1000,0,0,7210,0,115,0,0,0,0,7210,Bank Transfer,SAR
PAY-002986,EMP-0079,2025-08,27-08-2025,6450,1613,645,0,17.5,705.47,9413.47,786.14,947.4,0,0,0,786.14,8627.33,Bank Transfer,SAR
PAY-002987,EMP-0080,2025-08,27-08-2025,3200,800,320,0,16.5,330,4650,0,80,576,0,300,876,3774,Bank Transfer,SAR
PAY-002988,EMP-0081,2025-08,27-08-2025,8250,2063,825,500,0,0,11638,0,206.26,0,0,0,0,11638,Bank Transfer,SAR
PAY-002989,EMP-0082,2025-08,27-08-2025,4000,1000,400,0,0,0,5400,0,100,360,0,60,420,4980,Bank Transfer,SAR
PAY-002990,EMP-0083,2025-08,27-08-2025,10200,2550,1020,0,3,191.25,13961.25,0,255,0,0,0,0,13961.25,Bank Transfer,SAR
PAY-002991,EMP-0084,2025-08,27-08-2025,12750,3188,1200,1350,0,0,18488,0,318.76,0,0,0,0,18488,Bank Transfer,SAR
PAY-002992,EMP-0085,2025-08,27-08-2025,6100,1525,610,0,0,0,8235,0,152.5,0,0,0,0,8235,Bank Transfer,SAR
PAY-002993,EMP-0086,2025-08,27-08-2025,3550,888,355,0,0,0,4793,0,88.76,0,0,0,0,4793,Bank Transfer,SAR
PAY-002994,EMP-0087,2025-08,27-08-2025,25550,6388,1200,400,0,0,33538,3113.96,3752.71,0,0,0,3113.96,30424.04,Bank Transfer,SAR
PAY-002995,EMP-0088,2025-08,27-08-2025,23950,5988,1200,0,0,0,31138,2918.96,3517.71,0,0,0,2918.96,28219.04,Bank Transfer,SAR
PAY-002996,EMP-0089,2025-08,27-08-2025,20900,5225,1200,0,0,0,27325,0,522.5,1821.67,0,0,1821.67,25503.33,Bank Transfer,SAR
PAY-002997,EMP-0091,2025-08,27-08-2025,34650,8663,1200,0,0,0,44513,4223.02,5089.28,0,0,0,4223.02,40289.98,Bank Transfer,SAR
PAY-002998,EMP-0092,2025-08,27-08-2025,4550,1138,455,0,13,369.69,6512.69,554.58,668.34,0,0,0,554.58,5958.11,Bank Transfer,SAR
PAY-002999,EMP-0093,2025-08,27-08-2025,4900,1225,490,0,6,183.75,6798.75,0,122.5,0,0,0,0,6798.75,Bank Transfer,SAR
PAY-003000,EMP-0095,2025-08,27-08-2025,18600,4650,1200,0,6.5,755.63,25205.63,0,465,0,0,0,0,25205.63,Bank Transfer,SAR
PAY-003001,EMP-0097,2025-08,27-08-2025,5050,1263,505,1400,14,441.88,8659.88,0,126.26,0,0,0,0,8659.88,Bank Transfer,SAR
PAY-003002,EMP-0098,2025-08,27-08-2025,6350,1588,635,0,0,0,8573,0,158.76,0,0,0,0,8573,Bank Transfer,SAR
PAY-003003,EMP-0099,2025-08,27-08-2025,11850,2963,1185,0,16,1185,17183,1444.27,1740.53,0,0,170,1614.27,15568.73,WPS Transfer,SAR
PAY-003004,EMP-0100,2025-08,27-08-2025,12900,3225,1200,2100,0,0,19425,0,322.5,0,0,0,0,19425,Bank Transfer,SAR
PAY-003005,EMP-0102,2025-08,27-08-2025,4650,1163,465,0,0,0,6278,566.77,683.03,0,0,0,566.77,5711.23,Bank Transfer,SAR
PAY-003006,EMP-0103,2025-08,27-08-2025,5350,1338,535,0,9.5,317.66,7540.66,0,133.76,0,0,0,0,7540.66,Bank Transfer,SAR
PAY-003007,EMP-0104,2025-08,27-08-2025,6350,1588,635,0,0,0,8573,773.96,932.71,0,0,0,773.96,7799.04,Bank Transfer,SAR
PAY-003008,EMP-0105,2025-08,27-08-2025,21650,5413,1200,0,0,0,28263,2638.64,3179.9,0,0,0,2638.64,25624.36,Bank Transfer,SAR
PAY-003009,EMP-0106,2025-08,27-08-2025,24950,6238,1200,0,0,0,32388,3040.83,3664.59,0,0,0,3040.83,29347.17,Bank Transfer,SAR
PAY-003010,EMP-0107,2025-08,27-08-2025,26350,6588,1200,0,0,0,34138,3211.46,3870.21,0,350,0,3561.46,30576.54,Bank Transfer,SAR
PAY-003011,EMP-0108,2025-08,27-08-2025,6050,1513,605,350,0,0,8518,0,151.26,0,0,0,0,8518,Bank Transfer,SAR
PAY-003012,EMP-0112,2025-08,27-08-2025,17550,4388,1200,0,0,0,23138,0,438.76,0,0,0,0,23138,Bank Transfer,SAR
PAY-003013,EMP-0113,2025-08,27-08-2025,12550,3138,1200,0,0,0,16888,1529.58,1843.34,0,0,0,1529.58,15358.42,Bank Transfer,SAR
PAY-003014,EMP-0114,2025-08,27-08-2025,11300,2825,1130,1200,0,0,16455,0,282.5,508.5,0,0,508.5,15946.5,Bank Transfer,SAR
PAY-003015,EMP-0116,2025-08,27-08-2025,4550,1138,455,0,0,0,6143,0,113.76,0,0,0,0,6143,Bank Transfer,SAR
PAY-003016,EMP-0117,2025-08,27-08-2025,22450,5613,1200,0,0,0,29263,2736.14,3297.4,0,0,0,2736.14,26526.86,Bank Transfer,SAR
PAY-003017,EMP-0118,2025-08,27-08-2025,18200,4550,1200,1300,20,2275,27525,2218.13,2673.13,0,0,0,2218.13,25306.87,Bank Transfer,SAR
PAY-003018,EMP-0119,2025-08,27-08-2025,5300,1325,530,0,0,0,7155,0,132.5,0,0,0,0,7155,Bank Transfer,SAR
PAY-003019,EMP-0120,2025-08,27-08-2025,12250,3063,1200,2100,13.5,1033.59,19646.59,1493.02,1799.28,1100.87,0,460,3053.89,16592.7,Bank Transfer,SAR
PAY-003020,EMP-0121,2025-08,27-08-2025,4700,1175,470,0,0,0,6345,0,117.5,0,0,0,0,6345,Bank Transfer,SAR
PAY-003021,EMP-0122,2025-08,27-08-2025,5250,1313,525,0,16.5,541.41,7629.41,0,131.26,0,0,0,0,7629.41,Bank Transfer,SAR
PAY-003022,EMP-0123,2025-08,27-08-2025,5450,1363,545,0,0,0,7358,664.27,800.53,0,0,180,844.27,6513.73,Bank Transfer,SAR
PAY-003023,EMP-0124,2025-08,27-08-2025,28200,7050,1200,2350,0,0,38800,3436.88,4141.88,0,0,0,3436.88,35363.12,Bank Transfer,SAR
PAY-003024,EMP-0126,2025-08,27-08-2025,6100,1525,610,1250,11,419.38,9904.38,0,152.5,0,0,0,0,9904.38,Bank Transfer,SAR
PAY-003025,EMP-0127,2025-08,27-08-2025,9350,2338,935,0,24.5,1431.72,14054.72,0,233.76,0,0,0,0,14054.72,Bank Transfer,SAR
PAY-003026,EMP-0129,2025-08,27-08-2025,4850,1213,485,0,13.5,409.22,6957.22,591.14,712.4,0,1650,0,2241.14,4716.08,Bank Transfer,SAR
PAY-003027,EMP-0130,2025-08,27-08-2025,6350,1588,635,0,0,0,8573,0,158.76,0,0,160,160,8413,Bank Transfer,SAR
PAY-003028,EMP-0131,2025-08,27-08-2025,20750,5188,1200,0,0,0,27138,0,518.76,0,0,0,0,27138,Bank Transfer,SAR
PAY-003029,EMP-0132,2025-08,27-08-2025,5400,1350,540,0,0,0,7290,658.13,793.13,0,0,0,658.13,6631.87,Bank Transfer,SAR
PAY-003030,EMP-0133,2025-08,27-08-2025,11850,2963,1185,650,12.5,925.78,17573.78,0,296.26,0,0,440,440,17133.78,Bank Transfer,SAR
PAY-003031,EMP-0134,2025-08,27-08-2025,4750,1188,475,1100,0,0,7513,0,118.76,0,0,0,0,7513,Bank Transfer,SAR
PAY-003032,EMP-0135,2025-08,27-08-2025,5700,1425,570,0,11.5,409.69,8104.69,0,142.5,0,0,0,0,8104.69,Bank Transfer,SAR
PAY-003033,EMP-0136,2025-08,27-08-2025,4850,1213,485,1300,5.5,166.72,8014.72,0,121.26,0,0,0,0,8014.72,Bank Transfer,SAR
PAY-003034,EMP-0137,2025-08,27-08-2025,20100,5025,1200,900,0,0,27225,0,502.5,0,0,0,0,27225,Bank Transfer,SAR
PAY-003035,EMP-0138,2025-08,27-08-2025,17050,4263,1200,0,0,0,22513,0,426.26,0,0,0,0,22513,Bank Transfer,SAR
PAY-003036,EMP-0140,2025-08,27-08-2025,10050,2513,1005,2200,0,0,15768,0,251.26,0,0,0,0,15768,Bank Transfer,SAR
PAY-003037,EMP-0141,2025-08,27-08-2025,6000,1500,600,1850,0,0,9950,731.25,881.25,0,0,0,731.25,9218.75,WPS Transfer,SAR
PAY-003038,EMP-0142,2025-08,27-08-2025,4900,1225,490,1550,9.5,290.94,8455.94,597.19,719.69,0,0,0,597.19,7858.75,Bank Transfer,SAR
PAY-003039,EMP-0145,2025-08,27-08-2025,5000,1250,500,0,0,0,6750,0,125,0,0,0,0,6750,WPS Transfer,SAR
PAY-003040,EMP-0146,2025-08,27-08-2025,17050,4263,1200,0,13.5,1438.59,23951.59,2078.02,2504.28,0,0,0,2078.02,21873.57,Bank Transfer,SAR
PAY-003041,EMP-0148,2025-08,27-08-2025,20350,5088,1200,0,0,0,26638,0,508.76,0,0,0,0,26638,Bank Transfer,SAR
PAY-003042,EMP-0149,2025-08,27-08-2025,20200,5050,1200,0,0,0,26450,2461.88,2966.88,0,0,0,2461.88,23988.12,Bank Transfer,SAR
PAY-003043,EMP-0150,2025-08,27-08-2025,17050,4263,1200,0,8,852.5,23365.5,2078.02,2504.28,0,0,0,2078.02,21287.48,Bank Transfer,SAR
PAY-003044,EMP-0151,2025-08,27-08-2025,16150,4038,1200,0,16,1615,23003,1968.33,2372.09,0,0,0,1968.33,21034.67,Bank Transfer,SAR
PAY-003045,EMP-0152,2025-08,27-08-2025,21350,5338,1200,1450,12,1601.25,30939.25,0,533.76,0,0,0,0,30939.25,Bank Transfer,SAR
PAY-003046,EMP-0153,2025-08,27-08-2025,12500,3125,1200,0,22,1718.75,18543.75,1523.44,1835.94,0,0,0,1523.44,17020.31,Bank Transfer,SAR
PAY-003047,EMP-0155,2025-08,27-08-2025,28050,7013,1200,0,0,0,36263,0,701.26,0,0,0,0,36263,Bank Transfer,SAR
PAY-003048,EMP-0157,2025-08,27-08-2025,11300,2825,1130,0,0,0,15255,0,282.5,0,0,0,0,15255,Bank Transfer,SAR
PAY-003049,EMP-0158,2025-08,27-08-2025,4550,1138,455,550,0,0,6693,0,113.76,0,0,0,0,6693,Bank Transfer,SAR
PAY-003050,EMP-0159,2025-08,27-08-2025,4650,1163,465,0,0,0,6278,566.77,683.03,0,0,0,566.77,5711.23,Bank Transfer,SAR
PAY-003051,EMP-0160,2025-08,27-08-2025,6000,1500,600,0,0,0,8100,731.25,881.25,0,600,0,1331.25,6768.75,Bank Transfer,SAR
PAY-003052,EMP-0161,2025-08,27-08-2025,25100,6275,1200,0,0,0,32575,3059.06,3686.56,0,0,0,3059.06,29515.94,Bank Transfer,SAR
PAY-003053,EMP-0162,2025-08,27-08-2025,10350,2588,1035,0,0,0,13973,0,258.76,0,0,0,0,13973,Bank Transfer,SAR
PAY-003054,EMP-0163,2025-08,27-08-2025,3850,963,385,1500,0,0,6698,469.27,565.53,0,0,0,469.27,6228.73,Bank Transfer,SAR
PAY-003055,EMP-0164,2025-08,27-08-2025,6250,1563,625,0,0,0,8438,761.77,918.03,0,0,0,761.77,7676.23,Bank Transfer,SAR
PAY-003056,EMP-0165,2025-08,27-08-2025,4500,1125,450,2450,10.5,295.31,8820.31,0,112.5,0,0,0,0,8820.31,Bank Transfer,SAR
PAY-003057,EMP-0167,2025-08,27-08-2025,3450,863,345,0,0,0,4658,420.52,506.78,0,0,0,420.52,4237.48,Bank Transfer,SAR
PAY-003058,EMP-0168,2025-08,27-08-2025,11900,2975,1190,0,4,297.5,16362.5,0,297.5,0,0,0,0,16362.5,Bank Transfer,SAR
PAY-003059,EMP-0169,2025-08,27-08-2025,3250,813,325,0,0,0,4388,0,81.26,146.27,0,0,146.27,4241.73,Bank Transfer,SAR
PAY-003060,EMP-0170,2025-08,27-08-2025,7550,1888,755,0,0,0,10193,920.21,1108.96,0,0,0,920.21,9272.79,Bank Transfer,SAR
PAY-003061,EMP-0171,2025-08,27-08-2025,8550,2138,855,0,0,0,11543,0,213.76,0,650,0,650,10893,Bank Transfer,SAR
PAY-003062,EMP-0172,2025-08,27-08-2025,7650,1913,765,0,0,0,10328,932.39,1123.65,344.27,1150,0,2426.66,7901.34,Bank Transfer,SAR
PAY-003063,EMP-0173,2025-08,27-08-2025,8850,2213,885,1050,0,0,12998,0,221.26,0,0,0,0,12998,Bank Transfer,SAR
PAY-003064,EMP-0174,2025-08,27-08-2025,6300,1575,630,1400,21,826.88,10731.88,767.81,925.31,567,0,270,1604.81,9127.07,Bank Transfer,SAR
PAY-003065,EMP-0175,2025-08,27-08-2025,4500,1125,450,0,0,0,6075,548.44,660.94,0,0,0,548.44,5526.56,Bank Transfer,SAR
PAY-003066,EMP-0176,2025-08,27-08-2025,6100,1525,610,1100,0,0,9335,743.44,895.94,0,0,0,743.44,8591.56,Bank Transfer,SAR
PAY-003067,EMP-0177,2025-08,27-08-2025,4400,1100,440,0,0,0,5940,0,110,0,0,0,0,5940,Bank Transfer,SAR
PAY-003068,EMP-0178,2025-08,27-08-2025,4600,1150,460,0,0,0,6210,560.63,675.63,0,0,0,560.63,5649.37,Bank Transfer,SAR
PAY-003069,EMP-0179,2025-08,27-08-2025,4750,1188,475,0,9,267.19,6680.19,578.96,697.71,213.77,2450,0,3242.73,3437.46,Bank Transfer,SAR
PAY-003070,EMP-0180,2025-08,27-08-2025,4600,1150,460,0,0,0,6210,0,115,0,0,0,0,6210,Bank Transfer,SAR
PAY-003071,EMP-0181,2025-08,27-08-2025,6450,1613,645,0,6,241.88,8949.88,786.14,947.4,0,0,0,786.14,8163.74,Bank Transfer,SAR
PAY-003072,EMP-0182,2025-08,27-08-2025,7450,1863,745,0,0,0,10058,0,186.26,0,0,0,0,10058,Bank Transfer,SAR
PAY-003073,EMP-0183,2025-08,27-08-2025,4700,1175,470,0,17.5,514.06,6859.06,572.81,690.31,0,0,250,822.81,6036.25,Bank Transfer,SAR
PAY-003074,EMP-0184,2025-08,27-08-2025,8900,2225,890,0,17.5,973.44,12988.44,0,222.5,1201.5,0,520,1721.5,11266.94,Bank Transfer,SAR
PAY-003075,EMP-0186,2025-08,27-08-2025,3250,813,325,0,0,0,4388,396.14,477.4,0,0,0,396.14,3991.86,Cheque,SAR
PAY-003076,EMP-0187,2025-08,27-08-2025,7150,1788,715,0,7.5,335.16,9988.16,0,178.76,0,0,320,320,9668.16,Bank Transfer,SAR
PAY-003077,EMP-0188,2025-08,27-08-2025,8550,2138,855,1100,10.5,561.09,13204.09,1042.08,1255.84,0,0,0,1042.08,12162.01,Bank Transfer,SAR
PAY-003078,EMP-0189,2025-08,27-08-2025,3450,863,345,0,0,0,4658,0,86.26,0,0,0,0,4658,Bank Transfer,SAR
PAY-003079,EMP-0190,2025-08,27-08-2025,4750,1188,475,0,0,0,6413,0,118.76,0,0,0,0,6413,Bank Transfer,SAR
PAY-003080,EMP-0191,2025-08,27-08-2025,3800,950,380,0,16,380,5510,0,95,0,0,0,0,5510,Bank Transfer,SAR
PAY-003081,EMP-0193,2025-08,27-08-2025,3650,913,365,0,14.5,330.78,5258.78,0,91.26,0,0,0,0,5258.78,Bank Transfer,SAR
PAY-003082,EMP-0194,2025-08,27-08-2025,4750,1188,475,0,0,0,6413,0,118.76,0,0,0,0,6413,Bank Transfer,SAR
PAY-003083,EMP-0195,2025-08,27-08-2025,6150,1538,615,2000,11,422.81,10725.81,0,153.76,0,0,190,190,10535.81,Bank Transfer,SAR
PAY-003084,EMP-0196,2025-08,27-08-2025,8550,2138,855,1000,0,0,12543,0,213.76,0,0,0,0,12543,Bank Transfer,SAR
PAY-003085,EMP-0197,2025-08,27-08-2025,12000,3000,1200,0,14,1050,17250,0,300,0,0,0,0,17250,Bank Transfer,SAR
PAY-003086,EMP-0198,2025-08,27-08-2025,3400,850,340,0,0,0,4590,0,85,0,0,0,0,4590,Bank Transfer,SAR
PAY-003087,EMP-0199,2025-08,27-08-2025,7700,1925,770,0,0,0,10395,0,192.5,0,0,0,0,10395,Bank Transfer,SAR
PAY-003088,EMP-0200,2025-08,27-08-2025,11500,2875,1150,0,0,0,15525,0,287.5,0,0,0,0,15525,Bank Transfer,SAR
PAY-003089,EMP-0201,2025-08,27-08-2025,3700,925,370,0,9,208.13,5203.13,0,92.5,0,0,0,0,5203.13,Bank Transfer,SAR
PAY-003090,EMP-0202,2025-08,27-08-2025,8800,2200,880,0,0,0,11880,1072.5,1292.5,396,1850,0,3318.5,8561.5,Bank Transfer,SAR
PAY-003091,EMP-0203,2025-08,27-08-2025,4150,1038,415,0,0,0,5603,505.83,609.59,0,0,0,505.83,5097.17,Bank Transfer,SAR
PAY-003092,EMP-0205,2025-08,27-08-2025,4450,1113,445,0,16.5,458.91,6466.91,542.39,653.65,0,0,0,542.39,5924.52,Bank Transfer,SAR
PAY-003093,EMP-0207,2025-08,27-08-2025,4450,1113,445,800,0,0,6808,0,111.26,0,0,0,0,6808,Bank Transfer,SAR
PAY-003094,EMP-0208,2025-08,27-08-2025,4300,1075,430,0,11,295.63,6100.63,0,107.5,193.5,0,0,193.5,5907.13,Bank Transfer,SAR
PAY-003095,EMP-0209,2025-08,27-08-2025,3500,875,350,250,2,43.75,5018.75,0,87.5,157.5,0,0,157.5,4861.25,Bank Transfer,SAR
PAY-003096,EMP-0210,2025-08,27-08-2025,6850,1713,685,2100,0,0,11348,834.89,1006.15,0,0,0,834.89,10513.11,Bank Transfer,SAR
PAY-003097,EMP-0211,2025-08,27-08-2025,4450,1113,445,0,0,0,6008,0,111.26,0,0,0,0,6008,Bank Transfer,SAR
PAY-003098,EMP-0212,2025-08,27-08-2025,8700,2175,870,0,0,0,11745,1060.31,1277.81,0,0,0,1060.31,10684.69,Bank Transfer,SAR
PAY-003099,EMP-0213,2025-08,27-08-2025,3650,913,365,0,9,205.31,5133.31,444.89,536.15,0,0,0,444.89,4688.42,Cheque,SAR
PAY-003100,EMP-0214,2025-08,27-08-2025,3250,813,325,950,0,0,5338,396.14,477.4,0,0,0,396.14,4941.86,Bank Transfer,SAR
PAY-003101,EMP-0215,2025-08,27-08-2025,3300,825,330,0,12,247.5,4702.5,0,82.5,0,0,0,0,4702.5,Bank Transfer,SAR
PAY-003102,EMP-0216,2025-08,27-08-2025,7650,1913,765,2400,0,0,12728,932.39,1123.65,0,0,0,932.39,11795.61,Bank Transfer,SAR
PAY-003103,EMP-0217,2025-08,27-08-2025,3450,863,345,0,18,388.13,5046.13,0,86.26,0,0,0,0,5046.13,Bank Transfer,SAR
PAY-003104,EMP-0218,2025-08,27-08-2025,4200,1050,420,1700,24.5,643.13,8013.13,0,105,0,1650,550,2200,5813.13,Bank Transfer,SAR
PAY-003105,EMP-0219,2025-08,27-08-2025,3500,875,350,0,0,0,4725,426.56,514.06,0,1650,0,2076.56,2648.44,Bank Transfer,SAR
PAY-003106,EMP-0220,2025-08,27-08-2025,3950,988,395,0,2.5,61.72,5394.72,481.46,580.21,711.07,0,0,1192.53,4202.19,Bank Transfer,SAR
PAY-003107,EMP-0221,2025-08,27-08-2025,25950,6488,1200,0,0,0,33638,3162.71,3811.46,0,0,0,3162.71,30475.29,Bank Transfer,SAR
PAY-003108,EMP-0222,2025-08,27-08-2025,3700,925,370,0,4.5,104.06,5099.06,0,92.5,0,0,270,270,4829.06,Bank Transfer,SAR
PAY-003109,EMP-0223,2025-08,27-08-2025,7500,1875,750,0,0,0,10125,0,187.5,0,0,0,0,10125,Bank Transfer,SAR
PAY-003110,EMP-0225,2025-08,27-08-2025,11800,2950,1180,0,0,0,15930,1438.13,1733.13,0,0,0,1438.13,14491.87,Bank Transfer,SAR
PAY-003111,EMP-0226,2025-08,27-08-2025,3350,838,335,0,22,460.63,4983.63,0,83.76,0,0,0,0,4983.63,Bank Transfer,SAR
PAY-003112,EMP-0227,2025-08,27-08-2025,4650,1163,465,0,0,0,6278,566.77,683.03,0,0,0,566.77,5711.23,Bank Transfer,SAR
PAY-003113,EMP-0228,2025-08,27-08-2025,4400,1100,440,2300,0,0,8240,0,110,0,0,0,0,8240,Bank Transfer,SAR
PAY-003114,EMP-0229,2025-08,27-08-2025,3550,888,355,0,5,110.94,4903.94,0,88.76,319.53,0,0,319.53,4584.41,Bank Transfer,SAR
PAY-003115,EMP-0230,2025-08,27-08-2025,4650,1163,465,0,0,0,6278,566.77,683.03,0,0,0,566.77,5711.23,Bank Transfer,SAR
PAY-003116,EMP-0231,2025-08,27-08-2025,4450,1113,445,1750,0,0,7758,0,111.26,200.27,0,0,200.27,7557.73,Bank Transfer,SAR
PAY-003117,EMP-0232,2025-08,27-08-2025,4300,1075,430,0,0,0,5805,0,107.5,387,600,0,987,4818,Bank Transfer,SAR
PAY-003118,EMP-0236,2025-08,27-08-2025,3250,813,325,2100,23.5,477.34,6965.34,0,81.26,0,0,0,0,6965.34,Bank Transfer,SAR
PAY-003119,EMP-0237,2025-08,27-08-2025,4050,1013,405,0,0,0,5468,493.64,594.9,364.53,0,0,858.17,4609.83,Bank Transfer,SAR
PAY-003120,EMP-0238,2025-08,27-08-2025,8750,2188,875,250,0,0,12063,0,218.76,0,0,0,0,12063,Bank Transfer,SAR
PAY-003121,EMP-0239,2025-08,27-08-2025,8650,2163,865,1750,0,0,13428,0,216.26,0,0,0,0,13428,Bank Transfer,SAR
PAY-003122,EMP-0240,2025-08,27-08-2025,3550,888,355,0,0,0,4793,0,88.76,0,0,0,0,4793,WPS Transfer,SAR
PAY-003123,EMP-0241,2025-08,27-08-2025,11250,2813,1125,0,0,0,15188,1371.14,1652.4,506.27,0,0,1877.41,13310.59,Bank Transfer,SAR
PAY-003124,EMP-0242,2025-08,27-08-2025,3500,875,350,0,0,0,4725,426.56,514.06,0,0,0,426.56,4298.44,Bank Transfer,SAR
PAY-003125,EMP-0243,2025-08,27-08-2025,3350,838,335,1650,3,62.81,6235.81,0,83.76,0,0,0,0,6235.81,WPS Transfer,SAR
PAY-003126,EMP-0244,2025-08,27-08-2025,8550,2138,855,0,0,0,11543,1042.08,1255.84,0,0,0,1042.08,10500.92,Bank Transfer,SAR
PAY-003127,EMP-0245,2025-08,27-08-2025,4100,1025,410,0,8,205,5740,499.69,602.19,184.5,0,0,684.19,5055.81,Bank Transfer,SAR
PAY-003128,EMP-0246,2025-08,27-08-2025,4600,1150,460,300,0,0,6510,560.63,675.63,0,0,0,560.63,5949.37,Bank Transfer,SAR
PAY-003129,EMP-0247,2025-08,27-08-2025,3850,963,385,0,13,312.81,5510.81,0,96.26,173.27,0,0,173.27,5337.54,Bank Transfer,SAR
PAY-003130,EMP-0248,2025-08,27-08-2025,8500,2125,850,800,0,0,12275,1035.94,1248.44,0,0,0,1035.94,11239.06,Bank Transfer,SAR
PAY-003131,EMP-0249,2025-08,27-08-2025,8600,2150,860,0,0,0,11610,0,215,0,0,0,0,11610,Bank Transfer,SAR
PAY-003132,EMP-0250,2025-08,27-08-2025,3950,988,395,0,8,197.5,5530.5,0,98.76,0,0,0,0,5530.5,Bank Transfer,SAR
PAY-003133,EMP-0252,2025-08,27-08-2025,7200,1800,720,0,24,1080,10800,877.5,1057.5,0,2000,0,2877.5,7922.5,Bank Transfer,SAR
PAY-003134,EMP-0253,2025-08,27-08-2025,4350,1088,435,0,0,0,5873,530.21,638.96,391.53,0,0,921.74,4951.26,Bank Transfer,SAR
PAY-003135,EMP-0254,2025-08,27-08-2025,3200,800,320,550,3,60,4930,390,470,0,0,0,390,4540,WPS Transfer,SAR
PAY-003136,EMP-0256,2025-08,27-08-2025,3400,850,340,0,0,0,4590,0,85,0,1300,0,1300,3290,Bank Transfer,SAR
PAY-003137,EMP-0257,2025-08,27-08-2025,9150,2288,915,300,0,0,12653,0,228.76,0,0,510,510,12143,WPS Transfer,SAR
PAY-003138,EMP-0258,2025-08,27-08-2025,4400,1100,440,0,11,302.5,6242.5,0,110,0,0,0,0,6242.5,Bank Transfer,SAR
PAY-003139,EMP-0260,2025-08,27-08-2025,10550,2638,1055,0,0,0,14243,0,263.76,474.77,0,0,474.77,13768.23,Bank Transfer,SAR
PAY-003140,EMP-0261,2025-08,27-08-2025,7450,1863,745,0,0,0,10058,0,186.26,0,0,0,0,10058,Bank Transfer,SAR
PAY-003141,EMP-0262,2025-08,27-08-2025,4450,1113,445,0,0,0,6008,542.39,653.65,0,0,0,542.39,5465.61,WPS Transfer,SAR
PAY-003142,EMP-0263,2025-08,27-08-2025,11700,2925,1170,0,0,0,15795,1425.94,1718.44,0,0,0,1425.94,14369.06,Bank Transfer,SAR
PAY-003143,EMP-0264,2025-08,27-08-2025,4500,1125,450,0,0,0,6075,548.44,660.94,0,0,250,798.44,5276.56,Bank Transfer,SAR
PAY-003144,EMP-0265,2025-08,27-08-2025,8850,2213,885,0,9.5,525.47,12473.47,0,221.26,0,2200,0,2200,10273.47,Bank Transfer,SAR
PAY-003145,EMP-0266,2025-08,27-08-2025,8900,2225,890,0,0,0,12015,1084.69,1307.19,0,0,0,1084.69,10930.31,Bank Transfer,SAR
PAY-003146,EMP-0267,2025-08,27-08-2025,9150,2288,915,1900,24,1372.5,15625.5,0,228.76,411.77,0,0,411.77,15213.73,Bank Transfer,SAR
PAY-003147,EMP-0268,2025-08,27-08-2025,4300,1075,430,1700,11.5,309.06,7814.06,0,107.5,0,0,0,0,7814.06,Bank Transfer,SAR
PAY-003148,EMP-0269,2025-08,27-08-2025,4450,1113,445,0,12,333.75,6341.75,0,111.26,0,0,0,0,6341.75,Bank Transfer,SAR
PAY-003149,EMP-0272,2025-08,27-08-2025,4200,1050,420,0,20.5,538.13,6208.13,0,105,0,0,0,0,6208.13,Bank Transfer,SAR
PAY-003150,EMP-0273,2025-08,27-08-2025,4750,1188,475,0,11.5,341.41,6754.41,578.96,697.71,0,1050,0,1628.96,5125.45,Bank Transfer,SAR
PAY-003151,EMP-0274,2025-08,27-08-2025,10550,2638,1055,0,6.5,428.59,14671.59,0,263.76,474.77,0,0,474.77,14196.82,Bank Transfer,SAR
PAY-003152,EMP-0275,2025-08,27-08-2025,13900,3475,1200,2150,0,0,20725,1694.06,2041.56,0,0,0,1694.06,19030.94,Bank Transfer,SAR
PAY-003153,EMP-0277,2025-08,27-08-2025,8700,2175,870,0,0,0,11745,1060.31,1277.81,0,0,0,1060.31,10684.69,Bank Transfer,SAR
PAY-003154,EMP-0278,2025-08,27-08-2025,10350,2588,1035,0,0,0,13973,1261.46,1520.22,0,0,0,1261.46,12711.54,Bank Transfer,SAR
PAY-003155,EMP-0279,2025-08,27-08-2025,10300,2575,1030,800,5,321.88,15026.88,1255.31,1512.81,0,0,0,1255.31,13771.57,Bank Transfer,SAR
PAY-003156,EMP-0280,2025-08,27-08-2025,4350,1088,435,0,7.5,203.91,6076.91,0,108.76,195.77,0,0,195.77,5881.14,Bank Transfer,SAR
PAY-003157,EMP-0281,2025-08,27-08-2025,4350,1088,435,0,0,0,5873,0,108.76,0,0,0,0,5873,Bank Transfer,SAR
PAY-003158,EMP-0282,2025-08,27-08-2025,8750,2188,875,0,6,328.13,12141.13,1066.46,1285.21,0,0,0,1066.46,11074.67,Bank Transfer,SAR
PAY-003159,EMP-0283,2025-08,27-08-2025,3650,913,365,350,0,0,5278,0,91.26,0,0,0,0,5278,Bank Transfer,SAR
PAY-003160,EMP-0286,2025-08,27-08-2025,3900,975,390,0,0,0,5265,0,97.5,175.5,1600,0,1775.5,3489.5,Bank Transfer,SAR
PAY-003161,EMP-0287,2025-08,27-08-2025,8850,2213,885,0,13,719.06,12667.06,0,221.26,0,0,0,0,12667.06,Bank Transfer,SAR
PAY-003162,EMP-0288,2025-08,27-08-2025,4350,1088,435,1850,0,0,7723,530.21,638.96,0,0,0,530.21,7192.79,Bank Transfer,SAR
PAY-003163,EMP-0289,2025-08,27-08-2025,4650,1163,465,0,0,0,6278,566.77,683.03,0,0,530,1096.77,5181.23,Bank Transfer,SAR
PAY-003164,EMP-0290,2025-08,27-08-2025,3950,988,395,0,0,0,5333,481.46,580.21,0,0,0,481.46,4851.54,Bank Transfer,SAR
PAY-003165,EMP-0292,2025-08,27-08-2025,4750,1188,475,0,3,89.06,6502.06,578.96,697.71,0,0,0,578.96,5923.1,Bank Transfer,SAR
PAY-003166,EMP-0293,2025-08,27-08-2025,8500,2125,850,0,16,850,12325,1035.94,1248.44,0,0,0,1035.94,11289.06,WPS Transfer,SAR
PAY-003167,EMP-0294,2025-08,27-08-2025,4400,1100,440,0,0,0,5940,536.25,646.25,0,0,0,536.25,5403.75,Bank Transfer,SAR
PAY-003168,EMP-0295,2025-08,27-08-2025,11000,2750,1100,1350,5,343.75,16543.75,0,275,0,0,0,0,16543.75,Bank Transfer,SAR
PAY-003169,EMP-0296,2025-08,27-08-2025,15050,3763,1200,2100,3,282.19,22395.19,1834.27,2210.53,2001.3,0,0,3835.57,18559.62,Bank Transfer,SAR
PAY-003170,EMP-0297,2025-08,27-08-2025,4400,1100,440,0,0,0,5940,536.25,646.25,0,0,0,536.25,5403.75,Bank Transfer,SAR
PAY-003171,EMP-0300,2025-08,27-08-2025,12700,3175,1200,500,13,1031.88,18606.88,0,317.5,0,0,0,0,18606.88,Bank Transfer,SAR
PAY-003172,EMP-0301,2025-08,27-08-2025,8700,2175,870,0,25,1359.38,13104.38,0,217.5,0,0,0,0,13104.38,Bank Transfer,SAR
PAY-003173,EMP-0303,2025-08,27-08-2025,9200,2300,920,0,0,0,12420,0,230,0,0,0,0,12420,Bank Transfer,SAR
PAY-003174,EMP-0304,2025-08,27-08-2025,11500,2875,1150,0,0,0,15525,0,287.5,0,0,0,0,15525,Bank Transfer,SAR
PAY-003175,EMP-0305,2025-08,27-08-2025,3850,963,385,0,13,312.81,5510.81,469.27,565.53,0,0,0,469.27,5041.54,Bank Transfer,SAR
PAY-003176,EMP-0306,2025-08,27-08-2025,4800,1200,480,0,0,0,6480,0,120,0,2200,0,2200,4280,Bank Transfer,SAR
PAY-003177,EMP-0307,2025-08,27-08-2025,9450,2363,945,0,0,0,12758,0,236.26,0,0,0,0,12758,Bank Transfer,SAR
PAY-003178,EMP-0308,2025-08,27-08-2025,10900,2725,1090,0,19.5,1328.44,16043.44,0,272.5,0,0,0,0,16043.44,Bank Transfer,SAR
PAY-003179,EMP-0309,2025-08,27-08-2025,3800,950,380,0,0,0,5130,0,95,0,0,0,0,5130,Bank Transfer,SAR
PAY-003180,EMP-0310,2025-08,27-08-2025,10450,2613,1045,0,25.5,1665.47,15773.47,0,261.26,0,0,0,0,15773.47,Bank Transfer,SAR
PAY-003181,EMP-0311,2025-08,27-08-2025,15900,3975,1200,0,18.5,1838.44,22913.44,0,397.5,2810,0,0,2810,20103.44,Bank Transfer,SAR
PAY-003182,EMP-0312,2025-08,27-08-2025,14350,3588,1200,0,7.5,672.66,19810.66,0,358.76,0,0,0,0,19810.66,Bank Transfer,SAR
PAY-003183,EMP-0313,2025-08,27-08-2025,11900,2975,1190,0,0,0,16065,0,297.5,0,0,0,0,16065,Bank Transfer,SAR
PAY-003184,EMP-0314,2025-08,27-08-2025,3650,913,365,0,0,0,4928,444.89,536.15,0,0,0,444.89,4483.11,Bank Transfer,SAR
PAY-003185,EMP-0315,2025-08,27-08-2025,11600,2900,1160,400,0,0,16060,1413.75,1703.75,0,650,0,2063.75,13996.25,Bank Transfer,SAR
PAY-003186,EMP-0316,2025-08,27-08-2025,15200,3800,1200,2300,21.5,2042.5,24542.5,0,380,0,0,0,0,24542.5,Bank Transfer,SAR
PAY-003187,EMP-0318,2025-08,27-08-2025,4100,1025,410,0,0,0,5535,499.69,602.19,0,0,0,499.69,5035.31,Bank Transfer,SAR
PAY-003188,EMP-0320,2025-08,27-08-2025,8750,2188,875,2350,0,0,14163,0,218.76,0,0,0,0,14163,Bank Transfer,SAR
PAY-003189,EMP-0321,2025-08,27-08-2025,21300,5325,1200,0,0,0,27825,2595.94,3128.44,0,0,0,2595.94,25229.06,Bank Transfer,SAR
PAY-003190,EMP-0322,2025-08,27-08-2025,8700,2175,870,1600,0,0,13345,1060.31,1277.81,0,950,0,2010.31,11334.69,Bank Transfer,SAR
PAY-003191,EMP-0324,2025-08,27-08-2025,6100,1525,610,0,0,0,8235,0,152.5,0,0,0,0,8235,Bank Transfer,SAR
PAY-003192,EMP-0325,2025-08,27-08-2025,11300,2825,1130,0,16,1130,16385,0,282.5,0,1750,0,1750,14635,Bank Transfer,SAR
PAY-003193,EMP-0326,2025-08,27-08-2025,5000,1250,500,0,17,531.25,7281.25,0,125,0,0,0,0,7281.25,Bank Transfer,SAR
PAY-003194,EMP-0327,2025-08,27-08-2025,9400,2350,940,0,5.5,323.13,13013.13,0,235,0,2050,0,2050,10963.13,Bank Transfer,SAR
PAY-003195,EMP-0328,2025-08,27-08-2025,10850,2713,1085,0,0,0,14648,1322.39,1593.65,0,1300,0,2622.39,12025.61,Bank Transfer,SAR
PAY-003196,EMP-0329,2025-08,27-08-2025,10700,2675,1070,0,18.5,1237.19,15682.19,0,267.5,0,0,130,130,15552.19,WPS Transfer,SAR
PAY-003197,EMP-0331,2025-08,27-08-2025,11600,2900,1160,0,3.5,253.75,15913.75,0,290,0,0,0,0,15913.75,Bank Transfer,SAR
PAY-003198,EMP-0332,2025-08,27-08-2025,5350,1338,535,950,0,0,8173,652.08,785.84,0,1500,0,2152.08,6020.92,Bank Transfer,SAR
PAY-003199,EMP-0333,2025-08,27-08-2025,4700,1175,470,0,4.5,132.19,6477.19,0,117.5,0,0,0,0,6477.19,Bank Transfer,SAR
PAY-003200,EMP-0334,2025-08,27-08-2025,15550,3888,1200,1750,16.5,1603.59,23991.59,0,388.76,0,0,0,0,23991.59,Bank Transfer,SAR
PAY-003201,EMP-0335,2025-08,27-08-2025,12650,3163,1200,0,19,1502.19,18515.19,0,316.26,0,0,0,0,18515.19,WPS Transfer,SAR
PAY-003202,EMP-0336,2025-08,27-08-2025,5000,1250,500,0,17,531.25,7281.25,0,125,0,0,0,0,7281.25,Bank Transfer,SAR
PAY-003203,EMP-0337,2025-08,27-08-2025,8750,2188,875,0,11,601.56,12414.56,1066.46,1285.21,0,0,0,1066.46,11348.1,Bank Transfer,SAR
PAY-003204,EMP-0338,2025-08,27-08-2025,11550,2888,1155,0,12.5,902.34,16495.34,0,288.76,0,0,0,0,16495.34,Bank Transfer,SAR
PAY-003205,EMP-0339,2025-08,27-08-2025,12400,3100,1200,0,15.5,1201.25,17901.25,1511.25,1821.25,0,0,0,1511.25,16390,Bank Transfer,SAR
PAY-003206,EMP-0340,2025-08,27-08-2025,11200,2800,1120,0,0,0,15120,0,280,0,0,0,0,15120,Bank Transfer,SAR
PAY-003207,EMP-0341,2025-08,27-08-2025,4900,1225,490,0,14.5,444.06,7059.06,0,122.5,220.5,0,0,220.5,6838.56,Bank Transfer,SAR
PAY-003208,EMP-0342,2025-08,27-08-2025,8500,2125,850,0,7,371.88,11846.88,1035.94,1248.44,0,0,0,1035.94,10810.94,Bank Transfer,SAR
PAY-003209,EMP-0343,2025-08,27-08-2025,5300,1325,530,0,0,0,7155,0,132.5,0,0,0,0,7155,Bank Transfer,SAR
PAY-003210,EMP-0344,2025-08,27-08-2025,11000,2750,1100,0,0,0,14850,0,275,990,0,0,990,13860,Bank Transfer,SAR
PAY-003211,EMP-0347,2025-08,27-08-2025,5550,1388,555,0,0,0,7493,0,138.76,0,0,0,0,7493,Bank Transfer,SAR
PAY-003212,EMP-0349,2025-08,27-08-2025,10850,2713,1085,2250,0,0,16898,0,271.26,0,0,260,260,16638,Bank Transfer,SAR
PAY-003213,EMP-0350,2025-08,27-08-2025,13050,3263,1200,1950,6,489.38,19952.38,1590.52,1916.78,0,0,0,1590.52,18361.86,Bank Transfer,SAR
PAY-003214,EMP-0351,2025-08,27-08-2025,14350,3588,1200,0,20.5,1838.59,20976.59,1748.96,2107.71,0,1200,0,2948.96,18027.63,Bank Transfer,SAR
PAY-003215,EMP-0352,2025-08,27-08-2025,10200,2550,1020,0,0,0,13770,0,255,0,0,0,0,13770,Bank Transfer,SAR
PAY-003216,EMP-0353,2025-08,27-08-2025,10650,2663,1065,0,4.5,299.53,14677.53,1298.02,1564.28,1917.07,0,0,3215.09,11462.44,Bank Transfer,SAR
PAY-003217,EMP-0354,2025-08,27-08-2025,12400,3100,1200,0,0,0,16700,1511.25,1821.25,0,2300,0,3811.25,12888.75,Bank Transfer,SAR
PAY-003218,EMP-0355,2025-08,27-08-2025,4700,1175,470,0,22,646.25,6991.25,0,117.5,0,1700,0,1700,5291.25,Bank Transfer,SAR
PAY-003219,EMP-0356,2025-08,27-08-2025,5700,1425,570,0,0,0,7695,694.69,837.19,0,0,0,694.69,7000.31,Bank Transfer,SAR
PAY-003220,EMP-0357,2025-08,27-08-2025,12700,3175,1200,0,0,0,17075,0,317.5,0,0,0,0,17075,Bank Transfer,SAR
PAY-003221,EMP-0358,2025-08,27-08-2025,6500,1625,650,0,4,162.5,8937.5,792.19,954.69,0,0,0,792.19,8145.31,Bank Transfer,SAR
PAY-003222,EMP-0359,2025-08,27-08-2025,4550,1138,455,0,20.5,582.97,6725.97,554.58,668.34,0,0,0,554.58,6171.39,Bank Transfer,SAR
PAY-003223,EMP-0360,2025-08,27-08-2025,15300,3825,1200,0,0,0,20325,0,382.5,0,0,0,0,20325,Bank Transfer,SAR
PAY-003224,EMP-0361,2025-08,27-08-2025,28350,7088,1200,2500,0,0,39138,0,708.76,0,0,0,0,39138,Bank Transfer,SAR
PAY-003225,EMP-0362,2025-08,27-08-2025,7050,1763,705,1700,0,0,11218,859.27,1035.53,0,0,0,859.27,10358.73,WPS Transfer,SAR
PAY-003226,EMP-0363,2025-08,27-08-2025,6900,1725,690,0,0,0,9315,840.94,1013.44,0,800,0,1640.94,7674.06,Bank Transfer,SAR
PAY-003227,EMP-0364,2025-08,27-08-2025,6050,1513,605,2300,24,907.5,11375.5,737.39,888.65,0,0,0,737.39,10638.11,Bank Transfer,SAR
PAY-003228,EMP-0366,2025-08,27-08-2025,12100,3025,1200,1800,0,0,18125,1474.69,1777.19,2176.67,0,0,3651.36,14473.64,Bank Transfer,SAR
PAY-003229,EMP-0368,2025-08,27-08-2025,26850,6713,1200,0,0,0,34763,0,671.26,0,0,0,0,34763,Bank Transfer,SAR
PAY-003230,EMP-0369,2025-08,27-08-2025,7050,1763,705,0,0,0,9518,859.27,1035.53,0,1950,0,2809.27,6708.73,Bank Transfer,SAR
PAY-003231,EMP-0370,2025-08,27-08-2025,7150,1788,715,0,0,0,9653,871.46,1050.21,0,0,0,871.46,8781.54,Bank Transfer,SAR
PAY-003232,EMP-0372,2025-08,27-08-2025,7450,1863,745,0,24,1117.5,11175.5,0,186.26,0,0,0,0,11175.5,Bank Transfer,SAR
PAY-003233,EMP-0373,2025-08,27-08-2025,26000,6500,1200,1650,0,0,35350,3168.75,3818.75,0,0,0,3168.75,32181.25,Bank Transfer,SAR
PAY-003234,EMP-0374,2025-08,27-08-2025,8650,2163,865,0,6.5,351.41,12029.41,0,216.26,0,0,0,0,12029.41,Bank Transfer,SAR
PAY-003235,EMP-0375,2025-08,27-08-2025,9600,2400,960,0,0,0,12960,0,240,432,0,0,432,12528,Bank Transfer,SAR
PAY-003236,EMP-0376,2025-08,27-08-2025,26700,6675,1200,0,0,0,34575,0,667.5,0,0,0,0,34575,Bank Transfer,SAR
PAY-003237,EMP-0377,2025-08,27-08-2025,15650,3913,1200,0,0,0,20763,0,391.26,0,400,0,400,20363,Bank Transfer,SAR
PAY-003238,EMP-0378,2025-08,27-08-2025,12300,3075,1200,0,0,0,16575,0,307.5,0,0,0,0,16575,Bank Transfer,SAR
PAY-003239,EMP-0379,2025-08,27-08-2025,16750,4188,1200,0,0,0,22138,2041.46,2460.21,1475.87,1950,0,5467.33,16670.67,Bank Transfer,SAR
PAY-003240,EMP-0381,2025-08,27-08-2025,8300,2075,830,0,0,0,11205,1011.56,1219.06,0,0,480,1491.56,9713.44,Bank Transfer,SAR
PAY-003241,EMP-0382,2025-08,27-08-2025,12900,3225,1200,2450,0,0,19775,1572.19,1894.69,0,0,0,1572.19,18202.81,Bank Transfer,SAR
PAY-003242,EMP-0383,2025-08,27-08-2025,8250,2063,825,0,22,1134.38,12272.38,1005.52,1211.78,371.27,0,0,1376.79,10895.59,Bank Transfer,SAR
PAY-003243,EMP-0384,2025-08,27-08-2025,13550,3388,1200,0,15,1270.31,19408.31,0,338.76,0,0,0,0,19408.31,Bank Transfer,SAR
PAY-003244,EMP-0385,2025-08,27-08-2025,6650,1663,665,0,0,0,8978,810.52,976.78,0,0,0,810.52,8167.48,Bank Transfer,SAR
PAY-003245,EMP-0387,2025-08,27-08-2025,7700,1925,770,800,0,0,11195,938.44,1130.94,0,2500,0,3438.44,7756.56,Bank Transfer,SAR
PAY-003246,EMP-0388,2025-08,27-08-2025,8300,2075,830,0,5.5,285.31,11490.31,1011.56,1219.06,0,0,0,1011.56,10478.75,Bank Transfer,SAR
PAY-003247,EMP-0389,2025-08,27-08-2025,8650,2163,865,0,0,0,11678,0,216.26,0,0,0,0,11678,Bank Transfer,SAR
PAY-003248,EMP-0390,2025-08,27-08-2025,6250,1563,625,0,0,0,8438,0,156.26,0,0,0,0,8438,Bank Transfer,SAR
PAY-003249,EMP-0391,2025-08,27-08-2025,11600,2900,1160,2200,0,0,17860,1413.75,1703.75,0,0,0,1413.75,16446.25,Bank Transfer,SAR
PAY-003250,EMP-0392,2025-08,27-08-2025,16550,4138,1200,0,8.5,879.22,22767.22,2017.08,2430.84,0,0,0,2017.08,20750.14,Bank Transfer,SAR
PAY-003251,EMP-0393,2025-08,27-08-2025,8700,2175,870,0,21.5,1169.06,12914.06,0,217.5,0,2450,0,2450,10464.06,Bank Transfer,SAR
PAY-003252,EMP-0394,2025-08,27-08-2025,11350,2838,1135,0,15.5,1099.53,16422.53,0,283.76,0,0,0,0,16422.53,Bank Transfer,SAR
PAY-003253,EMP-0395,2025-08,27-08-2025,26050,6513,1200,2450,0,0,36213,0,651.26,0,2250,0,2250,33963,Bank Transfer,SAR
PAY-003254,EMP-0396,2025-08,27-08-2025,28150,7038,1200,1400,0,0,37788,3430.83,4134.59,0,0,0,3430.83,34357.17,Bank Transfer,SAR
PAY-003255,EMP-0397,2025-08,27-08-2025,19150,4788,1200,0,0,0,25138,0,478.76,1675.87,0,0,1675.87,23462.13,Bank Transfer,SAR
PAY-003256,EMP-0398,2025-08,27-08-2025,12000,3000,1200,0,19.5,1462.5,17662.5,1462.5,1762.5,0,2400,0,3862.5,13800,Bank Transfer,SAR
PAY-003257,EMP-0399,2025-08,27-08-2025,5350,1338,535,0,0,0,7223,0,133.76,0,0,0,0,7223,Bank Transfer,SAR
PAY-003258,EMP-0400,2025-08,27-08-2025,5050,1263,505,0,25,789.06,7607.06,0,126.26,0,0,0,0,7607.06,Bank Transfer,SAR
PAY-003259,EMP-0402,2025-08,27-08-2025,13000,3250,1200,0,10,812.5,18262.5,0,325,0,0,0,0,18262.5,Bank Transfer,SAR
PAY-003260,EMP-0403,2025-08,27-08-2025,8750,2188,875,0,0,0,11813,1066.46,1285.21,0,0,280,1346.46,10466.54,WPS Transfer,SAR
PAY-003261,EMP-0405,2025-08,27-08-2025,10950,2738,1095,0,0,0,14783,0,273.76,492.77,0,0,492.77,14290.23,Bank Transfer,SAR
PAY-003262,EMP-0406,2025-08,27-08-2025,12400,3100,1200,0,23.5,1821.25,18521.25,1511.25,1821.25,0,0,0,1511.25,17010,Bank Transfer,SAR
PAY-003263,EMP-0407,2025-08,27-08-2025,6150,1538,615,0,0,0,8303,0,153.76,0,0,0,0,8303,Bank Transfer,SAR
PAY-003264,EMP-0409,2025-08,27-08-2025,5450,1363,545,0,17.5,596.09,7954.09,664.27,800.53,0,0,0,664.27,7289.82,Bank Transfer,SAR
PAY-003265,EMP-0410,2025-08,27-08-2025,6300,1575,630,0,0,0,8505,767.81,925.31,0,0,0,767.81,7737.19,Bank Transfer,SAR
PAY-003266,EMP-0411,2025-08,27-08-2025,9350,2338,935,0,0,0,12623,1139.58,1373.34,0,1900,0,3039.58,9583.42,Bank Transfer,SAR
PAY-003267,EMP-0412,2025-08,27-08-2025,6400,1600,640,0,9,360,9000,0,160,288,0,0,288,8712,Bank Transfer,SAR
PAY-003268,EMP-0414,2025-08,27-08-2025,6300,1575,630,400,0,0,8905,0,157.5,0,0,0,0,8905,Bank Transfer,SAR
PAY-003269,EMP-0415,2025-08,27-08-2025,5800,1450,580,550,13.5,489.38,8869.38,706.88,851.88,0,0,0,706.88,8162.5,Bank Transfer,SAR
PAY-003270,EMP-0416,2025-08,27-08-2025,4600,1150,460,0,2.5,71.88,6281.88,560.63,675.63,0,0,0,560.63,5721.25,WPS Transfer,SAR
PAY-003271,EMP-0417,2025-08,27-08-2025,5900,1475,590,0,21.5,792.81,8757.81,719.06,866.56,0,0,0,719.06,8038.75,Bank Transfer,SAR
PAY-003272,EMP-0419,2025-08,27-08-2025,5850,1463,585,0,0,0,7898,713.02,859.28,0,0,0,713.02,7184.98,Bank Transfer,SAR
PAY-003273,EMP-0420,2025-08,27-08-2025,4700,1175,470,0,0,0,6345,572.81,690.31,0,2000,0,2572.81,3772.19,Bank Transfer,SAR
PAY-003274,EMP-0422,2025-08,27-08-2025,9200,2300,920,0,25,1437.5,13857.5,1121.25,1351.25,0,0,250,1371.25,12486.25,Bank Transfer,SAR
PAY-003275,EMP-0424,2025-08,27-08-2025,17650,4413,1200,0,0,0,23263,2151.14,2592.4,0,2350,0,4501.14,18761.86,Bank Transfer,SAR
PAY-003276,EMP-0425,2025-08,27-08-2025,5950,1488,595,0,4,148.75,8181.75,0,148.76,0,0,0,0,8181.75,Bank Transfer,SAR
PAY-003277,EMP-0426,2025-08,27-08-2025,29150,7288,1200,0,0,0,37638,0,728.76,0,0,0,0,37638,Bank Transfer,SAR
PAY-003278,EMP-0427,2025-08,27-08-2025,7750,1938,775,0,0,0,10463,0,193.76,0,1200,0,1200,9263,WPS Transfer,SAR
PAY-003279,EMP-0428,2025-08,27-08-2025,10850,2713,1085,0,0,0,14648,0,271.26,0,0,0,0,14648,Bank Transfer,SAR
PAY-003280,EMP-0429,2025-08,27-08-2025,8300,2075,830,0,17,881.88,12086.88,0,207.5,0,0,0,0,12086.88,Bank Transfer,SAR
PAY-003281,EMP-0430,2025-08,27-08-2025,6400,1600,640,1900,0,0,10540,0,160,576,0,0,576,9964,Bank Transfer,SAR
PAY-003282,EMP-0431,2025-08,27-08-2025,8450,2113,845,0,2.5,132.03,11540.03,0,211.26,760.53,0,0,760.53,10779.5,Bank Transfer,SAR
PAY-003283,EMP-0432,2025-08,27-08-2025,8650,2163,865,1050,12,648.75,13376.75,1054.27,1270.53,0,500,0,1554.27,11822.48,Bank Transfer,SAR
PAY-003284,EMP-0433,2025-08,27-08-2025,16100,4025,1200,0,17.5,1760.94,23085.94,0,402.5,1421.67,0,0,1421.67,21664.27,Bank Transfer,SAR
PAY-003285,EMP-0434,2025-08,27-08-2025,12250,3063,1200,0,14,1071.88,17584.88,0,306.26,0,0,0,0,17584.88,Bank Transfer,SAR
PAY-003286,EMP-0435,2025-08,27-08-2025,8750,2188,875,950,0,0,12763,1066.46,1285.21,0,0,0,1066.46,11696.54,Bank Transfer,SAR
PAY-003287,EMP-0436,2025-08,27-08-2025,7450,1863,745,0,10,465.63,10523.63,0,186.26,0,0,0,0,10523.63,Bank Transfer,SAR
PAY-003288,EMP-0438,2025-08,27-08-2025,8900,2225,890,0,0,0,12015,0,222.5,801,0,0,801,11214,Bank Transfer,SAR
PAY-003289,EMP-0439,2025-08,27-08-2025,6250,1563,625,0,0,0,8438,0,156.26,843.8,0,0,843.8,7594.2,Cheque,SAR
PAY-003290,EMP-0440,2025-08,27-08-2025,6800,1700,680,0,0,0,9180,0,170,0,0,0,0,9180,Bank Transfer,SAR
PAY-003291,EMP-0441,2025-08,27-08-2025,16850,4213,1200,0,0,0,22263,2053.64,2474.9,0,0,0,2053.64,20209.36,Bank Transfer,SAR
PAY-003292,EMP-0442,2025-08,27-08-2025,7800,1950,780,700,26,1267.5,12497.5,950.63,1145.63,0,0,0,950.63,11546.87,Bank Transfer,SAR
PAY-003293,EMP-0443,2025-08,27-08-2025,9850,2463,985,0,11.5,707.97,14005.97,0,246.26,0,0,0,0,14005.97,Bank Transfer,SAR
PAY-003294,EMP-0444,2025-08,27-08-2025,8500,2125,850,2050,4,212.5,13737.5,1035.94,1248.44,0,1100,0,2135.94,11601.56,Bank Transfer,SAR
PAY-003295,EMP-0445,2025-08,27-08-2025,10900,2725,1090,0,13.5,919.69,15634.69,0,272.5,0,0,0,0,15634.69,WPS Transfer,SAR
PAY-003296,EMP-0446,2025-08,27-08-2025,11600,2900,1160,0,0,0,15660,1413.75,1703.75,0,850,0,2263.75,13396.25,Bank Transfer,SAR
PAY-003297,EMP-0448,2025-08,27-08-2025,12400,3100,1200,1550,0,0,18250,1511.25,1821.25,0,0,0,1511.25,16738.75,Bank Transfer,SAR
PAY-003298,EMP-0449,2025-08,27-08-2025,6350,1588,635,0,2.5,99.22,8672.22,773.96,932.71,0,0,0,773.96,7898.26,Bank Transfer,SAR
PAY-003299,EMP-0451,2025-08,27-08-2025,26850,6713,1200,700,0,0,35463,0,671.26,0,0,0,0,35463,Bank Transfer,SAR
PAY-003300,EMP-0452,2025-08,27-08-2025,6500,1625,650,1100,0,0,9875,792.19,954.69,0,0,0,792.19,9082.81,Bank Transfer,SAR
PAY-003301,EMP-0453,2025-08,27-08-2025,6300,1575,630,0,10,393.75,8898.75,767.81,925.31,0,0,0,767.81,8130.94,Bank Transfer,SAR
PAY-003302,EMP-0454,2025-08,27-08-2025,5300,1325,530,0,13,430.63,7585.63,645.94,778.44,0,0,0,645.94,6939.69,Bank Transfer,SAR
PAY-003303,EMP-0455,2025-08,27-08-2025,4800,1200,480,0,0,0,6480,0,120,0,2450,0,2450,4030,Bank Transfer,SAR
PAY-003304,EMP-0457,2025-08,27-08-2025,5050,1263,505,0,14,441.88,7259.88,615.52,741.78,0,0,180,795.52,6464.36,Bank Transfer,SAR
PAY-003305,EMP-0459,2025-08,27-08-2025,6400,1600,640,1700,0,0,10340,780,940,0,0,120,900,9440,Bank Transfer,SAR
PAY-003306,EMP-0460,2025-08,27-08-2025,10050,2513,1005,0,25,1570.31,15138.31,0,251.26,0,0,0,0,15138.31,Bank Transfer,SAR
PAY-003307,EMP-0461,2025-08,27-08-2025,4900,1225,490,0,15,459.38,7074.38,597.19,719.69,0,0,100,697.19,6377.19,Bank Transfer,SAR
PAY-003308,EMP-0463,2025-08,27-08-2025,5850,1463,585,550,24.5,895.78,9343.78,0,146.26,0,0,0,0,9343.78,Bank Transfer,SAR
PAY-003309,EMP-0464,2025-08,27-08-2025,5800,1450,580,900,25.5,924.38,9654.38,706.88,851.88,0,0,0,706.88,8947.5,Bank Transfer,SAR
PAY-003310,EMP-0465,2025-08,27-08-2025,11200,2800,1120,0,3.5,245,15365,0,280,0,950,0,950,14415,Bank Transfer,SAR
PAY-003311,EMP-0466,2025-08,27-08-2025,11900,2975,1190,400,0,0,16465,0,297.5,0,0,0,0,16465,Bank Transfer,SAR
PAY-003312,EMP-0467,2025-08,27-08-2025,4650,1163,465,300,0,0,6578,566.77,683.03,0,0,0,566.77,6011.23,Bank Transfer,SAR
PAY-003313,EMP-0468,2025-08,27-08-2025,11850,2963,1185,2450,10.5,777.66,19225.66,0,296.26,0,0,0,0,19225.66,Bank Transfer,SAR
PAY-003314,EMP-0469,2025-08,27-08-2025,4600,1150,460,0,0,0,6210,0,115,0,0,0,0,6210,Bank Transfer,SAR
PAY-003315,EMP-0470,2025-08,27-08-2025,4600,1150,460,0,0,0,6210,0,115,0,400,0,400,5810,Bank Transfer,SAR
PAY-003316,EMP-0471,2025-08,27-08-2025,25000,6250,1200,0,0,0,32450,3046.88,3671.88,0,0,0,3046.88,29403.12,Bank Transfer,SAR
PAY-003317,EMP-0472,2025-08,27-08-2025,8600,2150,860,850,24,1290,13750,1048.13,1263.13,0,0,0,1048.13,12701.87,Bank Transfer,SAR
PAY-003318,EMP-0473,2025-08,27-08-2025,8150,2038,815,0,0,0,11003,993.33,1197.09,366.77,0,0,1360.1,9642.9,Bank Transfer,SAR
PAY-003319,EMP-0474,2025-08,27-08-2025,7700,1925,770,0,0,0,10395,938.44,1130.94,0,0,230,1168.44,9226.56,Bank Transfer,SAR
PAY-003320,EMP-0475,2025-08,27-08-2025,12800,3200,1200,0,19,1520,18720,0,320,573.33,0,0,573.33,18146.67,Bank Transfer,SAR
PAY-003321,EMP-0476,2025-08,27-08-2025,14600,3650,1200,0,0,0,19450,0,365,0,0,0,0,19450,Bank Transfer,SAR
PAY-003322,EMP-0478,2025-08,27-08-2025,7500,1875,750,0,0,0,10125,914.06,1101.56,0,0,0,914.06,9210.94,Bank Transfer,SAR
PAY-003323,EMP-0480,2025-08,27-08-2025,14150,3538,1200,200,0,0,19088,0,353.76,0,0,0,0,19088,Bank Transfer,SAR
PAY-003324,EMP-0481,2025-08,27-08-2025,15500,3875,1200,0,3.5,339.06,20914.06,0,387.5,0,0,0,0,20914.06,Bank Transfer,SAR
PAY-003325,EMP-0482,2025-08,27-08-2025,8400,2100,840,2050,0,0,13390,0,210,0,0,0,0,13390,Bank Transfer,SAR
PAY-003326,EMP-0483,2025-08,27-08-2025,8800,2200,880,0,0,0,11880,1072.5,1292.5,0,1850,0,2922.5,8957.5,Bank Transfer,SAR
PAY-003327,EMP-0484,2025-08,27-08-2025,10600,2650,1060,0,0,0,14310,1291.88,1556.88,477,0,80,1848.88,12461.12,Bank Transfer,SAR
PAY-003328,EMP-0485,2025-08,27-08-2025,10100,2525,1010,0,16.5,1041.56,14676.56,0,252.5,0,0,0,0,14676.56,Bank Transfer,SAR
PAY-003329,EMP-0487,2025-08,27-08-2025,10850,2713,1085,0,0,0,14648,1322.39,1593.65,0,0,0,1322.39,13325.61,Bank Transfer,SAR
PAY-003330,EMP-0488,2025-08,27-08-2025,10850,2713,1085,700,0,0,15348,0,271.26,0,0,0,0,15348,Bank Transfer,SAR
PAY-003331,EMP-0489,2025-08,27-08-2025,11700,2925,1170,0,0,0,15795,0,292.5,0,1450,0,1450,14345,Bank Transfer,SAR
PAY-003332,EMP-0490,2025-08,27-08-2025,6250,1563,625,0,13,507.81,8945.81,0,156.26,562.53,0,0,562.53,8383.28,Bank Transfer,SAR
PAY-003333,EMP-0491,2025-08,27-08-2025,37150,9288,1200,0,0,0,47638,4527.71,5456.46,0,0,0,4527.71,43110.29,WPS Transfer,SAR
PAY-003334,EMP-0492,2025-08,27-08-2025,21700,5425,1200,0,0,0,28325,2644.69,3187.19,0,0,0,2644.69,25680.31,Bank Transfer,SAR
PAY-003335,EMP-0493,2025-08,27-08-2025,6300,1575,630,0,0,0,8505,0,157.5,0,0,0,0,8505,Bank Transfer,SAR
PAY-003336,EMP-0494,2025-08,27-08-2025,6500,1625,650,1550,15.5,629.69,10954.69,792.19,954.69,0,0,540,1332.19,9622.5,Bank Transfer,SAR
PAY-003337,EMP-0495,2025-08,27-08-2025,16800,4200,1200,0,0,0,22200,0,420,0,450,0,450,21750,Bank Transfer,SAR
PAY-003338,EMP-0497,2025-08,27-08-2025,8700,2175,870,2050,0,0,13795,1060.31,1277.81,0,1450,0,2510.31,11284.69,Bank Transfer,SAR
PAY-003339,EMP-0498,2025-08,27-08-2025,12050,3013,1200,0,5.5,414.22,16677.22,0,301.26,0,0,0,0,16677.22,Bank Transfer,SAR
PAY-003340,EMP-0499,2025-08,27-08-2025,14750,3688,1200,0,0,0,19638,1797.71,2166.46,0,0,370,2167.71,17470.29,Bank Transfer,SAR
PAY-003341,EMP-0500,2025-08,27-08-2025,22250,5563,1200,0,0,0,29013,0,556.26,0,0,0,0,29013,Bank Transfer,SAR
PAY-003342,EMP-0001,2025-09,27-09-2025,35400,8850,1200,1700,0,0,47150,4314.38,5199.38,0,0,0,4314.38,42835.62,Bank Transfer,SAR
PAY-003343,EMP-0003,2025-09,27-09-2025,8700,2175,870,1650,0,0,13395,0,217.5,0,0,0,0,13395,Bank Transfer,SAR
PAY-003344,EMP-0004,2025-09,27-09-2025,3500,875,350,900,10,218.75,5843.75,426.56,514.06,0,0,0,426.56,5417.19,Bank Transfer,SAR
PAY-003345,EMP-0005,2025-09,27-09-2025,3450,863,345,0,0,0,4658,0,86.26,0,0,0,0,4658,Bank Transfer,SAR
PAY-003346,EMP-0006,2025-09,27-09-2025,3200,800,320,0,0,0,4320,390,470,144,0,0,534,3786,Bank Transfer,SAR
PAY-003347,EMP-0007,2025-09,27-09-2025,8450,2113,845,500,7,369.69,12277.69,0,211.26,0,0,0,0,12277.69,Bank Transfer,SAR
PAY-003348,EMP-0008,2025-09,27-09-2025,4650,1163,465,0,23,668.44,6946.44,566.77,683.03,0,0,0,566.77,6379.67,Bank Transfer,SAR
PAY-003349,EMP-0009,2025-09,27-09-2025,3800,950,380,0,0,0,5130,463.13,558.13,0,0,0,463.13,4666.87,Bank Transfer,SAR
PAY-003350,EMP-0010,2025-09,27-09-2025,29350,7338,1200,0,0,0,37888,3577.08,4310.84,0,0,0,3577.08,34310.92,Bank Transfer,SAR
PAY-003351,EMP-0014,2025-09,27-09-2025,9500,2375,950,0,0,0,12825,1157.81,1395.31,0,0,0,1157.81,11667.19,Bank Transfer,SAR
PAY-003352,EMP-0015,2025-09,27-09-2025,8000,2000,800,0,0,0,10800,975,1175,0,0,0,975,9825,Bank Transfer,SAR
PAY-003353,EMP-0016,2025-09,27-09-2025,8850,2213,885,2400,0,0,14348,0,221.26,0,0,0,0,14348,Bank Transfer,SAR
PAY-003354,EMP-0017,2025-09,27-09-2025,6600,1650,660,0,20.5,845.63,9755.63,0,165,0,0,0,0,9755.63,WPS Transfer,SAR
PAY-003355,EMP-0018,2025-09,27-09-2025,3350,838,335,0,18.5,387.34,4910.34,408.33,492.09,452.3,0,0,860.63,4049.71,Bank Transfer,SAR
PAY-003356,EMP-0019,2025-09,27-09-2025,4700,1175,470,0,8.5,249.69,6594.69,572.81,690.31,0,0,530,1102.81,5491.88,Bank Transfer,SAR
PAY-003357,EMP-0020,2025-09,27-09-2025,11450,2863,1145,0,0,0,15458,0,286.26,0,0,0,0,15458,Bank Transfer,SAR
PAY-003358,EMP-0021,2025-09,27-09-2025,8800,2200,880,0,0,0,11880,1072.5,1292.5,0,0,0,1072.5,10807.5,Bank Transfer,SAR
PAY-003359,EMP-0022,2025-09,27-09-2025,11500,2875,1150,0,0,0,15525,1401.56,1689.06,0,0,0,1401.56,14123.44,Cheque,SAR
PAY-003360,EMP-0023,2025-09,27-09-2025,3400,850,340,0,0,0,4590,0,85,0,0,140,140,4450,Bank Transfer,SAR
PAY-003361,EMP-0024,2025-09,27-09-2025,23700,5925,1200,0,0,0,30825,2888.44,3480.94,0,0,0,2888.44,27936.56,Bank Transfer,SAR
PAY-003362,EMP-0025,2025-09,27-09-2025,6000,1500,600,0,0,0,8100,0,150,0,0,0,0,8100,Bank Transfer,SAR
PAY-003363,EMP-0026,2025-09,27-09-2025,3300,825,330,0,0,0,4455,402.19,484.69,0,0,0,402.19,4052.81,Bank Transfer,SAR
PAY-003364,EMP-0027,2025-09,27-09-2025,3350,838,335,1500,3,62.81,6085.81,0,83.76,0,0,0,0,6085.81,Bank Transfer,SAR
PAY-003365,EMP-0028,2025-09,27-09-2025,9000,2250,900,0,0,0,12150,0,225,0,1850,0,1850,10300,Bank Transfer,SAR
PAY-003366,EMP-0029,2025-09,27-09-2025,3550,888,355,0,23.5,521.41,5314.41,432.71,521.46,0,0,0,432.71,4881.7,Bank Transfer,SAR
PAY-003367,EMP-0030,2025-09,27-09-2025,4550,1138,455,0,20,568.75,6711.75,554.58,668.34,0,1950,0,2504.58,4207.17,Bank Transfer,SAR
PAY-003368,EMP-0031,2025-09,27-09-2025,3800,950,380,0,0,0,5130,463.13,558.13,0,0,0,463.13,4666.87,Bank Transfer,SAR
PAY-003369,EMP-0032,2025-09,27-09-2025,12650,3163,1200,0,18,1423.13,18436.13,0,316.26,0,0,0,0,18436.13,Bank Transfer,SAR
PAY-003370,EMP-0034,2025-09,27-09-2025,11650,2913,1165,1950,0,0,17678,0,291.26,0,0,0,0,17678,Bank Transfer,SAR
PAY-003371,EMP-0035,2025-09,27-09-2025,7300,1825,730,1650,0,0,11505,0,182.5,0,0,0,0,11505,Bank Transfer,SAR
PAY-003372,EMP-0036,2025-09,27-09-2025,6950,1738,695,0,20.5,890.47,10273.47,847.08,1020.84,0,0,0,847.08,9426.39,Bank Transfer,SAR
PAY-003373,EMP-0037,2025-09,27-09-2025,3550,888,355,0,0,0,4793,0,88.76,0,0,0,0,4793,Bank Transfer,SAR
PAY-003374,EMP-0038,2025-09,27-09-2025,4400,1100,440,0,0,0,5940,0,110,198,0,0,198,5742,Bank Transfer,SAR
PAY-003375,EMP-0039,2025-09,27-09-2025,7100,1775,710,950,0,0,10535,865.31,1042.81,0,0,0,865.31,9669.69,Bank Transfer,SAR
PAY-003376,EMP-0040,2025-09,27-09-2025,30000,7500,1200,0,0,0,38700,0,750,0,0,0,0,38700,Bank Transfer,SAR
PAY-003377,EMP-0041,2025-09,27-09-2025,9050,2263,905,1050,0,0,13268,1103.02,1329.28,0,0,250,1353.02,11914.98,Bank Transfer,SAR
PAY-003378,EMP-0042,2025-09,27-09-2025,4550,1138,455,0,19,540.31,6683.31,0,113.76,409.53,0,0,409.53,6273.78,Bank Transfer,SAR
PAY-003379,EMP-0043,2025-09,27-09-2025,4450,1113,445,0,0,0,6008,0,111.26,0,0,0,0,6008,Bank Transfer,SAR
PAY-003380,EMP-0044,2025-09,27-09-2025,7600,1900,760,0,20,950,11210,0,190,684,1350,0,2034,9176,Bank Transfer,SAR
PAY-003381,EMP-0045,2025-09,27-09-2025,6100,1525,610,0,0,0,8235,0,152.5,0,0,0,0,8235,Bank Transfer,SAR
PAY-003382,EMP-0046,2025-09,27-09-2025,3450,863,345,0,0,0,4658,0,86.26,0,0,0,0,4658,Bank Transfer,SAR
PAY-003383,EMP-0047,2025-09,27-09-2025,8350,2088,835,0,0,0,11273,1017.71,1226.46,0,0,0,1017.71,10255.29,Bank Transfer,SAR
PAY-003384,EMP-0048,2025-09,27-09-2025,21750,5438,1200,0,0,0,28388,2650.83,3194.59,0,0,0,2650.83,25737.17,Bank Transfer,SAR
PAY-003385,EMP-0049,2025-09,27-09-2025,4100,1025,410,2000,0,0,7535,499.69,602.19,0,0,0,499.69,7035.31,Bank Transfer,SAR
PAY-003386,EMP-0050,2025-09,27-09-2025,3250,813,325,0,25,507.81,4895.81,0,81.26,0,300,0,300,4595.81,Bank Transfer,SAR
PAY-003387,EMP-0051,2025-09,27-09-2025,7700,1925,770,0,0,0,10395,0,192.5,0,0,0,0,10395,Bank Transfer,SAR
PAY-003388,EMP-0052,2025-09,27-09-2025,4700,1175,470,0,0,0,6345,572.81,690.31,0,0,0,572.81,5772.19,Bank Transfer,SAR
PAY-003389,EMP-0053,2025-09,27-09-2025,4100,1025,410,0,4.5,115.31,5650.31,499.69,602.19,184.5,0,0,684.19,4966.12,Bank Transfer,SAR
PAY-003390,EMP-0055,2025-09,27-09-2025,4250,1063,425,0,0,0,5738,0,106.26,0,0,0,0,5738,Bank Transfer,SAR
PAY-003391,EMP-0057,2025-09,27-09-2025,4550,1138,455,700,0,0,6843,554.58,668.34,614.3,0,130,1298.88,5544.12,WPS Transfer,SAR
PAY-003392,EMP-0058,2025-09,27-09-2025,3850,963,385,0,0,0,5198,0,96.26,0,0,0,0,5198,Bank Transfer,SAR
PAY-003393,EMP-0059,2025-09,27-09-2025,9300,2325,930,0,0,0,12555,0,232.5,0,0,0,0,12555,Bank Transfer,SAR
PAY-003394,EMP-0060,2025-09,27-09-2025,4500,1125,450,0,19,534.38,6609.38,548.44,660.94,0,0,0,548.44,6060.94,Bank Transfer,SAR
PAY-003395,EMP-0061,2025-09,27-09-2025,4000,1000,400,1300,19,475,7175,487.5,587.5,0,0,0,487.5,6687.5,WPS Transfer,SAR
PAY-003396,EMP-0062,2025-09,27-09-2025,4050,1013,405,1000,0,0,6468,0,101.26,0,0,0,0,6468,Bank Transfer,SAR
PAY-003397,EMP-0063,2025-09,27-09-2025,8050,2013,805,0,19,955.94,11823.94,981.14,1182.4,362.27,0,0,1343.41,10480.53,Bank Transfer,SAR
PAY-003398,EMP-0064,2025-09,27-09-2025,4600,1150,460,0,24,690,6900,0,115,0,0,0,0,6900,Bank Transfer,SAR
PAY-003399,EMP-0065,2025-09,27-09-2025,28650,7163,1200,0,0,0,37013,0,716.26,0,0,0,0,37013,Bank Transfer,SAR
PAY-003400,EMP-0066,2025-09,27-09-2025,3950,988,395,1000,22,543.13,6876.13,0,98.76,0,0,0,0,6876.13,Bank Transfer,SAR
PAY-003401,EMP-0067,2025-09,27-09-2025,3450,863,345,0,6.5,140.16,4798.16,420.52,506.78,0,0,0,420.52,4377.64,Bank Transfer,SAR
PAY-003402,EMP-0068,2025-09,27-09-2025,3750,938,375,0,14.5,339.84,5402.84,0,93.76,0,0,0,0,5402.84,Bank Transfer,SAR
PAY-003403,EMP-0069,2025-09,27-09-2025,25850,6463,1200,0,0,0,33513,0,646.26,0,0,0,0,33513,Bank Transfer,SAR
PAY-003404,EMP-0070,2025-09,27-09-2025,3700,925,370,0,15.5,358.44,5353.44,0,92.5,0,0,0,0,5353.44,Bank Transfer,SAR
PAY-003405,EMP-0071,2025-09,27-09-2025,7100,1775,710,0,0,0,9585,0,177.5,0,2350,0,2350,7235,Bank Transfer,SAR
PAY-003406,EMP-0072,2025-09,27-09-2025,4450,1113,445,0,0,0,6008,0,111.26,0,1450,0,1450,4558,WPS Transfer,SAR
PAY-003407,EMP-0073,2025-09,27-09-2025,27600,6900,1200,0,0,0,35700,3363.75,4053.75,0,0,0,3363.75,32336.25,Bank Transfer,SAR
PAY-003408,EMP-0074,2025-09,27-09-2025,3300,825,330,0,0,0,4455,402.19,484.69,0,0,0,402.19,4052.81,Bank Transfer,SAR
PAY-003409,EMP-0077,2025-09,27-09-2025,4600,1150,460,1200,0,0,7410,0,115,0,0,0,0,7410,Bank Transfer,SAR
PAY-003410,EMP-0079,2025-09,27-09-2025,6450,1613,645,550,21,846.56,10104.56,786.14,947.4,0,0,0,786.14,9318.42,Bank Transfer,SAR
PAY-003411,EMP-0080,2025-09,27-09-2025,3200,800,320,0,0,0,4320,0,80,144,0,430,574,3746,Bank Transfer,SAR
PAY-003412,EMP-0081,2025-09,27-09-2025,8250,2063,825,0,0,0,11138,0,206.26,0,0,550,550,10588,Bank Transfer,SAR
PAY-003413,EMP-0082,2025-09,27-09-2025,4000,1000,400,0,0,0,5400,0,100,0,0,0,0,5400,Bank Transfer,SAR
PAY-003414,EMP-0083,2025-09,27-09-2025,10200,2550,1020,0,0,0,13770,0,255,0,2300,0,2300,11470,Bank Transfer,SAR
PAY-003415,EMP-0084,2025-09,27-09-2025,12750,3188,1200,0,0,0,17138,0,318.76,0,0,0,0,17138,Bank Transfer,SAR
PAY-003416,EMP-0086,2025-09,27-09-2025,3550,888,355,0,0,0,4793,0,88.76,0,1750,0,1750,3043,Bank Transfer,SAR
PAY-003417,EMP-0087,2025-09,27-09-2025,25550,6388,1200,0,0,0,33138,3113.96,3752.71,0,0,0,3113.96,30024.04,Bank Transfer,SAR
PAY-003418,EMP-0088,2025-09,27-09-2025,23950,5988,1200,0,0,0,31138,2918.96,3517.71,0,0,0,2918.96,28219.04,Bank Transfer,SAR
PAY-003419,EMP-0089,2025-09,27-09-2025,20900,5225,1200,650,0,0,27975,0,522.5,0,0,0,0,27975,Bank Transfer,SAR
PAY-003420,EMP-0091,2025-09,27-09-2025,34650,8663,1200,0,0,0,44513,4223.02,5089.28,0,0,0,4223.02,40289.98,Bank Transfer,SAR
PAY-003421,EMP-0092,2025-09,27-09-2025,4550,1138,455,0,0,0,6143,554.58,668.34,0,0,0,554.58,5588.42,Bank Transfer,SAR
PAY-003422,EMP-0093,2025-09,27-09-2025,4900,1225,490,0,0,0,6615,0,122.5,0,0,0,0,6615,Bank Transfer,SAR
PAY-003423,EMP-0095,2025-09,27-09-2025,18600,4650,1200,1150,0,0,25600,0,465,0,0,0,0,25600,Bank Transfer,SAR
PAY-003424,EMP-0097,2025-09,27-09-2025,5050,1263,505,0,7.5,236.72,7054.72,0,126.26,0,0,0,0,7054.72,Bank Transfer,SAR
PAY-003425,EMP-0098,2025-09,27-09-2025,6350,1588,635,0,0,0,8573,0,158.76,0,0,410,410,8163,Bank Transfer,SAR
PAY-003426,EMP-0099,2025-09,27-09-2025,11850,2963,1185,0,22.5,1666.41,17664.41,1444.27,1740.53,0,1300,0,2744.27,14920.14,Bank Transfer,SAR
PAY-003427,EMP-0100,2025-09,27-09-2025,12900,3225,1200,0,0,0,17325,0,322.5,0,1150,0,1150,16175,Bank Transfer,SAR
PAY-003428,EMP-0102,2025-09,27-09-2025,4650,1163,465,400,6.5,188.91,6866.91,566.77,683.03,418.53,0,0,985.3,5881.61,Bank Transfer,SAR
PAY-003429,EMP-0103,2025-09,27-09-2025,5350,1338,535,0,0,0,7223,0,133.76,0,0,0,0,7223,Bank Transfer,SAR
PAY-003430,EMP-0104,2025-09,27-09-2025,6350,1588,635,0,6,238.13,8811.13,773.96,932.71,0,900,0,1673.96,7137.17,Bank Transfer,SAR
PAY-003431,EMP-0105,2025-09,27-09-2025,21650,5413,1200,0,0,0,28263,2638.64,3179.9,0,0,0,2638.64,25624.36,Bank Transfer,SAR
PAY-003432,EMP-0106,2025-09,27-09-2025,24950,6238,1200,0,0,0,32388,3040.83,3664.59,0,0,0,3040.83,29347.17,Bank Transfer,SAR
PAY-003433,EMP-0107,2025-09,27-09-2025,26350,6588,1200,1700,0,0,35838,3211.46,3870.21,0,0,0,3211.46,32626.54,Bank Transfer,SAR
PAY-003434,EMP-0108,2025-09,27-09-2025,6050,1513,605,2250,18.5,699.53,11117.53,0,151.26,0,1950,0,1950,9167.53,Bank Transfer,SAR
PAY-003435,EMP-0112,2025-09,27-09-2025,17550,4388,1200,0,23,2522.81,25660.81,0,438.76,0,0,0,0,25660.81,Bank Transfer,SAR
PAY-003436,EMP-0113,2025-09,27-09-2025,12550,3138,1200,800,0,0,17688,1529.58,1843.34,0,0,0,1529.58,16158.42,Bank Transfer,SAR
PAY-003437,EMP-0114,2025-09,27-09-2025,11300,2825,1130,0,0,0,15255,0,282.5,0,1000,0,1000,14255,Bank Transfer,SAR
PAY-003438,EMP-0116,2025-09,27-09-2025,4550,1138,455,0,0,0,6143,0,113.76,0,0,0,0,6143,Bank Transfer,SAR
PAY-003439,EMP-0117,2025-09,27-09-2025,22450,5613,1200,0,0,0,29263,2736.14,3297.4,975.43,0,0,3711.57,25551.43,Bank Transfer,SAR
PAY-003440,EMP-0118,2025-09,27-09-2025,18200,4550,1200,0,2,227.5,24177.5,2218.13,2673.13,0,0,0,2218.13,21959.37,Bank Transfer,SAR
PAY-003441,EMP-0119,2025-09,27-09-2025,5300,1325,530,0,17,563.13,7718.13,0,132.5,0,0,0,0,7718.13,Bank Transfer,SAR
PAY-003442,EMP-0120,2025-09,27-09-2025,12250,3063,1200,0,16,1225,17738,1493.02,1799.28,0,0,0,1493.02,16244.98,Bank Transfer,SAR
PAY-003443,EMP-0121,2025-09,27-09-2025,4700,1175,470,1100,0,0,7445,0,117.5,0,0,90,90,7355,Bank Transfer,SAR
PAY-003444,EMP-0122,2025-09,27-09-2025,5250,1313,525,2200,0,0,9288,0,131.26,0,0,0,0,9288,WPS Transfer,SAR
PAY-003445,EMP-0123,2025-09,27-09-2025,5450,1363,545,0,0,0,7358,664.27,800.53,0,0,0,664.27,6693.73,Bank Transfer,SAR
PAY-003446,EMP-0124,2025-09,27-09-2025,28200,7050,1200,0,0,0,36450,3436.88,4141.88,0,0,0,3436.88,33013.12,WPS Transfer,SAR
PAY-003447,EMP-0126,2025-09,27-09-2025,6100,1525,610,0,0,0,8235,0,152.5,0,0,0,0,8235,Bank Transfer,SAR
PAY-003448,EMP-0127,2025-09,27-09-2025,9350,2338,935,1800,0,0,14423,0,233.76,0,0,0,0,14423,Bank Transfer,SAR
PAY-003449,EMP-0129,2025-09,27-09-2025,4850,1213,485,0,0,0,6548,591.14,712.4,0,0,0,591.14,5956.86,Bank Transfer,SAR
PAY-003450,EMP-0130,2025-09,27-09-2025,6350,1588,635,0,21.5,853.28,9426.28,0,158.76,285.77,0,0,285.77,9140.51,Bank Transfer,SAR
PAY-003451,EMP-0131,2025-09,27-09-2025,20750,5188,1200,0,0,0,27138,0,518.76,0,0,0,0,27138,Bank Transfer,SAR
PAY-003452,EMP-0132,2025-09,27-09-2025,5400,1350,540,0,10,337.5,7627.5,658.13,793.13,0,0,0,658.13,6969.37,Bank Transfer,SAR
PAY-003453,EMP-0133,2025-09,27-09-2025,11850,2963,1185,0,13,962.81,16960.81,0,296.26,533.27,0,0,533.27,16427.54,Cheque,SAR
PAY-003454,EMP-0134,2025-09,27-09-2025,4750,1188,475,0,25,742.19,7155.19,0,118.76,0,0,0,0,7155.19,Bank Transfer,SAR
PAY-003455,EMP-0135,2025-09,27-09-2025,5700,1425,570,1200,0,0,8895,0,142.5,513,0,0,513,8382,Bank Transfer,SAR
PAY-003456,EMP-0136,2025-09,27-09-2025,4850,1213,485,1900,17,515.31,8963.31,0,121.26,0,0,0,0,8963.31,WPS Transfer,SAR
PAY-003457,EMP-0137,2025-09,27-09-2025,20100,5025,1200,0,0,0,26325,0,502.5,0,0,0,0,26325,Bank Transfer,SAR
PAY-003458,EMP-0138,2025-09,27-09-2025,17050,4263,1200,2450,0,0,24963,0,426.26,0,0,0,0,24963,Bank Transfer,SAR
PAY-003459,EMP-0140,2025-09,27-09-2025,10050,2513,1005,0,13.5,847.97,14415.97,0,251.26,0,0,0,0,14415.97,Bank Transfer,SAR
PAY-003460,EMP-0141,2025-09,27-09-2025,6000,1500,600,0,0,0,8100,731.25,881.25,0,0,0,731.25,7368.75,Bank Transfer,SAR
PAY-003461,EMP-0142,2025-09,27-09-2025,4900,1225,490,0,17,520.63,7135.63,597.19,719.69,0,0,0,597.19,6538.44,Bank Transfer,SAR
PAY-003462,EMP-0145,2025-09,27-09-2025,5000,1250,500,0,12.5,390.63,7140.63,0,125,0,0,0,0,7140.63,Bank Transfer,SAR
PAY-003463,EMP-0146,2025-09,27-09-2025,17050,4263,1200,0,0,0,22513,2078.02,2504.28,0,0,0,2078.02,20434.98,Bank Transfer,SAR
PAY-003464,EMP-0148,2025-09,27-09-2025,20350,5088,1200,0,18,2289.38,28927.38,0,508.76,0,0,0,0,28927.38,Bank Transfer,SAR
PAY-003465,EMP-0149,2025-09,27-09-2025,20200,5050,1200,0,0,0,26450,2461.88,2966.88,0,0,0,2461.88,23988.12,Bank Transfer,SAR
PAY-003466,EMP-0150,2025-09,27-09-2025,17050,4263,1200,0,0,0,22513,2078.02,2504.28,0,700,0,2778.02,19734.98,Bank Transfer,SAR
PAY-003467,EMP-0151,2025-09,27-09-2025,16150,4038,1200,0,0,0,21388,1968.33,2372.09,0,0,0,1968.33,19419.67,Bank Transfer,SAR
PAY-003468,EMP-0152,2025-09,27-09-2025,21350,5338,1200,0,21,2802.19,30690.19,0,533.76,0,0,0,0,30690.19,Bank Transfer,SAR
PAY-003469,EMP-0153,2025-09,27-09-2025,12500,3125,1200,0,0,0,16825,1523.44,1835.94,0,0,0,1523.44,15301.56,Bank Transfer,SAR
PAY-003470,EMP-0155,2025-09,27-09-2025,28050,7013,1200,2000,0,0,38263,0,701.26,0,0,0,0,38263,Bank Transfer,SAR
PAY-003471,EMP-0157,2025-09,27-09-2025,11300,2825,1130,1800,0,0,17055,0,282.5,0,0,0,0,17055,Bank Transfer,SAR
PAY-003472,EMP-0158,2025-09,27-09-2025,4550,1138,455,0,0,0,6143,0,113.76,0,0,0,0,6143,Bank Transfer,SAR
PAY-003473,EMP-0159,2025-09,27-09-2025,4650,1163,465,0,0,0,6278,566.77,683.03,0,2200,0,2766.77,3511.23,Bank Transfer,SAR
PAY-003474,EMP-0160,2025-09,27-09-2025,6000,1500,600,1900,0,0,10000,731.25,881.25,0,1100,0,1831.25,8168.75,Bank Transfer,SAR
PAY-003475,EMP-0161,2025-09,27-09-2025,25100,6275,1200,0,0,0,32575,3059.06,3686.56,0,0,0,3059.06,29515.94,Bank Transfer,SAR
PAY-003476,EMP-0162,2025-09,27-09-2025,10350,2588,1035,0,22.5,1455.47,15428.47,0,258.76,0,0,180,180,15248.47,Bank Transfer,SAR
PAY-003477,EMP-0163,2025-09,27-09-2025,3850,963,385,0,14,336.88,5534.88,469.27,565.53,0,0,0,469.27,5065.61,Bank Transfer,SAR
PAY-003478,EMP-0164,2025-09,27-09-2025,6250,1563,625,2100,0,0,10538,761.77,918.03,562.53,0,0,1324.3,9213.7,WPS Transfer,SAR
PAY-003479,EMP-0165,2025-09,27-09-2025,4500,1125,450,650,0,0,6725,0,112.5,0,0,0,0,6725,Bank Transfer,SAR
PAY-003480,EMP-0167,2025-09,27-09-2025,3450,863,345,0,0,0,4658,420.52,506.78,0,0,0,420.52,4237.48,Bank Transfer,SAR
PAY-003481,EMP-0168,2025-09,27-09-2025,11900,2975,1190,0,14.5,1078.44,17143.44,0,297.5,0,0,230,230,16913.44,Bank Transfer,SAR
PAY-003482,EMP-0169,2025-09,27-09-2025,3250,813,325,700,22.5,457.03,5545.03,0,81.26,0,0,0,0,5545.03,Bank Transfer,SAR
PAY-003483,EMP-0170,2025-09,27-09-2025,7550,1888,755,0,0,0,10193,920.21,1108.96,0,0,0,920.21,9272.79,Bank Transfer,SAR
PAY-003484,EMP-0171,2025-09,27-09-2025,8550,2138,855,0,12,641.25,12184.25,0,213.76,0,0,0,0,12184.25,WPS Transfer,SAR
PAY-003485,EMP-0172,2025-09,27-09-2025,7650,1913,765,1750,0,0,12078,932.39,1123.65,0,0,0,932.39,11145.61,Bank Transfer,SAR
PAY-003486,EMP-0173,2025-09,27-09-2025,8850,2213,885,600,10.5,580.78,13128.78,0,221.26,796.53,0,0,796.53,12332.25,Bank Transfer,SAR
PAY-003487,EMP-0174,2025-09,27-09-2025,6300,1575,630,0,0,0,8505,767.81,925.31,0,0,0,767.81,7737.19,Bank Transfer,SAR
PAY-003488,EMP-0175,2025-09,27-09-2025,4500,1125,450,0,0,0,6075,548.44,660.94,202.5,0,0,750.94,5324.06,Bank Transfer,SAR
PAY-003489,EMP-0176,2025-09,27-09-2025,6100,1525,610,0,0,0,8235,743.44,895.94,0,0,0,743.44,7491.56,Bank Transfer,SAR
PAY-003490,EMP-0177,2025-09,27-09-2025,4400,1100,440,1250,0,0,7190,0,110,0,0,0,0,7190,WPS Transfer,SAR
PAY-003491,EMP-0178,2025-09,27-09-2025,4600,1150,460,0,0,0,6210,560.63,675.63,0,0,0,560.63,5649.37,Bank Transfer,SAR
PAY-003492,EMP-0179,2025-09,27-09-2025,4750,1188,475,0,0,0,6413,578.96,697.71,0,0,0,578.96,5834.04,Bank Transfer,SAR
PAY-003493,EMP-0180,2025-09,27-09-2025,4600,1150,460,0,0,0,6210,0,115,0,0,0,0,6210,Bank Transfer,SAR
PAY-003494,EMP-0181,2025-09,27-09-2025,6450,1613,645,0,0,0,8708,786.14,947.4,0,0,0,786.14,7921.86,Bank Transfer,SAR
PAY-003495,EMP-0182,2025-09,27-09-2025,7450,1863,745,0,0,0,10058,0,186.26,0,0,0,0,10058,Bank Transfer,SAR
PAY-003496,EMP-0183,2025-09,27-09-2025,4700,1175,470,0,22.5,660.94,7005.94,572.81,690.31,0,0,0,572.81,6433.13,Bank Transfer,SAR
PAY-003497,EMP-0184,2025-09,27-09-2025,8900,2225,890,700,0,0,12715,0,222.5,0,0,0,0,12715,Bank Transfer,SAR
PAY-003498,EMP-0186,2025-09,27-09-2025,3250,813,325,0,21.5,436.72,4824.72,396.14,477.4,0,0,0,396.14,4428.58,Bank Transfer,SAR
PAY-003499,EMP-0187,2025-09,27-09-2025,7150,1788,715,550,0,0,10203,0,178.76,0,0,0,0,10203,Bank Transfer,SAR
PAY-003500,EMP-0188,2025-09,27-09-2025,8550,2138,855,0,0,0,11543,1042.08,1255.84,0,0,0,1042.08,10500.92,Bank Transfer,SAR
PAY-003501,EMP-0189,2025-09,27-09-2025,3450,863,345,0,15,323.44,4981.44,0,86.26,0,0,0,0,4981.44,Bank Transfer,SAR
PAY-003502,EMP-0190,2025-09,27-09-2025,4750,1188,475,0,0,0,6413,0,118.76,0,0,0,0,6413,Bank Transfer,SAR
PAY-003503,EMP-0191,2025-09,27-09-2025,3800,950,380,1700,0,0,6830,0,95,0,0,0,0,6830,Bank Transfer,SAR
PAY-003504,EMP-0193,2025-09,27-09-2025,3650,913,365,0,0,0,4928,0,91.26,0,2150,230,2380,2548,Bank Transfer,SAR
PAY-003505,EMP-0194,2025-09,27-09-2025,4750,1188,475,1950,0,0,8363,0,118.76,213.77,0,0,213.77,8149.23,Bank Transfer,SAR
PAY-003506,EMP-0195,2025-09,27-09-2025,6150,1538,615,0,0,0,8303,0,153.76,0,0,0,0,8303,WPS Transfer,SAR
PAY-003507,EMP-0196,2025-09,27-09-2025,8550,2138,855,2000,13.5,721.41,14264.41,0,213.76,0,0,0,0,14264.41,Bank Transfer,SAR
PAY-003508,EMP-0197,2025-09,27-09-2025,12000,3000,1200,0,22.5,1687.5,17887.5,0,300,0,0,0,0,17887.5,Bank Transfer,SAR
PAY-003509,EMP-0198,2025-09,27-09-2025,3400,850,340,0,0,0,4590,0,85,0,0,0,0,4590,Bank Transfer,SAR
PAY-003510,EMP-0199,2025-09,27-09-2025,7700,1925,770,0,0,0,10395,0,192.5,0,0,0,0,10395,Bank Transfer,SAR
PAY-003511,EMP-0200,2025-09,27-09-2025,11500,2875,1150,0,0,0,15525,0,287.5,517.5,0,0,517.5,15007.5,WPS Transfer,SAR
PAY-003512,EMP-0201,2025-09,27-09-2025,3700,925,370,0,0,0,4995,0,92.5,0,0,0,0,4995,WPS Transfer,SAR
PAY-003513,EMP-0202,2025-09,27-09-2025,8800,2200,880,0,19,1045,12925,1072.5,1292.5,0,0,0,1072.5,11852.5,Bank Transfer,SAR
PAY-003514,EMP-0203,2025-09,27-09-2025,4150,1038,415,0,20.5,531.72,6134.72,505.83,609.59,0,0,0,505.83,5628.89,Bank Transfer,SAR
PAY-003515,EMP-0205,2025-09,27-09-2025,4450,1113,445,0,0,0,6008,542.39,653.65,0,0,0,542.39,5465.61,Bank Transfer,SAR
PAY-003516,EMP-0207,2025-09,27-09-2025,4450,1113,445,0,24.5,681.41,6689.41,0,111.26,0,0,60,60,6629.41,Bank Transfer,SAR
PAY-003517,EMP-0208,2025-09,27-09-2025,4300,1075,430,300,0,0,6105,0,107.5,0,1900,0,1900,4205,Bank Transfer,SAR
PAY-003518,EMP-0209,2025-09,27-09-2025,3500,875,350,0,26,568.75,5293.75,0,87.5,0,0,0,0,5293.75,Bank Transfer,SAR
PAY-003519,EMP-0210,2025-09,27-09-2025,6850,1713,685,0,0,0,9248,834.89,1006.15,0,750,0,1584.89,7663.11,Bank Transfer,SAR
PAY-003520,EMP-0211,2025-09,27-09-2025,4450,1113,445,250,0,0,6258,0,111.26,0,2050,0,2050,4208,WPS Transfer,SAR
PAY-003521,EMP-0212,2025-09,27-09-2025,8700,2175,870,0,0,0,11745,1060.31,1277.81,0,1800,410,3270.31,8474.69,Bank Transfer,SAR
PAY-003522,EMP-0213,2025-09,27-09-2025,3650,913,365,2400,3,68.44,7396.44,444.89,536.15,0,0,0,444.89,6951.55,Bank Transfer,SAR
PAY-003523,EMP-0214,2025-09,27-09-2025,3250,813,325,0,0,0,4388,396.14,477.4,0,0,0,396.14,3991.86,Bank Transfer,SAR
PAY-003524,EMP-0215,2025-09,27-09-2025,3300,825,330,0,0,0,4455,0,82.5,445.5,0,0,445.5,4009.5,Bank Transfer,SAR
PAY-003525,EMP-0216,2025-09,27-09-2025,7650,1913,765,0,0,0,10328,932.39,1123.65,0,0,0,932.39,9395.61,Bank Transfer,SAR
PAY-003526,EMP-0217,2025-09,27-09-2025,3450,863,345,0,0,0,4658,0,86.26,0,1250,0,1250,3408,Bank Transfer,SAR
PAY-003527,EMP-0218,2025-09,27-09-2025,4200,1050,420,0,0,0,5670,0,105,0,0,0,0,5670,Bank Transfer,SAR
PAY-003528,EMP-0219,2025-09,27-09-2025,3500,875,350,0,20,437.5,5162.5,426.56,514.06,0,0,0,426.56,4735.94,Bank Transfer,SAR
PAY-003529,EMP-0220,2025-09,27-09-2025,3950,988,395,0,17.5,432.03,5765.03,481.46,580.21,0,0,0,481.46,5283.57,Bank Transfer,SAR
PAY-003530,EMP-0221,2025-09,27-09-2025,25950,6488,1200,600,0,0,34238,3162.71,3811.46,0,0,0,3162.71,31075.29,Bank Transfer,SAR
PAY-003531,EMP-0222,2025-09,27-09-2025,3700,925,370,1500,0,0,6495,0,92.5,0,0,0,0,6495,Bank Transfer,SAR
PAY-003532,EMP-0223,2025-09,27-09-2025,7500,1875,750,0,0,0,10125,0,187.5,0,0,0,0,10125,Bank Transfer,SAR
PAY-003533,EMP-0225,2025-09,27-09-2025,11800,2950,1180,0,11,811.25,16741.25,1438.13,1733.13,0,0,0,1438.13,15303.12,Bank Transfer,SAR
PAY-003534,EMP-0226,2025-09,27-09-2025,3350,838,335,0,0,0,4523,0,83.76,0,0,0,0,4523,Bank Transfer,SAR
PAY-003535,EMP-0227,2025-09,27-09-2025,4650,1163,465,0,7.5,217.97,6495.97,566.77,683.03,0,0,0,566.77,5929.2,Bank Transfer,SAR
PAY-003536,EMP-0228,2025-09,27-09-2025,4400,1100,440,0,0,0,5940,0,110,0,0,300,300,5640,Bank Transfer,SAR
PAY-003537,EMP-0229,2025-09,27-09-2025,3550,888,355,250,7,155.31,5198.31,0,88.76,0,0,0,0,5198.31,Bank Transfer,SAR
PAY-003538,EMP-0230,2025-09,27-09-2025,4650,1163,465,1200,0,0,7478,566.77,683.03,0,0,0,566.77,6911.23,Bank Transfer,SAR
PAY-003539,EMP-0231,2025-09,27-09-2025,4450,1113,445,0,0,0,6008,0,111.26,0,0,0,0,6008,Bank Transfer,SAR
PAY-003540,EMP-0232,2025-09,27-09-2025,4300,1075,430,0,0,0,5805,0,107.5,0,0,0,0,5805,Bank Transfer,SAR
PAY-003541,EMP-0236,2025-09,27-09-2025,3250,813,325,250,19,385.94,5023.94,0,81.26,0,0,0,0,5023.94,Bank Transfer,SAR
PAY-003542,EMP-0237,2025-09,27-09-2025,4050,1013,405,0,22,556.88,6024.88,493.64,594.9,364.53,0,190,1048.17,4976.71,Bank Transfer,SAR
PAY-003543,EMP-0238,2025-09,27-09-2025,8750,2188,875,0,25.5,1394.53,13207.53,0,218.76,1575.07,0,0,1575.07,11632.46,Bank Transfer,SAR
PAY-003544,EMP-0239,2025-09,27-09-2025,8650,2163,865,2300,21.5,1162.34,15140.34,0,216.26,0,0,370,370,14770.34,Bank Transfer,SAR
PAY-003545,EMP-0240,2025-09,27-09-2025,3550,888,355,0,25,554.69,5347.69,0,88.76,0,550,0,550,4797.69,Bank Transfer,SAR
PAY-003546,EMP-0241,2025-09,27-09-2025,11250,2813,1125,1050,18,1265.63,17503.63,1371.14,1652.4,0,0,0,1371.14,16132.49,Bank Transfer,SAR
PAY-003547,EMP-0242,2025-09,27-09-2025,3500,875,350,0,0,0,4725,426.56,514.06,0,0,0,426.56,4298.44,Bank Transfer,SAR
PAY-003548,EMP-0243,2025-09,27-09-2025,3350,838,335,0,10,209.38,4732.38,0,83.76,0,0,0,0,4732.38,Bank Transfer,SAR
PAY-003549,EMP-0244,2025-09,27-09-2025,8550,2138,855,0,9.5,507.66,12050.66,1042.08,1255.84,0,0,0,1042.08,11008.58,Bank Transfer,SAR
PAY-003550,EMP-0245,2025-09,27-09-2025,4100,1025,410,0,13.5,345.94,5880.94,499.69,602.19,0,0,440,939.69,4941.25,Bank Transfer,SAR
PAY-003551,EMP-0246,2025-09,27-09-2025,4600,1150,460,0,4,115,6325,560.63,675.63,0,0,0,560.63,5764.37,WPS Transfer,SAR
PAY-003552,EMP-0247,2025-09,27-09-2025,3850,963,385,700,22.5,541.41,6439.41,0,96.26,0,0,0,0,6439.41,Bank Transfer,SAR
PAY-003553,EMP-0248,2025-09,27-09-2025,8500,2125,850,0,0,0,11475,1035.94,1248.44,0,0,80,1115.94,10359.06,Bank Transfer,SAR
PAY-003554,EMP-0249,2025-09,27-09-2025,8600,2150,860,0,0,0,11610,0,215,0,0,0,0,11610,Bank Transfer,SAR
PAY-003555,EMP-0250,2025-09,27-09-2025,3950,988,395,1700,0,0,7033,0,98.76,355.53,0,0,355.53,6677.47,Bank Transfer,SAR
PAY-003556,EMP-0251,2025-09,27-09-2025,4500,1125,450,2050,15.5,435.94,8560.94,548.44,660.94,0,0,0,548.44,8012.5,Bank Transfer,SAR
PAY-003557,EMP-0252,2025-09,27-09-2025,7200,1800,720,0,0,0,9720,877.5,1057.5,0,0,0,877.5,8842.5,Bank Transfer,SAR
PAY-003558,EMP-0253,2025-09,27-09-2025,4350,1088,435,250,0,0,6123,530.21,638.96,391.53,0,0,921.74,5201.26,Bank Transfer,SAR
PAY-003559,EMP-0254,2025-09,27-09-2025,3200,800,320,0,6,120,4440,390,470,0,0,0,390,4050,Bank Transfer,SAR
PAY-003560,EMP-0255,2025-09,27-09-2025,9650,2413,965,0,6,361.88,13389.88,1176.14,1417.4,0,0,0,1176.14,12213.74,Bank Transfer,SAR
PAY-003561,EMP-0256,2025-09,27-09-2025,3400,850,340,0,0,0,4590,0,85,0,0,0,0,4590,Bank Transfer,SAR
PAY-003562,EMP-0257,2025-09,27-09-2025,9150,2288,915,2400,20.5,1172.34,15925.34,0,228.76,0,0,0,0,15925.34,Bank Transfer,SAR
PAY-003563,EMP-0258,2025-09,27-09-2025,4400,1100,440,1850,19.5,536.25,8326.25,0,110,0,950,0,950,7376.25,Bank Transfer,SAR
PAY-003564,EMP-0260,2025-09,27-09-2025,10550,2638,1055,0,0,0,14243,0,263.76,0,0,0,0,14243,Bank Transfer,SAR
PAY-003565,EMP-0261,2025-09,27-09-2025,7450,1863,745,0,4,186.25,10244.25,0,186.26,0,0,0,0,10244.25,Bank Transfer,SAR
PAY-003566,EMP-0262,2025-09,27-09-2025,4450,1113,445,0,0,0,6008,542.39,653.65,0,0,0,542.39,5465.61,Bank Transfer,SAR
PAY-003567,EMP-0263,2025-09,27-09-2025,11700,2925,1170,2300,0,0,18095,1425.94,1718.44,0,0,0,1425.94,16669.06,Bank Transfer,SAR
PAY-003568,EMP-0264,2025-09,27-09-2025,4500,1125,450,0,22,618.75,6693.75,548.44,660.94,0,0,0,548.44,6145.31,Bank Transfer,SAR
PAY-003569,EMP-0265,2025-09,27-09-2025,8850,2213,885,0,6.5,359.53,12307.53,0,221.26,0,0,0,0,12307.53,WPS Transfer,SAR
PAY-003570,EMP-0266,2025-09,27-09-2025,8900,2225,890,0,0,0,12015,1084.69,1307.19,0,0,0,1084.69,10930.31,Bank Transfer,SAR
PAY-003571,EMP-0267,2025-09,27-09-2025,9150,2288,915,0,0,0,12353,0,228.76,411.77,0,0,411.77,11941.23,Bank Transfer,SAR
PAY-003572,EMP-0268,2025-09,27-09-2025,4300,1075,430,0,22.5,604.69,6409.69,0,107.5,0,0,0,0,6409.69,Bank Transfer,SAR
PAY-003573,EMP-0269,2025-09,27-09-2025,4450,1113,445,800,0,0,6808,0,111.26,0,0,0,0,6808,Bank Transfer,SAR
PAY-003574,EMP-0270,2025-09,27-09-2025,4550,1138,455,900,0,0,7043,554.58,668.34,0,0,0,554.58,6488.42,Bank Transfer,SAR
PAY-003575,EMP-0272,2025-09,27-09-2025,4200,1050,420,0,10.5,275.63,5945.63,0,105,378,0,0,378,5567.63,Bank Transfer,SAR
PAY-003576,EMP-0273,2025-09,27-09-2025,4750,1188,475,0,0,0,6413,578.96,697.71,0,450,0,1028.96,5384.04,Bank Transfer,SAR
PAY-003577,EMP-0274,2025-09,27-09-2025,10550,2638,1055,0,0,0,14243,0,263.76,0,1300,0,1300,12943,Bank Transfer,SAR
PAY-003578,EMP-0275,2025-09,27-09-2025,13900,3475,1200,1050,19,1650.63,21275.63,1694.06,2041.56,0,0,0,1694.06,19581.57,Bank Transfer,SAR
PAY-003579,EMP-0277,2025-09,27-09-2025,8700,2175,870,0,0,0,11745,1060.31,1277.81,0,0,0,1060.31,10684.69,Bank Transfer,SAR
PAY-003580,EMP-0278,2025-09,27-09-2025,10350,2588,1035,0,0,0,13973,1261.46,1520.22,465.77,0,0,1727.23,12245.77,Bank Transfer,SAR
PAY-003581,EMP-0279,2025-09,27-09-2025,10300,2575,1030,0,21,1351.88,15256.88,1255.31,1512.81,0,0,0,1255.31,14001.57,Bank Transfer,SAR
PAY-003582,EMP-0280,2025-09,27-09-2025,4350,1088,435,0,0,0,5873,0,108.76,0,0,0,0,5873,Bank Transfer,SAR
PAY-003583,EMP-0281,2025-09,27-09-2025,4350,1088,435,0,0,0,5873,0,108.76,0,0,0,0,5873,Bank Transfer,SAR
PAY-003584,EMP-0282,2025-09,27-09-2025,8750,2188,875,0,0,0,11813,1066.46,1285.21,0,0,0,1066.46,10746.54,Bank Transfer,SAR
PAY-003585,EMP-0283,2025-09,27-09-2025,3650,913,365,0,0,0,4928,0,91.26,0,0,0,0,4928,Bank Transfer,SAR
PAY-003586,EMP-0286,2025-09,27-09-2025,3900,975,390,0,2.5,60.94,5325.94,0,97.5,0,0,0,0,5325.94,Bank Transfer,SAR
PAY-003587,EMP-0287,2025-09,27-09-2025,8850,2213,885,1000,3,165.94,13113.94,0,221.26,0,0,0,0,13113.94,Bank Transfer,SAR
PAY-003588,EMP-0288,2025-09,27-09-2025,4350,1088,435,0,9.5,258.28,6131.28,530.21,638.96,0,0,0,530.21,5601.07,Bank Transfer,SAR
PAY-003589,EMP-0289,2025-09,27-09-2025,4650,1163,465,0,23,668.44,6946.44,566.77,683.03,209.27,0,0,776.04,6170.4,Cheque,SAR
PAY-003590,EMP-0290,2025-09,27-09-2025,3950,988,395,0,21,518.44,5851.44,481.46,580.21,0,0,0,481.46,5369.98,Bank Transfer,SAR
PAY-003591,EMP-0292,2025-09,27-09-2025,4750,1188,475,0,26,771.88,7184.88,578.96,697.71,213.77,1850,120,2762.73,4422.15,Bank Transfer,SAR
PAY-003592,EMP-0293,2025-09,27-09-2025,8500,2125,850,0,0,0,11475,1035.94,1248.44,0,0,0,1035.94,10439.06,Bank Transfer,SAR
PAY-003593,EMP-0294,2025-09,27-09-2025,4400,1100,440,0,22,605,6545,536.25,646.25,0,0,0,536.25,6008.75,Bank Transfer,SAR
PAY-003594,EMP-0295,2025-09,27-09-2025,11000,2750,1100,0,22,1512.5,16362.5,0,275,495,0,0,495,15867.5,Bank Transfer,SAR
PAY-003595,EMP-0296,2025-09,27-09-2025,15050,3763,1200,250,0,0,20263,1834.27,2210.53,0,1650,0,3484.27,16778.73,Bank Transfer,SAR
PAY-003596,EMP-0297,2025-09,27-09-2025,4400,1100,440,0,0,0,5940,536.25,646.25,0,0,0,536.25,5403.75,Bank Transfer,SAR
PAY-003597,EMP-0300,2025-09,27-09-2025,12700,3175,1200,0,0,0,17075,0,317.5,569.17,0,0,569.17,16505.83,Bank Transfer,SAR
PAY-003598,EMP-0301,2025-09,27-09-2025,8700,2175,870,0,23.5,1277.81,13022.81,0,217.5,0,0,0,0,13022.81,Bank Transfer,SAR
PAY-003599,EMP-0303,2025-09,27-09-2025,9200,2300,920,0,0,0,12420,0,230,0,0,0,0,12420,Bank Transfer,SAR
PAY-003600,EMP-0304,2025-09,27-09-2025,11500,2875,1150,0,0,0,15525,0,287.5,0,0,0,0,15525,Bank Transfer,SAR
PAY-003601,EMP-0305,2025-09,27-09-2025,3850,963,385,0,0,0,5198,469.27,565.53,0,0,0,469.27,4728.73,Bank Transfer,SAR
PAY-003602,EMP-0306,2025-09,27-09-2025,4800,1200,480,0,0,0,6480,0,120,0,0,0,0,6480,Bank Transfer,SAR
PAY-003603,EMP-0307,2025-09,27-09-2025,9450,2363,945,0,0,0,12758,0,236.26,0,0,0,0,12758,Bank Transfer,SAR
PAY-003604,EMP-0308,2025-09,27-09-2025,10900,2725,1090,0,0,0,14715,0,272.5,0,0,550,550,14165,Bank Transfer,SAR
PAY-003605,EMP-0309,2025-09,27-09-2025,3800,950,380,0,0,0,5130,0,95,0,0,0,0,5130,Bank Transfer,SAR
PAY-003606,EMP-0310,2025-09,27-09-2025,10450,2613,1045,1350,0,0,15458,0,261.26,0,0,0,0,15458,Bank Transfer,SAR
PAY-003607,EMP-0311,2025-09,27-09-2025,15900,3975,1200,0,16.5,1639.69,22714.69,0,397.5,0,0,0,0,22714.69,Bank Transfer,SAR
PAY-003608,EMP-0312,2025-09,27-09-2025,14350,3588,1200,200,0,0,19338,0,358.76,0,0,0,0,19338,Bank Transfer,SAR
PAY-003609,EMP-0313,2025-09,27-09-2025,11900,2975,1190,1400,13,966.88,18431.88,0,297.5,0,0,0,0,18431.88,Bank Transfer,SAR
PAY-003610,EMP-0314,2025-09,27-09-2025,3650,913,365,0,0,0,4928,444.89,536.15,0,0,0,444.89,4483.11,Bank Transfer,SAR
PAY-003611,EMP-0315,2025-09,27-09-2025,11600,2900,1160,0,0,0,15660,1413.75,1703.75,0,0,0,1413.75,14246.25,Bank Transfer,SAR
PAY-003612,EMP-0316,2025-09,27-09-2025,15200,3800,1200,0,0,0,20200,0,380,0,0,400,400,19800,Bank Transfer,SAR
PAY-003613,EMP-0318,2025-09,27-09-2025,4100,1025,410,0,0,0,5535,499.69,602.19,0,0,0,499.69,5035.31,Bank Transfer,SAR
PAY-003614,EMP-0320,2025-09,27-09-2025,8750,2188,875,0,5.5,300.78,12113.78,0,218.76,0,0,0,0,12113.78,Bank Transfer,SAR
PAY-003615,EMP-0321,2025-09,27-09-2025,21300,5325,1200,0,0,0,27825,2595.94,3128.44,0,0,0,2595.94,25229.06,Bank Transfer,SAR
PAY-003616,EMP-0322,2025-09,27-09-2025,8700,2175,870,0,0,0,11745,1060.31,1277.81,0,0,0,1060.31,10684.69,Bank Transfer,SAR
PAY-003617,EMP-0324,2025-09,27-09-2025,6100,1525,610,0,2.5,95.31,8330.31,0,152.5,0,0,0,0,8330.31,Bank Transfer,SAR
PAY-003618,EMP-0325,2025-09,27-09-2025,11300,2825,1130,0,0,0,15255,0,282.5,0,0,0,0,15255,Bank Transfer,SAR
PAY-003619,EMP-0326,2025-09,27-09-2025,5000,1250,500,0,13.5,421.88,7171.88,0,125,0,0,0,0,7171.88,Bank Transfer,SAR
PAY-003620,EMP-0327,2025-09,27-09-2025,9400,2350,940,0,16.5,969.38,13659.38,0,235,0,0,0,0,13659.38,Bank Transfer,SAR
PAY-003621,EMP-0328,2025-09,27-09-2025,10850,2713,1085,0,0,0,14648,1322.39,1593.65,0,0,0,1322.39,13325.61,WPS Transfer,SAR
PAY-003622,EMP-0329,2025-09,27-09-2025,10700,2675,1070,0,8,535,14980,0,267.5,0,0,0,0,14980,Bank Transfer,SAR
PAY-003623,EMP-0331,2025-09,27-09-2025,11600,2900,1160,0,4,290,15950,0,290,0,0,0,0,15950,Bank Transfer,SAR
PAY-003624,EMP-0332,2025-09,27-09-2025,5350,1338,535,1650,17.5,585.16,9458.16,652.08,785.84,0,0,0,652.08,8806.08,Bank Transfer,SAR
PAY-003625,EMP-0333,2025-09,27-09-2025,4700,1175,470,0,12,352.5,6697.5,0,117.5,0,2350,0,2350,4347.5,Bank Transfer,SAR
PAY-003626,EMP-0334,2025-09,27-09-2025,15550,3888,1200,0,19,1846.56,22484.56,0,388.76,0,0,0,0,22484.56,Bank Transfer,SAR
PAY-003627,EMP-0335,2025-09,27-09-2025,12650,3163,1200,2150,0,0,19163,0,316.26,0,0,0,0,19163,Bank Transfer,SAR
PAY-003628,EMP-0336,2025-09,27-09-2025,5000,1250,500,0,21,656.25,7406.25,0,125,0,1250,590,1840,5566.25,Bank Transfer,SAR
PAY-003629,EMP-0337,2025-09,27-09-2025,8750,2188,875,2150,19.5,1066.41,15029.41,1066.46,1285.21,0,0,0,1066.46,13962.95,Bank Transfer,SAR
PAY-003630,EMP-0338,2025-09,27-09-2025,11550,2888,1155,0,0,0,15593,0,288.76,0,0,0,0,15593,Bank Transfer,SAR
PAY-003631,EMP-0339,2025-09,27-09-2025,12400,3100,1200,0,0,0,16700,1511.25,1821.25,2226.67,0,0,3737.92,12962.08,Bank Transfer,SAR
PAY-003632,EMP-0340,2025-09,27-09-2025,11200,2800,1120,0,17.5,1225,16345,0,280,0,0,0,0,16345,Bank Transfer,SAR
PAY-003633,EMP-0341,2025-09,27-09-2025,4900,1225,490,2300,0,0,8915,0,122.5,0,0,0,0,8915,Bank Transfer,SAR
PAY-003634,EMP-0342,2025-09,27-09-2025,8500,2125,850,0,4,212.5,11687.5,1035.94,1248.44,0,0,0,1035.94,10651.56,Bank Transfer,SAR
PAY-003635,EMP-0343,2025-09,27-09-2025,5300,1325,530,0,2.5,82.81,7237.81,0,132.5,0,0,0,0,7237.81,Bank Transfer,SAR
PAY-003636,EMP-0344,2025-09,27-09-2025,11000,2750,1100,0,0,0,14850,0,275,0,0,0,0,14850,WPS Transfer,SAR
PAY-003637,EMP-0347,2025-09,27-09-2025,5550,1388,555,0,18,624.38,8117.38,0,138.76,0,900,0,900,7217.38,Bank Transfer,SAR
PAY-003638,EMP-0349,2025-09,27-09-2025,10850,2713,1085,1050,12.5,847.66,16545.66,0,271.26,0,0,0,0,16545.66,Bank Transfer,SAR
PAY-003639,EMP-0350,2025-09,27-09-2025,13050,3263,1200,0,0,0,17513,1590.52,1916.78,0,0,0,1590.52,15922.48,Bank Transfer,SAR
PAY-003640,EMP-0352,2025-09,27-09-2025,10200,2550,1020,0,0,0,13770,0,255,0,1000,480,1480,12290,Bank Transfer,SAR
PAY-003641,EMP-0353,2025-09,27-09-2025,10650,2663,1065,0,0,0,14378,1298.02,1564.28,0,0,0,1298.02,13079.98,Bank Transfer,SAR
PAY-003642,EMP-0354,2025-09,27-09-2025,12400,3100,1200,0,0,0,16700,1511.25,1821.25,0,2200,100,3811.25,12888.75,Bank Transfer,SAR
PAY-003643,EMP-0355,2025-09,27-09-2025,4700,1175,470,0,5,146.88,6491.88,0,117.5,423,650,0,1073,5418.88,Bank Transfer,SAR
PAY-003644,EMP-0356,2025-09,27-09-2025,5700,1425,570,0,0,0,7695,694.69,837.19,0,0,0,694.69,7000.31,Bank Transfer,SAR
PAY-003645,EMP-0357,2025-09,27-09-2025,12700,3175,1200,0,0,0,17075,0,317.5,0,0,500,500,16575,WPS Transfer,SAR
PAY-003646,EMP-0358,2025-09,27-09-2025,6500,1625,650,0,17,690.63,9465.63,792.19,954.69,0,0,0,792.19,8673.44,Bank Transfer,SAR
PAY-003647,EMP-0359,2025-09,27-09-2025,4550,1138,455,2400,0,0,8543,554.58,668.34,204.77,0,0,759.35,7783.65,Bank Transfer,SAR
PAY-003648,EMP-0360,2025-09,27-09-2025,15300,3825,1200,0,18,1721.25,22046.25,0,382.5,0,0,0,0,22046.25,Bank Transfer,SAR
PAY-003649,EMP-0361,2025-09,27-09-2025,28350,7088,1200,0,0,0,36638,0,708.76,0,2400,0,2400,34238,Bank Transfer,SAR
PAY-003650,EMP-0362,2025-09,27-09-2025,7050,1763,705,0,0,0,9518,859.27,1035.53,0,0,0,859.27,8658.73,Bank Transfer,SAR
PAY-003651,EMP-0363,2025-09,27-09-2025,6900,1725,690,0,0,0,9315,840.94,1013.44,0,0,0,840.94,8474.06,Bank Transfer,SAR
PAY-003652,EMP-0364,2025-09,27-09-2025,6050,1513,605,2300,0,0,10468,737.39,888.65,0,0,0,737.39,9730.61,Bank Transfer,SAR
PAY-003653,EMP-0366,2025-09,27-09-2025,12100,3025,1200,0,0,0,16325,1474.69,1777.19,544.17,0,0,2018.86,14306.14,Bank Transfer,SAR
PAY-003654,EMP-0368,2025-09,27-09-2025,26850,6713,1200,0,0,0,34763,0,671.26,0,0,0,0,34763,Bank Transfer,SAR
PAY-003655,EMP-0369,2025-09,27-09-2025,7050,1763,705,2200,0,0,11718,859.27,1035.53,0,0,0,859.27,10858.73,Bank Transfer,SAR
PAY-003656,EMP-0370,2025-09,27-09-2025,7150,1788,715,0,0,0,9653,871.46,1050.21,0,0,0,871.46,8781.54,Bank Transfer,SAR
PAY-003657,EMP-0371,2025-09,27-09-2025,11150,2788,1115,0,4.5,313.59,15366.59,0,278.76,0,0,0,0,15366.59,Bank Transfer,SAR
PAY-003658,EMP-0372,2025-09,27-09-2025,7450,1863,745,0,21.5,1001.09,11059.09,0,186.26,0,1700,0,1700,9359.09,Bank Transfer,SAR
PAY-003659,EMP-0373,2025-09,27-09-2025,26000,6500,1200,1850,0,0,35550,3168.75,3818.75,0,0,0,3168.75,32381.25,Bank Transfer,SAR
PAY-003660,EMP-0374,2025-09,27-09-2025,8650,2163,865,0,0,0,11678,0,216.26,0,1450,0,1450,10228,Bank Transfer,SAR
PAY-003661,EMP-0375,2025-09,27-09-2025,9600,2400,960,0,0,0,12960,0,240,0,0,500,500,12460,Bank Transfer,SAR
PAY-003662,EMP-0376,2025-09,27-09-2025,26700,6675,1200,2500,0,0,37075,0,667.5,0,0,0,0,37075,Bank Transfer,SAR
PAY-003663,EMP-0377,2025-09,27-09-2025,15650,3913,1200,0,0,0,20763,0,391.26,0,0,0,0,20763,Bank Transfer,SAR
PAY-003664,EMP-0378,2025-09,27-09-2025,12300,3075,1200,0,16,1230,17805,0,307.5,1657.5,1900,0,3557.5,14247.5,Bank Transfer,SAR
PAY-003665,EMP-0379,2025-09,27-09-2025,16750,4188,1200,0,0,0,22138,2041.46,2460.21,0,0,0,2041.46,20096.54,Bank Transfer,SAR
PAY-003666,EMP-0381,2025-09,27-09-2025,8300,2075,830,0,9,466.88,11671.88,1011.56,1219.06,0,0,500,1511.56,10160.32,Bank Transfer,SAR
PAY-003667,EMP-0382,2025-09,27-09-2025,12900,3225,1200,550,0,0,17875,1572.19,1894.69,0,0,0,1572.19,16302.81,Bank Transfer,SAR
PAY-003668,EMP-0383,2025-09,27-09-2025,8250,2063,825,0,0,0,11138,1005.52,1211.78,742.53,0,0,1748.05,9389.95,Bank Transfer,SAR
PAY-003669,EMP-0384,2025-09,27-09-2025,13550,3388,1200,0,0,0,18138,0,338.76,0,0,0,0,18138,Bank Transfer,SAR
PAY-003670,EMP-0385,2025-09,27-09-2025,6650,1663,665,600,0,0,9578,810.52,976.78,0,0,0,810.52,8767.48,WPS Transfer,SAR
PAY-003671,EMP-0387,2025-09,27-09-2025,7700,1925,770,0,0,0,10395,938.44,1130.94,0,0,0,938.44,9456.56,Bank Transfer,SAR
PAY-003672,EMP-0388,2025-09,27-09-2025,8300,2075,830,400,13.5,700.31,12305.31,1011.56,1219.06,0,0,0,1011.56,11293.75,Bank Transfer,SAR
PAY-003673,EMP-0389,2025-09,27-09-2025,8650,2163,865,0,3,162.19,11840.19,0,216.26,0,0,0,0,11840.19,Bank Transfer,SAR
PAY-003674,EMP-0390,2025-09,27-09-2025,6250,1563,625,0,23.5,917.97,9355.97,0,156.26,562.53,0,0,562.53,8793.44,Bank Transfer,SAR
PAY-003675,EMP-0391,2025-09,27-09-2025,11600,2900,1160,1500,11.5,833.75,17993.75,1413.75,1703.75,0,0,0,1413.75,16580,Bank Transfer,SAR
PAY-003676,EMP-0392,2025-09,27-09-2025,16550,4138,1200,0,0,0,21888,2017.08,2430.84,0,0,0,2017.08,19870.92,Bank Transfer,SAR
PAY-003677,EMP-0393,2025-09,27-09-2025,8700,2175,870,0,5,271.88,12016.88,0,217.5,0,2000,0,2000,10016.88,Bank Transfer,SAR
PAY-003678,EMP-0394,2025-09,27-09-2025,11350,2838,1135,0,0,0,15323,0,283.76,0,0,0,0,15323,Bank Transfer,SAR
PAY-003679,EMP-0395,2025-09,27-09-2025,26050,6513,1200,1850,0,0,35613,0,651.26,0,0,0,0,35613,Bank Transfer,SAR
PAY-003680,EMP-0396,2025-09,27-09-2025,28150,7038,1200,0,0,0,36388,3430.83,4134.59,0,1550,220,5200.83,31187.17,Bank Transfer,SAR
PAY-003681,EMP-0397,2025-09,27-09-2025,19150,4788,1200,0,24,2872.5,28010.5,0,478.76,0,0,0,0,28010.5,Bank Transfer,SAR
PAY-003682,EMP-0398,2025-09,27-09-2025,12000,3000,1200,0,0,0,16200,1462.5,1762.5,0,0,0,1462.5,14737.5,Bank Transfer,SAR
PAY-003683,EMP-0399,2025-09,27-09-2025,5350,1338,535,0,18,601.88,7824.88,0,133.76,0,0,0,0,7824.88,Bank Transfer,SAR
PAY-003684,EMP-0400,2025-09,27-09-2025,5050,1263,505,0,0,0,6818,0,126.26,0,0,0,0,6818,Bank Transfer,SAR
PAY-003685,EMP-0402,2025-09,27-09-2025,13000,3250,1200,0,0,0,17450,0,325,1163.33,0,0,1163.33,16286.67,Bank Transfer,SAR
PAY-003686,EMP-0403,2025-09,27-09-2025,8750,2188,875,0,0,0,11813,1066.46,1285.21,0,0,0,1066.46,10746.54,Bank Transfer,SAR
PAY-003687,EMP-0405,2025-09,27-09-2025,10950,2738,1095,1500,0,0,16283,0,273.76,0,0,0,0,16283,Bank Transfer,SAR
PAY-003688,EMP-0406,2025-09,27-09-2025,12400,3100,1200,0,19.5,1511.25,18211.25,1511.25,1821.25,0,0,0,1511.25,16700,Bank Transfer,SAR
PAY-003689,EMP-0407,2025-09,27-09-2025,6150,1538,615,0,0,0,8303,0,153.76,0,0,0,0,8303,Bank Transfer,SAR
PAY-003690,EMP-0409,2025-09,27-09-2025,5450,1363,545,0,4,136.25,7494.25,664.27,800.53,0,0,0,664.27,6829.98,Bank Transfer,SAR
PAY-003691,EMP-0410,2025-09,27-09-2025,6300,1575,630,0,0,0,8505,767.81,925.31,0,0,0,767.81,7737.19,Bank Transfer,SAR
PAY-003692,EMP-0411,2025-09,27-09-2025,9350,2338,935,0,0,0,12623,1139.58,1373.34,0,0,0,1139.58,11483.42,Bank Transfer,SAR
PAY-003693,EMP-0412,2025-09,27-09-2025,6400,1600,640,350,7,280,9270,0,160,0,0,0,0,9270,WPS Transfer,SAR
PAY-003694,EMP-0414,2025-09,27-09-2025,6300,1575,630,2050,3.5,137.81,10692.81,0,157.5,0,0,0,0,10692.81,Bank Transfer,SAR
PAY-003695,EMP-0415,2025-09,27-09-2025,5800,1450,580,0,0,0,7830,706.88,851.88,522,0,0,1228.88,6601.12,Bank Transfer,SAR
PAY-003696,EMP-0416,2025-09,27-09-2025,4600,1150,460,0,0,0,6210,560.63,675.63,0,0,0,560.63,5649.37,Bank Transfer,SAR
PAY-003697,EMP-0417,2025-09,27-09-2025,5900,1475,590,1500,0,0,9465,719.06,866.56,0,0,0,719.06,8745.94,Bank Transfer,SAR
PAY-003698,EMP-0418,2025-09,27-09-2025,9950,2488,995,0,3,186.56,13619.56,1212.71,1461.47,0,0,0,1212.71,12406.85,Bank Transfer,SAR
PAY-003699,EMP-0419,2025-09,27-09-2025,5850,1463,585,2400,2,73.13,10371.13,713.02,859.28,0,0,0,713.02,9658.11,Bank Transfer,SAR
PAY-003700,EMP-0420,2025-09,27-09-2025,4700,1175,470,0,16.5,484.69,6829.69,572.81,690.31,211.5,0,0,784.31,6045.38,Bank Transfer,SAR
PAY-003701,EMP-0422,2025-09,27-09-2025,9200,2300,920,0,0,0,12420,1121.25,1351.25,414,0,340,1875.25,10544.75,Bank Transfer,SAR
PAY-003702,EMP-0424,2025-09,27-09-2025,17650,4413,1200,0,0,0,23263,2151.14,2592.4,0,1750,0,3901.14,19361.86,Bank Transfer,SAR
PAY-003703,EMP-0425,2025-09,27-09-2025,5950,1488,595,1300,3,111.56,9444.56,0,148.76,267.77,0,0,267.77,9176.79,Bank Transfer,SAR
PAY-003704,EMP-0426,2025-09,27-09-2025,29150,7288,1200,0,0,0,37638,0,728.76,0,0,0,0,37638,WPS Transfer,SAR
PAY-003705,EMP-0427,2025-09,27-09-2025,7750,1938,775,0,19.5,944.53,11407.53,0,193.76,0,1300,0,1300,10107.53,Bank Transfer,SAR
PAY-003706,EMP-0428,2025-09,27-09-2025,10850,2713,1085,0,26,1763.13,16411.13,0,271.26,0,0,150,150,16261.13,Bank Transfer,SAR
PAY-003707,EMP-0429,2025-09,27-09-2025,8300,2075,830,300,0,0,11505,0,207.5,0,0,0,0,11505,Bank Transfer,SAR
PAY-003708,EMP-0430,2025-09,27-09-2025,6400,1600,640,0,11.5,460,9100,0,160,0,1500,0,1500,7600,Bank Transfer,SAR
PAY-003709,EMP-0431,2025-09,27-09-2025,8450,2113,845,0,0,0,11408,0,211.26,0,0,0,0,11408,Bank Transfer,SAR
PAY-003710,EMP-0432,2025-09,27-09-2025,8650,2163,865,0,0,0,11678,1054.27,1270.53,0,0,0,1054.27,10623.73,Bank Transfer,SAR
PAY-003711,EMP-0433,2025-09,27-09-2025,16100,4025,1200,0,0,0,21325,0,402.5,0,2250,0,2250,19075,Bank Transfer,SAR
PAY-003712,EMP-0434,2025-09,27-09-2025,12250,3063,1200,1100,0,0,17613,0,306.26,0,0,0,0,17613,Bank Transfer,SAR
PAY-003713,EMP-0435,2025-09,27-09-2025,8750,2188,875,2350,13.5,738.28,14901.28,1066.46,1285.21,0,0,0,1066.46,13834.82,Bank Transfer,SAR
PAY-003714,EMP-0436,2025-09,27-09-2025,7450,1863,745,0,0,0,10058,0,186.26,0,0,0,0,10058,Bank Transfer,SAR
PAY-003715,EMP-0438,2025-09,27-09-2025,8900,2225,890,0,10.5,584.06,12599.06,0,222.5,0,0,0,0,12599.06,Bank Transfer,SAR
PAY-003716,EMP-0439,2025-09,27-09-2025,6250,1563,625,550,0,0,8988,0,156.26,0,0,0,0,8988,Bank Transfer,SAR
PAY-003717,EMP-0440,2025-09,27-09-2025,6800,1700,680,1000,22,935,11115,0,170,0,0,0,0,11115,Bank Transfer,SAR
PAY-003718,EMP-0441,2025-09,27-09-2025,16850,4213,1200,0,0,0,22263,2053.64,2474.9,0,550,0,2603.64,19659.36,Bank Transfer,SAR
PAY-003719,EMP-0442,2025-09,27-09-2025,7800,1950,780,0,25,1218.75,11748.75,950.63,1145.63,0,0,0,950.63,10798.12,Bank Transfer,SAR
PAY-003720,EMP-0443,2025-09,27-09-2025,9850,2463,985,0,0,0,13298,0,246.26,0,0,0,0,13298,Bank Transfer,SAR
PAY-003721,EMP-0444,2025-09,27-09-2025,8500,2125,850,0,0,0,11475,1035.94,1248.44,0,0,0,1035.94,10439.06,Bank Transfer,SAR
PAY-003722,EMP-0445,2025-09,27-09-2025,10900,2725,1090,0,0,0,14715,0,272.5,0,0,0,0,14715,Bank Transfer,SAR
PAY-003723,EMP-0446,2025-09,27-09-2025,11600,2900,1160,0,25.5,1848.75,17508.75,1413.75,1703.75,1566,0,240,3219.75,14289,Bank Transfer,SAR
PAY-003724,EMP-0448,2025-09,27-09-2025,12400,3100,1200,0,0,0,16700,1511.25,1821.25,0,0,0,1511.25,15188.75,Bank Transfer,SAR
PAY-003725,EMP-0449,2025-09,27-09-2025,6350,1588,635,0,17,674.69,9247.69,773.96,932.71,0,0,0,773.96,8473.73,Bank Transfer,SAR
PAY-003726,EMP-0451,2025-09,27-09-2025,26850,6713,1200,0,0,0,34763,0,671.26,0,0,0,0,34763,Bank Transfer,SAR
PAY-003727,EMP-0452,2025-09,27-09-2025,6500,1625,650,0,7.5,304.69,9079.69,792.19,954.69,0,0,0,792.19,8287.5,Bank Transfer,SAR
PAY-003728,EMP-0453,2025-09,27-09-2025,6300,1575,630,1200,17,669.38,10374.38,767.81,925.31,0,0,0,767.81,9606.57,Bank Transfer,SAR
PAY-003729,EMP-0454,2025-09,27-09-2025,5300,1325,530,0,0,0,7155,645.94,778.44,0,0,0,645.94,6509.06,Bank Transfer,SAR
PAY-003730,EMP-0455,2025-09,27-09-2025,4800,1200,480,0,0,0,6480,0,120,0,0,0,0,6480,Bank Transfer,SAR
PAY-003731,EMP-0457,2025-09,27-09-2025,5050,1263,505,0,0,0,6818,615.52,741.78,0,0,0,615.52,6202.48,Bank Transfer,SAR
PAY-003732,EMP-0459,2025-09,27-09-2025,6400,1600,640,550,23.5,940,10130,780,940,0,0,0,780,9350,Bank Transfer,SAR
PAY-003733,EMP-0460,2025-09,27-09-2025,10050,2513,1005,0,0,0,13568,0,251.26,0,0,0,0,13568,Bank Transfer,SAR
PAY-003734,EMP-0461,2025-09,27-09-2025,4900,1225,490,0,20,612.5,7227.5,597.19,719.69,0,0,0,597.19,6630.31,Bank Transfer,SAR
PAY-003735,EMP-0463,2025-09,27-09-2025,5850,1463,585,2000,0,0,9898,0,146.26,0,0,0,0,9898,Bank Transfer,SAR
PAY-003736,EMP-0464,2025-09,27-09-2025,5800,1450,580,1250,25,906.25,9986.25,706.88,851.88,0,1750,0,2456.88,7529.37,WPS Transfer,SAR
PAY-003737,EMP-0465,2025-09,27-09-2025,11200,2800,1120,850,22,1540,17510,0,280,0,0,0,0,17510,Bank Transfer,SAR
PAY-003738,EMP-0466,2025-09,27-09-2025,11900,2975,1190,0,2.5,185.94,16250.94,0,297.5,1071,0,0,1071,15179.94,Bank Transfer,SAR
PAY-003739,EMP-0467,2025-09,27-09-2025,4650,1163,465,0,10.5,305.16,6583.16,566.77,683.03,0,0,0,566.77,6016.39,Bank Transfer,SAR
PAY-003740,EMP-0468,2025-09,27-09-2025,11850,2963,1185,2150,20.5,1518.28,19666.28,0,296.26,0,0,0,0,19666.28,Bank Transfer,SAR
PAY-003741,EMP-0469,2025-09,27-09-2025,4600,1150,460,850,24.5,704.38,7764.38,0,115,207,0,0,207,7557.38,Bank Transfer,SAR
PAY-003742,EMP-0470,2025-09,27-09-2025,4600,1150,460,900,0,0,7110,0,115,0,0,0,0,7110,Bank Transfer,SAR
PAY-003743,EMP-0471,2025-09,27-09-2025,25000,6250,1200,1050,0,0,33500,3046.88,3671.88,0,0,0,3046.88,30453.12,Bank Transfer,SAR
PAY-003744,EMP-0472,2025-09,27-09-2025,8600,2150,860,0,0,0,11610,1048.13,1263.13,0,0,0,1048.13,10561.87,Bank Transfer,SAR
PAY-003745,EMP-0473,2025-09,27-09-2025,8150,2038,815,1650,10.5,534.84,13187.84,993.33,1197.09,0,0,0,993.33,12194.51,Bank Transfer,SAR
PAY-003746,EMP-0474,2025-09,27-09-2025,7700,1925,770,0,5,240.63,10635.63,938.44,1130.94,0,0,0,938.44,9697.19,Bank Transfer,SAR
PAY-003747,EMP-0475,2025-09,27-09-2025,12800,3200,1200,1200,0,0,18400,0,320,0,0,0,0,18400,Bank Transfer,SAR
PAY-003748,EMP-0476,2025-09,27-09-2025,14600,3650,1200,0,0,0,19450,0,365,0,0,0,0,19450,Bank Transfer,SAR
PAY-003749,EMP-0478,2025-09,27-09-2025,7500,1875,750,0,8.5,398.44,10523.44,914.06,1101.56,0,0,0,914.06,9609.38,Bank Transfer,SAR
PAY-003750,EMP-0480,2025-09,27-09-2025,14150,3538,1200,0,22.5,1989.84,20877.84,0,353.76,0,0,0,0,20877.84,Bank Transfer,SAR
PAY-003751,EMP-0481,2025-09,27-09-2025,15500,3875,1200,1500,12,1162.5,23237.5,0,387.5,0,0,0,0,23237.5,Bank Transfer,SAR
PAY-003752,EMP-0482,2025-09,27-09-2025,8400,2100,840,0,7.5,393.75,11733.75,0,210,0,0,0,0,11733.75,Bank Transfer,SAR
PAY-003753,EMP-0483,2025-09,27-09-2025,8800,2200,880,0,20.5,1127.5,13007.5,1072.5,1292.5,792,0,0,1864.5,11143,Bank Transfer,SAR
PAY-003754,EMP-0484,2025-09,27-09-2025,10600,2650,1060,0,15.5,1026.88,15336.88,1291.88,1556.88,0,0,0,1291.88,14045,Bank Transfer,SAR
PAY-003755,EMP-0485,2025-09,27-09-2025,10100,2525,1010,0,14,883.75,14518.75,0,252.5,909,0,0,909,13609.75,Bank Transfer,SAR
PAY-003756,EMP-0487,2025-09,27-09-2025,10850,2713,1085,0,0,0,14648,1322.39,1593.65,0,0,0,1322.39,13325.61,Bank Transfer,SAR
PAY-003757,EMP-0488,2025-09,27-09-2025,10850,2713,1085,0,0,0,14648,0,271.26,0,0,0,0,14648,Bank Transfer,SAR
PAY-003758,EMP-0489,2025-09,27-09-2025,11700,2925,1170,1750,0,0,17545,0,292.5,1053,0,0,1053,16492,Bank Transfer,SAR
PAY-003759,EMP-0490,2025-09,27-09-2025,6250,1563,625,0,23.5,917.97,9355.97,0,156.26,0,0,0,0,9355.97,Bank Transfer,SAR
PAY-003760,EMP-0491,2025-09,27-09-2025,37150,9288,1200,0,0,0,47638,4527.71,5456.46,0,0,0,4527.71,43110.29,Bank Transfer,SAR
PAY-003761,EMP-0492,2025-09,27-09-2025,21700,5425,1200,0,0,0,28325,2644.69,3187.19,0,0,0,2644.69,25680.31,Bank Transfer,SAR
PAY-003762,EMP-0493,2025-09,27-09-2025,6300,1575,630,0,0,0,8505,0,157.5,0,0,0,0,8505,Bank Transfer,SAR
PAY-003763,EMP-0494,2025-09,27-09-2025,6500,1625,650,0,0,0,8775,792.19,954.69,0,0,0,792.19,7982.81,Bank Transfer,SAR
PAY-003764,EMP-0495,2025-09,27-09-2025,16800,4200,1200,0,0,0,22200,0,420,0,0,0,0,22200,Bank Transfer,SAR
PAY-003765,EMP-0497,2025-09,27-09-2025,8700,2175,870,1100,15.5,842.81,13687.81,1060.31,1277.81,0,0,180,1240.31,12447.5,Bank Transfer,SAR
PAY-003766,EMP-0498,2025-09,27-09-2025,12050,3013,1200,0,25.5,1920.47,18183.47,0,301.26,0,0,0,0,18183.47,Bank Transfer,SAR
PAY-003767,EMP-0499,2025-09,27-09-2025,14750,3688,1200,600,15.5,1428.91,21666.91,1797.71,2166.46,654.6,0,0,2452.31,19214.6,Bank Transfer,SAR
PAY-003768,EMP-0500,2025-09,27-09-2025,22250,5563,1200,0,0,0,29013,0,556.26,0,0,0,0,29013,Bank Transfer,SAR
PAY-003769,EMP-0001,2025-10,27-10-2025,35400,8850,1200,1700,0,0,47150,4314.38,5199.38,0,0,0,4314.38,42835.62,Bank Transfer,SAR
PAY-003770,EMP-0003,2025-10,27-10-2025,8700,2175,870,0,0,0,11745,0,217.5,0,0,360,360,11385,Bank Transfer,SAR
PAY-003771,EMP-0004,2025-10,27-10-2025,3500,875,350,0,25.5,557.81,5282.81,426.56,514.06,0,0,0,426.56,4856.25,Bank Transfer,SAR
PAY-003772,EMP-0005,2025-10,27-10-2025,3450,863,345,0,0,0,4658,0,86.26,155.27,0,0,155.27,4502.73,Bank Transfer,SAR
PAY-003773,EMP-0006,2025-10,27-10-2025,3200,800,320,2500,18,360,7180,390,470,0,0,0,390,6790,Bank Transfer,SAR
PAY-003774,EMP-0007,2025-10,27-10-2025,8450,2113,845,0,0,0,11408,0,211.26,0,0,0,0,11408,Bank Transfer,SAR
PAY-003775,EMP-0008,2025-10,27-10-2025,4650,1163,465,0,0,0,6278,566.77,683.03,0,0,0,566.77,5711.23,Bank Transfer,SAR
PAY-003776,EMP-0009,2025-10,27-10-2025,3800,950,380,0,0,0,5130,463.13,558.13,0,0,0,463.13,4666.87,Bank Transfer,SAR
PAY-003777,EMP-0010,2025-10,27-10-2025,29350,7338,1200,0,0,0,37888,3577.08,4310.84,0,0,0,3577.08,34310.92,Bank Transfer,SAR
PAY-003778,EMP-0014,2025-10,27-10-2025,9500,2375,950,0,0,0,12825,1157.81,1395.31,0,2150,0,3307.81,9517.19,Bank Transfer,SAR
PAY-003779,EMP-0015,2025-10,27-10-2025,8000,2000,800,0,0,0,10800,975,1175,0,0,0,975,9825,Bank Transfer,SAR
PAY-003780,EMP-0016,2025-10,27-10-2025,8850,2213,885,0,20.5,1133.91,13081.91,0,221.26,0,0,0,0,13081.91,Bank Transfer,SAR
PAY-003781,EMP-0017,2025-10,27-10-2025,6600,1650,660,0,16.5,680.63,9590.63,0,165,0,1100,0,1100,8490.63,Bank Transfer,SAR
PAY-003782,EMP-0018,2025-10,27-10-2025,3350,838,335,750,0,0,5273,408.33,492.09,0,0,0,408.33,4864.67,Bank Transfer,SAR
PAY-003783,EMP-0019,2025-10,27-10-2025,4700,1175,470,0,13,381.88,6726.88,572.81,690.31,0,1600,0,2172.81,4554.07,Bank Transfer,SAR
PAY-003784,EMP-0020,2025-10,27-10-2025,11450,2863,1145,0,11.5,822.97,16280.97,0,286.26,0,1800,0,1800,14480.97,Bank Transfer,SAR
PAY-003785,EMP-0021,2025-10,27-10-2025,8800,2200,880,0,9.5,522.5,12402.5,1072.5,1292.5,0,0,50,1122.5,11280,Bank Transfer,SAR
PAY-003786,EMP-0022,2025-10,27-10-2025,11500,2875,1150,0,0,0,15525,1401.56,1689.06,0,0,0,1401.56,14123.44,Bank Transfer,SAR
PAY-003787,EMP-0023,2025-10,27-10-2025,3400,850,340,1000,0,0,5590,0,85,0,0,0,0,5590,Bank Transfer,SAR
PAY-003788,EMP-0024,2025-10,27-10-2025,23700,5925,1200,0,0,0,30825,2888.44,3480.94,0,0,0,2888.44,27936.56,Bank Transfer,SAR
PAY-003789,EMP-0025,2025-10,27-10-2025,6000,1500,600,0,25.5,956.25,9056.25,0,150,0,0,0,0,9056.25,Cheque,SAR
PAY-003790,EMP-0026,2025-10,27-10-2025,3300,825,330,1700,0,0,6155,402.19,484.69,148.5,0,0,550.69,5604.31,Cheque,SAR
PAY-003791,EMP-0027,2025-10,27-10-2025,3350,838,335,0,8.5,177.97,4700.97,0,83.76,0,0,0,0,4700.97,WPS Transfer,SAR
PAY-003792,EMP-0028,2025-10,27-10-2025,9000,2250,900,0,0,0,12150,0,225,0,0,320,320,11830,Bank Transfer,SAR
PAY-003793,EMP-0029,2025-10,27-10-2025,3550,888,355,0,7.5,166.41,4959.41,432.71,521.46,0,0,0,432.71,4526.7,Bank Transfer,SAR
PAY-003794,EMP-0030,2025-10,27-10-2025,4550,1138,455,600,19.5,554.53,7297.53,554.58,668.34,0,0,0,554.58,6742.95,Bank Transfer,SAR
PAY-003795,EMP-0031,2025-10,27-10-2025,3800,950,380,0,0,0,5130,463.13,558.13,0,0,540,1003.13,4126.87,Cheque,SAR
PAY-003796,EMP-0032,2025-10,27-10-2025,12650,3163,1200,0,11,869.69,17882.69,0,316.26,0,0,0,0,17882.69,Bank Transfer,SAR
PAY-003797,EMP-0034,2025-10,27-10-2025,11650,2913,1165,0,13.5,982.97,16710.97,0,291.26,0,0,0,0,16710.97,Bank Transfer,SAR
PAY-003798,EMP-0035,2025-10,27-10-2025,7300,1825,730,0,0,0,9855,0,182.5,0,0,0,0,9855,WPS Transfer,SAR
PAY-003799,EMP-0036,2025-10,27-10-2025,6950,1738,695,0,4.5,195.47,9578.47,847.08,1020.84,0,0,0,847.08,8731.39,Bank Transfer,SAR
PAY-003800,EMP-0037,2025-10,27-10-2025,3550,888,355,600,13,288.44,5681.44,0,88.76,0,1900,0,1900,3781.44,Bank Transfer,SAR
PAY-003801,EMP-0038,2025-10,27-10-2025,4400,1100,440,0,10.5,288.75,6228.75,0,110,0,0,0,0,6228.75,Bank Transfer,SAR
PAY-003802,EMP-0039,2025-10,27-10-2025,7100,1775,710,0,22.5,998.44,10583.44,865.31,1042.81,0,2200,0,3065.31,7518.13,Bank Transfer,SAR
PAY-003803,EMP-0040,2025-10,27-10-2025,30000,7500,1200,1650,0,0,40350,0,750,0,0,0,0,40350,Bank Transfer,SAR
PAY-003804,EMP-0041,2025-10,27-10-2025,9050,2263,905,0,14.5,820.16,13038.16,1103.02,1329.28,0,0,0,1103.02,11935.14,Bank Transfer,SAR
PAY-003805,EMP-0042,2025-10,27-10-2025,4550,1138,455,0,4,113.75,6256.75,0,113.76,0,0,0,0,6256.75,Bank Transfer,SAR
PAY-003806,EMP-0043,2025-10,27-10-2025,4450,1113,445,0,23,639.69,6647.69,0,111.26,200.27,2150,0,2350.27,4297.42,Bank Transfer,SAR
PAY-003807,EMP-0044,2025-10,27-10-2025,7600,1900,760,0,0,0,10260,0,190,0,0,0,0,10260,Bank Transfer,SAR
PAY-003808,EMP-0045,2025-10,27-10-2025,6100,1525,610,1650,0,0,9885,0,152.5,0,0,0,0,9885,Bank Transfer,SAR
PAY-003809,EMP-0046,2025-10,27-10-2025,3450,863,345,2300,2,43.13,7001.13,0,86.26,0,0,0,0,7001.13,Bank Transfer,SAR
PAY-003810,EMP-0047,2025-10,27-10-2025,8350,2088,835,0,20.5,1069.84,12342.84,1017.71,1226.46,751.53,0,0,1769.24,10573.6,Bank Transfer,SAR
PAY-003811,EMP-0048,2025-10,27-10-2025,21750,5438,1200,1300,0,0,29688,2650.83,3194.59,0,0,300,2950.83,26737.17,Bank Transfer,SAR
PAY-003812,EMP-0049,2025-10,27-10-2025,4100,1025,410,0,0,0,5535,499.69,602.19,0,2300,170,2969.69,2565.31,Bank Transfer,SAR
PAY-003813,EMP-0050,2025-10,27-10-2025,3250,813,325,1400,6.5,132.03,5920.03,0,81.26,0,0,0,0,5920.03,Bank Transfer,SAR
PAY-003814,EMP-0051,2025-10,27-10-2025,7700,1925,770,0,0,0,10395,0,192.5,0,0,0,0,10395,Bank Transfer,SAR
PAY-003815,EMP-0052,2025-10,27-10-2025,4700,1175,470,1900,0,0,8245,572.81,690.31,423,0,0,995.81,7249.19,Bank Transfer,SAR
PAY-003816,EMP-0053,2025-10,27-10-2025,4100,1025,410,0,24,615,6150,499.69,602.19,0,0,0,499.69,5650.31,Bank Transfer,SAR
PAY-003817,EMP-0055,2025-10,27-10-2025,4250,1063,425,0,6.5,172.66,5910.66,0,106.26,0,0,0,0,5910.66,Bank Transfer,SAR
PAY-003818,EMP-0057,2025-10,27-10-2025,4550,1138,455,0,0,0,6143,554.58,668.34,0,0,0,554.58,5588.42,Bank Transfer,SAR
PAY-003819,EMP-0058,2025-10,27-10-2025,3850,963,385,800,24.5,589.53,6587.53,0,96.26,0,0,0,0,6587.53,Bank Transfer,SAR
PAY-003820,EMP-0059,2025-10,27-10-2025,9300,2325,930,0,0,0,12555,0,232.5,0,0,0,0,12555,Bank Transfer,SAR
PAY-003821,EMP-0060,2025-10,27-10-2025,4500,1125,450,0,15.5,435.94,6510.94,548.44,660.94,0,1150,250,1948.44,4562.5,Bank Transfer,SAR
PAY-003822,EMP-0061,2025-10,27-10-2025,4000,1000,400,0,0,0,5400,487.5,587.5,0,0,0,487.5,4912.5,Bank Transfer,SAR
PAY-003823,EMP-0062,2025-10,27-10-2025,4050,1013,405,1000,0,0,6468,0,101.26,364.53,1750,0,2114.53,4353.47,Bank Transfer,SAR
PAY-003824,EMP-0063,2025-10,27-10-2025,8050,2013,805,0,8,402.5,11270.5,981.14,1182.4,0,0,0,981.14,10289.36,Bank Transfer,SAR
PAY-003825,EMP-0064,2025-10,27-10-2025,4600,1150,460,0,25,718.75,6928.75,0,115,0,400,0,400,6528.75,Bank Transfer,SAR
PAY-003826,EMP-0065,2025-10,27-10-2025,28650,7163,1200,0,0,0,37013,0,716.26,0,1000,0,1000,36013,Bank Transfer,SAR
PAY-003827,EMP-0066,2025-10,27-10-2025,3950,988,395,0,0,0,5333,0,98.76,0,0,0,0,5333,Bank Transfer,SAR
PAY-003828,EMP-0067,2025-10,27-10-2025,3450,863,345,0,17.5,377.34,5035.34,420.52,506.78,0,0,0,420.52,4614.82,Bank Transfer,SAR
PAY-003829,EMP-0068,2025-10,27-10-2025,3750,938,375,0,19,445.31,5508.31,0,93.76,0,0,0,0,5508.31,Bank Transfer,SAR
PAY-003830,EMP-0069,2025-10,27-10-2025,25850,6463,1200,450,0,0,33963,0,646.26,0,0,0,0,33963,Bank Transfer,SAR
PAY-003831,EMP-0070,2025-10,27-10-2025,3700,925,370,0,25,578.13,5573.13,0,92.5,0,300,0,300,5273.13,Bank Transfer,SAR
PAY-003832,EMP-0071,2025-10,27-10-2025,7100,1775,710,0,10,443.75,10028.75,0,177.5,0,0,0,0,10028.75,Bank Transfer,SAR
PAY-003833,EMP-0072,2025-10,27-10-2025,4450,1113,445,0,5.5,152.97,6160.97,0,111.26,0,0,0,0,6160.97,Bank Transfer,SAR
PAY-003834,EMP-0073,2025-10,27-10-2025,27600,6900,1200,0,0,0,35700,3363.75,4053.75,0,0,0,3363.75,32336.25,Bank Transfer,SAR
PAY-003835,EMP-0074,2025-10,27-10-2025,3300,825,330,0,0,0,4455,402.19,484.69,0,0,0,402.19,4052.81,Bank Transfer,SAR
PAY-003836,EMP-0076,2025-10,27-10-2025,4400,1100,440,0,2,55,5995,0,110,0,0,0,0,5995,Bank Transfer,SAR
PAY-003837,EMP-0077,2025-10,27-10-2025,4600,1150,460,1200,20,575,7985,0,115,0,0,0,0,7985,Bank Transfer,SAR
PAY-003838,EMP-0079,2025-10,27-10-2025,6450,1613,645,0,15.5,624.84,9332.84,786.14,947.4,0,0,0,786.14,8546.7,Bank Transfer,SAR
PAY-003839,EMP-0080,2025-10,27-10-2025,3200,800,320,0,19,380,4700,0,80,0,450,0,450,4250,Bank Transfer,SAR
PAY-003840,EMP-0081,2025-10,27-10-2025,8250,2063,825,0,0,0,11138,0,206.26,0,0,380,380,10758,Bank Transfer,SAR
PAY-003841,EMP-0082,2025-10,27-10-2025,4000,1000,400,750,16,400,6550,0,100,0,0,0,0,6550,Bank Transfer,SAR
PAY-003842,EMP-0083,2025-10,27-10-2025,10200,2550,1020,0,0,0,13770,0,255,0,0,0,0,13770,Bank Transfer,SAR
PAY-003843,EMP-0084,2025-10,27-10-2025,12750,3188,1200,0,0,0,17138,0,318.76,0,0,0,0,17138,Bank Transfer,SAR
PAY-003844,EMP-0086,2025-10,27-10-2025,3550,888,355,850,0,0,5643,0,88.76,0,0,0,0,5643,Bank Transfer,SAR
PAY-003845,EMP-0087,2025-10,27-10-2025,25550,6388,1200,500,0,0,33638,3113.96,3752.71,0,2000,0,5113.96,28524.04,Bank Transfer,SAR
PAY-003846,EMP-0088,2025-10,27-10-2025,23950,5988,1200,0,0,0,31138,2918.96,3517.71,0,0,0,2918.96,28219.04,Bank Transfer,SAR
PAY-003847,EMP-0089,2025-10,27-10-2025,20900,5225,1200,0,0,0,27325,0,522.5,910.83,2050,0,2960.83,24364.17,Bank Transfer,SAR
PAY-003848,EMP-0091,2025-10,27-10-2025,34650,8663,1200,1750,0,0,46263,4223.02,5089.28,0,0,0,4223.02,42039.98,Bank Transfer,SAR
PAY-003849,EMP-0092,2025-10,27-10-2025,4550,1138,455,0,0,0,6143,554.58,668.34,0,0,0,554.58,5588.42,Bank Transfer,SAR
PAY-003850,EMP-0093,2025-10,27-10-2025,4900,1225,490,0,19,581.88,7196.88,0,122.5,0,0,0,0,7196.88,Bank Transfer,SAR
PAY-003851,EMP-0095,2025-10,27-10-2025,18600,4650,1200,0,0,0,24450,0,465,0,0,0,0,24450,WPS Transfer,SAR
PAY-003852,EMP-0097,2025-10,27-10-2025,5050,1263,505,0,0,0,6818,0,126.26,0,0,0,0,6818,Bank Transfer,SAR
PAY-003853,EMP-0098,2025-10,27-10-2025,6350,1588,635,0,2.5,99.22,8672.22,0,158.76,0,0,0,0,8672.22,Bank Transfer,SAR
PAY-003854,EMP-0099,2025-10,27-10-2025,11850,2963,1185,0,21,1555.31,17553.31,1444.27,1740.53,0,0,0,1444.27,16109.04,Bank Transfer,SAR
PAY-003855,EMP-0100,2025-10,27-10-2025,12900,3225,1200,0,15.5,1249.69,18574.69,0,322.5,0,0,0,0,18574.69,Bank Transfer,SAR
PAY-003856,EMP-0102,2025-10,27-10-2025,4650,1163,465,0,21,610.31,6888.31,566.77,683.03,209.27,0,0,776.04,6112.27,Bank Transfer,SAR
PAY-003857,EMP-0103,2025-10,27-10-2025,5350,1338,535,0,0,0,7223,0,133.76,0,0,0,0,7223,Bank Transfer,SAR
PAY-003858,EMP-0104,2025-10,27-10-2025,6350,1588,635,0,7.5,297.66,8870.66,773.96,932.71,0,0,0,773.96,8096.7,Bank Transfer,SAR
PAY-003859,EMP-0105,2025-10,27-10-2025,21650,5413,1200,0,0,0,28263,2638.64,3179.9,0,0,0,2638.64,25624.36,Bank Transfer,SAR
PAY-003860,EMP-0106,2025-10,27-10-2025,24950,6238,1200,0,0,0,32388,3040.83,3664.59,0,0,0,3040.83,29347.17,Bank Transfer,SAR
PAY-003861,EMP-0107,2025-10,27-10-2025,26350,6588,1200,0,0,0,34138,3211.46,3870.21,0,0,0,3211.46,30926.54,Bank Transfer,SAR
PAY-003862,EMP-0108,2025-10,27-10-2025,6050,1513,605,0,20,756.25,8924.25,0,151.26,0,0,0,0,8924.25,Bank Transfer,SAR
PAY-003863,EMP-0112,2025-10,27-10-2025,17550,4388,1200,0,0,0,23138,0,438.76,0,0,0,0,23138,Bank Transfer,SAR
PAY-003864,EMP-0113,2025-10,27-10-2025,12550,3138,1200,0,0,0,16888,1529.58,1843.34,0,2200,0,3729.58,13158.42,Bank Transfer,SAR
PAY-003865,EMP-0114,2025-10,27-10-2025,11300,2825,1130,0,6.5,459.06,15714.06,0,282.5,0,0,420,420,15294.06,Bank Transfer,SAR
PAY-003866,EMP-0116,2025-10,27-10-2025,4550,1138,455,0,14.5,412.34,6555.34,0,113.76,0,0,440,440,6115.34,Bank Transfer,SAR
PAY-003867,EMP-0117,2025-10,27-10-2025,22450,5613,1200,0,0,0,29263,2736.14,3297.4,0,0,0,2736.14,26526.86,Bank Transfer,SAR
PAY-003868,EMP-0118,2025-10,27-10-2025,18200,4550,1200,2300,18.5,2104.38,28354.38,2218.13,2673.13,0,0,0,2218.13,26136.25,Bank Transfer,SAR
PAY-003869,EMP-0119,2025-10,27-10-2025,5300,1325,530,0,17,563.13,7718.13,0,132.5,0,0,0,0,7718.13,Bank Transfer,SAR
PAY-003870,EMP-0120,2025-10,27-10-2025,12250,3063,1200,0,0,0,16513,1493.02,1799.28,0,0,0,1493.02,15019.98,Bank Transfer,SAR
PAY-003871,EMP-0121,2025-10,27-10-2025,4700,1175,470,0,0,0,6345,0,117.5,0,0,0,0,6345,Bank Transfer,SAR
PAY-003872,EMP-0122,2025-10,27-10-2025,5250,1313,525,0,9.5,311.72,7399.72,0,131.26,0,2050,0,2050,5349.72,Bank Transfer,SAR
PAY-003873,EMP-0123,2025-10,27-10-2025,5450,1363,545,0,0,0,7358,664.27,800.53,0,0,0,664.27,6693.73,Bank Transfer,SAR
PAY-003874,EMP-0124,2025-10,27-10-2025,28200,7050,1200,350,0,0,36800,3436.88,4141.88,0,0,0,3436.88,33363.12,Bank Transfer,SAR
PAY-003875,EMP-0126,2025-10,27-10-2025,6100,1525,610,400,0,0,8635,0,152.5,0,0,0,0,8635,Bank Transfer,SAR
PAY-003876,EMP-0127,2025-10,27-10-2025,9350,2338,935,0,7,409.06,13032.06,0,233.76,0,0,0,0,13032.06,Bank Transfer,SAR
PAY-003877,EMP-0129,2025-10,27-10-2025,4850,1213,485,0,0,0,6548,591.14,712.4,0,0,0,591.14,5956.86,Bank Transfer,SAR
PAY-003878,EMP-0130,2025-10,27-10-2025,6350,1588,635,0,0,0,8573,0,158.76,0,0,0,0,8573,Bank Transfer,SAR
PAY-003879,EMP-0131,2025-10,27-10-2025,20750,5188,1200,0,0,0,27138,0,518.76,0,2050,90,2140,24998,Bank Transfer,SAR
PAY-003880,EMP-0132,2025-10,27-10-2025,5400,1350,540,0,0,0,7290,658.13,793.13,486,0,0,1144.13,6145.87,Bank Transfer,SAR
PAY-003881,EMP-0133,2025-10,27-10-2025,11850,2963,1185,0,0,0,15998,0,296.26,0,0,0,0,15998,Bank Transfer,SAR
PAY-003882,EMP-0134,2025-10,27-10-2025,4750,1188,475,1800,14.5,430.47,8643.47,0,118.76,0,0,0,0,8643.47,Bank Transfer,SAR
PAY-003883,EMP-0135,2025-10,27-10-2025,5700,1425,570,0,2.5,89.06,7784.06,0,142.5,0,0,0,0,7784.06,Bank Transfer,SAR
PAY-003884,EMP-0136,2025-10,27-10-2025,4850,1213,485,1650,21.5,651.72,8849.72,0,121.26,0,0,0,0,8849.72,Bank Transfer,SAR
PAY-003885,EMP-0137,2025-10,27-10-2025,20100,5025,1200,0,0,0,26325,0,502.5,0,0,0,0,26325,Bank Transfer,SAR
PAY-003886,EMP-0138,2025-10,27-10-2025,17050,4263,1200,0,23.5,2504.22,25017.22,0,426.26,0,1000,0,1000,24017.22,Bank Transfer,SAR
PAY-003887,EMP-0140,2025-10,27-10-2025,10050,2513,1005,400,0,0,13968,0,251.26,0,0,0,0,13968,Bank Transfer,SAR
PAY-003888,EMP-0141,2025-10,27-10-2025,6000,1500,600,1500,0,0,9600,731.25,881.25,0,0,0,731.25,8868.75,Bank Transfer,SAR
PAY-003889,EMP-0142,2025-10,27-10-2025,4900,1225,490,0,0,0,6615,597.19,719.69,441,650,0,1688.19,4926.81,Bank Transfer,SAR
PAY-003890,EMP-0145,2025-10,27-10-2025,5000,1250,500,0,6.5,203.13,6953.13,0,125,0,1450,0,1450,5503.13,Bank Transfer,SAR
PAY-003891,EMP-0146,2025-10,27-10-2025,17050,4263,1200,0,14,1491.88,24004.88,2078.02,2504.28,0,0,0,2078.02,21926.86,Bank Transfer,SAR
PAY-003892,EMP-0149,2025-10,27-10-2025,20200,5050,1200,0,4.5,568.13,27018.13,2461.88,2966.88,0,0,580,3041.88,23976.25,Bank Transfer,SAR
PAY-003893,EMP-0150,2025-10,27-10-2025,17050,4263,1200,950,0,0,23463,2078.02,2504.28,0,0,0,2078.02,21384.98,Bank Transfer,SAR
PAY-003894,EMP-0151,2025-10,27-10-2025,16150,4038,1200,0,0,0,21388,1968.33,2372.09,0,0,0,1968.33,19419.67,Bank Transfer,SAR
PAY-003895,EMP-0152,2025-10,27-10-2025,21350,5338,1200,0,16.5,2201.72,30089.72,0,533.76,0,0,0,0,30089.72,Bank Transfer,SAR
PAY-003896,EMP-0153,2025-10,27-10-2025,12500,3125,1200,0,0,0,16825,1523.44,1835.94,0,0,0,1523.44,15301.56,Bank Transfer,SAR
PAY-003897,EMP-0155,2025-10,27-10-2025,28050,7013,1200,1550,0,0,37813,0,701.26,0,2150,0,2150,35663,Bank Transfer,SAR
PAY-003898,EMP-0157,2025-10,27-10-2025,11300,2825,1130,0,6.5,459.06,15714.06,0,282.5,1017,0,0,1017,14697.06,Bank Transfer,SAR
PAY-003899,EMP-0158,2025-10,27-10-2025,4550,1138,455,2400,7.5,213.28,8756.28,0,113.76,0,800,0,800,7956.28,Bank Transfer,SAR
PAY-003900,EMP-0159,2025-10,27-10-2025,4650,1163,465,0,0,0,6278,566.77,683.03,0,0,0,566.77,5711.23,Bank Transfer,SAR
PAY-003901,EMP-0160,2025-10,27-10-2025,6000,1500,600,0,0,0,8100,731.25,881.25,0,0,0,731.25,7368.75,Bank Transfer,SAR
PAY-003902,EMP-0161,2025-10,27-10-2025,25100,6275,1200,0,0,0,32575,3059.06,3686.56,0,0,0,3059.06,29515.94,Bank Transfer,SAR
PAY-003903,EMP-0162,2025-10,27-10-2025,10350,2588,1035,0,19.5,1261.41,15234.41,0,258.76,0,0,0,0,15234.41,Bank Transfer,SAR
PAY-003904,EMP-0163,2025-10,27-10-2025,3850,963,385,2200,16.5,397.03,7795.03,469.27,565.53,0,0,0,469.27,7325.76,Bank Transfer,SAR
PAY-003905,EMP-0164,2025-10,27-10-2025,6250,1563,625,2450,0,0,10888,761.77,918.03,0,0,0,761.77,10126.23,Bank Transfer,SAR
PAY-003906,EMP-0165,2025-10,27-10-2025,4500,1125,450,0,0,0,6075,0,112.5,0,0,0,0,6075,Bank Transfer,SAR
PAY-003907,EMP-0167,2025-10,27-10-2025,3450,863,345,0,0,0,4658,420.52,506.78,0,0,90,510.52,4147.48,Bank Transfer,SAR
PAY-003908,EMP-0168,2025-10,27-10-2025,11900,2975,1190,0,20.5,1524.69,17589.69,0,297.5,0,0,0,0,17589.69,Bank Transfer,SAR
PAY-003909,EMP-0169,2025-10,27-10-2025,3250,813,325,900,0,0,5288,0,81.26,0,0,0,0,5288,Bank Transfer,SAR
PAY-003910,EMP-0170,2025-10,27-10-2025,7550,1888,755,0,0,0,10193,920.21,1108.96,0,0,0,920.21,9272.79,Bank Transfer,SAR
PAY-003911,EMP-0171,2025-10,27-10-2025,8550,2138,855,800,3,160.31,12503.31,0,213.76,0,0,0,0,12503.31,Bank Transfer,SAR
PAY-003912,EMP-0172,2025-10,27-10-2025,7650,1913,765,0,0,0,10328,932.39,1123.65,0,0,0,932.39,9395.61,Bank Transfer,SAR
PAY-003913,EMP-0173,2025-10,27-10-2025,8850,2213,885,0,0,0,11948,0,221.26,0,0,450,450,11498,Bank Transfer,SAR
PAY-003914,EMP-0174,2025-10,27-10-2025,6300,1575,630,0,0,0,8505,767.81,925.31,0,0,0,767.81,7737.19,Bank Transfer,SAR
PAY-003915,EMP-0175,2025-10,27-10-2025,4500,1125,450,0,0,0,6075,548.44,660.94,0,0,0,548.44,5526.56,Bank Transfer,SAR
PAY-003916,EMP-0176,2025-10,27-10-2025,6100,1525,610,0,0,0,8235,743.44,895.94,0,0,0,743.44,7491.56,Bank Transfer,SAR
PAY-003917,EMP-0177,2025-10,27-10-2025,4400,1100,440,0,0,0,5940,0,110,0,1550,0,1550,4390,WPS Transfer,SAR
PAY-003918,EMP-0178,2025-10,27-10-2025,4600,1150,460,0,8,230,6440,560.63,675.63,0,0,0,560.63,5879.37,Bank Transfer,SAR
PAY-003919,EMP-0180,2025-10,27-10-2025,4600,1150,460,0,22.5,646.88,6856.88,0,115,0,0,0,0,6856.88,Bank Transfer,SAR
PAY-003920,EMP-0181,2025-10,27-10-2025,6450,1613,645,0,0,0,8708,786.14,947.4,290.27,0,0,1076.41,7631.59,Bank Transfer,SAR
PAY-003921,EMP-0182,2025-10,27-10-2025,7450,1863,745,0,0,0,10058,0,186.26,0,0,0,0,10058,Bank Transfer,SAR
PAY-003922,EMP-0183,2025-10,27-10-2025,4700,1175,470,0,0,0,6345,572.81,690.31,211.5,0,230,1014.31,5330.69,Bank Transfer,SAR
PAY-003923,EMP-0184,2025-10,27-10-2025,8900,2225,890,0,25,1390.63,13405.63,0,222.5,801,0,0,801,12604.63,Bank Transfer,SAR
PAY-003924,EMP-0186,2025-10,27-10-2025,3250,813,325,0,0,0,4388,396.14,477.4,0,0,0,396.14,3991.86,Bank Transfer,SAR
PAY-003925,EMP-0187,2025-10,27-10-2025,7150,1788,715,0,12,536.25,10189.25,0,178.76,0,1600,0,1600,8589.25,WPS Transfer,SAR
PAY-003926,EMP-0188,2025-10,27-10-2025,8550,2138,855,0,0,0,11543,1042.08,1255.84,0,0,330,1372.08,10170.92,Bank Transfer,SAR
PAY-003927,EMP-0189,2025-10,27-10-2025,3450,863,345,2300,0,0,6958,0,86.26,0,0,0,0,6958,Bank Transfer,SAR
PAY-003928,EMP-0190,2025-10,27-10-2025,4750,1188,475,0,23,682.81,7095.81,0,118.76,0,0,0,0,7095.81,Bank Transfer,SAR
PAY-003929,EMP-0191,2025-10,27-10-2025,3800,950,380,1600,0,0,6730,0,95,0,0,0,0,6730,Bank Transfer,SAR
PAY-003930,EMP-0193,2025-10,27-10-2025,3650,913,365,0,0,0,4928,0,91.26,0,0,0,0,4928,WPS Transfer,SAR
PAY-003931,EMP-0194,2025-10,27-10-2025,4750,1188,475,0,0,0,6413,0,118.76,855.07,0,0,855.07,5557.93,Bank Transfer,SAR
PAY-003932,EMP-0195,2025-10,27-10-2025,6150,1538,615,0,23,884.06,9187.06,0,153.76,0,0,0,0,9187.06,Bank Transfer,SAR
PAY-003933,EMP-0196,2025-10,27-10-2025,8550,2138,855,0,0,0,11543,0,213.76,0,0,0,0,11543,Bank Transfer,SAR
PAY-003934,EMP-0197,2025-10,27-10-2025,12000,3000,1200,0,6.5,487.5,16687.5,0,300,0,0,0,0,16687.5,Bank Transfer,SAR
PAY-003935,EMP-0198,2025-10,27-10-2025,3400,850,340,750,6,127.5,5467.5,0,85,0,1650,580,2230,3237.5,Bank Transfer,SAR
PAY-003936,EMP-0199,2025-10,27-10-2025,7700,1925,770,2050,0,0,12445,0,192.5,0,0,0,0,12445,Bank Transfer,SAR
PAY-003937,EMP-0200,2025-10,27-10-2025,11500,2875,1150,0,11.5,826.56,16351.56,0,287.5,0,0,0,0,16351.56,Bank Transfer,SAR
PAY-003938,EMP-0201,2025-10,27-10-2025,3700,925,370,0,0,0,4995,0,92.5,0,0,0,0,4995,Bank Transfer,SAR
PAY-003939,EMP-0202,2025-10,27-10-2025,8800,2200,880,0,0,0,11880,1072.5,1292.5,0,0,0,1072.5,10807.5,Bank Transfer,SAR
PAY-003940,EMP-0203,2025-10,27-10-2025,4150,1038,415,0,18,466.88,6069.88,505.83,609.59,0,0,0,505.83,5564.05,Bank Transfer,SAR
PAY-003941,EMP-0205,2025-10,27-10-2025,4450,1113,445,0,0,0,6008,542.39,653.65,0,0,0,542.39,5465.61,WPS Transfer,SAR
PAY-003942,EMP-0207,2025-10,27-10-2025,4450,1113,445,0,7.5,208.59,6216.59,0,111.26,0,0,0,0,6216.59,Bank Transfer,SAR
PAY-003943,EMP-0208,2025-10,27-10-2025,4300,1075,430,0,0,0,5805,0,107.5,0,0,0,0,5805,Bank Transfer,SAR
PAY-003944,EMP-0209,2025-10,27-10-2025,3500,875,350,650,21,459.38,5834.38,0,87.5,0,0,0,0,5834.38,Bank Transfer,SAR
PAY-003945,EMP-0210,2025-10,27-10-2025,6850,1713,685,0,16.5,706.41,9954.41,834.89,1006.15,616.53,0,0,1451.42,8502.99,Bank Transfer,SAR
PAY-003946,EMP-0211,2025-10,27-10-2025,4450,1113,445,0,0,0,6008,0,111.26,0,0,0,0,6008,Bank Transfer,SAR
PAY-003947,EMP-0212,2025-10,27-10-2025,8700,2175,870,0,0,0,11745,1060.31,1277.81,0,0,0,1060.31,10684.69,Bank Transfer,SAR
PAY-003948,EMP-0213,2025-10,27-10-2025,3650,913,365,1800,22,501.88,7229.88,444.89,536.15,0,0,0,444.89,6784.99,Bank Transfer,SAR
PAY-003949,EMP-0214,2025-10,27-10-2025,3250,813,325,0,0,0,4388,396.14,477.4,0,0,0,396.14,3991.86,Bank Transfer,SAR
PAY-003950,EMP-0215,2025-10,27-10-2025,3300,825,330,0,10.5,216.56,4671.56,0,82.5,0,0,0,0,4671.56,Bank Transfer,SAR
PAY-003951,EMP-0216,2025-10,27-10-2025,7650,1913,765,0,0,0,10328,932.39,1123.65,0,0,0,932.39,9395.61,Bank Transfer,SAR
PAY-003952,EMP-0217,2025-10,27-10-2025,3450,863,345,0,0,0,4658,0,86.26,621.07,0,0,621.07,4036.93,Bank Transfer,SAR
PAY-003953,EMP-0218,2025-10,27-10-2025,4200,1050,420,0,13.5,354.38,6024.38,0,105,0,0,0,0,6024.38,Bank Transfer,SAR
PAY-003954,EMP-0219,2025-10,27-10-2025,3500,875,350,0,4.5,98.44,4823.44,426.56,514.06,0,0,0,426.56,4396.88,Bank Transfer,SAR
PAY-003955,EMP-0220,2025-10,27-10-2025,3950,988,395,0,10,246.88,5579.88,481.46,580.21,0,0,0,481.46,5098.42,Bank Transfer,SAR
PAY-003956,EMP-0221,2025-10,27-10-2025,25950,6488,1200,0,0,0,33638,3162.71,3811.46,0,0,0,3162.71,30475.29,Bank Transfer,SAR
PAY-003957,EMP-0222,2025-10,27-10-2025,3700,925,370,0,11,254.38,5249.38,0,92.5,0,0,0,0,5249.38,Bank Transfer,SAR
PAY-003958,EMP-0223,2025-10,27-10-2025,7500,1875,750,0,3.5,164.06,10289.06,0,187.5,0,0,0,0,10289.06,Bank Transfer,SAR
PAY-003959,EMP-0225,2025-10,27-10-2025,11800,2950,1180,0,0,0,15930,1438.13,1733.13,0,0,0,1438.13,14491.87,Bank Transfer,SAR
PAY-003960,EMP-0226,2025-10,27-10-2025,3350,838,335,0,4.5,94.22,4617.22,0,83.76,0,0,0,0,4617.22,Bank Transfer,SAR
PAY-003961,EMP-0227,2025-10,27-10-2025,4650,1163,465,0,16,465,6743,566.77,683.03,0,0,0,566.77,6176.23,Bank Transfer,SAR
PAY-003962,EMP-0228,2025-10,27-10-2025,4400,1100,440,1500,19,522.5,7962.5,0,110,198,300,260,758,7204.5,Bank Transfer,SAR
PAY-003963,EMP-0229,2025-10,27-10-2025,3550,888,355,0,25,554.69,5347.69,0,88.76,0,0,0,0,5347.69,Bank Transfer,SAR
PAY-003964,EMP-0230,2025-10,27-10-2025,4650,1163,465,0,0,0,6278,566.77,683.03,0,0,0,566.77,5711.23,Bank Transfer,SAR
PAY-003965,EMP-0231,2025-10,27-10-2025,4450,1113,445,0,8.5,236.41,6244.41,0,111.26,0,0,0,0,6244.41,Bank Transfer,SAR
PAY-003966,EMP-0232,2025-10,27-10-2025,4300,1075,430,0,15.5,416.56,6221.56,0,107.5,0,0,0,0,6221.56,Bank Transfer,SAR
PAY-003967,EMP-0236,2025-10,27-10-2025,3250,813,325,0,0,0,4388,0,81.26,0,0,0,0,4388,Bank Transfer,SAR
PAY-003968,EMP-0237,2025-10,27-10-2025,4050,1013,405,0,0,0,5468,493.64,594.9,0,0,0,493.64,4974.36,Bank Transfer,SAR
PAY-003969,EMP-0238,2025-10,27-10-2025,8750,2188,875,0,0,0,11813,0,218.76,0,0,0,0,11813,Bank Transfer,SAR
PAY-003970,EMP-0239,2025-10,27-10-2025,8650,2163,865,450,12,648.75,12776.75,0,216.26,0,1350,0,1350,11426.75,Bank Transfer,SAR
PAY-003971,EMP-0240,2025-10,27-10-2025,3550,888,355,1700,19,421.56,6914.56,0,88.76,0,0,0,0,6914.56,Bank Transfer,SAR
PAY-003972,EMP-0241,2025-10,27-10-2025,11250,2813,1125,0,12.5,878.91,16066.91,1371.14,1652.4,0,0,0,1371.14,14695.77,WPS Transfer,SAR
PAY-003973,EMP-0242,2025-10,27-10-2025,3500,875,350,0,0,0,4725,426.56,514.06,0,0,0,426.56,4298.44,Bank Transfer,SAR
PAY-003974,EMP-0243,2025-10,27-10-2025,3350,838,335,0,0,0,4523,0,83.76,0,0,0,0,4523,Bank Transfer,SAR
PAY-003975,EMP-0244,2025-10,27-10-2025,8550,2138,855,0,0,0,11543,1042.08,1255.84,0,2300,0,3342.08,8200.92,Bank Transfer,SAR
PAY-003976,EMP-0245,2025-10,27-10-2025,4100,1025,410,0,0,0,5535,499.69,602.19,0,0,500,999.69,4535.31,Bank Transfer,SAR
PAY-003977,EMP-0246,2025-10,27-10-2025,4600,1150,460,0,24.5,704.38,6914.38,560.63,675.63,414,2100,0,3074.63,3839.75,Bank Transfer,SAR
PAY-003978,EMP-0247,2025-10,27-10-2025,3850,963,385,600,5,120.31,5918.31,0,96.26,0,0,0,0,5918.31,Bank Transfer,SAR
PAY-003979,EMP-0248,2025-10,27-10-2025,8500,2125,850,0,0,0,11475,1035.94,1248.44,0,0,0,1035.94,10439.06,Bank Transfer,SAR
PAY-003980,EMP-0249,2025-10,27-10-2025,8600,2150,860,0,0,0,11610,0,215,0,0,0,0,11610,Bank Transfer,SAR
PAY-003981,EMP-0250,2025-10,27-10-2025,3950,988,395,0,16.5,407.34,5740.34,0,98.76,0,0,90,90,5650.34,Bank Transfer,SAR
PAY-003982,EMP-0251,2025-10,27-10-2025,4500,1125,450,2000,12,337.5,8412.5,548.44,660.94,0,0,0,548.44,7864.06,Bank Transfer,SAR
PAY-003983,EMP-0252,2025-10,27-10-2025,7200,1800,720,0,10.5,472.5,10192.5,877.5,1057.5,324,0,0,1201.5,8991,Bank Transfer,SAR
PAY-003984,EMP-0253,2025-10,27-10-2025,4350,1088,435,0,16,435,6308,530.21,638.96,195.77,0,0,725.98,5582.02,Bank Transfer,SAR
PAY-003985,EMP-0254,2025-10,27-10-2025,3200,800,320,0,22,440,4760,390,470,0,0,0,390,4370,Cheque,SAR
PAY-003986,EMP-0255,2025-10,27-10-2025,9650,2413,965,0,0,0,13028,1176.14,1417.4,868.53,0,0,2044.67,10983.33,Bank Transfer,SAR
PAY-003987,EMP-0256,2025-10,27-10-2025,3400,850,340,0,0,0,4590,0,85,0,0,0,0,4590,Bank Transfer,SAR
PAY-003988,EMP-0257,2025-10,27-10-2025,9150,2288,915,0,0,0,12353,0,228.76,0,0,0,0,12353,Bank Transfer,SAR
PAY-003989,EMP-0258,2025-10,27-10-2025,4400,1100,440,0,5.5,151.25,6091.25,0,110,0,0,0,0,6091.25,WPS Transfer,SAR
PAY-003990,EMP-0260,2025-10,27-10-2025,10550,2638,1055,0,12.5,824.22,15067.22,0,263.76,0,0,0,0,15067.22,Bank Transfer,SAR
PAY-003991,EMP-0261,2025-10,27-10-2025,7450,1863,745,0,0,0,10058,0,186.26,0,0,0,0,10058,Bank Transfer,SAR
PAY-003992,EMP-0262,2025-10,27-10-2025,4450,1113,445,0,0,0,6008,542.39,653.65,0,0,0,542.39,5465.61,Bank Transfer,SAR
PAY-003993,EMP-0263,2025-10,27-10-2025,11700,2925,1170,0,14,1023.75,16818.75,1425.94,1718.44,1053,0,0,2478.94,14339.81,Bank Transfer,SAR
PAY-003994,EMP-0264,2025-10,27-10-2025,4500,1125,450,0,0,0,6075,548.44,660.94,0,600,0,1148.44,4926.56,Bank Transfer,SAR
PAY-003995,EMP-0265,2025-10,27-10-2025,8850,2213,885,1550,0,0,13498,0,221.26,0,0,0,0,13498,Bank Transfer,SAR
PAY-003996,EMP-0266,2025-10,27-10-2025,8900,2225,890,1650,0,0,13665,1084.69,1307.19,0,0,0,1084.69,12580.31,Bank Transfer,SAR
PAY-003997,EMP-0267,2025-10,27-10-2025,9150,2288,915,0,0,0,12353,0,228.76,0,0,0,0,12353,Bank Transfer,SAR
PAY-003998,EMP-0268,2025-10,27-10-2025,4300,1075,430,0,0,0,5805,0,107.5,0,0,0,0,5805,Bank Transfer,SAR
PAY-003999,EMP-0269,2025-10,27-10-2025,4450,1113,445,1350,0,0,7358,0,111.26,0,0,540,540,6818,Bank Transfer,SAR
PAY-004000,EMP-0270,2025-10,27-10-2025,4550,1138,455,1800,25.5,725.16,8668.16,554.58,668.34,0,0,0,554.58,8113.58,Bank Transfer,SAR
PAY-004001,EMP-0272,2025-10,27-10-2025,4200,1050,420,0,0,0,5670,0,105,0,2000,0,2000,3670,Bank Transfer,SAR
PAY-004002,EMP-0273,2025-10,27-10-2025,4750,1188,475,0,0,0,6413,578.96,697.71,0,0,0,578.96,5834.04,Bank Transfer,SAR
PAY-004003,EMP-0274,2025-10,27-10-2025,10550,2638,1055,0,8.5,560.47,14803.47,0,263.76,0,0,0,0,14803.47,Bank Transfer,SAR
PAY-004004,EMP-0275,2025-10,27-10-2025,13900,3475,1200,0,0,0,18575,1694.06,2041.56,0,0,0,1694.06,16880.94,Bank Transfer,SAR
PAY-004005,EMP-0276,2025-10,27-10-2025,13450,3363,1200,0,8.5,714.53,18727.53,0,336.26,0,0,0,0,18727.53,Bank Transfer,SAR
PAY-004006,EMP-0277,2025-10,27-10-2025,8700,2175,870,0,0,0,11745,1060.31,1277.81,0,0,0,1060.31,10684.69,WPS Transfer,SAR
PAY-004007,EMP-0278,2025-10,27-10-2025,10350,2588,1035,0,14,905.63,14878.63,1261.46,1520.22,0,0,0,1261.46,13617.17,Bank Transfer,SAR
PAY-004008,EMP-0279,2025-10,27-10-2025,10300,2575,1030,0,0,0,13905,1255.31,1512.81,0,0,0,1255.31,12649.69,Bank Transfer,SAR
PAY-004009,EMP-0280,2025-10,27-10-2025,4350,1088,435,0,0,0,5873,0,108.76,0,0,0,0,5873,Bank Transfer,SAR
PAY-004010,EMP-0281,2025-10,27-10-2025,4350,1088,435,2100,0,0,7973,0,108.76,0,0,0,0,7973,Bank Transfer,SAR
PAY-004011,EMP-0282,2025-10,27-10-2025,8750,2188,875,1450,18.5,1011.72,14274.72,1066.46,1285.21,0,0,0,1066.46,13208.26,Bank Transfer,SAR
PAY-004012,EMP-0283,2025-10,27-10-2025,3650,913,365,0,0,0,4928,0,91.26,0,0,0,0,4928,Bank Transfer,SAR
PAY-004013,EMP-0286,2025-10,27-10-2025,3900,975,390,1000,16.5,402.19,6667.19,0,97.5,175.5,0,0,175.5,6491.69,Bank Transfer,SAR
PAY-004014,EMP-0287,2025-10,27-10-2025,8850,2213,885,400,0,0,12348,0,221.26,0,1250,0,1250,11098,Bank Transfer,SAR
PAY-004015,EMP-0288,2025-10,27-10-2025,4350,1088,435,0,19,516.56,6389.56,530.21,638.96,195.77,0,0,725.98,5663.58,Bank Transfer,SAR
PAY-004016,EMP-0290,2025-10,27-10-2025,3950,988,395,0,8.5,209.84,5542.84,481.46,580.21,0,0,0,481.46,5061.38,Bank Transfer,SAR
PAY-004017,EMP-0292,2025-10,27-10-2025,4750,1188,475,0,0,0,6413,578.96,697.71,0,0,0,578.96,5834.04,Bank Transfer,SAR
PAY-004018,EMP-0293,2025-10,27-10-2025,8500,2125,850,0,24.5,1301.56,12776.56,1035.94,1248.44,0,1050,0,2085.94,10690.62,Bank Transfer,SAR
PAY-004019,EMP-0294,2025-10,27-10-2025,4400,1100,440,0,8,220,6160,536.25,646.25,0,0,0,536.25,5623.75,Bank Transfer,SAR
PAY-004020,EMP-0295,2025-10,27-10-2025,11000,2750,1100,350,19.5,1340.63,16540.63,0,275,0,2150,0,2150,14390.63,Bank Transfer,SAR
PAY-004021,EMP-0296,2025-10,27-10-2025,15050,3763,1200,0,0,0,20013,1834.27,2210.53,0,0,0,1834.27,18178.73,Bank Transfer,SAR
PAY-004022,EMP-0297,2025-10,27-10-2025,4400,1100,440,0,0,0,5940,536.25,646.25,0,0,0,536.25,5403.75,Bank Transfer,SAR
PAY-004023,EMP-0299,2025-10,27-10-2025,4600,1150,460,0,0,0,6210,0,115,0,0,0,0,6210,Bank Transfer,SAR
PAY-004024,EMP-0300,2025-10,27-10-2025,12700,3175,1200,0,0,0,17075,0,317.5,0,0,0,0,17075,Bank Transfer,SAR
PAY-004025,EMP-0301,2025-10,27-10-2025,8700,2175,870,0,3.5,190.31,11935.31,0,217.5,0,0,0,0,11935.31,Bank Transfer,SAR
PAY-004026,EMP-0303,2025-10,27-10-2025,9200,2300,920,0,0,0,12420,0,230,0,0,0,0,12420,Bank Transfer,SAR
PAY-004027,EMP-0304,2025-10,27-10-2025,11500,2875,1150,0,0,0,15525,0,287.5,0,0,0,0,15525,Bank Transfer,SAR
PAY-004028,EMP-0305,2025-10,27-10-2025,3850,963,385,0,0,0,5198,469.27,565.53,0,0,0,469.27,4728.73,Bank Transfer,SAR
PAY-004029,EMP-0306,2025-10,27-10-2025,4800,1200,480,0,5,150,6630,0,120,0,0,410,410,6220,Bank Transfer,SAR
PAY-004030,EMP-0307,2025-10,27-10-2025,9450,2363,945,1750,0,0,14508,0,236.26,0,0,0,0,14508,Bank Transfer,SAR
PAY-004031,EMP-0308,2025-10,27-10-2025,10900,2725,1090,1650,0,0,16365,0,272.5,0,0,120,120,16245,Bank Transfer,SAR
PAY-004032,EMP-0309,2025-10,27-10-2025,3800,950,380,0,0,0,5130,0,95,0,0,0,0,5130,WPS Transfer,SAR
PAY-004033,EMP-0310,2025-10,27-10-2025,10450,2613,1045,0,0,0,14108,0,261.26,0,1550,0,1550,12558,Bank Transfer,SAR
PAY-004034,EMP-0311,2025-10,27-10-2025,15900,3975,1200,0,0,0,21075,0,397.5,0,0,0,0,21075,Bank Transfer,SAR
PAY-004035,EMP-0312,2025-10,27-10-2025,14350,3588,1200,0,0,0,19138,0,358.76,0,0,0,0,19138,Bank Transfer,SAR
PAY-004036,EMP-0313,2025-10,27-10-2025,11900,2975,1190,0,0,0,16065,0,297.5,0,1150,0,1150,14915,Bank Transfer,SAR
PAY-004037,EMP-0314,2025-10,27-10-2025,3650,913,365,1200,0,0,6128,444.89,536.15,0,1500,0,1944.89,4183.11,Cheque,SAR
PAY-004038,EMP-0315,2025-10,27-10-2025,11600,2900,1160,0,0,0,15660,1413.75,1703.75,0,0,0,1413.75,14246.25,Bank Transfer,SAR
PAY-004039,EMP-0316,2025-10,27-10-2025,15200,3800,1200,0,0,0,20200,0,380,0,550,0,550,19650,Bank Transfer,SAR
PAY-004040,EMP-0318,2025-10,27-10-2025,4100,1025,410,0,0,0,5535,499.69,602.19,0,0,0,499.69,5035.31,Bank Transfer,SAR
PAY-004041,EMP-0320,2025-10,27-10-2025,8750,2188,875,0,0,0,11813,0,218.76,0,0,0,0,11813,Bank Transfer,SAR
PAY-004042,EMP-0321,2025-10,27-10-2025,21300,5325,1200,0,0,0,27825,2595.94,3128.44,0,0,0,2595.94,25229.06,Bank Transfer,SAR
PAY-004043,EMP-0322,2025-10,27-10-2025,8700,2175,870,0,0,0,11745,1060.31,1277.81,0,2050,0,3110.31,8634.69,Bank Transfer,SAR
PAY-004044,EMP-0324,2025-10,27-10-2025,6100,1525,610,0,0,0,8235,0,152.5,0,0,0,0,8235,Bank Transfer,SAR
PAY-004045,EMP-0325,2025-10,27-10-2025,11300,2825,1130,0,10.5,741.56,15996.56,0,282.5,0,0,0,0,15996.56,Bank Transfer,SAR
PAY-004046,EMP-0326,2025-10,27-10-2025,5000,1250,500,650,0,0,7400,0,125,0,0,0,0,7400,Bank Transfer,SAR
PAY-004047,EMP-0327,2025-10,27-10-2025,9400,2350,940,0,0,0,12690,0,235,0,0,0,0,12690,Bank Transfer,SAR
PAY-004048,EMP-0328,2025-10,27-10-2025,10850,2713,1085,0,10.5,712.03,15360.03,1322.39,1593.65,488.27,0,0,1810.66,13549.37,Bank Transfer,SAR
PAY-004049,EMP-0329,2025-10,27-10-2025,10700,2675,1070,0,0,0,14445,0,267.5,0,0,110,110,14335,Bank Transfer,SAR
PAY-004050,EMP-0331,2025-10,27-10-2025,11600,2900,1160,0,0,0,15660,0,290,0,0,0,0,15660,Bank Transfer,SAR
PAY-004051,EMP-0332,2025-10,27-10-2025,5350,1338,535,0,0,0,7223,652.08,785.84,240.77,0,0,892.85,6330.15,Bank Transfer,SAR
PAY-004052,EMP-0333,2025-10,27-10-2025,4700,1175,470,0,15,440.63,6785.63,0,117.5,0,0,0,0,6785.63,Bank Transfer,SAR
PAY-004053,EMP-0334,2025-10,27-10-2025,15550,3888,1200,0,0,0,20638,0,388.76,1375.87,1500,0,2875.87,17762.13,Bank Transfer,SAR
PAY-004054,EMP-0335,2025-10,27-10-2025,12650,3163,1200,0,4.5,355.78,17368.78,0,316.26,567.1,0,0,567.1,16801.68,Bank Transfer,SAR
PAY-004055,EMP-0336,2025-10,27-10-2025,5000,1250,500,2400,25.5,796.88,9946.88,0,125,0,0,0,0,9946.88,Bank Transfer,SAR
PAY-004056,EMP-0337,2025-10,27-10-2025,8750,2188,875,0,13.5,738.28,12551.28,1066.46,1285.21,0,0,0,1066.46,11484.82,Bank Transfer,SAR
PAY-004057,EMP-0338,2025-10,27-10-2025,11550,2888,1155,1950,0,0,17543,0,288.76,0,0,0,0,17543,Bank Transfer,SAR
PAY-004058,EMP-0339,2025-10,27-10-2025,12400,3100,1200,0,0,0,16700,1511.25,1821.25,0,0,0,1511.25,15188.75,Bank Transfer,SAR
PAY-004059,EMP-0340,2025-10,27-10-2025,11200,2800,1120,0,0,0,15120,0,280,0,0,0,0,15120,Bank Transfer,SAR
PAY-004060,EMP-0341,2025-10,27-10-2025,4900,1225,490,1800,0,0,8415,0,122.5,220.5,0,0,220.5,8194.5,Bank Transfer,SAR
PAY-004061,EMP-0342,2025-10,27-10-2025,8500,2125,850,650,0,0,12125,1035.94,1248.44,0,0,0,1035.94,11089.06,Bank Transfer,SAR
PAY-004062,EMP-0343,2025-10,27-10-2025,5300,1325,530,0,0,0,7155,0,132.5,0,0,0,0,7155,Cheque,SAR
PAY-004063,EMP-0344,2025-10,27-10-2025,11000,2750,1100,0,17.5,1203.13,16053.13,0,275,0,0,0,0,16053.13,Bank Transfer,SAR
PAY-004064,EMP-0347,2025-10,27-10-2025,5550,1388,555,0,16.5,572.34,8065.34,0,138.76,0,0,0,0,8065.34,Bank Transfer,SAR
PAY-004065,EMP-0349,2025-10,27-10-2025,10850,2713,1085,950,0,0,15598,0,271.26,0,0,0,0,15598,Bank Transfer,SAR
PAY-004066,EMP-0350,2025-10,27-10-2025,13050,3263,1200,0,0,0,17513,1590.52,1916.78,0,0,0,1590.52,15922.48,Bank Transfer,SAR
PAY-004067,EMP-0352,2025-10,27-10-2025,10200,2550,1020,0,0,0,13770,0,255,0,0,0,0,13770,Bank Transfer,SAR
PAY-004068,EMP-0353,2025-10,27-10-2025,10650,2663,1065,1400,0,0,15778,1298.02,1564.28,0,0,0,1298.02,14479.98,Bank Transfer,SAR
PAY-004069,EMP-0354,2025-10,27-10-2025,12400,3100,1200,800,11,852.5,18352.5,1511.25,1821.25,0,0,0,1511.25,16841.25,Bank Transfer,SAR
PAY-004070,EMP-0355,2025-10,27-10-2025,4700,1175,470,0,0,0,6345,0,117.5,423,0,0,423,5922,Bank Transfer,SAR
PAY-004071,EMP-0356,2025-10,27-10-2025,5700,1425,570,0,0,0,7695,694.69,837.19,256.5,0,0,951.19,6743.81,Bank Transfer,SAR
PAY-004072,EMP-0357,2025-10,27-10-2025,12700,3175,1200,0,0,0,17075,0,317.5,569.17,1200,0,1769.17,15305.83,Bank Transfer,SAR
PAY-004073,EMP-0358,2025-10,27-10-2025,6500,1625,650,0,12,487.5,9262.5,792.19,954.69,0,0,0,792.19,8470.31,Bank Transfer,SAR
PAY-004074,EMP-0359,2025-10,27-10-2025,4550,1138,455,1850,0,0,7993,554.58,668.34,0,0,460,1014.58,6978.42,Bank Transfer,SAR
PAY-004075,EMP-0360,2025-10,27-10-2025,15300,3825,1200,0,22,2103.75,22428.75,0,382.5,0,0,0,0,22428.75,Bank Transfer,SAR
PAY-004076,EMP-0361,2025-10,27-10-2025,28350,7088,1200,0,0,0,36638,0,708.76,0,0,0,0,36638,Bank Transfer,SAR
PAY-004077,EMP-0362,2025-10,27-10-2025,7050,1763,705,0,2.5,110.16,9628.16,859.27,1035.53,0,0,0,859.27,8768.89,Bank Transfer,SAR
PAY-004078,EMP-0363,2025-10,27-10-2025,6900,1725,690,0,0,0,9315,840.94,1013.44,310.5,0,0,1151.44,8163.56,Bank Transfer,SAR
PAY-004079,EMP-0364,2025-10,27-10-2025,6050,1513,605,0,0,0,8168,737.39,888.65,0,0,0,737.39,7430.61,Bank Transfer,SAR
PAY-004080,EMP-0365,2025-10,27-10-2025,20850,5213,1200,1650,0,0,28913,0,521.26,0,0,0,0,28913,Bank Transfer,SAR
PAY-004081,EMP-0366,2025-10,27-10-2025,12100,3025,1200,0,0,0,16325,1474.69,1777.19,0,0,0,1474.69,14850.31,Bank Transfer,SAR
PAY-004082,EMP-0368,2025-10,27-10-2025,26850,6713,1200,1400,0,0,36163,0,671.26,0,0,0,0,36163,Bank Transfer,SAR
PAY-004083,EMP-0369,2025-10,27-10-2025,7050,1763,705,0,15.5,682.97,10200.97,859.27,1035.53,0,0,0,859.27,9341.7,Bank Transfer,SAR
PAY-004084,EMP-0370,2025-10,27-10-2025,7150,1788,715,0,0,0,9653,871.46,1050.21,0,0,0,871.46,8781.54,Bank Transfer,SAR
PAY-004085,EMP-0371,2025-10,27-10-2025,11150,2788,1115,750,0,0,15803,0,278.76,0,0,0,0,15803,Bank Transfer,SAR
PAY-004086,EMP-0372,2025-10,27-10-2025,7450,1863,745,1300,0,0,11358,0,186.26,670.53,0,0,670.53,10687.47,Bank Transfer,SAR
PAY-004087,EMP-0373,2025-10,27-10-2025,26000,6500,1200,0,0,0,33700,3168.75,3818.75,0,0,0,3168.75,30531.25,Bank Transfer,SAR
PAY-004088,EMP-0374,2025-10,27-10-2025,8650,2163,865,0,0,0,11678,0,216.26,0,0,0,0,11678,Bank Transfer,SAR
PAY-004089,EMP-0375,2025-10,27-10-2025,9600,2400,960,0,17,1020,13980,0,240,0,0,0,0,13980,Bank Transfer,SAR
PAY-004090,EMP-0376,2025-10,27-10-2025,26700,6675,1200,0,0,0,34575,0,667.5,0,1050,0,1050,33525,Bank Transfer,SAR
PAY-004091,EMP-0377,2025-10,27-10-2025,15650,3913,1200,1500,7.5,733.59,22996.59,0,391.26,0,0,0,0,22996.59,Bank Transfer,SAR
PAY-004092,EMP-0378,2025-10,27-10-2025,12300,3075,1200,2450,0,0,19025,0,307.5,552.5,0,0,552.5,18472.5,WPS Transfer,SAR
PAY-004093,EMP-0379,2025-10,27-10-2025,16750,4188,1200,0,8.5,889.84,23027.84,2041.46,2460.21,0,0,0,2041.46,20986.38,Bank Transfer,SAR
PAY-004094,EMP-0381,2025-10,27-10-2025,8300,2075,830,1750,23,1193.13,14148.13,1011.56,1219.06,0,0,0,1011.56,13136.57,Bank Transfer,SAR
PAY-004095,EMP-0382,2025-10,27-10-2025,12900,3225,1200,0,0,0,17325,1572.19,1894.69,0,0,0,1572.19,15752.81,Bank Transfer,SAR
PAY-004096,EMP-0383,2025-10,27-10-2025,8250,2063,825,0,0,0,11138,1005.52,1211.78,371.27,0,0,1376.79,9761.21,Bank Transfer,SAR
PAY-004097,EMP-0384,2025-10,27-10-2025,13550,3388,1200,0,23.5,1990.16,20128.16,0,338.76,0,0,0,0,20128.16,WPS Transfer,SAR
PAY-004098,EMP-0385,2025-10,27-10-2025,6650,1663,665,0,10,415.63,9393.63,810.52,976.78,0,0,0,810.52,8583.11,Bank Transfer,SAR
PAY-004099,EMP-0387,2025-10,27-10-2025,7700,1925,770,0,8.5,409.06,10804.06,938.44,1130.94,0,450,460,1848.44,8955.62,Bank Transfer,SAR
PAY-004100,EMP-0388,2025-10,27-10-2025,8300,2075,830,0,0,0,11205,1011.56,1219.06,0,0,0,1011.56,10193.44,Bank Transfer,SAR
PAY-004101,EMP-0389,2025-10,27-10-2025,8650,2163,865,0,22.5,1216.41,12894.41,0,216.26,0,0,0,0,12894.41,Bank Transfer,SAR
PAY-004102,EMP-0390,2025-10,27-10-2025,6250,1563,625,0,12,468.75,8906.75,0,156.26,0,0,460,460,8446.75,Bank Transfer,SAR
PAY-004103,EMP-0391,2025-10,27-10-2025,11600,2900,1160,1150,23.5,1703.75,18513.75,1413.75,1703.75,1044,0,0,2457.75,16056,Bank Transfer,SAR
PAY-004104,EMP-0393,2025-10,27-10-2025,8700,2175,870,0,0,0,11745,0,217.5,0,0,0,0,11745,Bank Transfer,SAR
PAY-004105,EMP-0394,2025-10,27-10-2025,11350,2838,1135,0,14,993.13,16316.13,0,283.76,1021.53,0,0,1021.53,15294.6,Bank Transfer,SAR
PAY-004106,EMP-0395,2025-10,27-10-2025,26050,6513,1200,0,0,0,33763,0,651.26,0,0,330,330,33433,Bank Transfer,SAR
PAY-004107,EMP-0396,2025-10,27-10-2025,28150,7038,1200,0,0,0,36388,3430.83,4134.59,0,0,0,3430.83,32957.17,Bank Transfer,SAR
PAY-004108,EMP-0397,2025-10,27-10-2025,19150,4788,1200,0,0,0,25138,0,478.76,0,0,0,0,25138,Bank Transfer,SAR
PAY-004109,EMP-0398,2025-10,27-10-2025,12000,3000,1200,0,4.5,337.5,16537.5,1462.5,1762.5,0,0,0,1462.5,15075,Bank Transfer,SAR
PAY-004110,EMP-0399,2025-10,27-10-2025,5350,1338,535,0,5.5,183.91,7406.91,0,133.76,0,1550,0,1550,5856.91,Bank Transfer,SAR
PAY-004111,EMP-0400,2025-10,27-10-2025,5050,1263,505,0,9.5,299.84,7117.84,0,126.26,0,0,0,0,7117.84,Bank Transfer,SAR
PAY-004112,EMP-0402,2025-10,27-10-2025,13000,3250,1200,0,10.5,853.13,18303.13,0,325,581.67,0,130,711.67,17591.46,Bank Transfer,SAR
PAY-004113,EMP-0403,2025-10,27-10-2025,8750,2188,875,0,0,0,11813,1066.46,1285.21,0,2350,390,3806.46,8006.54,Bank Transfer,SAR
PAY-004114,EMP-0405,2025-10,27-10-2025,10950,2738,1095,750,0,0,15533,0,273.76,0,0,0,0,15533,Bank Transfer,SAR
PAY-004115,EMP-0406,2025-10,27-10-2025,12400,3100,1200,0,12.5,968.75,17668.75,1511.25,1821.25,0,0,0,1511.25,16157.5,Bank Transfer,SAR
PAY-004116,EMP-0407,2025-10,27-10-2025,6150,1538,615,0,0,0,8303,0,153.76,0,0,0,0,8303,Bank Transfer,SAR
PAY-004117,EMP-0409,2025-10,27-10-2025,5450,1363,545,0,0,0,7358,664.27,800.53,0,0,0,664.27,6693.73,Bank Transfer,SAR
PAY-004118,EMP-0410,2025-10,27-10-2025,6300,1575,630,0,0,0,8505,767.81,925.31,0,0,0,767.81,7737.19,Bank Transfer,SAR
PAY-004119,EMP-0411,2025-10,27-10-2025,9350,2338,935,0,16,935,13558,1139.58,1373.34,0,0,0,1139.58,12418.42,WPS Transfer,SAR
PAY-004120,EMP-0412,2025-10,27-10-2025,6400,1600,640,0,15.5,620,9260,0,160,0,0,0,0,9260,Bank Transfer,SAR
PAY-004121,EMP-0414,2025-10,27-10-2025,6300,1575,630,0,7,275.63,8780.63,0,157.5,0,0,0,0,8780.63,Bank Transfer,SAR
PAY-004122,EMP-0415,2025-10,27-10-2025,5800,1450,580,1200,15,543.75,9573.75,706.88,851.88,0,1200,0,1906.88,7666.87,Bank Transfer,SAR
PAY-004123,EMP-0416,2025-10,27-10-2025,4600,1150,460,800,0,0,7010,560.63,675.63,828,0,0,1388.63,5621.37,Bank Transfer,SAR
PAY-004124,EMP-0417,2025-10,27-10-2025,5900,1475,590,1550,9.5,350.31,9865.31,719.06,866.56,0,0,0,719.06,9146.25,Bank Transfer,SAR
PAY-004125,EMP-0418,2025-10,27-10-2025,9950,2488,995,2300,0,0,15733,1212.71,1461.47,0,0,0,1212.71,14520.29,Bank Transfer,SAR
PAY-004126,EMP-0419,2025-10,27-10-2025,5850,1463,585,0,0,0,7898,713.02,859.28,0,0,0,713.02,7184.98,Bank Transfer,SAR
PAY-004127,EMP-0420,2025-10,27-10-2025,4700,1175,470,0,13.5,396.56,6741.56,572.81,690.31,0,2300,0,2872.81,3868.75,Bank Transfer,SAR
PAY-004128,EMP-0422,2025-10,27-10-2025,9200,2300,920,0,5.5,316.25,12736.25,1121.25,1351.25,0,0,0,1121.25,11615,Bank Transfer,SAR
PAY-004129,EMP-0424,2025-10,27-10-2025,17650,4413,1200,850,4.5,496.41,24609.41,2151.14,2592.4,0,0,0,2151.14,22458.27,Bank Transfer,SAR
PAY-004130,EMP-0425,2025-10,27-10-2025,5950,1488,595,0,14.5,539.22,8572.22,0,148.76,535.53,0,0,535.53,8036.69,Bank Transfer,SAR
PAY-004131,EMP-0426,2025-10,27-10-2025,29150,7288,1200,0,0,0,37638,0,728.76,0,0,0,0,37638,Bank Transfer,SAR
PAY-004132,EMP-0427,2025-10,27-10-2025,7750,1938,775,0,0,0,10463,0,193.76,0,0,0,0,10463,Bank Transfer,SAR
PAY-004133,EMP-0428,2025-10,27-10-2025,10850,2713,1085,1100,2.5,169.53,15917.53,0,271.26,0,0,0,0,15917.53,Bank Transfer,SAR
PAY-004134,EMP-0429,2025-10,27-10-2025,8300,2075,830,1800,19,985.63,13990.63,0,207.5,0,0,530,530,13460.63,Bank Transfer,SAR
PAY-004135,EMP-0430,2025-10,27-10-2025,6400,1600,640,1700,0,0,10340,0,160,0,0,320,320,10020,Bank Transfer,SAR
PAY-004136,EMP-0431,2025-10,27-10-2025,8450,2113,845,2200,0,0,13608,0,211.26,0,0,0,0,13608,Bank Transfer,SAR
PAY-004137,EMP-0432,2025-10,27-10-2025,8650,2163,865,600,19.5,1054.22,13332.22,1054.27,1270.53,0,0,150,1204.27,12127.95,Bank Transfer,SAR
PAY-004138,EMP-0433,2025-10,27-10-2025,16100,4025,1200,0,3.5,352.19,21677.19,0,402.5,1421.67,0,0,1421.67,20255.52,Bank Transfer,SAR
PAY-004139,EMP-0434,2025-10,27-10-2025,12250,3063,1200,0,0,0,16513,0,306.26,1100.87,0,0,1100.87,15412.13,Bank Transfer,SAR
PAY-004140,EMP-0435,2025-10,27-10-2025,8750,2188,875,0,0,0,11813,1066.46,1285.21,0,0,0,1066.46,10746.54,Bank Transfer,SAR
PAY-004141,EMP-0436,2025-10,27-10-2025,7450,1863,745,0,0,0,10058,0,186.26,0,0,0,0,10058,Bank Transfer,SAR
PAY-004142,EMP-0438,2025-10,27-10-2025,8900,2225,890,0,0,0,12015,0,222.5,0,0,0,0,12015,Bank Transfer,SAR
PAY-004143,EMP-0439,2025-10,27-10-2025,6250,1563,625,0,0,0,8438,0,156.26,562.53,0,0,562.53,7875.47,Bank Transfer,SAR
PAY-004144,EMP-0440,2025-10,27-10-2025,6800,1700,680,0,18.5,786.25,9966.25,0,170,306,0,0,306,9660.25,Bank Transfer,SAR
PAY-004145,EMP-0441,2025-10,27-10-2025,16850,4213,1200,0,14.5,1527.03,23790.03,2053.64,2474.9,0,1700,0,3753.64,20036.39,Bank Transfer,SAR
PAY-004146,EMP-0442,2025-10,27-10-2025,7800,1950,780,0,0,0,10530,950.63,1145.63,0,0,0,950.63,9579.37,Bank Transfer,SAR
PAY-004147,EMP-0443,2025-10,27-10-2025,9850,2463,985,0,0,0,13298,0,246.26,0,0,0,0,13298,WPS Transfer,SAR
PAY-004148,EMP-0444,2025-10,27-10-2025,8500,2125,850,0,0,0,11475,1035.94,1248.44,0,0,0,1035.94,10439.06,Bank Transfer,SAR
PAY-004149,EMP-0445,2025-10,27-10-2025,10900,2725,1090,0,0,0,14715,0,272.5,0,0,0,0,14715,Bank Transfer,SAR
PAY-004150,EMP-0446,2025-10,27-10-2025,11600,2900,1160,1650,0,0,17310,1413.75,1703.75,0,0,0,1413.75,15896.25,Bank Transfer,SAR
PAY-004151,EMP-0448,2025-10,27-10-2025,12400,3100,1200,0,13,1007.5,17707.5,1511.25,1821.25,0,1150,0,2661.25,15046.25,Bank Transfer,SAR
PAY-004152,EMP-0449,2025-10,27-10-2025,6350,1588,635,950,0,0,9523,773.96,932.71,0,0,0,773.96,8749.04,Bank Transfer,SAR
PAY-004153,EMP-0451,2025-10,27-10-2025,26850,6713,1200,0,0,0,34763,0,671.26,0,1450,0,1450,33313,Bank Transfer,SAR
PAY-004154,EMP-0452,2025-10,27-10-2025,6500,1625,650,0,18,731.25,9506.25,792.19,954.69,0,0,0,792.19,8714.06,Bank Transfer,SAR
PAY-004155,EMP-0453,2025-10,27-10-2025,6300,1575,630,1450,9,354.38,10309.38,767.81,925.31,567,0,0,1334.81,8974.57,Bank Transfer,SAR
PAY-004156,EMP-0454,2025-10,27-10-2025,5300,1325,530,550,25.5,844.69,8549.69,645.94,778.44,0,0,0,645.94,7903.75,Bank Transfer,SAR
PAY-004157,EMP-0455,2025-10,27-10-2025,4800,1200,480,0,0,0,6480,0,120,0,0,0,0,6480,Bank Transfer,SAR
PAY-004158,EMP-0457,2025-10,27-10-2025,5050,1263,505,1800,25,789.06,9407.06,615.52,741.78,227.27,0,0,842.79,8564.27,Bank Transfer,SAR
PAY-004159,EMP-0459,2025-10,27-10-2025,6400,1600,640,0,0,0,8640,780,940,0,0,0,780,7860,Bank Transfer,SAR
PAY-004160,EMP-0460,2025-10,27-10-2025,10050,2513,1005,0,0,0,13568,0,251.26,0,0,0,0,13568,Bank Transfer,SAR
PAY-004161,EMP-0461,2025-10,27-10-2025,4900,1225,490,0,0,0,6615,597.19,719.69,0,0,0,597.19,6017.81,Bank Transfer,SAR
PAY-004162,EMP-0463,2025-10,27-10-2025,5850,1463,585,0,24,877.5,8775.5,0,146.26,0,0,0,0,8775.5,Bank Transfer,SAR
PAY-004163,EMP-0464,2025-10,27-10-2025,5800,1450,580,2000,0,0,9830,706.88,851.88,0,0,0,706.88,9123.12,Bank Transfer,SAR
PAY-004164,EMP-0465,2025-10,27-10-2025,11200,2800,1120,0,0,0,15120,0,280,1008,0,0,1008,14112,Bank Transfer,SAR
PAY-004165,EMP-0466,2025-10,27-10-2025,11900,2975,1190,1600,11.5,855.31,18520.31,0,297.5,0,0,0,0,18520.31,WPS Transfer,SAR
PAY-004166,EMP-0467,2025-10,27-10-2025,4650,1163,465,0,10.5,305.16,6583.16,566.77,683.03,0,0,0,566.77,6016.39,Bank Transfer,SAR
PAY-004167,EMP-0468,2025-10,27-10-2025,11850,2963,1185,0,25,1851.56,17849.56,0,296.26,0,0,0,0,17849.56,Bank Transfer,SAR
PAY-004168,EMP-0469,2025-10,27-10-2025,4600,1150,460,1850,0,0,8060,0,115,0,750,0,750,7310,Bank Transfer,SAR
PAY-004169,EMP-0470,2025-10,27-10-2025,4600,1150,460,0,0,0,6210,0,115,0,0,0,0,6210,Bank Transfer,SAR
PAY-004170,EMP-0471,2025-10,27-10-2025,25000,6250,1200,0,0,0,32450,3046.88,3671.88,0,700,0,3746.88,28703.12,Bank Transfer,SAR
PAY-004171,EMP-0472,2025-10,27-10-2025,8600,2150,860,0,0,0,11610,1048.13,1263.13,0,0,0,1048.13,10561.87,Bank Transfer,SAR
PAY-004172,EMP-0473,2025-10,27-10-2025,8150,2038,815,0,0,0,11003,993.33,1197.09,0,0,0,993.33,10009.67,Bank Transfer,SAR
PAY-004173,EMP-0474,2025-10,27-10-2025,7700,1925,770,0,12.5,601.56,10996.56,938.44,1130.94,0,0,0,938.44,10058.12,Bank Transfer,SAR
PAY-004174,EMP-0475,2025-10,27-10-2025,12800,3200,1200,0,0,0,17200,0,320,0,0,0,0,17200,Bank Transfer,SAR
PAY-004175,EMP-0476,2025-10,27-10-2025,14600,3650,1200,900,0,0,20350,0,365,2593.33,0,0,2593.33,17756.67,Bank Transfer,SAR
PAY-004176,EMP-0478,2025-10,27-10-2025,7500,1875,750,0,0,0,10125,914.06,1101.56,0,0,0,914.06,9210.94,Bank Transfer,SAR
PAY-004177,EMP-0480,2025-10,27-10-2025,14150,3538,1200,1400,15,1326.56,21614.56,0,353.76,0,0,0,0,21614.56,Bank Transfer,SAR
PAY-004178,EMP-0481,2025-10,27-10-2025,15500,3875,1200,0,0,0,20575,0,387.5,685.83,0,0,685.83,19889.17,Bank Transfer,SAR
PAY-004179,EMP-0482,2025-10,27-10-2025,8400,2100,840,0,0,0,11340,0,210,0,2100,0,2100,9240,Bank Transfer,SAR
PAY-004180,EMP-0483,2025-10,27-10-2025,8800,2200,880,0,8,440,12320,1072.5,1292.5,396,1800,0,3268.5,9051.5,Bank Transfer,SAR
PAY-004181,EMP-0484,2025-10,27-10-2025,10600,2650,1060,0,0,0,14310,1291.88,1556.88,0,0,0,1291.88,13018.12,WPS Transfer,SAR
PAY-004182,EMP-0485,2025-10,27-10-2025,10100,2525,1010,1350,5,315.63,15300.63,0,252.5,0,450,0,450,14850.63,Bank Transfer,SAR
PAY-004183,EMP-0487,2025-10,27-10-2025,10850,2713,1085,0,9,610.31,15258.31,1322.39,1593.65,0,0,0,1322.39,13935.92,Bank Transfer,SAR
PAY-004184,EMP-0488,2025-10,27-10-2025,10850,2713,1085,0,24.5,1661.41,16309.41,0,271.26,0,0,0,0,16309.41,Bank Transfer,SAR
PAY-004185,EMP-0489,2025-10,27-10-2025,11700,2925,1170,0,24.5,1791.56,17586.56,0,292.5,0,0,200,200,17386.56,Bank Transfer,SAR
PAY-004186,EMP-0490,2025-10,27-10-2025,6250,1563,625,1750,0,0,10188,0,156.26,0,0,0,0,10188,Bank Transfer,SAR
PAY-004187,EMP-0491,2025-10,27-10-2025,37150,9288,1200,0,0,0,47638,4527.71,5456.46,0,0,0,4527.71,43110.29,Bank Transfer,SAR
PAY-004188,EMP-0492,2025-10,27-10-2025,21700,5425,1200,0,0,0,28325,2644.69,3187.19,0,0,0,2644.69,25680.31,Bank Transfer,SAR
PAY-004189,EMP-0493,2025-10,27-10-2025,6300,1575,630,0,0,0,8505,0,157.5,0,0,0,0,8505,Bank Transfer,SAR
PAY-004190,EMP-0494,2025-10,27-10-2025,6500,1625,650,0,0,0,8775,792.19,954.69,0,0,0,792.19,7982.81,Bank Transfer,SAR
PAY-004191,EMP-0495,2025-10,27-10-2025,16800,4200,1200,0,0,0,22200,0,420,0,0,0,0,22200,Bank Transfer,SAR
PAY-004192,EMP-0497,2025-10,27-10-2025,8700,2175,870,1350,13.5,734.06,13829.06,1060.31,1277.81,0,0,0,1060.31,12768.75,Bank Transfer,SAR
PAY-004193,EMP-0498,2025-10,27-10-2025,12050,3013,1200,1250,0,0,17513,0,301.26,1626.3,1800,0,3426.3,14086.7,Bank Transfer,SAR
PAY-004194,EMP-0499,2025-10,27-10-2025,14750,3688,1200,850,0,0,20488,1797.71,2166.46,0,0,0,1797.71,18690.29,Bank Transfer,SAR
PAY-004195,EMP-0500,2025-10,27-10-2025,22250,5563,1200,0,0,0,29013,0,556.26,0,0,0,0,29013,WPS Transfer,SAR
PAY-004196,EMP-0001,2025-11,27-11-2025,35400,8850,1200,0,0,0,45450,4314.38,5199.38,0,650,0,4964.38,40485.62,Bank Transfer,SAR
PAY-004197,EMP-0003,2025-11,27-11-2025,8700,2175,870,2350,18.5,1005.94,15100.94,0,217.5,0,2100,0,2100,13000.94,Bank Transfer,SAR
PAY-004198,EMP-0004,2025-11,27-11-2025,3500,875,350,2150,20,437.5,7312.5,426.56,514.06,0,2400,0,2826.56,4485.94,Bank Transfer,SAR
PAY-004199,EMP-0005,2025-11,27-11-2025,3450,863,345,400,25,539.06,5597.06,0,86.26,0,0,0,0,5597.06,WPS Transfer,SAR
PAY-004200,EMP-0006,2025-11,27-11-2025,3200,800,320,0,10.5,210,4530,390,470,144,0,0,534,3996,Bank Transfer,SAR
PAY-004201,EMP-0007,2025-11,27-11-2025,8450,2113,845,1350,2,105.63,12863.63,0,211.26,0,0,0,0,12863.63,Bank Transfer,SAR
PAY-004202,EMP-0008,2025-11,27-11-2025,4650,1163,465,1700,2.5,72.66,8050.66,566.77,683.03,209.27,0,0,776.04,7274.62,Bank Transfer,SAR
PAY-004203,EMP-0009,2025-11,27-11-2025,3800,950,380,0,0,0,5130,463.13,558.13,0,0,0,463.13,4666.87,Bank Transfer,SAR
PAY-004204,EMP-0010,2025-11,27-11-2025,29350,7338,1200,0,0,0,37888,3577.08,4310.84,0,0,0,3577.08,34310.92,Bank Transfer,SAR
PAY-004205,EMP-0011,2025-11,27-11-2025,4300,1075,430,0,0,0,5805,524.06,631.56,0,0,0,524.06,5280.94,Bank Transfer,SAR
PAY-004206,EMP-0014,2025-11,27-11-2025,9500,2375,950,1500,0,0,14325,1157.81,1395.31,427.5,0,0,1585.31,12739.69,Bank Transfer,SAR
PAY-004207,EMP-0015,2025-11,27-11-2025,8000,2000,800,0,17,850,11650,975,1175,0,0,0,975,10675,Bank Transfer,SAR
PAY-004208,EMP-0016,2025-11,27-11-2025,8850,2213,885,0,0,0,11948,0,221.26,0,0,0,0,11948,Bank Transfer,SAR
PAY-004209,EMP-0017,2025-11,27-11-2025,6600,1650,660,0,0,0,8910,0,165,0,0,0,0,8910,Bank Transfer,SAR
PAY-004210,EMP-0018,2025-11,27-11-2025,3350,838,335,0,0,0,4523,408.33,492.09,0,0,0,408.33,4114.67,Bank Transfer,SAR
PAY-004211,EMP-0019,2025-11,27-11-2025,4700,1175,470,0,14,411.25,6756.25,572.81,690.31,0,0,0,572.81,6183.44,Bank Transfer,SAR
PAY-004212,EMP-0020,2025-11,27-11-2025,11450,2863,1145,2400,0,0,17858,0,286.26,0,0,220,220,17638,Bank Transfer,SAR
PAY-004213,EMP-0021,2025-11,27-11-2025,8800,2200,880,0,17.5,962.5,12842.5,1072.5,1292.5,0,0,0,1072.5,11770,Bank Transfer,SAR
PAY-004214,EMP-0022,2025-11,27-11-2025,11500,2875,1150,0,0,0,15525,1401.56,1689.06,0,0,0,1401.56,14123.44,Bank Transfer,SAR
PAY-004215,EMP-0023,2025-11,27-11-2025,3400,850,340,1950,24.5,520.63,7060.63,0,85,153,0,0,153,6907.63,Bank Transfer,SAR
PAY-004216,EMP-0024,2025-11,27-11-2025,23700,5925,1200,0,0,0,30825,2888.44,3480.94,0,0,0,2888.44,27936.56,Bank Transfer,SAR
PAY-004217,EMP-0025,2025-11,27-11-2025,6000,1500,600,1450,11.5,431.25,9981.25,0,150,0,0,0,0,9981.25,Bank Transfer,SAR
PAY-004218,EMP-0026,2025-11,27-11-2025,3300,825,330,0,0,0,4455,402.19,484.69,0,2150,0,2552.19,1902.81,Bank Transfer,SAR
PAY-004219,EMP-0027,2025-11,27-11-2025,3350,838,335,0,17,355.94,4878.94,0,83.76,0,0,0,0,4878.94,Bank Transfer,SAR
PAY-004220,EMP-0028,2025-11,27-11-2025,9000,2250,900,0,0,0,12150,0,225,0,0,0,0,12150,WPS Transfer,SAR
PAY-004221,EMP-0029,2025-11,27-11-2025,3550,888,355,0,0,0,4793,432.71,521.46,0,0,0,432.71,4360.29,Bank Transfer,SAR
PAY-004222,EMP-0030,2025-11,27-11-2025,4550,1138,455,2350,21,597.19,9090.19,554.58,668.34,409.53,0,460,1424.11,7666.08,Bank Transfer,SAR
PAY-004223,EMP-0031,2025-11,27-11-2025,3800,950,380,0,19.5,463.13,5593.13,463.13,558.13,0,0,0,463.13,5130,Bank Transfer,SAR
PAY-004224,EMP-0032,2025-11,27-11-2025,12650,3163,1200,0,22.5,1778.91,18791.91,0,316.26,0,0,0,0,18791.91,WPS Transfer,SAR
PAY-004225,EMP-0034,2025-11,27-11-2025,11650,2913,1165,1550,0,0,17278,0,291.26,1048.53,1350,0,2398.53,14879.47,Bank Transfer,SAR
PAY-004226,EMP-0035,2025-11,27-11-2025,7300,1825,730,0,0,0,9855,0,182.5,0,0,310,310,9545,Bank Transfer,SAR
PAY-004227,EMP-0036,2025-11,27-11-2025,6950,1738,695,0,5,217.19,9600.19,847.08,1020.84,0,0,0,847.08,8753.11,Bank Transfer,SAR
PAY-004228,EMP-0037,2025-11,27-11-2025,3550,888,355,0,15,332.81,5125.81,0,88.76,0,0,0,0,5125.81,Bank Transfer,SAR
PAY-004229,EMP-0038,2025-11,27-11-2025,4400,1100,440,0,21.5,591.25,6531.25,0,110,0,0,0,0,6531.25,Bank Transfer,SAR
PAY-004230,EMP-0039,2025-11,27-11-2025,7100,1775,710,0,0,0,9585,865.31,1042.81,0,0,0,865.31,8719.69,Bank Transfer,SAR
PAY-004231,EMP-0040,2025-11,27-11-2025,30000,7500,1200,1850,0,0,40550,0,750,2580,0,0,2580,37970,Bank Transfer,SAR
PAY-004232,EMP-0041,2025-11,27-11-2025,9050,2263,905,0,22,1244.38,13462.38,1103.02,1329.28,0,550,0,1653.02,11809.36,Bank Transfer,SAR
PAY-004233,EMP-0042,2025-11,27-11-2025,4550,1138,455,0,6.5,184.84,6327.84,0,113.76,0,0,0,0,6327.84,WPS Transfer,SAR
PAY-004234,EMP-0043,2025-11,27-11-2025,4450,1113,445,2200,6.5,180.78,8388.78,0,111.26,0,0,0,0,8388.78,Bank Transfer,SAR
PAY-004235,EMP-0044,2025-11,27-11-2025,7600,1900,760,1650,17,807.5,12717.5,0,190,0,0,0,0,12717.5,Bank Transfer,SAR
PAY-004236,EMP-0045,2025-11,27-11-2025,6100,1525,610,1850,10.5,400.31,10485.31,0,152.5,0,0,0,0,10485.31,Bank Transfer,SAR
PAY-004237,EMP-0046,2025-11,27-11-2025,3450,863,345,0,16,345,5003,0,86.26,0,0,0,0,5003,Bank Transfer,SAR
PAY-004238,EMP-0047,2025-11,27-11-2025,8350,2088,835,0,0,0,11273,1017.71,1226.46,0,0,0,1017.71,10255.29,Bank Transfer,SAR
PAY-004239,EMP-0048,2025-11,27-11-2025,21750,5438,1200,0,0,0,28388,2650.83,3194.59,0,650,0,3300.83,25087.17,Bank Transfer,SAR
PAY-004240,EMP-0049,2025-11,27-11-2025,4100,1025,410,0,0,0,5535,499.69,602.19,0,0,0,499.69,5035.31,Cheque,SAR
PAY-004241,EMP-0050,2025-11,27-11-2025,3250,813,325,0,0,0,4388,0,81.26,0,0,0,0,4388,Bank Transfer,SAR
PAY-004242,EMP-0051,2025-11,27-11-2025,7700,1925,770,0,0,0,10395,0,192.5,0,2000,0,2000,8395,Bank Transfer,SAR
PAY-004243,EMP-0052,2025-11,27-11-2025,4700,1175,470,0,7,205.63,6550.63,572.81,690.31,0,0,0,572.81,5977.82,Bank Transfer,SAR
PAY-004244,EMP-0053,2025-11,27-11-2025,4100,1025,410,0,10,256.25,5791.25,499.69,602.19,0,0,0,499.69,5291.56,Bank Transfer,SAR
PAY-004245,EMP-0055,2025-11,27-11-2025,4250,1063,425,1300,0,0,7038,0,106.26,191.27,0,0,191.27,6846.73,Bank Transfer,SAR
PAY-004246,EMP-0057,2025-11,27-11-2025,4550,1138,455,1300,20,568.75,8011.75,554.58,668.34,0,0,0,554.58,7457.17,Bank Transfer,SAR
PAY-004247,EMP-0058,2025-11,27-11-2025,3850,963,385,1900,18,433.13,7531.13,0,96.26,0,0,0,0,7531.13,Bank Transfer,SAR
PAY-004248,EMP-0059,2025-11,27-11-2025,9300,2325,930,0,0,0,12555,0,232.5,0,0,0,0,12555,Bank Transfer,SAR
PAY-004249,EMP-0060,2025-11,27-11-2025,4500,1125,450,0,9,253.13,6328.13,548.44,660.94,0,0,0,548.44,5779.69,Bank Transfer,SAR
PAY-004250,EMP-0062,2025-11,27-11-2025,4050,1013,405,0,25.5,645.47,6113.47,0,101.26,0,0,0,0,6113.47,Bank Transfer,SAR
PAY-004251,EMP-0063,2025-11,27-11-2025,8050,2013,805,0,7.5,377.34,11245.34,981.14,1182.4,0,2250,0,3231.14,8014.2,Bank Transfer,SAR
PAY-004252,EMP-0064,2025-11,27-11-2025,4600,1150,460,0,0,0,6210,0,115,0,0,0,0,6210,Bank Transfer,SAR
PAY-004253,EMP-0065,2025-11,27-11-2025,28650,7163,1200,0,0,0,37013,0,716.26,0,0,0,0,37013,Bank Transfer,SAR
PAY-004254,EMP-0066,2025-11,27-11-2025,3950,988,395,0,15,370.31,5703.31,0,98.76,0,0,0,0,5703.31,Bank Transfer,SAR
PAY-004255,EMP-0067,2025-11,27-11-2025,3450,863,345,800,21.5,463.59,5921.59,420.52,506.78,0,0,0,420.52,5501.07,WPS Transfer,SAR
PAY-004256,EMP-0068,2025-11,27-11-2025,3750,938,375,0,9,210.94,5273.94,0,93.76,0,0,0,0,5273.94,Bank Transfer,SAR
PAY-004257,EMP-0069,2025-11,27-11-2025,25850,6463,1200,0,0,0,33513,0,646.26,0,0,0,0,33513,Bank Transfer,SAR
PAY-004258,EMP-0070,2025-11,27-11-2025,3700,925,370,0,4,92.5,5087.5,0,92.5,0,0,0,0,5087.5,Bank Transfer,SAR
PAY-004259,EMP-0071,2025-11,27-11-2025,7100,1775,710,0,0,0,9585,0,177.5,0,0,0,0,9585,Bank Transfer,SAR
PAY-004260,EMP-0072,2025-11,27-11-2025,4450,1113,445,0,6,166.88,6174.88,0,111.26,600.8,0,0,600.8,5574.08,Bank Transfer,SAR
PAY-004261,EMP-0073,2025-11,27-11-2025,27600,6900,1200,1150,0,0,36850,3363.75,4053.75,1190,0,0,4553.75,32296.25,WPS Transfer,SAR
PAY-004262,EMP-0074,2025-11,27-11-2025,3300,825,330,0,2,41.25,4496.25,402.19,484.69,0,1200,0,1602.19,2894.06,Bank Transfer,SAR
PAY-004263,EMP-0076,2025-11,27-11-2025,4400,1100,440,0,12,330,6270,0,110,198,0,0,198,6072,Bank Transfer,SAR
PAY-004264,EMP-0077,2025-11,27-11-2025,4600,1150,460,2450,0,0,8660,0,115,0,0,0,0,8660,Bank Transfer,SAR
PAY-004265,EMP-0079,2025-11,27-11-2025,6450,1613,645,0,13,524.06,9232.06,786.14,947.4,0,1750,0,2536.14,6695.92,Bank Transfer,SAR
PAY-004266,EMP-0080,2025-11,27-11-2025,3200,800,320,0,0,0,4320,0,80,0,0,0,0,4320,Bank Transfer,SAR
PAY-004267,EMP-0081,2025-11,27-11-2025,8250,2063,825,2250,0,0,13388,0,206.26,0,0,0,0,13388,Bank Transfer,SAR
PAY-004268,EMP-0082,2025-11,27-11-2025,4000,1000,400,1900,0,0,7300,0,100,0,0,0,0,7300,Bank Transfer,SAR
PAY-004269,EMP-0083,2025-11,27-11-2025,10200,2550,1020,0,0,0,13770,0,255,0,0,0,0,13770,Bank Transfer,SAR
PAY-004270,EMP-0084,2025-11,27-11-2025,12750,3188,1200,0,12.5,996.09,18134.09,0,318.76,0,0,0,0,18134.09,Bank Transfer,SAR
PAY-004271,EMP-0086,2025-11,27-11-2025,3550,888,355,0,0,0,4793,0,88.76,0,0,0,0,4793,WPS Transfer,SAR
PAY-004272,EMP-0087,2025-11,27-11-2025,25550,6388,1200,0,0,0,33138,3113.96,3752.71,0,0,0,3113.96,30024.04,Bank Transfer,SAR
PAY-004273,EMP-0088,2025-11,27-11-2025,23950,5988,1200,0,0,0,31138,2918.96,3517.71,0,0,0,2918.96,28219.04,Bank Transfer,SAR
PAY-004274,EMP-0089,2025-11,27-11-2025,20900,5225,1200,0,0,0,27325,0,522.5,0,0,0,0,27325,Bank Transfer,SAR
PAY-004275,EMP-0091,2025-11,27-11-2025,34650,8663,1200,0,0,0,44513,4223.02,5089.28,0,0,0,4223.02,40289.98,Bank Transfer,SAR
PAY-004276,EMP-0092,2025-11,27-11-2025,4550,1138,455,0,3,85.31,6228.31,554.58,668.34,0,0,0,554.58,5673.73,Bank Transfer,SAR
PAY-004277,EMP-0093,2025-11,27-11-2025,4900,1225,490,900,10,306.25,7821.25,0,122.5,0,0,0,0,7821.25,Bank Transfer,SAR
PAY-004278,EMP-0095,2025-11,27-11-2025,18600,4650,1200,0,14,1627.5,26077.5,0,465,0,2500,0,2500,23577.5,WPS Transfer,SAR
PAY-004279,EMP-0097,2025-11,27-11-2025,5050,1263,505,2400,2,63.13,9281.13,0,126.26,0,0,0,0,9281.13,Bank Transfer,SAR
PAY-004280,EMP-0098,2025-11,27-11-2025,6350,1588,635,0,25,992.19,9565.19,0,158.76,0,400,490,890,8675.19,Bank Transfer,SAR
PAY-004281,EMP-0099,2025-11,27-11-2025,11850,2963,1185,2000,0,0,17998,1444.27,1740.53,0,0,0,1444.27,16553.73,Bank Transfer,SAR
PAY-004282,EMP-0100,2025-11,27-11-2025,12900,3225,1200,0,18.5,1491.56,18816.56,0,322.5,0,0,0,0,18816.56,Bank Transfer,SAR
PAY-004283,EMP-0102,2025-11,27-11-2025,4650,1163,465,0,20,581.25,6859.25,566.77,683.03,0,0,0,566.77,6292.48,Bank Transfer,SAR
PAY-004284,EMP-0103,2025-11,27-11-2025,5350,1338,535,0,22,735.63,7958.63,0,133.76,0,400,0,400,7558.63,Bank Transfer,SAR
PAY-004285,EMP-0104,2025-11,27-11-2025,6350,1588,635,0,22,873.13,9446.13,773.96,932.71,0,0,0,773.96,8672.17,Bank Transfer,SAR
PAY-004286,EMP-0105,2025-11,27-11-2025,21650,5413,1200,0,8.5,1150.16,29413.16,2638.64,3179.9,0,0,0,2638.64,26774.52,Bank Transfer,SAR
PAY-004287,EMP-0106,2025-11,27-11-2025,24950,6238,1200,0,0,0,32388,3040.83,3664.59,0,0,0,3040.83,29347.17,Bank Transfer,SAR
PAY-004288,EMP-0107,2025-11,27-11-2025,26350,6588,1200,0,0,0,34138,3211.46,3870.21,0,0,0,3211.46,30926.54,Bank Transfer,SAR
PAY-004289,EMP-0108,2025-11,27-11-2025,6050,1513,605,0,6.5,245.78,8413.78,0,151.26,0,0,0,0,8413.78,Bank Transfer,SAR
PAY-004290,EMP-0109,2025-11,27-11-2025,10900,2725,1090,0,0,0,14715,0,272.5,0,0,0,0,14715,Bank Transfer,SAR
PAY-004291,EMP-0111,2025-11,27-11-2025,11050,2763,1105,0,0,0,14918,1346.77,1623.03,0,1300,0,2646.77,12271.23,Bank Transfer,SAR
PAY-004292,EMP-0112,2025-11,27-11-2025,17550,4388,1200,2500,0,0,25638,0,438.76,0,0,0,0,25638,Bank Transfer,SAR
PAY-004293,EMP-0113,2025-11,27-11-2025,12550,3138,1200,0,18,1411.88,18299.88,1529.58,1843.34,562.93,0,0,2092.51,16207.37,Bank Transfer,SAR
PAY-004294,EMP-0114,2025-11,27-11-2025,11300,2825,1130,0,7,494.38,15749.38,0,282.5,0,0,0,0,15749.38,Bank Transfer,SAR
PAY-004295,EMP-0116,2025-11,27-11-2025,4550,1138,455,0,0,0,6143,0,113.76,0,0,0,0,6143,Bank Transfer,SAR
PAY-004296,EMP-0117,2025-11,27-11-2025,22450,5613,1200,0,0,0,29263,2736.14,3297.4,0,0,0,2736.14,26526.86,Bank Transfer,SAR
PAY-004297,EMP-0118,2025-11,27-11-2025,18200,4550,1200,0,0,0,23950,2218.13,2673.13,0,0,0,2218.13,21731.87,Bank Transfer,SAR
PAY-004298,EMP-0119,2025-11,27-11-2025,5300,1325,530,0,0,0,7155,0,132.5,0,0,0,0,7155,Bank Transfer,SAR
PAY-004299,EMP-0120,2025-11,27-11-2025,12250,3063,1200,0,0,0,16513,1493.02,1799.28,1651.3,1400,0,4544.32,11968.68,WPS Transfer,SAR
PAY-004300,EMP-0121,2025-11,27-11-2025,4700,1175,470,250,5.5,161.56,6756.56,0,117.5,0,0,0,0,6756.56,Bank Transfer,SAR
PAY-004301,EMP-0122,2025-11,27-11-2025,5250,1313,525,0,8,262.5,7350.5,0,131.26,0,0,0,0,7350.5,Bank Transfer,SAR
PAY-004302,EMP-0123,2025-11,27-11-2025,5450,1363,545,0,0,0,7358,664.27,800.53,0,2400,0,3064.27,4293.73,Bank Transfer,SAR
PAY-004303,EMP-0124,2025-11,27-11-2025,28200,7050,1200,0,0,0,36450,3436.88,4141.88,0,0,0,3436.88,33013.12,Bank Transfer,SAR
PAY-004304,EMP-0126,2025-11,27-11-2025,6100,1525,610,0,0,0,8235,0,152.5,0,0,130,130,8105,Bank Transfer,SAR
PAY-004305,EMP-0127,2025-11,27-11-2025,9350,2338,935,0,0,0,12623,0,233.76,0,0,0,0,12623,Bank Transfer,SAR
PAY-004306,EMP-0129,2025-11,27-11-2025,4850,1213,485,650,16,485,7683,591.14,712.4,0,0,0,591.14,7091.86,Bank Transfer,SAR
PAY-004307,EMP-0130,2025-11,27-11-2025,6350,1588,635,0,17,674.69,9247.69,0,158.76,0,0,0,0,9247.69,Bank Transfer,SAR
PAY-004308,EMP-0131,2025-11,27-11-2025,20750,5188,1200,2200,0,0,29338,0,518.76,0,0,0,0,29338,Bank Transfer,SAR
PAY-004309,EMP-0132,2025-11,27-11-2025,5400,1350,540,1050,0,0,8340,658.13,793.13,0,0,0,658.13,7681.87,Bank Transfer,SAR
PAY-004310,EMP-0133,2025-11,27-11-2025,11850,2963,1185,1950,24.5,1814.53,19762.53,0,296.26,0,0,0,0,19762.53,Bank Transfer,SAR
PAY-004311,EMP-0134,2025-11,27-11-2025,4750,1188,475,0,0,0,6413,0,118.76,0,0,0,0,6413,Bank Transfer,SAR
PAY-004312,EMP-0135,2025-11,27-11-2025,5700,1425,570,0,23,819.38,8514.38,0,142.5,0,0,0,0,8514.38,Bank Transfer,SAR
PAY-004313,EMP-0136,2025-11,27-11-2025,4850,1213,485,2200,0,0,8748,0,121.26,0,2050,0,2050,6698,Bank Transfer,SAR
PAY-004314,EMP-0137,2025-11,27-11-2025,20100,5025,1200,0,0,0,26325,0,502.5,0,0,0,0,26325,Bank Transfer,SAR
PAY-004315,EMP-0138,2025-11,27-11-2025,17050,4263,1200,0,0,0,22513,0,426.26,0,0,190,190,22323,Bank Transfer,SAR
PAY-004316,EMP-0140,2025-11,27-11-2025,10050,2513,1005,0,0,0,13568,0,251.26,0,2000,0,2000,11568,Bank Transfer,SAR
PAY-004317,EMP-0141,2025-11,27-11-2025,6000,1500,600,0,0,0,8100,731.25,881.25,0,0,0,731.25,7368.75,Bank Transfer,SAR
PAY-004318,EMP-0142,2025-11,27-11-2025,4900,1225,490,0,18.5,566.56,7181.56,597.19,719.69,0,0,0,597.19,6584.37,Bank Transfer,SAR
PAY-004319,EMP-0145,2025-11,27-11-2025,5000,1250,500,0,23,718.75,7468.75,0,125,0,0,0,0,7468.75,Bank Transfer,SAR
PAY-004320,EMP-0146,2025-11,27-11-2025,17050,4263,1200,350,6.5,692.66,23555.66,2078.02,2504.28,0,0,0,2078.02,21477.64,Bank Transfer,SAR
PAY-004321,EMP-0147,2025-11,27-11-2025,4850,1213,485,0,5.5,166.72,6714.72,591.14,712.4,0,0,0,591.14,6123.58,Bank Transfer,SAR
PAY-004322,EMP-0149,2025-11,27-11-2025,20200,5050,1200,0,22.5,2840.63,29290.63,2461.88,2966.88,0,0,0,2461.88,26828.75,Bank Transfer,SAR
PAY-004323,EMP-0150,2025-11,27-11-2025,17050,4263,1200,0,25,2664.06,25177.06,2078.02,2504.28,0,0,0,2078.02,23099.04,Bank Transfer,SAR
PAY-004324,EMP-0151,2025-11,27-11-2025,16150,4038,1200,0,26,2624.38,24012.38,1968.33,2372.09,0,0,0,1968.33,22044.05,Bank Transfer,SAR
PAY-004325,EMP-0152,2025-11,27-11-2025,21350,5338,1200,1850,0,0,29738,0,533.76,0,0,0,0,29738,Bank Transfer,SAR
PAY-004326,EMP-0153,2025-11,27-11-2025,12500,3125,1200,0,9,703.13,17528.13,1523.44,1835.94,0,0,0,1523.44,16004.69,Bank Transfer,SAR
PAY-004327,EMP-0155,2025-11,27-11-2025,28050,7013,1200,0,0,0,36263,0,701.26,0,0,0,0,36263,Bank Transfer,SAR
PAY-004328,EMP-0157,2025-11,27-11-2025,11300,2825,1130,0,4,282.5,15537.5,0,282.5,0,0,0,0,15537.5,Bank Transfer,SAR
PAY-004329,EMP-0158,2025-11,27-11-2025,4550,1138,455,0,0,0,6143,0,113.76,0,0,0,0,6143,Bank Transfer,SAR
PAY-004330,EMP-0159,2025-11,27-11-2025,4650,1163,465,0,5.5,159.84,6437.84,566.77,683.03,209.27,0,0,776.04,5661.8,Bank Transfer,SAR
PAY-004331,EMP-0160,2025-11,27-11-2025,6000,1500,600,0,17.5,656.25,8756.25,731.25,881.25,0,0,0,731.25,8025,Bank Transfer,SAR
PAY-004332,EMP-0161,2025-11,27-11-2025,25100,6275,1200,0,0,0,32575,3059.06,3686.56,0,750,0,3809.06,28765.94,Bank Transfer,SAR
PAY-004333,EMP-0162,2025-11,27-11-2025,10350,2588,1035,0,2.5,161.72,14134.72,0,258.76,0,0,0,0,14134.72,Bank Transfer,SAR
PAY-004334,EMP-0163,2025-11,27-11-2025,3850,963,385,0,4,96.25,5294.25,469.27,565.53,0,0,0,469.27,4824.98,Bank Transfer,SAR
PAY-004335,EMP-0164,2025-11,27-11-2025,6250,1563,625,2000,0,0,10438,761.77,918.03,0,0,0,761.77,9676.23,Bank Transfer,SAR
PAY-004336,EMP-0165,2025-11,27-11-2025,4500,1125,450,0,7,196.88,6271.88,0,112.5,0,0,0,0,6271.88,Bank Transfer,SAR
PAY-004337,EMP-0167,2025-11,27-11-2025,3450,863,345,800,6,129.38,5587.38,420.52,506.78,0,0,0,420.52,5166.86,Bank Transfer,SAR
PAY-004338,EMP-0168,2025-11,27-11-2025,11900,2975,1190,0,0,0,16065,0,297.5,0,2200,0,2200,13865,WPS Transfer,SAR
PAY-004339,EMP-0169,2025-11,27-11-2025,3250,813,325,0,0,0,4388,0,81.26,0,0,0,0,4388,Bank Transfer,SAR
PAY-004340,EMP-0170,2025-11,27-11-2025,7550,1888,755,0,0,0,10193,920.21,1108.96,0,0,250,1170.21,9022.79,Bank Transfer,SAR
PAY-004341,EMP-0171,2025-11,27-11-2025,8550,2138,855,0,0,0,11543,0,213.76,384.77,0,0,384.77,11158.23,Bank Transfer,SAR
PAY-004342,EMP-0172,2025-11,27-11-2025,7650,1913,765,0,6,286.88,10614.88,932.39,1123.65,344.27,0,0,1276.66,9338.22,Bank Transfer,SAR
PAY-004343,EMP-0173,2025-11,27-11-2025,8850,2213,885,0,0,0,11948,0,221.26,0,0,0,0,11948,Bank Transfer,SAR
PAY-004344,EMP-0174,2025-11,27-11-2025,6300,1575,630,0,5.5,216.56,8721.56,767.81,925.31,0,800,0,1567.81,7153.75,Bank Transfer,SAR
PAY-004345,EMP-0175,2025-11,27-11-2025,4500,1125,450,0,0,0,6075,548.44,660.94,0,0,0,548.44,5526.56,Bank Transfer,SAR
PAY-004346,EMP-0176,2025-11,27-11-2025,6100,1525,610,1400,3.5,133.44,9768.44,743.44,895.94,0,0,0,743.44,9025,Bank Transfer,SAR
PAY-004347,EMP-0177,2025-11,27-11-2025,4400,1100,440,0,8.5,233.75,6173.75,0,110,0,0,0,0,6173.75,Bank Transfer,SAR
PAY-004348,EMP-0178,2025-11,27-11-2025,4600,1150,460,1000,0,0,7210,560.63,675.63,0,0,0,560.63,6649.37,Bank Transfer,SAR
PAY-004349,EMP-0180,2025-11,27-11-2025,4600,1150,460,0,15,431.25,6641.25,0,115,0,650,0,650,5991.25,Bank Transfer,SAR
PAY-004350,EMP-0181,2025-11,27-11-2025,6450,1613,645,0,13,524.06,9232.06,786.14,947.4,0,0,0,786.14,8445.92,Bank Transfer,SAR
PAY-004351,EMP-0182,2025-11,27-11-2025,7450,1863,745,2100,0,0,12158,0,186.26,0,1000,0,1000,11158,Bank Transfer,SAR
PAY-004352,EMP-0183,2025-11,27-11-2025,4700,1175,470,0,0,0,6345,572.81,690.31,0,0,0,572.81,5772.19,Bank Transfer,SAR
PAY-004353,EMP-0184,2025-11,27-11-2025,8900,2225,890,0,19.5,1084.69,13099.69,0,222.5,0,2250,0,2250,10849.69,Bank Transfer,SAR
PAY-004354,EMP-0186,2025-11,27-11-2025,3250,813,325,0,0,0,4388,396.14,477.4,0,0,300,696.14,3691.86,Bank Transfer,SAR
PAY-004355,EMP-0187,2025-11,27-11-2025,7150,1788,715,0,18.5,826.72,10479.72,0,178.76,0,1500,0,1500,8979.72,Bank Transfer,SAR
PAY-004356,EMP-0188,2025-11,27-11-2025,8550,2138,855,0,0,0,11543,1042.08,1255.84,0,0,0,1042.08,10500.92,Bank Transfer,SAR
PAY-004357,EMP-0189,2025-11,27-11-2025,3450,863,345,0,10,215.63,4873.63,0,86.26,0,2350,0,2350,2523.63,Bank Transfer,SAR
PAY-004358,EMP-0190,2025-11,27-11-2025,4750,1188,475,0,9.5,282.03,6695.03,0,118.76,0,0,0,0,6695.03,Bank Transfer,SAR
PAY-004359,EMP-0191,2025-11,27-11-2025,3800,950,380,2300,0,0,7430,0,95,0,0,0,0,7430,Bank Transfer,SAR
PAY-004360,EMP-0193,2025-11,27-11-2025,3650,913,365,0,0,0,4928,0,91.26,0,0,0,0,4928,Bank Transfer,SAR
PAY-004361,EMP-0194,2025-11,27-11-2025,4750,1188,475,0,20,593.75,7006.75,0,118.76,0,0,120,120,6886.75,Bank Transfer,SAR
PAY-004362,EMP-0195,2025-11,27-11-2025,6150,1538,615,0,21,807.19,9110.19,0,153.76,0,0,0,0,9110.19,Bank Transfer,SAR
PAY-004363,EMP-0196,2025-11,27-11-2025,8550,2138,855,0,7.5,400.78,11943.78,0,213.76,0,0,0,0,11943.78,Bank Transfer,SAR
PAY-004364,EMP-0197,2025-11,27-11-2025,12000,3000,1200,2150,0,0,18350,0,300,540,0,0,540,17810,WPS Transfer,SAR
PAY-004365,EMP-0198,2025-11,27-11-2025,3400,850,340,0,5.5,116.88,4706.88,0,85,0,0,0,0,4706.88,Bank Transfer,SAR
PAY-004366,EMP-0199,2025-11,27-11-2025,7700,1925,770,0,0,0,10395,0,192.5,0,0,0,0,10395,WPS Transfer,SAR
PAY-004367,EMP-0200,2025-11,27-11-2025,11500,2875,1150,0,15.5,1114.06,16639.06,0,287.5,0,0,0,0,16639.06,Bank Transfer,SAR
PAY-004368,EMP-0201,2025-11,27-11-2025,3700,925,370,0,0,0,4995,0,92.5,0,0,0,0,4995,Bank Transfer,SAR
PAY-004369,EMP-0202,2025-11,27-11-2025,8800,2200,880,0,0,0,11880,1072.5,1292.5,0,1000,0,2072.5,9807.5,Bank Transfer,SAR
PAY-004370,EMP-0203,2025-11,27-11-2025,4150,1038,415,0,5.5,142.66,5745.66,505.83,609.59,0,0,0,505.83,5239.83,Bank Transfer,SAR
PAY-004371,EMP-0205,2025-11,27-11-2025,4450,1113,445,0,0,0,6008,542.39,653.65,0,0,0,542.39,5465.61,Bank Transfer,SAR
PAY-004372,EMP-0207,2025-11,27-11-2025,4450,1113,445,0,16.5,458.91,6466.91,0,111.26,0,0,0,0,6466.91,Bank Transfer,SAR
PAY-004373,EMP-0208,2025-11,27-11-2025,4300,1075,430,0,0,0,5805,0,107.5,0,0,0,0,5805,Bank Transfer,SAR
PAY-004374,EMP-0209,2025-11,27-11-2025,3500,875,350,650,22,481.25,5856.25,0,87.5,0,0,0,0,5856.25,Bank Transfer,SAR
PAY-004375,EMP-0210,2025-11,27-11-2025,6850,1713,685,0,11.5,492.34,9740.34,834.89,1006.15,616.53,500,0,1951.42,7788.92,Bank Transfer,SAR
PAY-004376,EMP-0211,2025-11,27-11-2025,4450,1113,445,0,18,500.63,6508.63,0,111.26,0,0,0,0,6508.63,Bank Transfer,SAR
PAY-004377,EMP-0212,2025-11,27-11-2025,8700,2175,870,0,3,163.13,11908.13,1060.31,1277.81,0,0,0,1060.31,10847.82,Bank Transfer,SAR
PAY-004378,EMP-0213,2025-11,27-11-2025,3650,913,365,0,0,0,4928,444.89,536.15,164.27,0,0,609.16,4318.84,Bank Transfer,SAR
PAY-004379,EMP-0214,2025-11,27-11-2025,3250,813,325,0,0,0,4388,396.14,477.4,0,0,0,396.14,3991.86,Bank Transfer,SAR
PAY-004380,EMP-0215,2025-11,27-11-2025,3300,825,330,0,4,82.5,4537.5,0,82.5,0,2350,420,2770,1767.5,Bank Transfer,SAR
PAY-004381,EMP-0216,2025-11,27-11-2025,7650,1913,765,0,19,908.44,11236.44,932.39,1123.65,0,0,0,932.39,10304.05,Bank Transfer,SAR
PAY-004382,EMP-0217,2025-11,27-11-2025,3450,863,345,0,0,0,4658,0,86.26,0,0,0,0,4658,Bank Transfer,SAR
PAY-004383,EMP-0218,2025-11,27-11-2025,4200,1050,420,0,4,105,5775,0,105,0,0,0,0,5775,Bank Transfer,SAR
PAY-004384,EMP-0219,2025-11,27-11-2025,3500,875,350,0,0,0,4725,426.56,514.06,0,0,0,426.56,4298.44,Bank Transfer,SAR
PAY-004385,EMP-0220,2025-11,27-11-2025,3950,988,395,0,0,0,5333,481.46,580.21,0,2000,0,2481.46,2851.54,Bank Transfer,SAR
PAY-004386,EMP-0221,2025-11,27-11-2025,25950,6488,1200,0,0,0,33638,3162.71,3811.46,0,0,0,3162.71,30475.29,Bank Transfer,SAR
PAY-004387,EMP-0222,2025-11,27-11-2025,3700,925,370,0,0,0,4995,0,92.5,0,0,290,290,4705,Bank Transfer,SAR
PAY-004388,EMP-0223,2025-11,27-11-2025,7500,1875,750,0,23.5,1101.56,11226.56,0,187.5,0,0,0,0,11226.56,Bank Transfer,SAR
PAY-004389,EMP-0225,2025-11,27-11-2025,11800,2950,1180,0,10,737.5,16667.5,1438.13,1733.13,0,0,0,1438.13,15229.37,Bank Transfer,SAR
PAY-004390,EMP-0226,2025-11,27-11-2025,3350,838,335,2150,7.5,157.03,6830.03,0,83.76,0,0,0,0,6830.03,Bank Transfer,SAR
PAY-004391,EMP-0227,2025-11,27-11-2025,4650,1163,465,0,9.5,276.09,6554.09,566.77,683.03,0,0,290,856.77,5697.32,Bank Transfer,SAR
PAY-004392,EMP-0228,2025-11,27-11-2025,4400,1100,440,0,0,0,5940,0,110,0,1400,0,1400,4540,Bank Transfer,SAR
PAY-004393,EMP-0229,2025-11,27-11-2025,3550,888,355,0,23.5,521.41,5314.41,0,88.76,0,0,0,0,5314.41,Bank Transfer,SAR
PAY-004394,EMP-0230,2025-11,27-11-2025,4650,1163,465,0,0,0,6278,566.77,683.03,0,800,0,1366.77,4911.23,Bank Transfer,SAR
PAY-004395,EMP-0231,2025-11,27-11-2025,4450,1113,445,1700,0,0,7708,0,111.26,0,0,0,0,7708,Bank Transfer,SAR
PAY-004396,EMP-0232,2025-11,27-11-2025,4300,1075,430,0,25,671.88,6476.88,0,107.5,0,0,0,0,6476.88,Bank Transfer,SAR
PAY-004397,EMP-0234,2025-11,27-11-2025,10700,2675,1070,0,26,1738.75,16183.75,0,267.5,0,0,0,0,16183.75,Bank Transfer,SAR
PAY-004398,EMP-0236,2025-11,27-11-2025,3250,813,325,0,24.5,497.66,4885.66,0,81.26,0,0,0,0,4885.66,Bank Transfer,SAR
PAY-004399,EMP-0237,2025-11,27-11-2025,4050,1013,405,0,22.5,569.53,6037.53,493.64,594.9,0,0,0,493.64,5543.89,Bank Transfer,SAR
PAY-004400,EMP-0238,2025-11,27-11-2025,8750,2188,875,0,0,0,11813,0,218.76,0,0,0,0,11813,Bank Transfer,SAR
PAY-004401,EMP-0239,2025-11,27-11-2025,8650,2163,865,0,0,0,11678,0,216.26,0,0,0,0,11678,Bank Transfer,SAR
PAY-004402,EMP-0240,2025-11,27-11-2025,3550,888,355,0,0,0,4793,0,88.76,0,0,0,0,4793,Bank Transfer,SAR
PAY-004403,EMP-0241,2025-11,27-11-2025,11250,2813,1125,0,8.5,597.66,15785.66,1371.14,1652.4,0,0,0,1371.14,14414.52,Bank Transfer,SAR
PAY-004404,EMP-0242,2025-11,27-11-2025,3500,875,350,600,19.5,426.56,5751.56,426.56,514.06,0,0,0,426.56,5325,Bank Transfer,SAR
PAY-004405,EMP-0243,2025-11,27-11-2025,3350,838,335,0,6,125.63,4648.63,0,83.76,301.53,0,0,301.53,4347.1,Bank Transfer,SAR
PAY-004406,EMP-0244,2025-11,27-11-2025,8550,2138,855,0,0,0,11543,1042.08,1255.84,1923.83,0,0,2965.91,8577.09,Cheque,SAR
PAY-004407,EMP-0245,2025-11,27-11-2025,4100,1025,410,0,11,281.88,5816.88,499.69,602.19,0,0,0,499.69,5317.19,Bank Transfer,SAR
PAY-004408,EMP-0246,2025-11,27-11-2025,4600,1150,460,0,0,0,6210,560.63,675.63,0,0,0,560.63,5649.37,WPS Transfer,SAR
PAY-004409,EMP-0247,2025-11,27-11-2025,3850,963,385,0,21,505.31,5703.31,0,96.26,0,0,0,0,5703.31,Bank Transfer,SAR
PAY-004410,EMP-0248,2025-11,27-11-2025,8500,2125,850,0,24.5,1301.56,12776.56,1035.94,1248.44,0,0,0,1035.94,11740.62,Bank Transfer,SAR
PAY-004411,EMP-0249,2025-11,27-11-2025,8600,2150,860,0,22,1182.5,12792.5,0,215,387,0,0,387,12405.5,Bank Transfer,SAR
PAY-004412,EMP-0250,2025-11,27-11-2025,3950,988,395,0,3.5,86.41,5419.41,0,98.76,0,0,0,0,5419.41,Bank Transfer,SAR
PAY-004413,EMP-0251,2025-11,27-11-2025,4500,1125,450,850,24.5,689.06,7614.06,548.44,660.94,0,0,0,548.44,7065.62,Bank Transfer,SAR
PAY-004414,EMP-0252,2025-11,27-11-2025,7200,1800,720,0,0,0,9720,877.5,1057.5,648,0,0,1525.5,8194.5,Bank Transfer,SAR
PAY-004415,EMP-0253,2025-11,27-11-2025,4350,1088,435,350,0,0,6223,530.21,638.96,0,0,0,530.21,5692.79,Bank Transfer,SAR
PAY-004416,EMP-0254,2025-11,27-11-2025,3200,800,320,0,23,460,4780,390,470,288,0,0,678,4102,Bank Transfer,SAR
PAY-004417,EMP-0255,2025-11,27-11-2025,9650,2413,965,350,0,0,13378,1176.14,1417.4,434.27,0,0,1610.41,11767.59,Bank Transfer,SAR
PAY-004418,EMP-0256,2025-11,27-11-2025,3400,850,340,0,20,425,5015,0,85,0,1850,0,1850,3165,Bank Transfer,SAR
PAY-004419,EMP-0257,2025-11,27-11-2025,9150,2288,915,0,20,1143.75,13496.75,0,228.76,0,0,0,0,13496.75,Bank Transfer,SAR
PAY-004420,EMP-0258,2025-11,27-11-2025,4400,1100,440,0,0,0,5940,0,110,0,600,0,600,5340,Bank Transfer,SAR
PAY-004421,EMP-0260,2025-11,27-11-2025,10550,2638,1055,0,0,0,14243,0,263.76,0,0,0,0,14243,Bank Transfer,SAR
PAY-004422,EMP-0261,2025-11,27-11-2025,7450,1863,745,0,17.5,814.84,10872.84,0,186.26,0,0,0,0,10872.84,Bank Transfer,SAR
PAY-004423,EMP-0262,2025-11,27-11-2025,4450,1113,445,0,22.5,625.78,6633.78,542.39,653.65,0,0,0,542.39,6091.39,Bank Transfer,SAR
PAY-004424,EMP-0263,2025-11,27-11-2025,11700,2925,1170,0,22,1608.75,17403.75,1425.94,1718.44,0,0,0,1425.94,15977.81,Bank Transfer,SAR
PAY-004425,EMP-0264,2025-11,27-11-2025,4500,1125,450,300,0,0,6375,548.44,660.94,0,0,0,548.44,5826.56,Bank Transfer,SAR
PAY-004426,EMP-0265,2025-11,27-11-2025,8850,2213,885,0,0,0,11948,0,221.26,0,0,0,0,11948,Bank Transfer,SAR
PAY-004427,EMP-0266,2025-11,27-11-2025,8900,2225,890,0,19,1056.88,13071.88,1084.69,1307.19,400.5,0,0,1485.19,11586.69,Bank Transfer,SAR
PAY-004428,EMP-0267,2025-11,27-11-2025,9150,2288,915,0,10,571.88,12924.88,0,228.76,0,0,0,0,12924.88,WPS Transfer,SAR
PAY-004429,EMP-0268,2025-11,27-11-2025,4300,1075,430,1750,16.5,443.44,7998.44,0,107.5,0,0,0,0,7998.44,Bank Transfer,SAR
PAY-004430,EMP-0269,2025-11,27-11-2025,4450,1113,445,0,24,667.5,6675.5,0,111.26,0,0,0,0,6675.5,Bank Transfer,SAR
PAY-004431,EMP-0270,2025-11,27-11-2025,4550,1138,455,0,9.5,270.16,6413.16,554.58,668.34,0,0,0,554.58,5858.58,Bank Transfer,SAR
PAY-004432,EMP-0272,2025-11,27-11-2025,4200,1050,420,0,20,525,6195,0,105,0,0,0,0,6195,Bank Transfer,SAR
PAY-004433,EMP-0273,2025-11,27-11-2025,4750,1188,475,0,24.5,727.34,7140.34,578.96,697.71,0,0,0,578.96,6561.38,Bank Transfer,SAR
PAY-004434,EMP-0274,2025-11,27-11-2025,10550,2638,1055,0,6,395.63,14638.63,0,263.76,0,0,0,0,14638.63,Bank Transfer,SAR
PAY-004435,EMP-0275,2025-11,27-11-2025,13900,3475,1200,0,4,347.5,18922.5,1694.06,2041.56,0,0,0,1694.06,17228.44,Bank Transfer,SAR
PAY-004436,EMP-0276,2025-11,27-11-2025,13450,3363,1200,0,8,672.5,18685.5,0,336.26,0,0,0,0,18685.5,WPS Transfer,SAR
PAY-004437,EMP-0277,2025-11,27-11-2025,8700,2175,870,700,0,0,12445,1060.31,1277.81,0,2050,0,3110.31,9334.69,Bank Transfer,SAR
PAY-004438,EMP-0278,2025-11,27-11-2025,10350,2588,1035,0,0,0,13973,1261.46,1520.22,0,0,0,1261.46,12711.54,Bank Transfer,SAR
PAY-004439,EMP-0279,2025-11,27-11-2025,10300,2575,1030,0,21.5,1384.06,15289.06,1255.31,1512.81,0,0,0,1255.31,14033.75,Bank Transfer,SAR
PAY-004440,EMP-0280,2025-11,27-11-2025,4350,1088,435,0,12,326.25,6199.25,0,108.76,0,0,0,0,6199.25,Bank Transfer,SAR
PAY-004441,EMP-0281,2025-11,27-11-2025,4350,1088,435,1200,12.5,339.84,7412.84,0,108.76,0,0,0,0,7412.84,Bank Transfer,SAR
PAY-004442,EMP-0282,2025-11,27-11-2025,8750,2188,875,850,0,0,12663,1066.46,1285.21,0,0,0,1066.46,11596.54,Bank Transfer,SAR
PAY-004443,EMP-0283,2025-11,27-11-2025,3650,913,365,200,0,0,5128,0,91.26,164.27,0,0,164.27,4963.73,Bank Transfer,SAR
PAY-004444,EMP-0286,2025-11,27-11-2025,3900,975,390,1300,11,268.13,6833.13,0,97.5,0,0,0,0,6833.13,Bank Transfer,SAR
PAY-004445,EMP-0287,2025-11,27-11-2025,8850,2213,885,2450,10.5,580.78,14978.78,0,221.26,0,0,550,550,14428.78,Bank Transfer,SAR
PAY-004446,EMP-0288,2025-11,27-11-2025,4350,1088,435,400,0,0,6273,530.21,638.96,0,0,0,530.21,5742.79,Bank Transfer,SAR
PAY-004447,EMP-0290,2025-11,27-11-2025,3950,988,395,0,0,0,5333,481.46,580.21,0,0,0,481.46,4851.54,Bank Transfer,SAR
PAY-004448,EMP-0292,2025-11,27-11-2025,4750,1188,475,0,19,564.06,6977.06,578.96,697.71,0,0,0,578.96,6398.1,Bank Transfer,SAR
PAY-004449,EMP-0293,2025-11,27-11-2025,8500,2125,850,0,21.5,1142.19,12617.19,1035.94,1248.44,0,0,0,1035.94,11581.25,Bank Transfer,SAR
PAY-004450,EMP-0294,2025-11,27-11-2025,4400,1100,440,0,0,0,5940,536.25,646.25,0,1400,0,1936.25,4003.75,Bank Transfer,SAR
PAY-004451,EMP-0295,2025-11,27-11-2025,11000,2750,1100,0,9.5,653.13,15503.13,0,275,0,0,0,0,15503.13,Bank Transfer,SAR
PAY-004452,EMP-0296,2025-11,27-11-2025,15050,3763,1200,200,0,0,20213,1834.27,2210.53,0,0,0,1834.27,18378.73,Bank Transfer,SAR
PAY-004453,EMP-0297,2025-11,27-11-2025,4400,1100,440,0,3,82.5,6022.5,536.25,646.25,0,0,0,536.25,5486.25,Bank Transfer,SAR
PAY-004454,EMP-0299,2025-11,27-11-2025,4600,1150,460,2150,14.5,416.88,8776.88,0,115,0,0,0,0,8776.88,Bank Transfer,SAR
PAY-004455,EMP-0300,2025-11,27-11-2025,12700,3175,1200,2350,21.5,1706.56,21131.56,0,317.5,1138.33,0,0,1138.33,19993.23,Bank Transfer,SAR
PAY-004456,EMP-0301,2025-11,27-11-2025,8700,2175,870,400,11,598.13,12743.13,0,217.5,783,0,0,783,11960.13,Bank Transfer,SAR
PAY-004457,EMP-0303,2025-11,27-11-2025,9200,2300,920,0,0,0,12420,0,230,0,2500,0,2500,9920,Bank Transfer,SAR
PAY-004458,EMP-0304,2025-11,27-11-2025,11500,2875,1150,0,20,1437.5,16962.5,0,287.5,0,0,0,0,16962.5,Bank Transfer,SAR
PAY-004459,EMP-0305,2025-11,27-11-2025,3850,963,385,0,5,120.31,5318.31,469.27,565.53,0,0,0,469.27,4849.04,Bank Transfer,SAR
PAY-004460,EMP-0306,2025-11,27-11-2025,4800,1200,480,0,11,330,6810,0,120,0,0,190,190,6620,Bank Transfer,SAR
PAY-004461,EMP-0307,2025-11,27-11-2025,9450,2363,945,1750,0,0,14508,0,236.26,0,0,0,0,14508,Bank Transfer,SAR
PAY-004462,EMP-0308,2025-11,27-11-2025,10900,2725,1090,0,12,817.5,15532.5,0,272.5,0,0,0,0,15532.5,Bank Transfer,SAR
PAY-004463,EMP-0309,2025-11,27-11-2025,3800,950,380,0,12.5,296.88,5426.88,0,95,0,650,0,650,4776.88,Bank Transfer,SAR
PAY-004464,EMP-0310,2025-11,27-11-2025,10450,2613,1045,0,4.5,293.91,14401.91,0,261.26,0,0,0,0,14401.91,Bank Transfer,SAR
PAY-004465,EMP-0311,2025-11,27-11-2025,15900,3975,1200,0,23,2285.63,23360.63,0,397.5,0,0,0,0,23360.63,Bank Transfer,SAR
PAY-004466,EMP-0312,2025-11,27-11-2025,14350,3588,1200,0,22,1973.13,21111.13,0,358.76,0,0,0,0,21111.13,Bank Transfer,SAR
PAY-004467,EMP-0313,2025-11,27-11-2025,11900,2975,1190,200,9.5,706.56,16971.56,0,297.5,1071,0,0,1071,15900.56,Bank Transfer,SAR
PAY-004468,EMP-0314,2025-11,27-11-2025,3650,913,365,0,0,0,4928,444.89,536.15,0,0,310,754.89,4173.11,Bank Transfer,SAR
PAY-004469,EMP-0315,2025-11,27-11-2025,11600,2900,1160,500,0,0,16160,1413.75,1703.75,0,0,0,1413.75,14746.25,Bank Transfer,SAR
PAY-004470,EMP-0316,2025-11,27-11-2025,15200,3800,1200,0,12.5,1187.5,21387.5,0,380,0,1250,0,1250,20137.5,Bank Transfer,SAR
PAY-004471,EMP-0318,2025-11,27-11-2025,4100,1025,410,0,3.5,89.69,5624.69,499.69,602.19,0,0,0,499.69,5125,Bank Transfer,SAR
PAY-004472,EMP-0320,2025-11,27-11-2025,8750,2188,875,1600,0,0,13413,0,218.76,0,0,0,0,13413,Bank Transfer,SAR
PAY-004473,EMP-0321,2025-11,27-11-2025,21300,5325,1200,0,0,0,27825,2595.94,3128.44,927.5,0,0,3523.44,24301.56,Bank Transfer,SAR
PAY-004474,EMP-0322,2025-11,27-11-2025,8700,2175,870,0,16.5,897.19,12642.19,1060.31,1277.81,0,0,0,1060.31,11581.88,Bank Transfer,SAR
PAY-004475,EMP-0324,2025-11,27-11-2025,6100,1525,610,0,13.5,514.69,8749.69,0,152.5,0,0,0,0,8749.69,Bank Transfer,SAR
PAY-004476,EMP-0325,2025-11,27-11-2025,11300,2825,1130,0,18.5,1306.56,16561.56,0,282.5,0,0,0,0,16561.56,Bank Transfer,SAR
PAY-004477,EMP-0326,2025-11,27-11-2025,5000,1250,500,1400,0,0,8150,0,125,0,0,0,0,8150,Bank Transfer,SAR
PAY-004478,EMP-0327,2025-11,27-11-2025,9400,2350,940,1350,8,470,14510,0,235,0,550,0,550,13960,Bank Transfer,SAR
PAY-004479,EMP-0328,2025-11,27-11-2025,10850,2713,1085,2150,0,0,16798,1322.39,1593.65,0,0,0,1322.39,15475.61,Bank Transfer,SAR
PAY-004480,EMP-0329,2025-11,27-11-2025,10700,2675,1070,1700,6.5,434.69,16579.69,0,267.5,0,0,0,0,16579.69,Bank Transfer,SAR
PAY-004481,EMP-0331,2025-11,27-11-2025,11600,2900,1160,0,2,145,15805,0,290,0,1950,0,1950,13855,Bank Transfer,SAR
PAY-004482,EMP-0332,2025-11,27-11-2025,5350,1338,535,0,0,0,7223,652.08,785.84,0,0,570,1222.08,6000.92,Bank Transfer,SAR
PAY-004483,EMP-0333,2025-11,27-11-2025,4700,1175,470,0,14.5,425.94,6770.94,0,117.5,423,0,0,423,6347.94,Bank Transfer,SAR
PAY-004484,EMP-0334,2025-11,27-11-2025,15550,3888,1200,2250,23,2235.31,25123.31,0,388.76,0,0,0,0,25123.31,Bank Transfer,SAR
PAY-004485,EMP-0335,2025-11,27-11-2025,12650,3163,1200,0,0,0,17013,0,316.26,0,0,0,0,17013,WPS Transfer,SAR
PAY-004486,EMP-0336,2025-11,27-11-2025,5000,1250,500,650,0,0,7400,0,125,0,0,0,0,7400,Bank Transfer,SAR
PAY-004487,EMP-0337,2025-11,27-11-2025,8750,2188,875,1250,0,0,13063,1066.46,1285.21,0,0,0,1066.46,11996.54,Bank Transfer,SAR
PAY-004488,EMP-0338,2025-11,27-11-2025,11550,2888,1155,0,17,1227.19,16820.19,0,288.76,0,0,0,0,16820.19,Bank Transfer,SAR
PAY-004489,EMP-0339,2025-11,27-11-2025,12400,3100,1200,0,11,852.5,17552.5,1511.25,1821.25,0,0,0,1511.25,16041.25,Bank Transfer,SAR
PAY-004490,EMP-0340,2025-11,27-11-2025,11200,2800,1120,850,0,0,15970,0,280,0,0,0,0,15970,Bank Transfer,SAR
PAY-004491,EMP-0341,2025-11,27-11-2025,4900,1225,490,0,0,0,6615,0,122.5,0,0,0,0,6615,Bank Transfer,SAR
PAY-004492,EMP-0342,2025-11,27-11-2025,8500,2125,850,0,18,956.25,12431.25,1035.94,1248.44,0,0,0,1035.94,11395.31,Bank Transfer,SAR
PAY-004493,EMP-0343,2025-11,27-11-2025,5300,1325,530,0,0,0,7155,0,132.5,0,0,0,0,7155,Bank Transfer,SAR
PAY-004494,EMP-0344,2025-11,27-11-2025,11000,2750,1100,0,0,0,14850,0,275,0,0,0,0,14850,Bank Transfer,SAR
PAY-004495,EMP-0347,2025-11,27-11-2025,5550,1388,555,0,20,693.75,8186.75,0,138.76,0,0,0,0,8186.75,Bank Transfer,SAR
PAY-004496,EMP-0349,2025-11,27-11-2025,10850,2713,1085,0,16,1085,15733,0,271.26,0,0,0,0,15733,Bank Transfer,SAR
PAY-004497,EMP-0350,2025-11,27-11-2025,13050,3263,1200,0,0,0,17513,1590.52,1916.78,1167.53,0,390,3148.05,14364.95,Bank Transfer,SAR
PAY-004498,EMP-0352,2025-11,27-11-2025,10200,2550,1020,0,11.5,733.13,14503.13,0,255,0,0,0,0,14503.13,Bank Transfer,SAR
PAY-004499,EMP-0353,2025-11,27-11-2025,10650,2663,1065,0,24,1597.5,15975.5,1298.02,1564.28,0,0,0,1298.02,14677.48,WPS Transfer,SAR
PAY-004500,EMP-0354,2025-11,27-11-2025,12400,3100,1200,0,13.5,1046.25,17746.25,1511.25,1821.25,0,0,0,1511.25,16235,Bank Transfer,SAR
PAY-004501,EMP-0355,2025-11,27-11-2025,4700,1175,470,0,19.5,572.81,6917.81,0,117.5,0,0,0,0,6917.81,Bank Transfer,SAR
PAY-004502,EMP-0356,2025-11,27-11-2025,5700,1425,570,0,10.5,374.06,8069.06,694.69,837.19,0,0,570,1264.69,6804.37,Bank Transfer,SAR
PAY-004503,EMP-0357,2025-11,27-11-2025,12700,3175,1200,0,13,1031.88,18106.88,0,317.5,0,0,0,0,18106.88,Bank Transfer,SAR
PAY-004504,EMP-0358,2025-11,27-11-2025,6500,1625,650,900,3,121.88,9796.88,792.19,954.69,292.5,0,0,1084.69,8712.19,Bank Transfer,SAR
PAY-004505,EMP-0359,2025-11,27-11-2025,4550,1138,455,2000,8.5,241.72,8384.72,554.58,668.34,0,0,0,554.58,7830.14,Bank Transfer,SAR
PAY-004506,EMP-0360,2025-11,27-11-2025,15300,3825,1200,0,2,191.25,20516.25,0,382.5,0,0,0,0,20516.25,Bank Transfer,SAR
PAY-004507,EMP-0361,2025-11,27-11-2025,28350,7088,1200,550,0,0,37188,0,708.76,0,0,0,0,37188,Bank Transfer,SAR
PAY-004508,EMP-0363,2025-11,27-11-2025,6900,1725,690,0,0,0,9315,840.94,1013.44,0,0,0,840.94,8474.06,Bank Transfer,SAR
PAY-004509,EMP-0364,2025-11,27-11-2025,6050,1513,605,0,26,983.13,9151.13,737.39,888.65,0,0,0,737.39,8413.74,Bank Transfer,SAR
PAY-004510,EMP-0365,2025-11,27-11-2025,20850,5213,1200,0,0,0,27263,0,521.26,0,0,0,0,27263,Bank Transfer,SAR
PAY-004511,EMP-0366,2025-11,27-11-2025,12100,3025,1200,2050,7.5,567.19,18942.19,1474.69,1777.19,0,0,0,1474.69,17467.5,Bank Transfer,SAR
PAY-004512,EMP-0367,2025-11,27-11-2025,8500,2125,850,0,6.5,345.31,11820.31,0,212.5,0,0,0,0,11820.31,Bank Transfer,SAR
PAY-004513,EMP-0368,2025-11,27-11-2025,26850,6713,1200,0,0,0,34763,0,671.26,2317.53,0,0,2317.53,32445.47,WPS Transfer,SAR
PAY-004514,EMP-0369,2025-11,27-11-2025,7050,1763,705,1100,18.5,815.16,11433.16,859.27,1035.53,0,0,0,859.27,10573.89,Bank Transfer,SAR
PAY-004515,EMP-0370,2025-11,27-11-2025,7150,1788,715,0,12,536.25,10189.25,871.46,1050.21,0,0,120,991.46,9197.79,Bank Transfer,SAR
PAY-004516,EMP-0371,2025-11,27-11-2025,11150,2788,1115,0,18,1254.38,16307.38,0,278.76,0,0,0,0,16307.38,Bank Transfer,SAR
PAY-004517,EMP-0372,2025-11,27-11-2025,7450,1863,745,0,25,1164.06,11222.06,0,186.26,0,0,180,180,11042.06,Bank Transfer,SAR
PAY-004518,EMP-0373,2025-11,27-11-2025,26000,6500,1200,0,0,0,33700,3168.75,3818.75,0,0,0,3168.75,30531.25,Bank Transfer,SAR
PAY-004519,EMP-0374,2025-11,27-11-2025,8650,2163,865,0,0,0,11678,0,216.26,0,0,0,0,11678,Bank Transfer,SAR
PAY-004520,EMP-0375,2025-11,27-11-2025,9600,2400,960,1650,4,240,14850,0,240,0,0,0,0,14850,Bank Transfer,SAR
PAY-004521,EMP-0376,2025-11,27-11-2025,26700,6675,1200,0,0,0,34575,0,667.5,0,0,0,0,34575,Bank Transfer,SAR
PAY-004522,EMP-0377,2025-11,27-11-2025,15650,3913,1200,500,0,0,21263,0,391.26,0,0,0,0,21263,Bank Transfer,SAR
PAY-004523,EMP-0378,2025-11,27-11-2025,12300,3075,1200,0,21,1614.38,18189.38,0,307.5,0,0,0,0,18189.38,Bank Transfer,SAR
PAY-004524,EMP-0379,2025-11,27-11-2025,16750,4188,1200,0,3.5,366.41,22504.41,2041.46,2460.21,1475.87,0,0,3517.33,18987.08,Bank Transfer,SAR
PAY-004525,EMP-0381,2025-11,27-11-2025,8300,2075,830,0,25.5,1322.81,12527.81,1011.56,1219.06,0,0,0,1011.56,11516.25,Bank Transfer,SAR
PAY-004526,EMP-0382,2025-11,27-11-2025,12900,3225,1200,0,3,241.88,17566.88,1572.19,1894.69,0,0,0,1572.19,15994.69,Bank Transfer,SAR
PAY-004527,EMP-0383,2025-11,27-11-2025,8250,2063,825,0,0,0,11138,1005.52,1211.78,0,0,0,1005.52,10132.48,Bank Transfer,SAR
PAY-004528,EMP-0384,2025-11,27-11-2025,13550,3388,1200,0,0,0,18138,0,338.76,0,0,0,0,18138,Bank Transfer,SAR
PAY-004529,EMP-0385,2025-11,27-11-2025,6650,1663,665,0,0,0,8978,810.52,976.78,0,0,0,810.52,8167.48,Bank Transfer,SAR
PAY-004530,EMP-0387,2025-11,27-11-2025,7700,1925,770,0,2.5,120.31,10515.31,938.44,1130.94,0,0,0,938.44,9576.87,Bank Transfer,SAR
PAY-004531,EMP-0388,2025-11,27-11-2025,8300,2075,830,0,21.5,1115.31,12320.31,1011.56,1219.06,0,0,240,1251.56,11068.75,Bank Transfer,SAR
PAY-004532,EMP-0389,2025-11,27-11-2025,8650,2163,865,0,20,1081.25,12759.25,0,216.26,0,0,0,0,12759.25,Bank Transfer,SAR
PAY-004533,EMP-0390,2025-11,27-11-2025,6250,1563,625,0,16.5,644.53,9082.53,0,156.26,0,0,0,0,9082.53,Bank Transfer,SAR
PAY-004534,EMP-0391,2025-11,27-11-2025,11600,2900,1160,2350,24,1740,19750,1413.75,1703.75,0,0,0,1413.75,18336.25,Bank Transfer,SAR
PAY-004535,EMP-0393,2025-11,27-11-2025,8700,2175,870,0,18,978.75,12723.75,0,217.5,391.5,0,0,391.5,12332.25,Bank Transfer,SAR
PAY-004536,EMP-0394,2025-11,27-11-2025,11350,2838,1135,0,3.5,248.28,15571.28,0,283.76,0,0,0,0,15571.28,Bank Transfer,SAR
PAY-004537,EMP-0395,2025-11,27-11-2025,26050,6513,1200,0,0,0,33763,0,651.26,0,0,0,0,33763,Bank Transfer,SAR
PAY-004538,EMP-0396,2025-11,27-11-2025,28150,7038,1200,0,0,0,36388,3430.83,4134.59,0,0,0,3430.83,32957.17,Bank Transfer,SAR
PAY-004539,EMP-0397,2025-11,27-11-2025,19150,4788,1200,0,4.5,538.59,25676.59,0,478.76,0,0,0,0,25676.59,Bank Transfer,SAR
PAY-004540,EMP-0398,2025-11,27-11-2025,12000,3000,1200,0,0,0,16200,1462.5,1762.5,540,0,0,2002.5,14197.5,Bank Transfer,SAR
PAY-004541,EMP-0399,2025-11,27-11-2025,5350,1338,535,1200,9,300.94,8723.94,0,133.76,0,0,0,0,8723.94,Bank Transfer,SAR
PAY-004542,EMP-0400,2025-11,27-11-2025,5050,1263,505,0,0,0,6818,0,126.26,0,0,0,0,6818,Bank Transfer,SAR
PAY-004543,EMP-0402,2025-11,27-11-2025,13000,3250,1200,750,0,0,18200,0,325,0,0,0,0,18200,Bank Transfer,SAR
PAY-004544,EMP-0403,2025-11,27-11-2025,8750,2188,875,0,0,0,11813,1066.46,1285.21,0,0,0,1066.46,10746.54,Bank Transfer,SAR
PAY-004545,EMP-0405,2025-11,27-11-2025,10950,2738,1095,1950,16.5,1129.22,17862.22,0,273.76,0,0,0,0,17862.22,Bank Transfer,SAR
PAY-004546,EMP-0406,2025-11,27-11-2025,12400,3100,1200,0,0,0,16700,1511.25,1821.25,0,0,0,1511.25,15188.75,Bank Transfer,SAR
PAY-004547,EMP-0407,2025-11,27-11-2025,6150,1538,615,0,2.5,96.09,8399.09,0,153.76,0,0,0,0,8399.09,Bank Transfer,SAR
PAY-004548,EMP-0409,2025-11,27-11-2025,5450,1363,545,1100,0,0,8458,664.27,800.53,245.27,0,0,909.54,7548.46,Bank Transfer,SAR
PAY-004549,EMP-0410,2025-11,27-11-2025,6300,1575,630,1650,4,157.5,10312.5,767.81,925.31,0,0,0,767.81,9544.69,Bank Transfer,SAR
PAY-004550,EMP-0411,2025-11,27-11-2025,9350,2338,935,0,20.5,1197.97,13820.97,1139.58,1373.34,420.77,0,0,1560.35,12260.62,Bank Transfer,SAR
PAY-004551,EMP-0412,2025-11,27-11-2025,6400,1600,640,0,25.5,1020,9660,0,160,0,0,0,0,9660,Bank Transfer,SAR
PAY-004552,EMP-0414,2025-11,27-11-2025,6300,1575,630,0,0,0,8505,0,157.5,0,0,0,0,8505,Bank Transfer,SAR
PAY-004553,EMP-0415,2025-11,27-11-2025,5800,1450,580,0,0,0,7830,706.88,851.88,0,0,0,706.88,7123.12,Bank Transfer,SAR
PAY-004554,EMP-0416,2025-11,27-11-2025,4600,1150,460,0,0,0,6210,560.63,675.63,0,0,0,560.63,5649.37,Bank Transfer,SAR
PAY-004555,EMP-0417,2025-11,27-11-2025,5900,1475,590,0,0,0,7965,719.06,866.56,0,0,0,719.06,7245.94,Bank Transfer,SAR
PAY-004556,EMP-0418,2025-11,27-11-2025,9950,2488,995,0,23,1430.31,14863.31,1212.71,1461.47,0,2000,0,3212.71,11650.6,Bank Transfer,SAR
PAY-004557,EMP-0419,2025-11,27-11-2025,5850,1463,585,0,25,914.06,8812.06,713.02,859.28,0,0,0,713.02,8099.04,Bank Transfer,SAR
PAY-004558,EMP-0420,2025-11,27-11-2025,4700,1175,470,0,4,117.5,6462.5,572.81,690.31,0,0,0,572.81,5889.69,Bank Transfer,SAR
PAY-004559,EMP-0422,2025-11,27-11-2025,9200,2300,920,0,0,0,12420,1121.25,1351.25,0,2500,0,3621.25,8798.75,Bank Transfer,SAR
PAY-004560,EMP-0424,2025-11,27-11-2025,17650,4413,1200,0,14,1544.38,24807.38,2151.14,2592.4,0,0,0,2151.14,22656.24,Bank Transfer,SAR
PAY-004561,EMP-0425,2025-11,27-11-2025,5950,1488,595,0,0,0,8033,0,148.76,267.77,0,0,267.77,7765.23,Bank Transfer,SAR
PAY-004562,EMP-0426,2025-11,27-11-2025,29150,7288,1200,1450,0,0,39088,0,728.76,0,0,0,0,39088,Bank Transfer,SAR
PAY-004563,EMP-0427,2025-11,27-11-2025,7750,1938,775,0,19,920.31,11383.31,0,193.76,348.77,0,0,348.77,11034.54,Bank Transfer,SAR
PAY-004564,EMP-0428,2025-11,27-11-2025,10850,2713,1085,850,18.5,1254.53,16752.53,0,271.26,0,0,0,0,16752.53,Bank Transfer,SAR
PAY-004565,EMP-0429,2025-11,27-11-2025,8300,2075,830,1600,3,155.63,12960.63,0,207.5,0,0,0,0,12960.63,Bank Transfer,SAR
PAY-004566,EMP-0430,2025-11,27-11-2025,6400,1600,640,1550,0,0,10190,0,160,0,0,0,0,10190,Bank Transfer,SAR
PAY-004567,EMP-0431,2025-11,27-11-2025,8450,2113,845,0,0,0,11408,0,211.26,1521.07,0,0,1521.07,9886.93,Bank Transfer,SAR
PAY-004568,EMP-0432,2025-11,27-11-2025,8650,2163,865,0,9,486.56,12164.56,1054.27,1270.53,778.53,0,0,1832.8,10331.76,Bank Transfer,SAR
PAY-004569,EMP-0433,2025-11,27-11-2025,16100,4025,1200,0,16.5,1660.31,22985.31,0,402.5,0,0,0,0,22985.31,Bank Transfer,SAR
PAY-004570,EMP-0434,2025-11,27-11-2025,12250,3063,1200,0,14,1071.88,17584.88,0,306.26,0,0,0,0,17584.88,Bank Transfer,SAR
PAY-004571,EMP-0435,2025-11,27-11-2025,8750,2188,875,0,12.5,683.59,12496.59,1066.46,1285.21,0,0,0,1066.46,11430.13,Bank Transfer,SAR
PAY-004572,EMP-0436,2025-11,27-11-2025,7450,1863,745,0,0,0,10058,0,186.26,0,0,0,0,10058,Bank Transfer,SAR
PAY-004573,EMP-0438,2025-11,27-11-2025,8900,2225,890,2050,7,389.38,14454.38,0,222.5,0,0,0,0,14454.38,WPS Transfer,SAR
PAY-004574,EMP-0439,2025-11,27-11-2025,6250,1563,625,850,0,0,9288,0,156.26,0,0,0,0,9288,Bank Transfer,SAR
PAY-004575,EMP-0440,2025-11,27-11-2025,6800,1700,680,0,10.5,446.25,9626.25,0,170,0,0,0,0,9626.25,Bank Transfer,SAR
PAY-004576,EMP-0441,2025-11,27-11-2025,16850,4213,1200,0,0,0,22263,2053.64,2474.9,1484.2,2450,0,5987.84,16275.16,Bank Transfer,SAR
PAY-004577,EMP-0442,2025-11,27-11-2025,7800,1950,780,350,0,0,10880,950.63,1145.63,0,0,0,950.63,9929.37,Bank Transfer,SAR
PAY-004578,EMP-0443,2025-11,27-11-2025,9850,2463,985,0,13.5,831.09,14129.09,0,246.26,0,0,0,0,14129.09,Bank Transfer,SAR
PAY-004579,EMP-0444,2025-11,27-11-2025,8500,2125,850,0,0,0,11475,1035.94,1248.44,0,0,0,1035.94,10439.06,Bank Transfer,SAR
PAY-004580,EMP-0445,2025-11,27-11-2025,10900,2725,1090,250,8,545,15510,0,272.5,0,0,0,0,15510,Bank Transfer,SAR
PAY-004581,EMP-0446,2025-11,27-11-2025,11600,2900,1160,0,0,0,15660,1413.75,1703.75,0,0,400,1813.75,13846.25,Cheque,SAR
PAY-004582,EMP-0448,2025-11,27-11-2025,12400,3100,1200,0,7,542.5,17242.5,1511.25,1821.25,0,0,260,1771.25,15471.25,Bank Transfer,SAR
PAY-004583,EMP-0449,2025-11,27-11-2025,6350,1588,635,0,3,119.06,8692.06,773.96,932.71,571.53,0,0,1345.49,7346.57,Bank Transfer,SAR
PAY-004584,EMP-0451,2025-11,27-11-2025,26850,6713,1200,0,0,0,34763,0,671.26,0,0,0,0,34763,Bank Transfer,SAR
PAY-004585,EMP-0452,2025-11,27-11-2025,6500,1625,650,450,23,934.38,10159.38,792.19,954.69,0,0,0,792.19,9367.19,Bank Transfer,SAR
PAY-004586,EMP-0453,2025-11,27-11-2025,6300,1575,630,0,0,0,8505,767.81,925.31,0,0,0,767.81,7737.19,Bank Transfer,SAR
PAY-004587,EMP-0454,2025-11,27-11-2025,5300,1325,530,2200,0,0,9355,645.94,778.44,0,700,0,1345.94,8009.06,Bank Transfer,SAR
PAY-004588,EMP-0455,2025-11,27-11-2025,4800,1200,480,0,0,0,6480,0,120,0,0,0,0,6480,Bank Transfer,SAR
PAY-004589,EMP-0457,2025-11,27-11-2025,5050,1263,505,0,10.5,331.41,7149.41,615.52,741.78,0,0,0,615.52,6533.89,Bank Transfer,SAR
PAY-004590,EMP-0459,2025-11,27-11-2025,6400,1600,640,650,20.5,820,10110,780,940,0,0,0,780,9330,Bank Transfer,SAR
PAY-004591,EMP-0460,2025-11,27-11-2025,10050,2513,1005,300,12,753.75,14621.75,0,251.26,452.27,0,0,452.27,14169.48,Bank Transfer,SAR
PAY-004592,EMP-0461,2025-11,27-11-2025,4900,1225,490,0,3,91.88,6706.88,597.19,719.69,0,0,0,597.19,6109.69,WPS Transfer,SAR
PAY-004593,EMP-0463,2025-11,27-11-2025,5850,1463,585,0,7.5,274.22,8172.22,0,146.26,263.27,0,180,443.27,7728.95,Bank Transfer,SAR
PAY-004594,EMP-0464,2025-11,27-11-2025,5800,1450,580,0,0,0,7830,706.88,851.88,522,1400,0,2628.88,5201.12,Bank Transfer,SAR
PAY-004595,EMP-0465,2025-11,27-11-2025,11200,2800,1120,0,15,1050,16170,0,280,0,0,0,0,16170,Bank Transfer,SAR
PAY-004596,EMP-0466,2025-11,27-11-2025,11900,2975,1190,350,0,0,16415,0,297.5,0,0,0,0,16415,Bank Transfer,SAR
PAY-004597,EMP-0467,2025-11,27-11-2025,4650,1163,465,0,5,145.31,6423.31,566.77,683.03,0,0,220,786.77,5636.54,Bank Transfer,SAR
PAY-004598,EMP-0468,2025-11,27-11-2025,11850,2963,1185,0,0,0,15998,0,296.26,0,0,100,100,15898,Bank Transfer,SAR
PAY-004599,EMP-0469,2025-11,27-11-2025,4600,1150,460,0,16,460,6670,0,115,0,0,0,0,6670,WPS Transfer,SAR
PAY-004600,EMP-0470,2025-11,27-11-2025,4600,1150,460,0,2.5,71.88,6281.88,0,115,0,0,0,0,6281.88,WPS Transfer,SAR
PAY-004601,EMP-0471,2025-11,27-11-2025,25000,6250,1200,1750,0,0,34200,3046.88,3671.88,0,0,0,3046.88,31153.12,Bank Transfer,SAR
PAY-004602,EMP-0472,2025-11,27-11-2025,8600,2150,860,0,15,806.25,12416.25,1048.13,1263.13,0,0,0,1048.13,11368.12,Bank Transfer,SAR
PAY-004603,EMP-0473,2025-11,27-11-2025,8150,2038,815,1050,26,1324.38,13377.38,993.33,1197.09,0,0,0,993.33,12384.05,Bank Transfer,SAR
PAY-004604,EMP-0474,2025-11,27-11-2025,7700,1925,770,0,0,0,10395,938.44,1130.94,0,0,0,938.44,9456.56,Bank Transfer,SAR
PAY-004605,EMP-0475,2025-11,27-11-2025,12800,3200,1200,0,0,0,17200,0,320,0,0,0,0,17200,Bank Transfer,SAR
PAY-004606,EMP-0476,2025-11,27-11-2025,14600,3650,1200,0,15.5,1414.38,20864.38,0,365,0,750,0,750,20114.38,Bank Transfer,SAR
PAY-004607,EMP-0478,2025-11,27-11-2025,7500,1875,750,0,2.5,117.19,10242.19,914.06,1101.56,0,0,0,914.06,9328.13,Bank Transfer,SAR
PAY-004608,EMP-0480,2025-11,27-11-2025,14150,3538,1200,0,0,0,18888,0,353.76,0,0,0,0,18888,Bank Transfer,SAR
PAY-004609,EMP-0481,2025-11,27-11-2025,15500,3875,1200,0,3,290.63,20865.63,0,387.5,0,1300,0,1300,19565.63,Bank Transfer,SAR
PAY-004610,EMP-0482,2025-11,27-11-2025,8400,2100,840,0,25.5,1338.75,12678.75,0,210,0,0,0,0,12678.75,Bank Transfer,SAR
PAY-004611,EMP-0483,2025-11,27-11-2025,8800,2200,880,1750,8,440,14070,1072.5,1292.5,0,0,230,1302.5,12767.5,Bank Transfer,SAR
PAY-004612,EMP-0484,2025-11,27-11-2025,10600,2650,1060,1000,15.5,1026.88,16336.88,1291.88,1556.88,0,0,0,1291.88,15045,WPS Transfer,SAR
PAY-004613,EMP-0485,2025-11,27-11-2025,10100,2525,1010,0,0,0,13635,0,252.5,0,0,0,0,13635,Bank Transfer,SAR
PAY-004614,EMP-0487,2025-11,27-11-2025,10850,2713,1085,0,25,1695.31,16343.31,1322.39,1593.65,0,0,0,1322.39,15020.92,Bank Transfer,SAR
PAY-004615,EMP-0488,2025-11,27-11-2025,10850,2713,1085,1400,12,813.75,16861.75,0,271.26,0,0,0,0,16861.75,Bank Transfer,SAR
PAY-004616,EMP-0489,2025-11,27-11-2025,11700,2925,1170,0,0,0,15795,0,292.5,0,0,0,0,15795,Bank Transfer,SAR
PAY-004617,EMP-0490,2025-11,27-11-2025,6250,1563,625,0,9,351.56,8789.56,0,156.26,0,0,0,0,8789.56,Bank Transfer,SAR
PAY-004618,EMP-0491,2025-11,27-11-2025,37150,9288,1200,0,0,0,47638,4527.71,5456.46,0,0,0,4527.71,43110.29,Bank Transfer,SAR
PAY-004619,EMP-0492,2025-11,27-11-2025,21700,5425,1200,0,0,0,28325,2644.69,3187.19,0,0,0,2644.69,25680.31,Bank Transfer,SAR
PAY-004620,EMP-0493,2025-11,27-11-2025,6300,1575,630,0,11,433.13,8938.13,0,157.5,0,0,0,0,8938.13,Bank Transfer,SAR
PAY-004621,EMP-0494,2025-11,27-11-2025,6500,1625,650,0,0,0,8775,792.19,954.69,0,0,0,792.19,7982.81,WPS Transfer,SAR
PAY-004622,EMP-0495,2025-11,27-11-2025,16800,4200,1200,0,7.5,787.5,22987.5,0,420,1480,0,0,1480,21507.5,Bank Transfer,SAR
PAY-004623,EMP-0497,2025-11,27-11-2025,8700,2175,870,2400,0,0,14145,1060.31,1277.81,0,0,0,1060.31,13084.69,Bank Transfer,SAR
PAY-004624,EMP-0498,2025-11,27-11-2025,12050,3013,1200,0,0,0,16263,0,301.26,0,0,0,0,16263,Bank Transfer,SAR
PAY-004625,EMP-0499,2025-11,27-11-2025,14750,3688,1200,0,0,0,19638,1797.71,2166.46,0,0,0,1797.71,17840.29,Bank Transfer,SAR
PAY-004626,EMP-0500,2025-11,27-11-2025,22250,5563,1200,0,0,0,29013,0,556.26,0,0,0,0,29013,Bank Transfer,SAR
PAY-004627,EMP-0001,2025-12,27-12-2025,35400,8850,1200,0,0,0,45450,4314.38,5199.38,0,0,0,4314.38,41135.62,Bank Transfer,SAR
PAY-004628,EMP-0003,2025-12,27-12-2025,8700,2175,870,0,0,0,11745,0,217.5,0,0,0,0,11745,Bank Transfer,SAR
PAY-004629,EMP-0004,2025-12,27-12-2025,3500,875,350,1850,0,0,6575,426.56,514.06,0,0,0,426.56,6148.44,Bank Transfer,SAR
PAY-004630,EMP-0005,2025-12,27-12-2025,3450,863,345,0,0,0,4658,0,86.26,0,0,0,0,4658,Bank Transfer,SAR
PAY-004631,EMP-0006,2025-12,27-12-2025,3200,800,320,850,20.5,410,5580,390,470,0,1700,0,2090,3490,Bank Transfer,SAR
PAY-004632,EMP-0007,2025-12,27-12-2025,8450,2113,845,0,0,0,11408,0,211.26,0,0,0,0,11408,Bank Transfer,SAR
PAY-004633,EMP-0008,2025-12,27-12-2025,4650,1163,465,0,18.5,537.66,6815.66,566.77,683.03,0,0,0,566.77,6248.89,Bank Transfer,SAR
PAY-004634,EMP-0009,2025-12,27-12-2025,3800,950,380,1650,7,166.25,6946.25,463.13,558.13,0,0,130,593.13,6353.12,Bank Transfer,SAR
PAY-004635,EMP-0010,2025-12,27-12-2025,29350,7338,1200,0,0,0,37888,3577.08,4310.84,0,0,0,3577.08,34310.92,Bank Transfer,SAR
PAY-004636,EMP-0011,2025-12,27-12-2025,4300,1075,430,0,5,134.38,5939.38,524.06,631.56,0,0,0,524.06,5415.32,Bank Transfer,SAR
PAY-004637,EMP-0014,2025-12,27-12-2025,9500,2375,950,0,0,0,12825,1157.81,1395.31,0,0,0,1157.81,11667.19,Bank Transfer,SAR
PAY-004638,EMP-0015,2025-12,27-12-2025,8000,2000,800,0,0,0,10800,975,1175,0,0,0,975,9825,Bank Transfer,SAR
PAY-004639,EMP-0016,2025-12,27-12-2025,8850,2213,885,0,17.5,967.97,12915.97,0,221.26,0,0,0,0,12915.97,Bank Transfer,SAR
PAY-004640,EMP-0017,2025-12,27-12-2025,6600,1650,660,0,0,0,8910,0,165,0,0,0,0,8910,Bank Transfer,SAR
PAY-004641,EMP-0018,2025-12,27-12-2025,3350,838,335,0,0,0,4523,408.33,492.09,0,1950,0,2358.33,2164.67,Bank Transfer,SAR
PAY-004642,EMP-0019,2025-12,27-12-2025,4700,1175,470,0,0,0,6345,572.81,690.31,0,0,0,572.81,5772.19,Bank Transfer,SAR
PAY-004643,EMP-0020,2025-12,27-12-2025,11450,2863,1145,0,0,0,15458,0,286.26,0,0,0,0,15458,Bank Transfer,SAR
PAY-004644,EMP-0021,2025-12,27-12-2025,8800,2200,880,0,7.5,412.5,12292.5,1072.5,1292.5,0,0,0,1072.5,11220,Bank Transfer,SAR
PAY-004645,EMP-0022,2025-12,27-12-2025,11500,2875,1150,0,22.5,1617.19,17142.19,1401.56,1689.06,1035,0,220,2656.56,14485.63,Bank Transfer,SAR
PAY-004646,EMP-0023,2025-12,27-12-2025,3400,850,340,0,0,0,4590,0,85,0,1500,0,1500,3090,Bank Transfer,SAR
PAY-004647,EMP-0024,2025-12,27-12-2025,23700,5925,1200,0,0,0,30825,2888.44,3480.94,0,0,0,2888.44,27936.56,Bank Transfer,SAR
PAY-004648,EMP-0025,2025-12,27-12-2025,6000,1500,600,0,0,0,8100,0,150,0,0,0,0,8100,Bank Transfer,SAR
PAY-004649,EMP-0026,2025-12,27-12-2025,3300,825,330,0,0,0,4455,402.19,484.69,0,0,0,402.19,4052.81,Bank Transfer,SAR
PAY-004650,EMP-0027,2025-12,27-12-2025,3350,838,335,0,0,0,4523,0,83.76,150.77,0,0,150.77,4372.23,Bank Transfer,SAR
PAY-004651,EMP-0028,2025-12,27-12-2025,9000,2250,900,0,18,1012.5,13162.5,0,225,0,0,0,0,13162.5,WPS Transfer,SAR
PAY-004652,EMP-0029,2025-12,27-12-2025,3550,888,355,0,10,221.88,5014.88,432.71,521.46,0,0,0,432.71,4582.17,Bank Transfer,SAR
PAY-004653,EMP-0030,2025-12,27-12-2025,4550,1138,455,850,0,0,6993,554.58,668.34,0,0,80,634.58,6358.42,Bank Transfer,SAR
PAY-004654,EMP-0031,2025-12,27-12-2025,3800,950,380,0,25.5,605.63,5735.63,463.13,558.13,0,0,160,623.13,5112.5,Bank Transfer,SAR
PAY-004655,EMP-0032,2025-12,27-12-2025,12650,3163,1200,0,18.5,1462.66,18475.66,0,316.26,0,0,0,0,18475.66,Bank Transfer,SAR
PAY-004656,EMP-0033,2025-12,27-12-2025,11750,2938,1175,0,0,0,15863,0,293.76,0,1500,0,1500,14363,Bank Transfer,SAR
PAY-004657,EMP-0034,2025-12,27-12-2025,11650,2913,1165,0,3.5,254.84,15982.84,0,291.26,0,0,0,0,15982.84,WPS Transfer,SAR
PAY-004658,EMP-0035,2025-12,27-12-2025,7300,1825,730,250,0,0,10105,0,182.5,0,0,0,0,10105,WPS Transfer,SAR
PAY-004659,EMP-0036,2025-12,27-12-2025,6950,1738,695,0,0,0,9383,847.08,1020.84,0,0,0,847.08,8535.92,Bank Transfer,SAR
PAY-004660,EMP-0037,2025-12,27-12-2025,3550,888,355,0,12,266.25,5059.25,0,88.76,159.77,0,0,159.77,4899.48,Bank Transfer,SAR
PAY-004661,EMP-0038,2025-12,27-12-2025,4400,1100,440,1200,0,0,7140,0,110,0,0,0,0,7140,Bank Transfer,SAR
PAY-004662,EMP-0039,2025-12,27-12-2025,7100,1775,710,0,6.5,288.44,9873.44,865.31,1042.81,0,0,0,865.31,9008.13,Bank Transfer,SAR
PAY-004663,EMP-0040,2025-12,27-12-2025,30000,7500,1200,0,0,0,38700,0,750,0,0,0,0,38700,Bank Transfer,SAR
PAY-004664,EMP-0041,2025-12,27-12-2025,9050,2263,905,0,9.5,537.34,12755.34,1103.02,1329.28,0,0,0,1103.02,11652.32,Bank Transfer,SAR
PAY-004665,EMP-0042,2025-12,27-12-2025,4550,1138,455,0,18,511.88,6654.88,0,113.76,409.53,0,0,409.53,6245.35,Bank Transfer,SAR
PAY-004666,EMP-0043,2025-12,27-12-2025,4450,1113,445,0,8.5,236.41,6244.41,0,111.26,0,0,0,0,6244.41,Bank Transfer,SAR
PAY-004667,EMP-0044,2025-12,27-12-2025,7600,1900,760,0,22.5,1068.75,11328.75,0,190,684,850,0,1534,9794.75,Bank Transfer,SAR
PAY-004668,EMP-0045,2025-12,27-12-2025,6100,1525,610,0,0,0,8235,0,152.5,0,0,0,0,8235,Bank Transfer,SAR
PAY-004669,EMP-0046,2025-12,27-12-2025,3450,863,345,0,6.5,140.16,4798.16,0,86.26,0,0,0,0,4798.16,Bank Transfer,SAR
PAY-004670,EMP-0047,2025-12,27-12-2025,8350,2088,835,0,9.5,495.78,11768.78,1017.71,1226.46,0,0,0,1017.71,10751.07,Bank Transfer,SAR
PAY-004671,EMP-0048,2025-12,27-12-2025,21750,5438,1200,0,0,0,28388,2650.83,3194.59,0,0,0,2650.83,25737.17,Bank Transfer,SAR
PAY-004672,EMP-0049,2025-12,27-12-2025,4100,1025,410,1500,0,0,7035,499.69,602.19,0,0,0,499.69,6535.31,WPS Transfer,SAR
PAY-004673,EMP-0050,2025-12,27-12-2025,3250,813,325,0,16,325,4713,0,81.26,0,950,0,950,3763,Bank Transfer,SAR
PAY-004674,EMP-0051,2025-12,27-12-2025,7700,1925,770,0,15.5,745.94,11140.94,0,192.5,0,0,190,190,10950.94,Bank Transfer,SAR
PAY-004675,EMP-0052,2025-12,27-12-2025,4700,1175,470,2100,23.5,690.31,9135.31,572.81,690.31,0,0,0,572.81,8562.5,Bank Transfer,SAR
PAY-004676,EMP-0053,2025-12,27-12-2025,4100,1025,410,0,0,0,5535,499.69,602.19,0,500,0,999.69,4535.31,Bank Transfer,SAR
PAY-004677,EMP-0055,2025-12,27-12-2025,4250,1063,425,0,0,0,5738,0,106.26,0,1750,0,1750,3988,Bank Transfer,SAR
PAY-004678,EMP-0057,2025-12,27-12-2025,4550,1138,455,0,0,0,6143,554.58,668.34,0,2050,0,2604.58,3538.42,Bank Transfer,SAR
PAY-004679,EMP-0058,2025-12,27-12-2025,3850,963,385,0,0,0,5198,0,96.26,0,0,0,0,5198,Bank Transfer,SAR
PAY-004680,EMP-0059,2025-12,27-12-2025,9300,2325,930,0,0,0,12555,0,232.5,0,1850,140,1990,10565,Bank Transfer,SAR
PAY-004681,EMP-0060,2025-12,27-12-2025,4500,1125,450,1750,13,365.63,8190.63,548.44,660.94,0,650,230,1428.44,6762.19,Bank Transfer,SAR
PAY-004682,EMP-0062,2025-12,27-12-2025,4050,1013,405,0,18,455.63,5923.63,0,101.26,0,0,0,0,5923.63,Bank Transfer,SAR
PAY-004683,EMP-0063,2025-12,27-12-2025,8050,2013,805,0,12,603.75,11471.75,981.14,1182.4,0,1300,0,2281.14,9190.61,Bank Transfer,SAR
PAY-004684,EMP-0064,2025-12,27-12-2025,4600,1150,460,2300,12.5,359.38,8869.38,0,115,0,950,0,950,7919.38,Bank Transfer,SAR
PAY-004685,EMP-0065,2025-12,27-12-2025,28650,7163,1200,850,0,0,37863,0,716.26,0,0,0,0,37863,Bank Transfer,SAR
PAY-004686,EMP-0066,2025-12,27-12-2025,3950,988,395,0,0,0,5333,0,98.76,177.77,0,0,177.77,5155.23,WPS Transfer,SAR
PAY-004687,EMP-0067,2025-12,27-12-2025,3450,863,345,1850,0,0,6508,420.52,506.78,0,350,0,770.52,5737.48,Bank Transfer,SAR
PAY-004688,EMP-0068,2025-12,27-12-2025,3750,938,375,2200,0,0,7263,0,93.76,0,0,0,0,7263,Bank Transfer,SAR
PAY-004689,EMP-0069,2025-12,27-12-2025,25850,6463,1200,0,0,0,33513,0,646.26,0,2150,0,2150,31363,Bank Transfer,SAR
PAY-004690,EMP-0070,2025-12,27-12-2025,3700,925,370,2100,0,0,7095,0,92.5,0,0,0,0,7095,Bank Transfer,SAR
PAY-004691,EMP-0071,2025-12,27-12-2025,7100,1775,710,0,15,665.63,10250.63,0,177.5,0,0,0,0,10250.63,Bank Transfer,SAR
PAY-004692,EMP-0072,2025-12,27-12-2025,4450,1113,445,0,0,0,6008,0,111.26,0,1700,0,1700,4308,Bank Transfer,SAR
PAY-004693,EMP-0073,2025-12,27-12-2025,27600,6900,1200,0,0,0,35700,3363.75,4053.75,0,0,0,3363.75,32336.25,Bank Transfer,SAR
PAY-004694,EMP-0074,2025-12,27-12-2025,3300,825,330,0,0,0,4455,402.19,484.69,0,0,0,402.19,4052.81,Bank Transfer,SAR
PAY-004695,EMP-0076,2025-12,27-12-2025,4400,1100,440,1150,0,0,7090,0,110,198,0,0,198,6892,Bank Transfer,SAR
PAY-004696,EMP-0077,2025-12,27-12-2025,4600,1150,460,0,18.5,531.88,6741.88,0,115,0,0,0,0,6741.88,Bank Transfer,SAR
PAY-004697,EMP-0079,2025-12,27-12-2025,6450,1613,645,1200,0,0,9908,786.14,947.4,580.53,0,0,1366.67,8541.33,Bank Transfer,SAR
PAY-004698,EMP-0080,2025-12,27-12-2025,3200,800,320,0,0,0,4320,0,80,0,0,0,0,4320,Bank Transfer,SAR
PAY-004699,EMP-0081,2025-12,27-12-2025,8250,2063,825,0,8,412.5,11550.5,0,206.26,0,0,0,0,11550.5,Bank Transfer,SAR
PAY-004700,EMP-0082,2025-12,27-12-2025,4000,1000,400,0,20.5,512.5,5912.5,0,100,0,1050,100,1150,4762.5,Bank Transfer,SAR
PAY-004701,EMP-0083,2025-12,27-12-2025,10200,2550,1020,0,23,1466.25,15236.25,0,255,0,0,0,0,15236.25,Bank Transfer,SAR
PAY-004702,EMP-0084,2025-12,27-12-2025,12750,3188,1200,0,17,1354.69,18492.69,0,318.76,0,0,0,0,18492.69,Bank Transfer,SAR
PAY-004703,EMP-0086,2025-12,27-12-2025,3550,888,355,2050,0,0,6843,0,88.76,0,0,0,0,6843,Bank Transfer,SAR
PAY-004704,EMP-0087,2025-12,27-12-2025,25550,6388,1200,0,0,0,33138,3113.96,3752.71,0,0,0,3113.96,30024.04,Bank Transfer,SAR
PAY-004705,EMP-0088,2025-12,27-12-2025,23950,5988,1200,550,0,0,31688,2918.96,3517.71,0,0,0,2918.96,28769.04,Bank Transfer,SAR
PAY-004706,EMP-0089,2025-12,27-12-2025,20900,5225,1200,0,0,0,27325,0,522.5,0,0,0,0,27325,Bank Transfer,SAR
PAY-004707,EMP-0091,2025-12,27-12-2025,34650,8663,1200,0,0,0,44513,4223.02,5089.28,0,0,0,4223.02,40289.98,WPS Transfer,SAR
PAY-004708,EMP-0092,2025-12,27-12-2025,4550,1138,455,2000,13.5,383.91,8526.91,554.58,668.34,0,0,0,554.58,7972.33,Bank Transfer,SAR
PAY-004709,EMP-0093,2025-12,27-12-2025,4900,1225,490,0,0,0,6615,0,122.5,0,0,0,0,6615,Bank Transfer,SAR
PAY-004710,EMP-0095,2025-12,27-12-2025,18600,4650,1200,1450,0,0,25900,0,465,0,0,0,0,25900,Bank Transfer,SAR
PAY-004711,EMP-0097,2025-12,27-12-2025,5050,1263,505,0,7.5,236.72,7054.72,0,126.26,0,0,0,0,7054.72,Bank Transfer,SAR
PAY-004712,EMP-0098,2025-12,27-12-2025,6350,1588,635,0,23.5,932.66,9505.66,0,158.76,0,550,0,550,8955.66,Bank Transfer,SAR
PAY-004713,EMP-0099,2025-12,27-12-2025,11850,2963,1185,0,8,592.5,16590.5,1444.27,1740.53,0,0,0,1444.27,15146.23,Bank Transfer,SAR
PAY-004714,EMP-0100,2025-12,27-12-2025,12900,3225,1200,0,22,1773.75,19098.75,0,322.5,0,0,0,0,19098.75,Bank Transfer,SAR
PAY-004715,EMP-0102,2025-12,27-12-2025,4650,1163,465,0,0,0,6278,566.77,683.03,418.53,0,0,985.3,5292.7,Bank Transfer,SAR
PAY-004716,EMP-0103,2025-12,27-12-2025,5350,1338,535,0,0,0,7223,0,133.76,0,0,0,0,7223,Bank Transfer,SAR
PAY-004717,EMP-0104,2025-12,27-12-2025,6350,1588,635,0,22,873.13,9446.13,773.96,932.71,0,0,0,773.96,8672.17,WPS Transfer,SAR
PAY-004718,EMP-0105,2025-12,27-12-2025,21650,5413,1200,2350,13.5,1826.72,32439.72,2638.64,3179.9,0,1000,0,3638.64,28801.08,Bank Transfer,SAR
PAY-004719,EMP-0106,2025-12,27-12-2025,24950,6238,1200,0,0,0,32388,3040.83,3664.59,0,0,0,3040.83,29347.17,Bank Transfer,SAR
PAY-004720,EMP-0107,2025-12,27-12-2025,26350,6588,1200,0,0,0,34138,3211.46,3870.21,0,0,0,3211.46,30926.54,Bank Transfer,SAR
PAY-004721,EMP-0108,2025-12,27-12-2025,6050,1513,605,0,0,0,8168,0,151.26,0,0,0,0,8168,Bank Transfer,SAR
PAY-004722,EMP-0109,2025-12,27-12-2025,10900,2725,1090,0,19,1294.38,16009.38,0,272.5,981,0,0,981,15028.38,Bank Transfer,SAR
PAY-004723,EMP-0111,2025-12,27-12-2025,11050,2763,1105,0,7.5,517.97,15435.97,1346.77,1623.03,0,0,0,1346.77,14089.2,Bank Transfer,SAR
PAY-004724,EMP-0112,2025-12,27-12-2025,17550,4388,1200,0,0,0,23138,0,438.76,0,0,0,0,23138,Bank Transfer,SAR
PAY-004725,EMP-0113,2025-12,27-12-2025,12550,3138,1200,0,0,0,16888,1529.58,1843.34,0,0,0,1529.58,15358.42,Bank Transfer,SAR
PAY-004726,EMP-0114,2025-12,27-12-2025,11300,2825,1130,1700,0,0,16955,0,282.5,0,0,0,0,16955,Bank Transfer,SAR
PAY-004727,EMP-0116,2025-12,27-12-2025,4550,1138,455,0,19.5,554.53,6697.53,0,113.76,0,0,0,0,6697.53,Bank Transfer,SAR
PAY-004728,EMP-0117,2025-12,27-12-2025,22450,5613,1200,0,0,0,29263,2736.14,3297.4,975.43,0,0,3711.57,25551.43,Bank Transfer,SAR
PAY-004729,EMP-0118,2025-12,27-12-2025,18200,4550,1200,0,22,2502.5,26452.5,2218.13,2673.13,1596.67,0,0,3814.8,22637.7,Bank Transfer,SAR
PAY-004730,EMP-0119,2025-12,27-12-2025,5300,1325,530,1350,24,795,9300,0,132.5,0,0,0,0,9300,Cheque,SAR
PAY-004731,EMP-0120,2025-12,27-12-2025,12250,3063,1200,0,22.5,1722.66,18235.66,1493.02,1799.28,0,0,0,1493.02,16742.64,Bank Transfer,SAR
PAY-004732,EMP-0121,2025-12,27-12-2025,4700,1175,470,600,0,0,6945,0,117.5,0,0,300,300,6645,Bank Transfer,SAR
PAY-004733,EMP-0122,2025-12,27-12-2025,5250,1313,525,0,5.5,180.47,7268.47,0,131.26,0,0,0,0,7268.47,Bank Transfer,SAR
PAY-004734,EMP-0123,2025-12,27-12-2025,5450,1363,545,0,0,0,7358,664.27,800.53,0,0,0,664.27,6693.73,WPS Transfer,SAR
PAY-004735,EMP-0124,2025-12,27-12-2025,28200,7050,1200,0,0,0,36450,3436.88,4141.88,0,1250,0,4686.88,31763.12,Bank Transfer,SAR
PAY-004736,EMP-0126,2025-12,27-12-2025,6100,1525,610,0,21.5,819.69,9054.69,0,152.5,0,1950,0,1950,7104.69,Bank Transfer,SAR
PAY-004737,EMP-0127,2025-12,27-12-2025,9350,2338,935,0,15,876.56,13499.56,0,233.76,0,0,0,0,13499.56,Bank Transfer,SAR
PAY-004738,EMP-0129,2025-12,27-12-2025,4850,1213,485,0,16,485,7033,591.14,712.4,218.27,850,0,1659.41,5373.59,Bank Transfer,SAR
PAY-004739,EMP-0130,2025-12,27-12-2025,6350,1588,635,0,6,238.13,8811.13,0,158.76,0,0,0,0,8811.13,WPS Transfer,SAR
PAY-004740,EMP-0131,2025-12,27-12-2025,20750,5188,1200,0,0,0,27138,0,518.76,0,2300,0,2300,24838,WPS Transfer,SAR
PAY-004741,EMP-0132,2025-12,27-12-2025,5400,1350,540,0,13.5,455.63,7745.63,658.13,793.13,0,0,0,658.13,7087.5,Bank Transfer,SAR
PAY-004742,EMP-0133,2025-12,27-12-2025,11850,2963,1185,0,0,0,15998,0,296.26,0,0,0,0,15998,Bank Transfer,SAR
PAY-004743,EMP-0134,2025-12,27-12-2025,4750,1188,475,1150,22.5,667.97,8230.97,0,118.76,0,0,0,0,8230.97,Bank Transfer,SAR
PAY-004744,EMP-0135,2025-12,27-12-2025,5700,1425,570,0,0,0,7695,0,142.5,0,1000,0,1000,6695,Bank Transfer,SAR
PAY-004745,EMP-0136,2025-12,27-12-2025,4850,1213,485,0,0,0,6548,0,121.26,0,0,0,0,6548,Bank Transfer,SAR
PAY-004746,EMP-0137,2025-12,27-12-2025,20100,5025,1200,1850,0,0,28175,0,502.5,0,0,0,0,28175,Bank Transfer,SAR
PAY-004747,EMP-0138,2025-12,27-12-2025,17050,4263,1200,0,0,0,22513,0,426.26,0,950,0,950,21563,Bank Transfer,SAR
PAY-004748,EMP-0140,2025-12,27-12-2025,10050,2513,1005,0,23,1444.69,15012.69,0,251.26,0,0,0,0,15012.69,Bank Transfer,SAR
PAY-004749,EMP-0141,2025-12,27-12-2025,6000,1500,600,0,22.5,843.75,8943.75,731.25,881.25,0,0,0,731.25,8212.5,Bank Transfer,SAR
PAY-004750,EMP-0142,2025-12,27-12-2025,4900,1225,490,0,21.5,658.44,7273.44,597.19,719.69,0,0,0,597.19,6676.25,Bank Transfer,SAR
PAY-004751,EMP-0145,2025-12,27-12-2025,5000,1250,500,0,0,0,6750,0,125,0,0,0,0,6750,WPS Transfer,SAR
PAY-004752,EMP-0146,2025-12,27-12-2025,17050,4263,1200,0,0,0,22513,2078.02,2504.28,0,0,0,2078.02,20434.98,Bank Transfer,SAR
PAY-004753,EMP-0147,2025-12,27-12-2025,4850,1213,485,0,9,272.81,6820.81,591.14,712.4,0,0,0,591.14,6229.67,Bank Transfer,SAR
PAY-004754,EMP-0149,2025-12,27-12-2025,20200,5050,1200,950,0,0,27400,2461.88,2966.88,0,0,0,2461.88,24938.12,Bank Transfer,SAR
PAY-004755,EMP-0150,2025-12,27-12-2025,17050,4263,1200,0,11.5,1225.47,23738.47,2078.02,2504.28,0,0,0,2078.02,21660.45,Bank Transfer,SAR
PAY-004756,EMP-0151,2025-12,27-12-2025,16150,4038,1200,0,5,504.69,21892.69,1968.33,2372.09,0,0,70,2038.33,19854.36,Bank Transfer,SAR
PAY-004757,EMP-0152,2025-12,27-12-2025,21350,5338,1200,0,16.5,2201.72,30089.72,0,533.76,0,0,0,0,30089.72,Bank Transfer,SAR
PAY-004758,EMP-0153,2025-12,27-12-2025,12500,3125,1200,0,3.5,273.44,17098.44,1523.44,1835.94,0,850,0,2373.44,14725,Bank Transfer,SAR
PAY-004759,EMP-0155,2025-12,27-12-2025,28050,7013,1200,0,0,0,36263,0,701.26,1208.77,0,0,1208.77,35054.23,Bank Transfer,SAR
PAY-004760,EMP-0157,2025-12,27-12-2025,11300,2825,1130,250,2,141.25,15646.25,0,282.5,0,0,0,0,15646.25,Bank Transfer,SAR
PAY-004761,EMP-0158,2025-12,27-12-2025,4550,1138,455,0,0,0,6143,0,113.76,0,0,0,0,6143,Bank Transfer,SAR
PAY-004762,EMP-0159,2025-12,27-12-2025,4650,1163,465,0,7.5,217.97,6495.97,566.77,683.03,0,0,0,566.77,5929.2,Bank Transfer,SAR
PAY-004763,EMP-0160,2025-12,27-12-2025,6000,1500,600,0,5.5,206.25,8306.25,731.25,881.25,270,0,0,1001.25,7305,Bank Transfer,SAR
PAY-004764,EMP-0161,2025-12,27-12-2025,25100,6275,1200,0,0,0,32575,3059.06,3686.56,0,0,0,3059.06,29515.94,Bank Transfer,SAR
PAY-004765,EMP-0162,2025-12,27-12-2025,10350,2588,1035,0,14,905.63,14878.63,0,258.76,0,0,0,0,14878.63,Bank Transfer,SAR
PAY-004766,EMP-0163,2025-12,27-12-2025,3850,963,385,650,8.5,204.53,6052.53,469.27,565.53,0,2150,0,2619.27,3433.26,Bank Transfer,SAR
PAY-004767,EMP-0164,2025-12,27-12-2025,6250,1563,625,0,12,468.75,8906.75,761.77,918.03,0,0,0,761.77,8144.98,Bank Transfer,SAR
PAY-004768,EMP-0165,2025-12,27-12-2025,4500,1125,450,0,0,0,6075,0,112.5,0,0,0,0,6075,WPS Transfer,SAR
PAY-004769,EMP-0167,2025-12,27-12-2025,3450,863,345,0,23.5,506.72,5164.72,420.52,506.78,155.27,800,0,1375.79,3788.93,Bank Transfer,SAR
PAY-004770,EMP-0168,2025-12,27-12-2025,11900,2975,1190,0,0,0,16065,0,297.5,0,0,0,0,16065,Bank Transfer,SAR
PAY-004771,EMP-0169,2025-12,27-12-2025,3250,813,325,0,16.5,335.16,4723.16,0,81.26,0,0,0,0,4723.16,Bank Transfer,SAR
PAY-004772,EMP-0170,2025-12,27-12-2025,7550,1888,755,0,21,990.94,11183.94,920.21,1108.96,0,0,0,920.21,10263.73,Bank Transfer,SAR
PAY-004773,EMP-0171,2025-12,27-12-2025,8550,2138,855,0,17.5,935.16,12478.16,0,213.76,0,0,0,0,12478.16,Bank Transfer,SAR
PAY-004774,EMP-0172,2025-12,27-12-2025,7650,1913,765,0,26,1243.13,11571.13,932.39,1123.65,0,0,0,932.39,10638.74,Bank Transfer,SAR
PAY-004775,EMP-0173,2025-12,27-12-2025,8850,2213,885,950,0,0,12898,0,221.26,0,0,0,0,12898,Bank Transfer,SAR
PAY-004776,EMP-0174,2025-12,27-12-2025,6300,1575,630,0,0,0,8505,767.81,925.31,567,0,220,1554.81,6950.19,Bank Transfer,SAR
PAY-004777,EMP-0175,2025-12,27-12-2025,4500,1125,450,0,0,0,6075,548.44,660.94,0,0,0,548.44,5526.56,Bank Transfer,SAR
PAY-004778,EMP-0176,2025-12,27-12-2025,6100,1525,610,1900,0,0,10135,743.44,895.94,0,0,0,743.44,9391.56,Bank Transfer,SAR
PAY-004779,EMP-0177,2025-12,27-12-2025,4400,1100,440,1550,8.5,233.75,7723.75,0,110,0,0,0,0,7723.75,Bank Transfer,SAR
PAY-004780,EMP-0178,2025-12,27-12-2025,4600,1150,460,0,0,0,6210,560.63,675.63,0,800,0,1360.63,4849.37,Bank Transfer,SAR
PAY-004781,EMP-0180,2025-12,27-12-2025,4600,1150,460,0,0,0,6210,0,115,0,0,0,0,6210,Bank Transfer,SAR
PAY-004782,EMP-0181,2025-12,27-12-2025,6450,1613,645,0,25,1007.81,9715.81,786.14,947.4,0,0,0,786.14,8929.67,Bank Transfer,SAR
PAY-004783,EMP-0182,2025-12,27-12-2025,7450,1863,745,0,12,558.75,10616.75,0,186.26,0,2100,0,2100,8516.75,Bank Transfer,SAR
PAY-004784,EMP-0183,2025-12,27-12-2025,4700,1175,470,1300,0,0,7645,572.81,690.31,0,0,0,572.81,7072.19,Bank Transfer,SAR
PAY-004785,EMP-0184,2025-12,27-12-2025,8900,2225,890,0,0,0,12015,0,222.5,0,0,140,140,11875,Bank Transfer,SAR
PAY-004786,EMP-0186,2025-12,27-12-2025,3250,813,325,1500,0,0,5888,396.14,477.4,0,0,0,396.14,5491.86,WPS Transfer,SAR
PAY-004787,EMP-0187,2025-12,27-12-2025,7150,1788,715,450,0,0,10103,0,178.76,0,2250,0,2250,7853,Bank Transfer,SAR
PAY-004788,EMP-0188,2025-12,27-12-2025,8550,2138,855,0,22,1175.63,12718.63,1042.08,1255.84,0,0,0,1042.08,11676.55,Bank Transfer,SAR
PAY-004789,EMP-0189,2025-12,27-12-2025,3450,863,345,0,16,345,5003,0,86.26,0,0,0,0,5003,Bank Transfer,SAR
PAY-004790,EMP-0190,2025-12,27-12-2025,4750,1188,475,0,23.5,697.66,7110.66,0,118.76,0,0,110,110,7000.66,Bank Transfer,SAR
PAY-004791,EMP-0191,2025-12,27-12-2025,3800,950,380,0,0,0,5130,0,95,0,0,0,0,5130,Bank Transfer,SAR
PAY-004792,EMP-0192,2025-12,27-12-2025,3750,938,375,0,20,468.75,5531.75,0,93.76,0,0,0,0,5531.75,Bank Transfer,SAR
PAY-004793,EMP-0193,2025-12,27-12-2025,3650,913,365,1650,21,479.06,7057.06,0,91.26,0,0,0,0,7057.06,Bank Transfer,SAR
PAY-004794,EMP-0194,2025-12,27-12-2025,4750,1188,475,0,0,0,6413,0,118.76,0,0,510,510,5903,Bank Transfer,SAR
PAY-004795,EMP-0195,2025-12,27-12-2025,6150,1538,615,0,11.5,442.03,8745.03,0,153.76,0,0,0,0,8745.03,Bank Transfer,SAR
PAY-004796,EMP-0196,2025-12,27-12-2025,8550,2138,855,0,7,374.06,11917.06,0,213.76,0,1200,0,1200,10717.06,Bank Transfer,SAR
PAY-004797,EMP-0197,2025-12,27-12-2025,12000,3000,1200,0,0,0,16200,0,300,0,0,0,0,16200,Bank Transfer,SAR
PAY-004798,EMP-0198,2025-12,27-12-2025,3400,850,340,650,18.5,393.13,5633.13,0,85,0,0,0,0,5633.13,WPS Transfer,SAR
PAY-004799,EMP-0199,2025-12,27-12-2025,7700,1925,770,0,2,96.25,10491.25,0,192.5,0,0,0,0,10491.25,Bank Transfer,SAR
PAY-004800,EMP-0200,2025-12,27-12-2025,11500,2875,1150,0,3,215.63,15740.63,0,287.5,0,0,0,0,15740.63,Bank Transfer,SAR
PAY-004801,EMP-0201,2025-12,27-12-2025,3700,925,370,0,25.5,589.69,5584.69,0,92.5,0,0,0,0,5584.69,Bank Transfer,SAR
PAY-004802,EMP-0202,2025-12,27-12-2025,8800,2200,880,0,21,1155,13035,1072.5,1292.5,396,0,0,1468.5,11566.5,Bank Transfer,SAR
PAY-004803,EMP-0203,2025-12,27-12-2025,4150,1038,415,0,11,285.31,5888.31,505.83,609.59,0,0,0,505.83,5382.48,Bank Transfer,SAR
PAY-004804,EMP-0205,2025-12,27-12-2025,4450,1113,445,400,10,278.13,6686.13,542.39,653.65,400.53,0,0,942.92,5743.21,Bank Transfer,SAR
PAY-004805,EMP-0207,2025-12,27-12-2025,4450,1113,445,400,4.5,125.16,6533.16,0,111.26,0,900,0,900,5633.16,Bank Transfer,SAR
PAY-004806,EMP-0208,2025-12,27-12-2025,4300,1075,430,0,9,241.88,6046.88,0,107.5,0,0,0,0,6046.88,Bank Transfer,SAR
PAY-004807,EMP-0209,2025-12,27-12-2025,3500,875,350,2350,7.5,164.06,7239.06,0,87.5,0,0,0,0,7239.06,Bank Transfer,SAR
PAY-004808,EMP-0210,2025-12,27-12-2025,6850,1713,685,0,23,984.69,10232.69,834.89,1006.15,616.53,0,0,1451.42,8781.27,Bank Transfer,SAR
PAY-004809,EMP-0211,2025-12,27-12-2025,4450,1113,445,0,0,0,6008,0,111.26,0,0,0,0,6008,Bank Transfer,SAR
PAY-004810,EMP-0212,2025-12,27-12-2025,8700,2175,870,0,0,0,11745,1060.31,1277.81,0,0,0,1060.31,10684.69,Bank Transfer,SAR
PAY-004811,EMP-0213,2025-12,27-12-2025,3650,913,365,0,19.5,444.84,5372.84,444.89,536.15,0,0,0,444.89,4927.95,Bank Transfer,SAR
PAY-004812,EMP-0214,2025-12,27-12-2025,3250,813,325,1300,6.5,132.03,5820.03,396.14,477.4,292.53,0,0,688.67,5131.36,Bank Transfer,SAR
PAY-004813,EMP-0215,2025-12,27-12-2025,3300,825,330,0,16,330,4785,0,82.5,0,0,0,0,4785,Bank Transfer,SAR
PAY-004814,EMP-0216,2025-12,27-12-2025,7650,1913,765,0,0,0,10328,932.39,1123.65,0,0,0,932.39,9395.61,Bank Transfer,SAR
PAY-004815,EMP-0217,2025-12,27-12-2025,3450,863,345,0,25,539.06,5197.06,0,86.26,0,0,0,0,5197.06,Bank Transfer,SAR
PAY-004816,EMP-0218,2025-12,27-12-2025,4200,1050,420,0,0,0,5670,0,105,0,0,0,0,5670,Bank Transfer,SAR
PAY-004817,EMP-0219,2025-12,27-12-2025,3500,875,350,0,0,0,4725,426.56,514.06,0,0,0,426.56,4298.44,Bank Transfer,SAR
PAY-004818,EMP-0220,2025-12,27-12-2025,3950,988,395,0,0,0,5333,481.46,580.21,0,0,0,481.46,4851.54,Bank Transfer,SAR
PAY-004819,EMP-0221,2025-12,27-12-2025,25950,6488,1200,0,0,0,33638,3162.71,3811.46,0,0,0,3162.71,30475.29,Bank Transfer,SAR
PAY-004820,EMP-0222,2025-12,27-12-2025,3700,925,370,0,0,0,4995,0,92.5,0,1950,0,1950,3045,Bank Transfer,SAR
PAY-004821,EMP-0223,2025-12,27-12-2025,7500,1875,750,750,2.5,117.19,10992.19,0,187.5,0,0,0,0,10992.19,Bank Transfer,SAR
PAY-004822,EMP-0225,2025-12,27-12-2025,11800,2950,1180,0,11.5,848.13,16778.13,1438.13,1733.13,0,0,0,1438.13,15340,Bank Transfer,SAR
PAY-004823,EMP-0226,2025-12,27-12-2025,3350,838,335,0,24.5,512.97,5035.97,0,83.76,0,0,0,0,5035.97,Bank Transfer,SAR
PAY-004824,EMP-0227,2025-12,27-12-2025,4650,1163,465,0,20.5,595.78,6873.78,566.77,683.03,0,0,0,566.77,6307.01,WPS Transfer,SAR
PAY-004825,EMP-0228,2025-12,27-12-2025,4400,1100,440,0,25,687.5,6627.5,0,110,396,0,0,396,6231.5,Bank Transfer,SAR
PAY-004826,EMP-0229,2025-12,27-12-2025,3550,888,355,950,6,133.13,5876.13,0,88.76,0,1450,0,1450,4426.13,WPS Transfer,SAR
PAY-004827,EMP-0230,2025-12,27-12-2025,4650,1163,465,0,0,0,6278,566.77,683.03,418.53,600,0,1585.3,4692.7,Bank Transfer,SAR
PAY-004828,EMP-0231,2025-12,27-12-2025,4450,1113,445,250,25,695.31,6953.31,0,111.26,0,0,0,0,6953.31,Bank Transfer,SAR
PAY-004829,EMP-0232,2025-12,27-12-2025,4300,1075,430,2100,0,0,7905,0,107.5,387,0,0,387,7518,Bank Transfer,SAR
PAY-004830,EMP-0234,2025-12,27-12-2025,10700,2675,1070,0,9.5,635.31,15080.31,0,267.5,0,1700,0,1700,13380.31,Bank Transfer,SAR
PAY-004831,EMP-0236,2025-12,27-12-2025,3250,813,325,0,0,0,4388,0,81.26,0,0,0,0,4388,Bank Transfer,SAR
PAY-004832,EMP-0237,2025-12,27-12-2025,4050,1013,405,0,8,202.5,5670.5,493.64,594.9,0,0,0,493.64,5176.86,Bank Transfer,SAR
PAY-004833,EMP-0238,2025-12,27-12-2025,8750,2188,875,0,11,601.56,12414.56,0,218.76,0,0,0,0,12414.56,Bank Transfer,SAR
PAY-004834,EMP-0239,2025-12,27-12-2025,8650,2163,865,750,17,919.06,13347.06,0,216.26,0,0,500,500,12847.06,Bank Transfer,SAR
PAY-004835,EMP-0240,2025-12,27-12-2025,3550,888,355,0,0,0,4793,0,88.76,0,0,0,0,4793,Bank Transfer,SAR
PAY-004836,EMP-0241,2025-12,27-12-2025,11250,2813,1125,0,7,492.19,15680.19,1371.14,1652.4,0,0,0,1371.14,14309.05,WPS Transfer,SAR
PAY-004837,EMP-0242,2025-12,27-12-2025,3500,875,350,1050,19,415.63,6190.63,426.56,514.06,0,0,0,426.56,5764.07,Bank Transfer,SAR
PAY-004838,EMP-0243,2025-12,27-12-2025,3350,838,335,0,26,544.38,5067.38,0,83.76,150.77,0,0,150.77,4916.61,Bank Transfer,SAR
PAY-004839,EMP-0244,2025-12,27-12-2025,8550,2138,855,0,0,0,11543,1042.08,1255.84,0,0,0,1042.08,10500.92,Bank Transfer,SAR
PAY-004840,EMP-0245,2025-12,27-12-2025,4100,1025,410,0,7,179.38,5714.38,499.69,602.19,0,0,0,499.69,5214.69,Bank Transfer,SAR
PAY-004841,EMP-0246,2025-12,27-12-2025,4600,1150,460,0,13,373.75,6583.75,560.63,675.63,0,2000,0,2560.63,4023.12,Bank Transfer,SAR
PAY-004842,EMP-0247,2025-12,27-12-2025,3850,963,385,1200,12.5,300.78,6698.78,0,96.26,173.27,0,0,173.27,6525.51,Bank Transfer,SAR
PAY-004843,EMP-0248,2025-12,27-12-2025,8500,2125,850,0,17,903.13,12378.13,1035.94,1248.44,382.5,0,220,1638.44,10739.69,Bank Transfer,SAR
PAY-004844,EMP-0249,2025-12,27-12-2025,8600,2150,860,0,15.5,833.13,12443.13,0,215,0,0,0,0,12443.13,Bank Transfer,SAR
PAY-004845,EMP-0250,2025-12,27-12-2025,3950,988,395,0,0,0,5333,0,98.76,0,0,0,0,5333,Bank Transfer,SAR
PAY-004846,EMP-0251,2025-12,27-12-2025,4500,1125,450,0,0,0,6075,548.44,660.94,0,1200,0,1748.44,4326.56,Bank Transfer,SAR
PAY-004847,EMP-0252,2025-12,27-12-2025,7200,1800,720,250,0,0,9970,877.5,1057.5,0,0,0,877.5,9092.5,WPS Transfer,SAR
PAY-004848,EMP-0253,2025-12,27-12-2025,4350,1088,435,0,24,652.5,6525.5,530.21,638.96,0,0,0,530.21,5995.29,Bank Transfer,SAR
PAY-004849,EMP-0254,2025-12,27-12-2025,3200,800,320,0,0,0,4320,390,470,0,0,0,390,3930,Bank Transfer,SAR
PAY-004850,EMP-0255,2025-12,27-12-2025,9650,2413,965,0,24,1447.5,14475.5,1176.14,1417.4,0,0,0,1176.14,13299.36,Bank Transfer,SAR
PAY-004851,EMP-0256,2025-12,27-12-2025,3400,850,340,0,8.5,180.63,4770.63,0,85,306,0,0,306,4464.63,Bank Transfer,SAR
PAY-004852,EMP-0257,2025-12,27-12-2025,9150,2288,915,2350,21.5,1229.53,15932.53,0,228.76,0,0,0,0,15932.53,Bank Transfer,SAR
PAY-004853,EMP-0258,2025-12,27-12-2025,4400,1100,440,0,7.5,206.25,6146.25,0,110,0,0,0,0,6146.25,Bank Transfer,SAR
PAY-004854,EMP-0260,2025-12,27-12-2025,10550,2638,1055,0,0,0,14243,0,263.76,474.77,0,0,474.77,13768.23,Bank Transfer,SAR
PAY-004855,EMP-0261,2025-12,27-12-2025,7450,1863,745,0,0,0,10058,0,186.26,0,0,0,0,10058,Bank Transfer,SAR
PAY-004856,EMP-0262,2025-12,27-12-2025,4450,1113,445,0,13,361.56,6369.56,542.39,653.65,0,0,0,542.39,5827.17,Bank Transfer,SAR
PAY-004857,EMP-0263,2025-12,27-12-2025,11700,2925,1170,0,0,0,15795,1425.94,1718.44,0,0,0,1425.94,14369.06,Bank Transfer,SAR
PAY-004858,EMP-0264,2025-12,27-12-2025,4500,1125,450,0,19.5,548.44,6623.44,548.44,660.94,0,0,0,548.44,6075,Bank Transfer,SAR
PAY-004859,EMP-0265,2025-12,27-12-2025,8850,2213,885,0,15,829.69,12777.69,0,221.26,0,0,0,0,12777.69,Bank Transfer,SAR
PAY-004860,EMP-0266,2025-12,27-12-2025,8900,2225,890,0,14,778.75,12793.75,1084.69,1307.19,0,0,0,1084.69,11709.06,Bank Transfer,SAR
PAY-004861,EMP-0267,2025-12,27-12-2025,9150,2288,915,0,24,1372.5,13725.5,0,228.76,0,0,0,0,13725.5,Bank Transfer,SAR
PAY-004862,EMP-0268,2025-12,27-12-2025,4300,1075,430,1600,0,0,7405,0,107.5,0,0,0,0,7405,Bank Transfer,SAR
PAY-004863,EMP-0269,2025-12,27-12-2025,4450,1113,445,0,13,361.56,6369.56,0,111.26,0,0,0,0,6369.56,Bank Transfer,SAR
PAY-004864,EMP-0270,2025-12,27-12-2025,4550,1138,455,0,9.5,270.16,6413.16,554.58,668.34,0,0,0,554.58,5858.58,Bank Transfer,SAR
PAY-004865,EMP-0272,2025-12,27-12-2025,4200,1050,420,0,0,0,5670,0,105,0,0,0,0,5670,Bank Transfer,SAR
PAY-004866,EMP-0273,2025-12,27-12-2025,4750,1188,475,0,14.5,430.47,6843.47,578.96,697.71,0,1050,0,1628.96,5214.51,Bank Transfer,SAR
PAY-004867,EMP-0274,2025-12,27-12-2025,10550,2638,1055,0,0,0,14243,0,263.76,0,0,0,0,14243,Bank Transfer,SAR
PAY-004868,EMP-0275,2025-12,27-12-2025,13900,3475,1200,0,0,0,18575,1694.06,2041.56,0,0,0,1694.06,16880.94,Bank Transfer,SAR
PAY-004869,EMP-0276,2025-12,27-12-2025,13450,3363,1200,450,19.5,1639.22,20102.22,0,336.26,0,0,310,310,19792.22,Bank Transfer,SAR
PAY-004870,EMP-0277,2025-12,27-12-2025,8700,2175,870,0,0,0,11745,1060.31,1277.81,0,800,0,1860.31,9884.69,Bank Transfer,SAR
PAY-004871,EMP-0278,2025-12,27-12-2025,10350,2588,1035,0,16.5,1067.34,15040.34,1261.46,1520.22,0,0,0,1261.46,13778.88,Bank Transfer,SAR
PAY-004872,EMP-0279,2025-12,27-12-2025,10300,2575,1030,0,0,0,13905,1255.31,1512.81,0,0,0,1255.31,12649.69,Bank Transfer,SAR
PAY-004873,EMP-0280,2025-12,27-12-2025,4350,1088,435,0,7.5,203.91,6076.91,0,108.76,0,0,0,0,6076.91,Bank Transfer,SAR
PAY-004874,EMP-0281,2025-12,27-12-2025,4350,1088,435,0,25,679.69,6552.69,0,108.76,0,1700,0,1700,4852.69,WPS Transfer,SAR
PAY-004875,EMP-0282,2025-12,27-12-2025,8750,2188,875,0,25,1367.19,13180.19,1066.46,1285.21,0,0,0,1066.46,12113.73,Bank Transfer,SAR
PAY-004876,EMP-0283,2025-12,27-12-2025,3650,913,365,0,0,0,4928,0,91.26,0,0,0,0,4928,Bank Transfer,SAR
PAY-004877,EMP-0286,2025-12,27-12-2025,3900,975,390,0,17.5,426.56,5691.56,0,97.5,0,0,0,0,5691.56,Bank Transfer,SAR
PAY-004878,EMP-0287,2025-12,27-12-2025,8850,2213,885,1050,0,0,12998,0,221.26,0,0,0,0,12998,Bank Transfer,SAR
PAY-004879,EMP-0288,2025-12,27-12-2025,4350,1088,435,2250,16.5,448.59,8571.59,530.21,638.96,0,0,0,530.21,8041.38,Bank Transfer,SAR
PAY-004880,EMP-0290,2025-12,27-12-2025,3950,988,395,0,21.5,530.78,5863.78,481.46,580.21,0,0,0,481.46,5382.32,Bank Transfer,SAR
PAY-004881,EMP-0292,2025-12,27-12-2025,4750,1188,475,0,0,0,6413,578.96,697.71,0,0,0,578.96,5834.04,Bank Transfer,SAR
PAY-004882,EMP-0293,2025-12,27-12-2025,8500,2125,850,2150,9.5,504.69,14129.69,1035.94,1248.44,0,0,0,1035.94,13093.75,Bank Transfer,SAR
PAY-004883,EMP-0294,2025-12,27-12-2025,4400,1100,440,0,3.5,96.25,6036.25,536.25,646.25,0,0,0,536.25,5500,Bank Transfer,SAR
PAY-004884,EMP-0295,2025-12,27-12-2025,11000,2750,1100,0,0,0,14850,0,275,0,0,0,0,14850,Bank Transfer,SAR
PAY-004885,EMP-0296,2025-12,27-12-2025,15050,3763,1200,0,18,1693.13,21706.13,1834.27,2210.53,0,0,0,1834.27,19871.86,Bank Transfer,SAR
PAY-004886,EMP-0297,2025-12,27-12-2025,4400,1100,440,0,20,550,6490,536.25,646.25,0,0,0,536.25,5953.75,Bank Transfer,SAR
PAY-004887,EMP-0299,2025-12,27-12-2025,4600,1150,460,0,0,0,6210,0,115,414,0,0,414,5796,Bank Transfer,SAR
PAY-004888,EMP-0300,2025-12,27-12-2025,12700,3175,1200,0,21.5,1706.56,18781.56,0,317.5,0,0,0,0,18781.56,Bank Transfer,SAR
PAY-004889,EMP-0301,2025-12,27-12-2025,8700,2175,870,2000,5.5,299.06,14044.06,0,217.5,0,0,0,0,14044.06,Bank Transfer,SAR
PAY-004890,EMP-0303,2025-12,27-12-2025,9200,2300,920,0,19,1092.5,13512.5,0,230,414,0,0,414,13098.5,Bank Transfer,SAR
PAY-004891,EMP-0304,2025-12,27-12-2025,11500,2875,1150,2000,0,0,17525,0,287.5,0,0,0,0,17525,Bank Transfer,SAR
PAY-004892,EMP-0305,2025-12,27-12-2025,3850,963,385,0,10,240.63,5438.63,469.27,565.53,173.27,0,0,642.54,4796.09,Bank Transfer,SAR
PAY-004893,EMP-0306,2025-12,27-12-2025,4800,1200,480,0,15.5,465,6945,0,120,0,0,0,0,6945,Bank Transfer,SAR
PAY-004894,EMP-0307,2025-12,27-12-2025,9450,2363,945,0,0,0,12758,0,236.26,0,850,0,850,11908,Bank Transfer,SAR
PAY-004895,EMP-0308,2025-12,27-12-2025,10900,2725,1090,0,9,613.13,15328.13,0,272.5,0,0,0,0,15328.13,Bank Transfer,SAR
PAY-004896,EMP-0309,2025-12,27-12-2025,3800,950,380,0,0,0,5130,0,95,0,0,510,510,4620,Bank Transfer,SAR
PAY-004897,EMP-0310,2025-12,27-12-2025,10450,2613,1045,0,13,849.06,14957.06,0,261.26,0,0,0,0,14957.06,Bank Transfer,SAR
PAY-004898,EMP-0311,2025-12,27-12-2025,15900,3975,1200,0,16.5,1639.69,22714.69,0,397.5,0,0,0,0,22714.69,Bank Transfer,SAR
PAY-004899,EMP-0312,2025-12,27-12-2025,14350,3588,1200,0,0,0,19138,0,358.76,0,0,0,0,19138,Bank Transfer,SAR
PAY-004900,EMP-0313,2025-12,27-12-2025,11900,2975,1190,0,0,0,16065,0,297.5,0,0,530,530,15535,Bank Transfer,SAR
PAY-004901,EMP-0314,2025-12,27-12-2025,3650,913,365,1500,26,593.13,7021.13,444.89,536.15,0,1750,0,2194.89,4826.24,Bank Transfer,SAR
PAY-004902,EMP-0315,2025-12,27-12-2025,11600,2900,1160,0,0,0,15660,1413.75,1703.75,0,0,0,1413.75,14246.25,Bank Transfer,SAR
PAY-004903,EMP-0316,2025-12,27-12-2025,15200,3800,1200,900,11.5,1092.5,22192.5,0,380,0,0,0,0,22192.5,Bank Transfer,SAR
PAY-004904,EMP-0317,2025-12,27-12-2025,4250,1063,425,0,3.5,92.97,5830.97,518.02,624.28,0,0,0,518.02,5312.95,Bank Transfer,SAR
PAY-004905,EMP-0318,2025-12,27-12-2025,4100,1025,410,0,17,435.63,5970.63,499.69,602.19,0,0,0,499.69,5470.94,Bank Transfer,SAR
PAY-004906,EMP-0320,2025-12,27-12-2025,8750,2188,875,0,6,328.13,12141.13,0,218.76,0,0,0,0,12141.13,Bank Transfer,SAR
PAY-004907,EMP-0321,2025-12,27-12-2025,21300,5325,1200,0,0,0,27825,2595.94,3128.44,1855,0,0,4450.94,23374.06,Bank Transfer,SAR
PAY-004908,EMP-0322,2025-12,27-12-2025,8700,2175,870,200,0,0,11945,1060.31,1277.81,0,2400,0,3460.31,8484.69,Bank Transfer,SAR
PAY-004909,EMP-0324,2025-12,27-12-2025,6100,1525,610,1050,6,228.75,9513.75,0,152.5,0,0,0,0,9513.75,Bank Transfer,SAR
PAY-004910,EMP-0325,2025-12,27-12-2025,11300,2825,1130,0,10,706.25,15961.25,0,282.5,0,800,0,800,15161.25,Bank Transfer,SAR
PAY-004911,EMP-0326,2025-12,27-12-2025,5000,1250,500,0,13.5,421.88,7171.88,0,125,0,0,0,0,7171.88,Bank Transfer,SAR
PAY-004912,EMP-0327,2025-12,27-12-2025,9400,2350,940,2050,0,0,14740,0,235,0,0,0,0,14740,Bank Transfer,SAR
PAY-004913,EMP-0328,2025-12,27-12-2025,10850,2713,1085,1950,25,1695.31,18293.31,1322.39,1593.65,0,0,0,1322.39,16970.92,Bank Transfer,SAR
PAY-004914,EMP-0329,2025-12,27-12-2025,10700,2675,1070,0,20,1337.5,15782.5,0,267.5,963,0,0,963,14819.5,Bank Transfer,SAR
PAY-004915,EMP-0331,2025-12,27-12-2025,11600,2900,1160,0,0,0,15660,0,290,0,0,0,0,15660,Bank Transfer,SAR
PAY-004916,EMP-0332,2025-12,27-12-2025,5350,1338,535,0,0,0,7223,652.08,785.84,963.07,0,0,1615.15,5607.85,Bank Transfer,SAR
PAY-004917,EMP-0333,2025-12,27-12-2025,4700,1175,470,0,26,763.75,7108.75,0,117.5,0,0,0,0,7108.75,Bank Transfer,SAR
PAY-004918,EMP-0334,2025-12,27-12-2025,15550,3888,1200,0,24.5,2381.09,23019.09,0,388.76,0,0,0,0,23019.09,WPS Transfer,SAR
PAY-004919,EMP-0335,2025-12,27-12-2025,12650,3163,1200,350,11,869.69,18232.69,0,316.26,567.1,0,0,567.1,17665.59,Bank Transfer,SAR
PAY-004920,EMP-0336,2025-12,27-12-2025,5000,1250,500,0,5,156.25,6906.25,0,125,0,2250,0,2250,4656.25,Bank Transfer,SAR
PAY-004921,EMP-0337,2025-12,27-12-2025,8750,2188,875,0,14,765.63,12578.63,1066.46,1285.21,0,1100,0,2166.46,10412.17,Cheque,SAR
PAY-004922,EMP-0338,2025-12,27-12-2025,11550,2888,1155,1800,18.5,1335.47,18728.47,0,288.76,0,0,280,280,18448.47,Bank Transfer,SAR
PAY-004923,EMP-0339,2025-12,27-12-2025,12400,3100,1200,0,10,775,17475,1511.25,1821.25,0,0,0,1511.25,15963.75,Bank Transfer,SAR
PAY-004924,EMP-0340,2025-12,27-12-2025,11200,2800,1120,0,0,0,15120,0,280,0,0,150,150,14970,Bank Transfer,SAR
PAY-004925,EMP-0341,2025-12,27-12-2025,4900,1225,490,0,18,551.25,7166.25,0,122.5,0,0,0,0,7166.25,Bank Transfer,SAR
PAY-004926,EMP-0342,2025-12,27-12-2025,8500,2125,850,0,14,743.75,12218.75,1035.94,1248.44,0,0,0,1035.94,11182.81,Bank Transfer,SAR
PAY-004927,EMP-0343,2025-12,27-12-2025,5300,1325,530,0,0,0,7155,0,132.5,0,0,0,0,7155,Bank Transfer,SAR
PAY-004928,EMP-0344,2025-12,27-12-2025,11000,2750,1100,0,0,0,14850,0,275,0,0,0,0,14850,WPS Transfer,SAR
PAY-004929,EMP-0347,2025-12,27-12-2025,5550,1388,555,0,15.5,537.66,8030.66,0,138.76,0,0,0,0,8030.66,Bank Transfer,SAR
PAY-004930,EMP-0348,2025-12,27-12-2025,11200,2800,1120,0,0,0,15120,1365,1645,0,0,0,1365,13755,Bank Transfer,SAR
PAY-004931,EMP-0349,2025-12,27-12-2025,10850,2713,1085,0,5,339.06,14987.06,0,271.26,0,0,210,210,14777.06,Bank Transfer,SAR
PAY-004932,EMP-0350,2025-12,27-12-2025,13050,3263,1200,800,13,1060.31,19373.31,1590.52,1916.78,0,0,0,1590.52,17782.79,Bank Transfer,SAR
PAY-004933,EMP-0352,2025-12,27-12-2025,10200,2550,1020,250,12,765,14785,0,255,0,0,480,480,14305,Bank Transfer,SAR
PAY-004934,EMP-0353,2025-12,27-12-2025,10650,2663,1065,2150,0,0,16528,1298.02,1564.28,0,1900,0,3198.02,13329.98,Bank Transfer,SAR
PAY-004935,EMP-0354,2025-12,27-12-2025,12400,3100,1200,0,21.5,1666.25,18366.25,1511.25,1821.25,0,0,0,1511.25,16855,Bank Transfer,SAR
PAY-004936,EMP-0355,2025-12,27-12-2025,4700,1175,470,0,0,0,6345,0,117.5,0,0,0,0,6345,Bank Transfer,SAR
PAY-004937,EMP-0356,2025-12,27-12-2025,5700,1425,570,0,0,0,7695,694.69,837.19,0,0,0,694.69,7000.31,Bank Transfer,SAR
PAY-004938,EMP-0357,2025-12,27-12-2025,12700,3175,1200,0,0,0,17075,0,317.5,0,0,0,0,17075,Bank Transfer,SAR
PAY-004939,EMP-0358,2025-12,27-12-2025,6500,1625,650,1300,0,0,10075,792.19,954.69,0,0,0,792.19,9282.81,Bank Transfer,SAR
PAY-004940,EMP-0359,2025-12,27-12-2025,4550,1138,455,0,20,568.75,6711.75,554.58,668.34,0,0,0,554.58,6157.17,Bank Transfer,SAR
PAY-004941,EMP-0360,2025-12,27-12-2025,15300,3825,1200,1700,0,0,22025,0,382.5,0,0,0,0,22025,Bank Transfer,SAR
PAY-004942,EMP-0361,2025-12,27-12-2025,28350,7088,1200,0,0,0,36638,0,708.76,0,0,0,0,36638,Bank Transfer,SAR
PAY-004943,EMP-0363,2025-12,27-12-2025,6900,1725,690,0,23,991.88,10306.88,840.94,1013.44,1242,0,0,2082.94,8223.94,Bank Transfer,SAR
PAY-004944,EMP-0364,2025-12,27-12-2025,6050,1513,605,0,0,0,8168,737.39,888.65,0,2400,0,3137.39,5030.61,Bank Transfer,SAR
PAY-004945,EMP-0365,2025-12,27-12-2025,20850,5213,1200,0,0,0,27263,0,521.26,3635.07,0,0,3635.07,23627.93,Bank Transfer,SAR
PAY-004946,EMP-0366,2025-12,27-12-2025,12100,3025,1200,0,15.5,1172.19,17497.19,1474.69,1777.19,0,0,0,1474.69,16022.5,WPS Transfer,SAR
PAY-004947,EMP-0367,2025-12,27-12-2025,8500,2125,850,0,0,0,11475,0,212.5,765,0,0,765,10710,Bank Transfer,SAR
PAY-004948,EMP-0368,2025-12,27-12-2025,26850,6713,1200,0,0,0,34763,0,671.26,0,0,0,0,34763,Bank Transfer,SAR
PAY-004949,EMP-0369,2025-12,27-12-2025,7050,1763,705,0,0,0,9518,859.27,1035.53,0,650,530,2039.27,7478.73,Bank Transfer,SAR
PAY-004950,EMP-0370,2025-12,27-12-2025,7150,1788,715,0,3.5,156.41,9809.41,871.46,1050.21,0,0,380,1251.46,8557.95,WPS Transfer,SAR
PAY-004951,EMP-0371,2025-12,27-12-2025,11150,2788,1115,0,0,0,15053,0,278.76,1003.53,0,0,1003.53,14049.47,Bank Transfer,SAR
PAY-004952,EMP-0372,2025-12,27-12-2025,7450,1863,745,0,4.5,209.53,10267.53,0,186.26,0,550,0,550,9717.53,Bank Transfer,SAR
PAY-004953,EMP-0373,2025-12,27-12-2025,26000,6500,1200,0,0,0,33700,3168.75,3818.75,0,0,430,3598.75,30101.25,Bank Transfer,SAR
PAY-004954,EMP-0374,2025-12,27-12-2025,8650,2163,865,0,11.5,621.72,12299.72,0,216.26,0,0,0,0,12299.72,Bank Transfer,SAR
PAY-004955,EMP-0375,2025-12,27-12-2025,9600,2400,960,750,25,1500,15210,0,240,0,0,0,0,15210,Bank Transfer,SAR
PAY-004956,EMP-0376,2025-12,27-12-2025,26700,6675,1200,0,0,0,34575,0,667.5,0,0,0,0,34575,Bank Transfer,SAR
PAY-004957,EMP-0377,2025-12,27-12-2025,15650,3913,1200,2300,16,1565,24628,0,391.26,0,0,0,0,24628,Bank Transfer,SAR
PAY-004958,EMP-0378,2025-12,27-12-2025,12300,3075,1200,0,0,0,16575,0,307.5,0,0,0,0,16575,Bank Transfer,SAR
PAY-004959,EMP-0379,2025-12,27-12-2025,16750,4188,1200,2050,0,0,24188,2041.46,2460.21,0,0,0,2041.46,22146.54,Bank Transfer,SAR
PAY-004960,EMP-0381,2025-12,27-12-2025,8300,2075,830,0,21.5,1115.31,12320.31,1011.56,1219.06,0,0,0,1011.56,11308.75,Bank Transfer,SAR
PAY-004961,EMP-0382,2025-12,27-12-2025,12900,3225,1200,0,22.5,1814.06,19139.06,1572.19,1894.69,0,0,0,1572.19,17566.87,Bank Transfer,SAR
PAY-004962,EMP-0383,2025-12,27-12-2025,8250,2063,825,0,5.5,283.59,11421.59,1005.52,1211.78,0,0,0,1005.52,10416.07,Bank Transfer,SAR
PAY-004963,EMP-0384,2025-12,27-12-2025,13550,3388,1200,1650,13.5,1143.28,20931.28,0,338.76,1209.2,0,0,1209.2,19722.08,Bank Transfer,SAR
PAY-004964,EMP-0385,2025-12,27-12-2025,6650,1663,665,0,0,0,8978,810.52,976.78,299.27,0,320,1429.79,7548.21,Bank Transfer,SAR
PAY-004965,EMP-0387,2025-12,27-12-2025,7700,1925,770,0,0,0,10395,938.44,1130.94,0,0,460,1398.44,8996.56,Bank Transfer,SAR
PAY-004966,EMP-0388,2025-12,27-12-2025,8300,2075,830,0,21,1089.38,12294.38,1011.56,1219.06,0,0,0,1011.56,11282.82,Bank Transfer,SAR
PAY-004967,EMP-0389,2025-12,27-12-2025,8650,2163,865,1850,10.5,567.66,14095.66,0,216.26,778.53,0,0,778.53,13317.13,Bank Transfer,SAR
PAY-004968,EMP-0390,2025-12,27-12-2025,6250,1563,625,0,3,117.19,8555.19,0,156.26,562.53,0,0,562.53,7992.66,Bank Transfer,SAR
PAY-004969,EMP-0391,2025-12,27-12-2025,11600,2900,1160,0,0,0,15660,1413.75,1703.75,0,0,0,1413.75,14246.25,Bank Transfer,SAR
PAY-004970,EMP-0393,2025-12,27-12-2025,8700,2175,870,0,0,0,11745,0,217.5,783,0,0,783,10962,Bank Transfer,SAR
PAY-004971,EMP-0394,2025-12,27-12-2025,11350,2838,1135,2350,11,780.31,18453.31,0,283.76,0,2250,0,2250,16203.31,Bank Transfer,SAR
PAY-004972,EMP-0395,2025-12,27-12-2025,26050,6513,1200,0,0,0,33763,0,651.26,0,900,320,1220,32543,Bank Transfer,SAR
PAY-004973,EMP-0396,2025-12,27-12-2025,28150,7038,1200,0,0,0,36388,3430.83,4134.59,0,0,0,3430.83,32957.17,Bank Transfer,SAR
PAY-004974,EMP-0397,2025-12,27-12-2025,19150,4788,1200,2350,5,598.44,28086.44,0,478.76,837.93,350,120,1307.93,26778.51,Bank Transfer,SAR
PAY-004975,EMP-0398,2025-12,27-12-2025,12000,3000,1200,0,0,0,16200,1462.5,1762.5,0,0,0,1462.5,14737.5,Bank Transfer,SAR
PAY-004976,EMP-0399,2025-12,27-12-2025,5350,1338,535,0,21,702.19,7925.19,0,133.76,0,0,0,0,7925.19,Bank Transfer,SAR
PAY-004977,EMP-0400,2025-12,27-12-2025,5050,1263,505,850,11,347.19,8015.19,0,126.26,0,0,0,0,8015.19,Bank Transfer,SAR
PAY-004978,EMP-0402,2025-12,27-12-2025,13000,3250,1200,0,0,0,17450,0,325,0,0,0,0,17450,Bank Transfer,SAR
PAY-004979,EMP-0403,2025-12,27-12-2025,8750,2188,875,0,7,382.81,12195.81,1066.46,1285.21,0,0,0,1066.46,11129.35,Bank Transfer,SAR
PAY-004980,EMP-0405,2025-12,27-12-2025,10950,2738,1095,0,15,1026.56,15809.56,0,273.76,0,0,0,0,15809.56,Bank Transfer,SAR
PAY-004981,EMP-0406,2025-12,27-12-2025,12400,3100,1200,950,0,0,17650,1511.25,1821.25,0,0,0,1511.25,16138.75,Bank Transfer,SAR
PAY-004982,EMP-0407,2025-12,27-12-2025,6150,1538,615,0,10.5,403.59,8706.59,0,153.76,0,0,530,530,8176.59,Bank Transfer,SAR
PAY-004983,EMP-0409,2025-12,27-12-2025,5450,1363,545,2150,0,0,9508,664.27,800.53,0,0,0,664.27,8843.73,Bank Transfer,SAR
PAY-004984,EMP-0410,2025-12,27-12-2025,6300,1575,630,0,0,0,8505,767.81,925.31,0,0,0,767.81,7737.19,Bank Transfer,SAR
PAY-004985,EMP-0411,2025-12,27-12-2025,9350,2338,935,0,0,0,12623,1139.58,1373.34,0,0,310,1449.58,11173.42,Bank Transfer,SAR
PAY-004986,EMP-0412,2025-12,27-12-2025,6400,1600,640,0,0,0,8640,0,160,0,0,0,0,8640,Bank Transfer,SAR
PAY-004987,EMP-0414,2025-12,27-12-2025,6300,1575,630,0,24.5,964.69,9469.69,0,157.5,283.5,0,0,283.5,9186.19,Bank Transfer,SAR
PAY-004988,EMP-0415,2025-12,27-12-2025,5800,1450,580,350,4,145,8325,706.88,851.88,261,0,0,967.88,7357.12,Bank Transfer,SAR
PAY-004989,EMP-0416,2025-12,27-12-2025,4600,1150,460,1400,0,0,7610,560.63,675.63,0,0,0,560.63,7049.37,Bank Transfer,SAR
PAY-004990,EMP-0417,2025-12,27-12-2025,5900,1475,590,0,6,221.25,8186.25,719.06,866.56,0,0,0,719.06,7467.19,Bank Transfer,SAR
PAY-004991,EMP-0418,2025-12,27-12-2025,9950,2488,995,0,25.5,1585.78,15018.78,1212.71,1461.47,0,0,0,1212.71,13806.07,Bank Transfer,SAR
PAY-004992,EMP-0419,2025-12,27-12-2025,5850,1463,585,0,0,0,7898,713.02,859.28,789.8,0,0,1502.82,6395.18,Bank Transfer,SAR
PAY-004993,EMP-0420,2025-12,27-12-2025,4700,1175,470,0,0,0,6345,572.81,690.31,0,0,0,572.81,5772.19,Bank Transfer,SAR
PAY-004994,EMP-0422,2025-12,27-12-2025,9200,2300,920,0,18,1035,13455,1121.25,1351.25,0,0,0,1121.25,12333.75,Bank Transfer,SAR
PAY-004995,EMP-0424,2025-12,27-12-2025,17650,4413,1200,0,3.5,386.09,23649.09,2151.14,2592.4,775.43,0,0,2926.57,20722.52,Bank Transfer,SAR
PAY-004996,EMP-0425,2025-12,27-12-2025,5950,1488,595,0,0,0,8033,0,148.76,0,1550,0,1550,6483,Bank Transfer,SAR
PAY-004997,EMP-0426,2025-12,27-12-2025,29150,7288,1200,0,0,0,37638,0,728.76,0,0,0,0,37638,Bank Transfer,SAR
PAY-004998,EMP-0427,2025-12,27-12-2025,7750,1938,775,500,3.5,169.53,11132.53,0,193.76,0,0,0,0,11132.53,Bank Transfer,SAR
PAY-004999,EMP-0428,2025-12,27-12-2025,10850,2713,1085,0,0,0,14648,0,271.26,0,0,0,0,14648,Bank Transfer,SAR
PAY-005000,EMP-0429,2025-12,27-12-2025,8300,2075,830,0,4,207.5,11412.5,0,207.5,0,0,0,0,11412.5,Bank Transfer,SAR
PAY-005001,EMP-0430,2025-12,27-12-2025,6400,1600,640,0,21,840,9480,0,160,0,500,0,500,8980,Bank Transfer,SAR
PAY-005002,EMP-0431,2025-12,27-12-2025,8450,2113,845,0,10.5,554.53,11962.53,0,211.26,0,0,0,0,11962.53,Bank Transfer,SAR
PAY-005003,EMP-0432,2025-12,27-12-2025,8650,2163,865,0,0,0,11678,1054.27,1270.53,0,0,0,1054.27,10623.73,Bank Transfer,SAR
PAY-005004,EMP-0433,2025-12,27-12-2025,16100,4025,1200,1100,8.5,855.31,23280.31,0,402.5,0,0,0,0,23280.31,Bank Transfer,SAR
PAY-005005,EMP-0434,2025-12,27-12-2025,12250,3063,1200,1050,9,689.06,18252.06,0,306.26,0,0,0,0,18252.06,Bank Transfer,SAR
PAY-005006,EMP-0435,2025-12,27-12-2025,8750,2188,875,500,12.5,683.59,12996.59,1066.46,1285.21,0,0,0,1066.46,11930.13,Bank Transfer,SAR
PAY-005007,EMP-0436,2025-12,27-12-2025,7450,1863,745,0,10,465.63,10523.63,0,186.26,0,0,0,0,10523.63,Bank Transfer,SAR
PAY-005008,EMP-0438,2025-12,27-12-2025,8900,2225,890,0,9.5,528.44,12543.44,0,222.5,0,0,0,0,12543.44,Cheque,SAR
PAY-005009,EMP-0439,2025-12,27-12-2025,6250,1563,625,0,10,390.63,8828.63,0,156.26,0,0,0,0,8828.63,WPS Transfer,SAR
PAY-005010,EMP-0440,2025-12,27-12-2025,6800,1700,680,0,0,0,9180,0,170,306,0,220,526,8654,Bank Transfer,SAR
PAY-005011,EMP-0441,2025-12,27-12-2025,16850,4213,1200,0,0,0,22263,2053.64,2474.9,0,1300,0,3353.64,18909.36,Bank Transfer,SAR
PAY-005012,EMP-0442,2025-12,27-12-2025,7800,1950,780,0,22.5,1096.88,11626.88,950.63,1145.63,0,0,0,950.63,10676.25,Bank Transfer,SAR
PAY-005013,EMP-0443,2025-12,27-12-2025,9850,2463,985,0,0,0,13298,0,246.26,0,0,0,0,13298,Bank Transfer,SAR
PAY-005014,EMP-0444,2025-12,27-12-2025,8500,2125,850,0,14,743.75,12218.75,1035.94,1248.44,0,800,0,1835.94,10382.81,Bank Transfer,SAR
PAY-005015,EMP-0445,2025-12,27-12-2025,10900,2725,1090,1400,17.5,1192.19,17307.19,0,272.5,0,0,0,0,17307.19,Bank Transfer,SAR
PAY-005016,EMP-0446,2025-12,27-12-2025,11600,2900,1160,0,0,0,15660,1413.75,1703.75,0,0,0,1413.75,14246.25,Bank Transfer,SAR
PAY-005017,EMP-0448,2025-12,27-12-2025,12400,3100,1200,0,0,0,16700,1511.25,1821.25,556.67,0,0,2067.92,14632.08,Bank Transfer,SAR
PAY-005018,EMP-0449,2025-12,27-12-2025,6350,1588,635,0,19,754.06,9327.06,773.96,932.71,0,2050,0,2823.96,6503.1,Bank Transfer,SAR
PAY-005019,EMP-0451,2025-12,27-12-2025,26850,6713,1200,2300,0,0,37063,0,671.26,0,0,0,0,37063,Bank Transfer,SAR
PAY-005020,EMP-0452,2025-12,27-12-2025,6500,1625,650,1950,23.5,954.69,11679.69,792.19,954.69,0,0,0,792.19,10887.5,Bank Transfer,SAR
PAY-005021,EMP-0453,2025-12,27-12-2025,6300,1575,630,0,21.5,846.56,9351.56,767.81,925.31,0,1350,570,2687.81,6663.75,Bank Transfer,SAR
PAY-005022,EMP-0454,2025-12,27-12-2025,5300,1325,530,0,4.5,149.06,7304.06,645.94,778.44,477,0,0,1122.94,6181.12,Bank Transfer,SAR
PAY-005023,EMP-0455,2025-12,27-12-2025,4800,1200,480,0,0,0,6480,0,120,0,0,0,0,6480,Bank Transfer,SAR
PAY-005024,EMP-0457,2025-12,27-12-2025,5050,1263,505,800,0,0,7618,615.52,741.78,0,0,0,615.52,7002.48,Bank Transfer,SAR
PAY-005025,EMP-0459,2025-12,27-12-2025,6400,1600,640,2250,0,0,10890,780,940,0,0,0,780,10110,Bank Transfer,SAR
PAY-005026,EMP-0460,2025-12,27-12-2025,10050,2513,1005,0,14,879.38,14447.38,0,251.26,904.53,0,0,904.53,13542.85,Bank Transfer,SAR
PAY-005027,EMP-0461,2025-12,27-12-2025,4900,1225,490,0,3,91.88,6706.88,597.19,719.69,0,800,0,1397.19,5309.69,Bank Transfer,SAR
PAY-005028,EMP-0463,2025-12,27-12-2025,5850,1463,585,450,22.5,822.66,9170.66,0,146.26,0,0,0,0,9170.66,Bank Transfer,SAR
PAY-005029,EMP-0464,2025-12,27-12-2025,5800,1450,580,0,0,0,7830,706.88,851.88,0,0,0,706.88,7123.12,Bank Transfer,SAR
PAY-005030,EMP-0465,2025-12,27-12-2025,11200,2800,1120,0,7,490,15610,0,280,0,0,0,0,15610,Bank Transfer,SAR
PAY-005031,EMP-0466,2025-12,27-12-2025,11900,2975,1190,0,0,0,16065,0,297.5,535.5,0,0,535.5,15529.5,Bank Transfer,SAR
PAY-005032,EMP-0467,2025-12,27-12-2025,4650,1163,465,0,0,0,6278,566.77,683.03,0,0,0,566.77,5711.23,Bank Transfer,SAR
PAY-005033,EMP-0468,2025-12,27-12-2025,11850,2963,1185,0,24.5,1814.53,17812.53,0,296.26,0,0,0,0,17812.53,Bank Transfer,SAR
PAY-005034,EMP-0469,2025-12,27-12-2025,4600,1150,460,0,7,201.25,6411.25,0,115,0,0,0,0,6411.25,Bank Transfer,SAR
PAY-005035,EMP-0470,2025-12,27-12-2025,4600,1150,460,0,16,460,6670,0,115,0,0,0,0,6670,Bank Transfer,SAR
PAY-005036,EMP-0471,2025-12,27-12-2025,25000,6250,1200,2300,0,0,34750,3046.88,3671.88,0,0,0,3046.88,31703.12,Bank Transfer,SAR
PAY-005037,EMP-0472,2025-12,27-12-2025,8600,2150,860,0,0,0,11610,1048.13,1263.13,0,0,0,1048.13,10561.87,Bank Transfer,SAR
PAY-005038,EMP-0473,2025-12,27-12-2025,8150,2038,815,0,22,1120.63,12123.63,993.33,1197.09,0,0,0,993.33,11130.3,Bank Transfer,SAR
PAY-005039,EMP-0474,2025-12,27-12-2025,7700,1925,770,0,0,0,10395,938.44,1130.94,346.5,0,0,1284.94,9110.06,Bank Transfer,SAR
PAY-005040,EMP-0475,2025-12,27-12-2025,12800,3200,1200,850,0,0,18050,0,320,0,0,0,0,18050,Bank Transfer,SAR
PAY-005041,EMP-0476,2025-12,27-12-2025,14600,3650,1200,0,7.5,684.38,20134.38,0,365,0,0,0,0,20134.38,Bank Transfer,SAR
PAY-005042,EMP-0478,2025-12,27-12-2025,7500,1875,750,0,14.5,679.69,10804.69,914.06,1101.56,675,0,0,1589.06,9215.63,Bank Transfer,SAR
PAY-005043,EMP-0480,2025-12,27-12-2025,14150,3538,1200,2000,21,1857.19,22745.19,0,353.76,0,0,0,0,22745.19,Bank Transfer,SAR
PAY-005044,EMP-0481,2025-12,27-12-2025,15500,3875,1200,0,17,1646.88,22221.88,0,387.5,0,1350,0,1350,20871.88,Bank Transfer,SAR
PAY-005045,EMP-0482,2025-12,27-12-2025,8400,2100,840,0,2.5,131.25,11471.25,0,210,0,0,0,0,11471.25,Bank Transfer,SAR
PAY-005046,EMP-0483,2025-12,27-12-2025,8800,2200,880,0,23,1265,13145,1072.5,1292.5,0,1250,0,2322.5,10822.5,Cheque,SAR
PAY-005047,EMP-0484,2025-12,27-12-2025,10600,2650,1060,0,7,463.75,14773.75,1291.88,1556.88,0,0,510,1801.88,12971.87,Bank Transfer,SAR
PAY-005048,EMP-0485,2025-12,27-12-2025,10100,2525,1010,1950,0,0,15585,0,252.5,0,0,0,0,15585,WPS Transfer,SAR
PAY-005049,EMP-0487,2025-12,27-12-2025,10850,2713,1085,0,0,0,14648,1322.39,1593.65,0,0,0,1322.39,13325.61,Bank Transfer,SAR
PAY-005050,EMP-0488,2025-12,27-12-2025,10850,2713,1085,0,12.5,847.66,15495.66,0,271.26,0,1150,0,1150,14345.66,Bank Transfer,SAR
PAY-005051,EMP-0489,2025-12,27-12-2025,11700,2925,1170,0,0,0,15795,0,292.5,0,0,0,0,15795,Bank Transfer,SAR
PAY-005052,EMP-0490,2025-12,27-12-2025,6250,1563,625,0,11.5,449.22,8887.22,0,156.26,0,0,0,0,8887.22,Bank Transfer,SAR
PAY-005053,EMP-0491,2025-12,27-12-2025,37150,9288,1200,900,0,0,48538,4527.71,5456.46,0,0,0,4527.71,44010.29,Bank Transfer,SAR
PAY-005054,EMP-0492,2025-12,27-12-2025,21700,5425,1200,0,0,0,28325,2644.69,3187.19,0,0,0,2644.69,25680.31,Bank Transfer,SAR
PAY-005055,EMP-0493,2025-12,27-12-2025,6300,1575,630,0,21.5,846.56,9351.56,0,157.5,0,0,330,330,9021.56,Bank Transfer,SAR
PAY-005056,EMP-0494,2025-12,27-12-2025,6500,1625,650,0,0,0,8775,792.19,954.69,0,600,0,1392.19,7382.81,Bank Transfer,SAR
PAY-005057,EMP-0495,2025-12,27-12-2025,16800,4200,1200,0,0,0,22200,0,420,0,0,0,0,22200,Bank Transfer,SAR
PAY-005058,EMP-0497,2025-12,27-12-2025,8700,2175,870,0,0,0,11745,1060.31,1277.81,0,0,0,1060.31,10684.69,Bank Transfer,SAR
PAY-005059,EMP-0498,2025-12,27-12-2025,12050,3013,1200,0,0,0,16263,0,301.26,0,0,0,0,16263,Bank Transfer,SAR
PAY-005060,EMP-0499,2025-12,27-12-2025,14750,3688,1200,0,0,0,19638,1797.71,2166.46,0,0,0,1797.71,17840.29,Bank Transfer,SAR
PAY-005061,EMP-0500,2025-12,27-12-2025,22250,5563,1200,1200,0,0,30213,0,556.26,0,0,340,340,29873,Bank Transfer,SAR
PAY-005062,EMP-0001,2026-01,27-01-2026,35400,8850,1200,0,0,0,45450,4314.38,5199.38,0,0,0,4314.38,41135.62,Bank Transfer,SAR
PAY-005063,EMP-0003,2026-01,27-01-2026,8700,2175,870,0,0,0,11745,0,217.5,0,0,0,0,11745,Bank Transfer,SAR
PAY-005064,EMP-0004,2026-01,27-01-2026,3500,875,350,0,14.5,317.19,5042.19,426.56,514.06,0,0,0,426.56,4615.63,Bank Transfer,SAR
PAY-005065,EMP-0005,2026-01,27-01-2026,3450,863,345,1600,16,345,6603,0,86.26,0,0,0,0,6603,Bank Transfer,SAR
PAY-005066,EMP-0006,2026-01,27-01-2026,3200,800,320,2100,15,300,6720,390,470,288,0,460,1138,5582,Bank Transfer,SAR
PAY-005067,EMP-0007,2026-01,27-01-2026,8450,2113,845,0,2.5,132.03,11540.03,0,211.26,0,0,0,0,11540.03,Bank Transfer,SAR
PAY-005068,EMP-0008,2026-01,27-01-2026,4650,1163,465,0,3.5,101.72,6379.72,566.77,683.03,0,0,0,566.77,5812.95,Bank Transfer,SAR
PAY-005069,EMP-0009,2026-01,27-01-2026,3800,950,380,0,5.5,130.63,5260.63,463.13,558.13,0,0,0,463.13,4797.5,Bank Transfer,SAR
PAY-005070,EMP-0010,2026-01,27-01-2026,29350,7338,1200,0,0,0,37888,3577.08,4310.84,1262.93,0,120,4960.01,32927.99,Bank Transfer,SAR
PAY-005071,EMP-0011,2026-01,27-01-2026,4300,1075,430,0,0,0,5805,524.06,631.56,193.5,0,0,717.56,5087.44,Bank Transfer,SAR
PAY-005072,EMP-0014,2026-01,27-01-2026,9500,2375,950,1250,21,1246.88,15321.88,1157.81,1395.31,0,1050,0,2207.81,13114.07,Bank Transfer,SAR
PAY-005073,EMP-0015,2026-01,27-01-2026,8000,2000,800,0,0,0,10800,975,1175,0,0,0,975,9825,Bank Transfer,SAR
PAY-005074,EMP-0016,2026-01,27-01-2026,8850,2213,885,0,21,1161.56,13109.56,0,221.26,0,0,0,0,13109.56,Bank Transfer,SAR
PAY-005075,EMP-0017,2026-01,27-01-2026,6600,1650,660,0,12.5,515.63,9425.63,0,165,0,0,0,0,9425.63,Bank Transfer,SAR
PAY-005076,EMP-0018,2026-01,27-01-2026,3350,838,335,0,0,0,4523,408.33,492.09,0,0,0,408.33,4114.67,Bank Transfer,SAR
PAY-005077,EMP-0019,2026-01,27-01-2026,4700,1175,470,0,0,0,6345,572.81,690.31,0,0,0,572.81,5772.19,Bank Transfer,SAR
PAY-005078,EMP-0020,2026-01,27-01-2026,11450,2863,1145,0,7,500.94,15958.94,0,286.26,0,0,0,0,15958.94,Bank Transfer,SAR
PAY-005079,EMP-0021,2026-01,27-01-2026,8800,2200,880,600,0,0,12480,1072.5,1292.5,0,0,0,1072.5,11407.5,Bank Transfer,SAR
PAY-005080,EMP-0022,2026-01,27-01-2026,11500,2875,1150,0,0,0,15525,1401.56,1689.06,0,400,0,1801.56,13723.44,Bank Transfer,SAR
PAY-005081,EMP-0023,2026-01,27-01-2026,3400,850,340,0,0,0,4590,0,85,0,2450,0,2450,2140,Bank Transfer,SAR
PAY-005082,EMP-0024,2026-01,27-01-2026,23700,5925,1200,0,0,0,30825,2888.44,3480.94,0,0,0,2888.44,27936.56,Bank Transfer,SAR
PAY-005083,EMP-0025,2026-01,27-01-2026,6000,1500,600,0,0,0,8100,0,150,0,0,0,0,8100,Bank Transfer,SAR
PAY-005084,EMP-0026,2026-01,27-01-2026,3300,825,330,0,0,0,4455,402.19,484.69,297,0,0,699.19,3755.81,Bank Transfer,SAR
PAY-005085,EMP-0027,2026-01,27-01-2026,3350,838,335,0,8.5,177.97,4700.97,0,83.76,0,0,0,0,4700.97,Bank Transfer,SAR
PAY-005086,EMP-0028,2026-01,27-01-2026,9000,2250,900,0,0,0,12150,0,225,0,0,0,0,12150,Bank Transfer,SAR
PAY-005087,EMP-0029,2026-01,27-01-2026,3550,888,355,0,0,0,4793,432.71,521.46,0,0,0,432.71,4360.29,Bank Transfer,SAR
PAY-005088,EMP-0030,2026-01,27-01-2026,4550,1138,455,0,25,710.94,6853.94,554.58,668.34,0,0,0,554.58,6299.36,Bank Transfer,SAR
PAY-005089,EMP-0031,2026-01,27-01-2026,3800,950,380,0,4,95,5225,463.13,558.13,0,0,0,463.13,4761.87,Bank Transfer,SAR
PAY-005090,EMP-0032,2026-01,27-01-2026,12650,3163,1200,0,7,553.44,17566.44,0,316.26,0,0,0,0,17566.44,Bank Transfer,SAR
PAY-005091,EMP-0033,2026-01,27-01-2026,11750,2938,1175,1350,6.5,477.34,17690.34,0,293.76,0,600,0,600,17090.34,Bank Transfer,SAR
PAY-005092,EMP-0034,2026-01,27-01-2026,11650,2913,1165,1600,2,145.63,17473.63,0,291.26,1048.53,400,0,1448.53,16025.1,Bank Transfer,SAR
PAY-005093,EMP-0035,2026-01,27-01-2026,7300,1825,730,1350,24,1095,12300,0,182.5,0,2500,0,2500,9800,Bank Transfer,SAR
PAY-005094,EMP-0036,2026-01,27-01-2026,6950,1738,695,0,19.5,847.03,10230.03,847.08,1020.84,0,0,0,847.08,9382.95,Bank Transfer,SAR
PAY-005095,EMP-0037,2026-01,27-01-2026,3550,888,355,0,0,0,4793,0,88.76,0,0,0,0,4793,Bank Transfer,SAR
PAY-005096,EMP-0038,2026-01,27-01-2026,4400,1100,440,2000,2,55,7995,0,110,0,650,0,650,7345,Bank Transfer,SAR
PAY-005097,EMP-0039,2026-01,27-01-2026,7100,1775,710,1550,14.5,643.44,11778.44,865.31,1042.81,319.5,0,0,1184.81,10593.63,Bank Transfer,SAR
PAY-005098,EMP-0040,2026-01,27-01-2026,30000,7500,1200,0,0,0,38700,0,750,2580,850,0,3430,35270,WPS Transfer,SAR
PAY-005099,EMP-0041,2026-01,27-01-2026,9050,2263,905,1550,0,0,13768,1103.02,1329.28,0,0,0,1103.02,12664.98,Bank Transfer,SAR
PAY-005100,EMP-0042,2026-01,27-01-2026,4550,1138,455,0,18,511.88,6654.88,0,113.76,0,1000,0,1000,5654.88,Bank Transfer,SAR
PAY-005101,EMP-0043,2026-01,27-01-2026,4450,1113,445,0,22.5,625.78,6633.78,0,111.26,0,0,0,0,6633.78,Bank Transfer,SAR
PAY-005102,EMP-0044,2026-01,27-01-2026,7600,1900,760,0,13.5,641.25,10901.25,0,190,684,0,0,684,10217.25,WPS Transfer,SAR
PAY-005103,EMP-0045,2026-01,27-01-2026,6100,1525,610,0,6.5,247.81,8482.81,0,152.5,0,0,0,0,8482.81,Bank Transfer,SAR
PAY-005104,EMP-0046,2026-01,27-01-2026,3450,863,345,0,25,539.06,5197.06,0,86.26,0,0,0,0,5197.06,Bank Transfer,SAR
PAY-005105,EMP-0047,2026-01,27-01-2026,8350,2088,835,0,0,0,11273,1017.71,1226.46,0,0,0,1017.71,10255.29,Bank Transfer,SAR
PAY-005106,EMP-0048,2026-01,27-01-2026,21750,5438,1200,0,0,0,28388,2650.83,3194.59,0,2150,0,4800.83,23587.17,Bank Transfer,SAR
PAY-005107,EMP-0049,2026-01,27-01-2026,4100,1025,410,0,0,0,5535,499.69,602.19,0,0,0,499.69,5035.31,Bank Transfer,SAR
PAY-005108,EMP-0050,2026-01,27-01-2026,3250,813,325,0,0,0,4388,0,81.26,292.53,0,0,292.53,4095.47,Bank Transfer,SAR
PAY-005109,EMP-0051,2026-01,27-01-2026,7700,1925,770,2050,4,192.5,12637.5,0,192.5,0,1300,0,1300,11337.5,Bank Transfer,SAR
PAY-005110,EMP-0052,2026-01,27-01-2026,4700,1175,470,0,10.5,308.44,6653.44,572.81,690.31,211.5,2200,0,2984.31,3669.13,Bank Transfer,SAR
PAY-005111,EMP-0053,2026-01,27-01-2026,4100,1025,410,0,0,0,5535,499.69,602.19,0,1750,60,2309.69,3225.31,Bank Transfer,SAR
PAY-005112,EMP-0055,2026-01,27-01-2026,4250,1063,425,350,8.5,225.78,6313.78,0,106.26,0,0,0,0,6313.78,Bank Transfer,SAR
PAY-005113,EMP-0057,2026-01,27-01-2026,4550,1138,455,0,10,284.38,6427.38,554.58,668.34,0,0,0,554.58,5872.8,Bank Transfer,SAR
PAY-005114,EMP-0058,2026-01,27-01-2026,3850,963,385,0,18,433.13,5631.13,0,96.26,0,0,0,0,5631.13,Bank Transfer,SAR
PAY-005115,EMP-0059,2026-01,27-01-2026,9300,2325,930,0,4.5,261.56,12816.56,0,232.5,837,0,0,837,11979.56,Bank Transfer,SAR
PAY-005116,EMP-0060,2026-01,27-01-2026,4500,1125,450,2350,0,0,8425,548.44,660.94,0,0,0,548.44,7876.56,WPS Transfer,SAR
PAY-005117,EMP-0062,2026-01,27-01-2026,4050,1013,405,1750,4.5,113.91,7331.91,0,101.26,182.27,0,0,182.27,7149.64,Bank Transfer,SAR
PAY-005118,EMP-0063,2026-01,27-01-2026,8050,2013,805,0,0,0,10868,981.14,1182.4,362.27,0,0,1343.41,9524.59,Bank Transfer,SAR
PAY-005119,EMP-0064,2026-01,27-01-2026,4600,1150,460,0,0,0,6210,0,115,0,0,0,0,6210,Bank Transfer,SAR
PAY-005120,EMP-0065,2026-01,27-01-2026,28650,7163,1200,0,0,0,37013,0,716.26,0,0,0,0,37013,Bank Transfer,SAR
PAY-005121,EMP-0066,2026-01,27-01-2026,3950,988,395,500,0,0,5833,0,98.76,0,0,0,0,5833,Bank Transfer,SAR
PAY-005122,EMP-0067,2026-01,27-01-2026,3450,863,345,0,0,0,4658,420.52,506.78,0,0,0,420.52,4237.48,Bank Transfer,SAR
PAY-005123,EMP-0068,2026-01,27-01-2026,3750,938,375,0,17.5,410.16,5473.16,0,93.76,0,0,0,0,5473.16,Bank Transfer,SAR
PAY-005124,EMP-0069,2026-01,27-01-2026,25850,6463,1200,0,0,0,33513,0,646.26,1117.1,0,0,1117.1,32395.9,Bank Transfer,SAR
PAY-005125,EMP-0070,2026-01,27-01-2026,3700,925,370,0,9,208.13,5203.13,0,92.5,0,0,0,0,5203.13,Bank Transfer,SAR
PAY-005126,EMP-0071,2026-01,27-01-2026,7100,1775,710,0,22,976.25,10561.25,0,177.5,0,2250,0,2250,8311.25,Bank Transfer,SAR
PAY-005127,EMP-0072,2026-01,27-01-2026,4450,1113,445,0,20,556.25,6564.25,0,111.26,400.53,0,0,400.53,6163.72,Bank Transfer,SAR
PAY-005128,EMP-0073,2026-01,27-01-2026,27600,6900,1200,1750,0,0,37450,3363.75,4053.75,0,0,0,3363.75,34086.25,Bank Transfer,SAR
PAY-005129,EMP-0074,2026-01,27-01-2026,3300,825,330,0,0,0,4455,402.19,484.69,0,0,0,402.19,4052.81,Bank Transfer,SAR
PAY-005130,EMP-0076,2026-01,27-01-2026,4400,1100,440,0,0,0,5940,0,110,0,0,0,0,5940,Bank Transfer,SAR
PAY-005131,EMP-0077,2026-01,27-01-2026,4600,1150,460,0,5,143.75,6353.75,0,115,0,0,0,0,6353.75,Bank Transfer,SAR
PAY-005132,EMP-0079,2026-01,27-01-2026,6450,1613,645,0,0,0,8708,786.14,947.4,0,0,0,786.14,7921.86,Bank Transfer,SAR
PAY-005133,EMP-0080,2026-01,27-01-2026,3200,800,320,0,0,0,4320,0,80,0,0,0,0,4320,Bank Transfer,SAR
PAY-005134,EMP-0081,2026-01,27-01-2026,8250,2063,825,0,0,0,11138,0,206.26,0,1000,0,1000,10138,Bank Transfer,SAR
PAY-005135,EMP-0082,2026-01,27-01-2026,4000,1000,400,0,7.5,187.5,5587.5,0,100,0,0,0,0,5587.5,Bank Transfer,SAR
PAY-005136,EMP-0083,2026-01,27-01-2026,10200,2550,1020,0,0,0,13770,0,255,0,2000,0,2000,11770,WPS Transfer,SAR
PAY-005137,EMP-0084,2026-01,27-01-2026,12750,3188,1200,0,6,478.13,17616.13,0,318.76,1142.53,0,0,1142.53,16473.6,Bank Transfer,SAR
PAY-005138,EMP-0086,2026-01,27-01-2026,3550,888,355,550,0,0,5343,0,88.76,0,0,0,0,5343,Bank Transfer,SAR
PAY-005139,EMP-0087,2026-01,27-01-2026,25550,6388,1200,750,0,0,33888,3113.96,3752.71,0,0,0,3113.96,30774.04,Bank Transfer,SAR
PAY-005140,EMP-0088,2026-01,27-01-2026,23950,5988,1200,0,0,0,31138,2918.96,3517.71,0,1900,0,4818.96,26319.04,Bank Transfer,SAR
PAY-005141,EMP-0089,2026-01,27-01-2026,20900,5225,1200,0,0,0,27325,0,522.5,0,0,190,190,27135,Bank Transfer,SAR
PAY-005142,EMP-0091,2026-01,27-01-2026,34650,8663,1200,0,0,0,44513,4223.02,5089.28,0,0,0,4223.02,40289.98,Bank Transfer,SAR
PAY-005143,EMP-0092,2026-01,27-01-2026,4550,1138,455,0,20.5,582.97,6725.97,554.58,668.34,409.53,0,0,964.11,5761.86,Bank Transfer,SAR
PAY-005144,EMP-0093,2026-01,27-01-2026,4900,1225,490,0,22,673.75,7288.75,0,122.5,0,0,0,0,7288.75,Bank Transfer,SAR
PAY-005145,EMP-0095,2026-01,27-01-2026,18600,4650,1200,1100,23,2673.75,28223.75,0,465,2445,0,0,2445,25778.75,Bank Transfer,SAR
PAY-005146,EMP-0097,2026-01,27-01-2026,5050,1263,505,1950,0,0,8768,0,126.26,0,0,0,0,8768,Bank Transfer,SAR
PAY-005147,EMP-0098,2026-01,27-01-2026,6350,1588,635,0,11,436.56,9009.56,0,158.76,0,0,0,0,9009.56,Bank Transfer,SAR
PAY-005148,EMP-0099,2026-01,27-01-2026,11850,2963,1185,0,18,1333.13,17331.13,1444.27,1740.53,0,0,0,1444.27,15886.86,Bank Transfer,SAR
PAY-005149,EMP-0100,2026-01,27-01-2026,12900,3225,1200,0,0,0,17325,0,322.5,0,0,0,0,17325,Bank Transfer,SAR
PAY-005150,EMP-0102,2026-01,27-01-2026,4650,1163,465,0,4,116.25,6394.25,566.77,683.03,0,0,0,566.77,5827.48,Bank Transfer,SAR
PAY-005151,EMP-0103,2026-01,27-01-2026,5350,1338,535,1600,0,0,8823,0,133.76,0,0,0,0,8823,Bank Transfer,SAR
PAY-005152,EMP-0104,2026-01,27-01-2026,6350,1588,635,0,0,0,8573,773.96,932.71,0,1600,0,2373.96,6199.04,Bank Transfer,SAR
PAY-005153,EMP-0105,2026-01,27-01-2026,21650,5413,1200,0,0,0,28263,2638.64,3179.9,0,0,390,3028.64,25234.36,Bank Transfer,SAR
PAY-005154,EMP-0106,2026-01,27-01-2026,24950,6238,1200,0,0,0,32388,3040.83,3664.59,0,0,0,3040.83,29347.17,Bank Transfer,SAR
PAY-005155,EMP-0107,2026-01,27-01-2026,26350,6588,1200,0,0,0,34138,3211.46,3870.21,1137.93,0,0,4349.39,29788.61,Bank Transfer,SAR
PAY-005156,EMP-0108,2026-01,27-01-2026,6050,1513,605,0,3,113.44,8281.44,0,151.26,0,0,0,0,8281.44,Bank Transfer,SAR
PAY-005157,EMP-0109,2026-01,27-01-2026,10900,2725,1090,0,4.5,306.56,15021.56,0,272.5,0,0,0,0,15021.56,Bank Transfer,SAR
PAY-005158,EMP-0111,2026-01,27-01-2026,11050,2763,1105,700,16.5,1139.53,16757.53,1346.77,1623.03,0,750,0,2096.77,14660.76,Bank Transfer,SAR
PAY-005159,EMP-0112,2026-01,27-01-2026,17550,4388,1200,0,0,0,23138,0,438.76,0,0,0,0,23138,Bank Transfer,SAR
PAY-005160,EMP-0113,2026-01,27-01-2026,12550,3138,1200,0,22.5,1764.84,18652.84,1529.58,1843.34,0,0,0,1529.58,17123.26,Bank Transfer,SAR
PAY-005161,EMP-0114,2026-01,27-01-2026,11300,2825,1130,0,23.5,1659.69,16914.69,0,282.5,0,1500,0,1500,15414.69,Bank Transfer,SAR
PAY-005162,EMP-0116,2026-01,27-01-2026,4550,1138,455,0,10.5,298.59,6441.59,0,113.76,0,350,0,350,6091.59,Bank Transfer,SAR
PAY-005163,EMP-0117,2026-01,27-01-2026,22450,5613,1200,0,0,0,29263,2736.14,3297.4,1950.87,0,0,4687.01,24575.99,Bank Transfer,SAR
PAY-005164,EMP-0118,2026-01,27-01-2026,18200,4550,1200,0,0,0,23950,2218.13,2673.13,0,0,0,2218.13,21731.87,Bank Transfer,SAR
PAY-005165,EMP-0119,2026-01,27-01-2026,5300,1325,530,2450,0,0,9605,0,132.5,0,0,0,0,9605,Bank Transfer,SAR
PAY-005166,EMP-0120,2026-01,27-01-2026,12250,3063,1200,0,3.5,267.97,16780.97,1493.02,1799.28,0,0,0,1493.02,15287.95,Bank Transfer,SAR
PAY-005167,EMP-0121,2026-01,27-01-2026,4700,1175,470,0,0,0,6345,0,117.5,0,0,0,0,6345,Bank Transfer,SAR
PAY-005168,EMP-0122,2026-01,27-01-2026,5250,1313,525,1050,16.5,541.41,8679.41,0,131.26,0,0,560,560,8119.41,Bank Transfer,SAR
PAY-005169,EMP-0123,2026-01,27-01-2026,5450,1363,545,0,0,0,7358,664.27,800.53,0,0,0,664.27,6693.73,Bank Transfer,SAR
PAY-005170,EMP-0124,2026-01,27-01-2026,28200,7050,1200,850,0,0,37300,3436.88,4141.88,0,0,0,3436.88,33863.12,Bank Transfer,SAR
PAY-005171,EMP-0126,2026-01,27-01-2026,6100,1525,610,0,6,228.75,8463.75,0,152.5,0,0,0,0,8463.75,Bank Transfer,SAR
PAY-005172,EMP-0127,2026-01,27-01-2026,9350,2338,935,0,0,0,12623,0,233.76,0,0,0,0,12623,Bank Transfer,SAR
PAY-005173,EMP-0129,2026-01,27-01-2026,4850,1213,485,0,0,0,6548,591.14,712.4,0,0,0,591.14,5956.86,Bank Transfer,SAR
PAY-005174,EMP-0130,2026-01,27-01-2026,6350,1588,635,0,19.5,773.91,9346.91,0,158.76,0,0,0,0,9346.91,Bank Transfer,SAR
PAY-005175,EMP-0131,2026-01,27-01-2026,20750,5188,1200,0,0,0,27138,0,518.76,0,0,0,0,27138,Bank Transfer,SAR
PAY-005176,EMP-0132,2026-01,27-01-2026,5400,1350,540,1500,13,438.75,9228.75,658.13,793.13,0,0,0,658.13,8570.62,Bank Transfer,SAR
PAY-005177,EMP-0133,2026-01,27-01-2026,11850,2963,1185,0,0,0,15998,0,296.26,0,1700,0,1700,14298,Bank Transfer,SAR
PAY-005178,EMP-0134,2026-01,27-01-2026,4750,1188,475,0,0,0,6413,0,118.76,0,0,0,0,6413,Bank Transfer,SAR
PAY-005179,EMP-0135,2026-01,27-01-2026,5700,1425,570,0,0,0,7695,0,142.5,0,0,0,0,7695,Bank Transfer,SAR
PAY-005180,EMP-0136,2026-01,27-01-2026,4850,1213,485,0,11.5,348.59,6896.59,0,121.26,0,0,0,0,6896.59,Bank Transfer,SAR
PAY-005181,EMP-0137,2026-01,27-01-2026,20100,5025,1200,0,0,0,26325,0,502.5,877.5,0,0,877.5,25447.5,Bank Transfer,SAR
PAY-005182,EMP-0138,2026-01,27-01-2026,17050,4263,1200,1600,0,0,24113,0,426.26,0,0,0,0,24113,Bank Transfer,SAR
PAY-005183,EMP-0140,2026-01,27-01-2026,10050,2513,1005,750,7.5,471.09,14789.09,0,251.26,0,0,0,0,14789.09,Bank Transfer,SAR
PAY-005184,EMP-0141,2026-01,27-01-2026,6000,1500,600,0,0,0,8100,731.25,881.25,0,0,0,731.25,7368.75,Bank Transfer,SAR
PAY-005185,EMP-0142,2026-01,27-01-2026,4900,1225,490,0,0,0,6615,597.19,719.69,0,0,0,597.19,6017.81,Cheque,SAR
PAY-005186,EMP-0145,2026-01,27-01-2026,5000,1250,500,0,6,187.5,6937.5,0,125,0,0,0,0,6937.5,Bank Transfer,SAR
PAY-005187,EMP-0146,2026-01,27-01-2026,17050,4263,1200,0,13,1385.31,23898.31,2078.02,2504.28,0,0,0,2078.02,21820.29,Bank Transfer,SAR
PAY-005188,EMP-0147,2026-01,27-01-2026,4850,1213,485,0,23.5,712.34,7260.34,591.14,712.4,0,0,0,591.14,6669.2,Bank Transfer,SAR
PAY-005189,EMP-0149,2026-01,27-01-2026,20200,5050,1200,0,4,505,26955,2461.88,2966.88,0,350,0,2811.88,24143.12,WPS Transfer,SAR
PAY-005190,EMP-0150,2026-01,27-01-2026,17050,4263,1200,0,0,0,22513,2078.02,2504.28,1500.87,0,0,3578.89,18934.11,Bank Transfer,SAR
PAY-005191,EMP-0151,2026-01,27-01-2026,16150,4038,1200,0,4,403.75,21791.75,1968.33,2372.09,0,0,0,1968.33,19823.42,Bank Transfer,SAR
PAY-005192,EMP-0152,2026-01,27-01-2026,21350,5338,1200,850,8,1067.5,29805.5,0,533.76,0,0,0,0,29805.5,Bank Transfer,SAR
PAY-005193,EMP-0153,2026-01,27-01-2026,12500,3125,1200,0,12,937.5,17762.5,1523.44,1835.94,0,0,0,1523.44,16239.06,Bank Transfer,SAR
PAY-005194,EMP-0154,2026-01,27-01-2026,6300,1575,630,0,9,354.38,8859.38,767.81,925.31,0,1950,0,2717.81,6141.57,Bank Transfer,SAR
PAY-005195,EMP-0155,2026-01,27-01-2026,28050,7013,1200,1150,0,0,37413,0,701.26,0,0,0,0,37413,Bank Transfer,SAR
PAY-005196,EMP-0157,2026-01,27-01-2026,11300,2825,1130,0,17.5,1235.94,16490.94,0,282.5,0,0,0,0,16490.94,Bank Transfer,SAR
PAY-005197,EMP-0158,2026-01,27-01-2026,4550,1138,455,0,13.5,383.91,6526.91,0,113.76,0,0,460,460,6066.91,Bank Transfer,SAR
PAY-005198,EMP-0159,2026-01,27-01-2026,4650,1163,465,0,19.5,566.72,6844.72,566.77,683.03,0,1600,0,2166.77,4677.95,Bank Transfer,SAR
PAY-005199,EMP-0160,2026-01,27-01-2026,6000,1500,600,0,11.5,431.25,8531.25,731.25,881.25,0,1250,0,1981.25,6550,Bank Transfer,SAR
PAY-005200,EMP-0161,2026-01,27-01-2026,25100,6275,1200,950,0,0,33525,3059.06,3686.56,0,0,0,3059.06,30465.94,Bank Transfer,SAR
PAY-005201,EMP-0162,2026-01,27-01-2026,10350,2588,1035,200,0,0,14173,0,258.76,0,0,0,0,14173,Bank Transfer,SAR
PAY-005202,EMP-0163,2026-01,27-01-2026,3850,963,385,0,0,0,5198,469.27,565.53,0,1800,0,2269.27,2928.73,Bank Transfer,SAR
PAY-005203,EMP-0164,2026-01,27-01-2026,6250,1563,625,0,18,703.13,9141.13,761.77,918.03,0,2100,0,2861.77,6279.36,WPS Transfer,SAR
PAY-005204,EMP-0165,2026-01,27-01-2026,4500,1125,450,0,18,506.25,6581.25,0,112.5,405,0,0,405,6176.25,Bank Transfer,SAR
PAY-005205,EMP-0167,2026-01,27-01-2026,3450,863,345,0,6.5,140.16,4798.16,420.52,506.78,0,0,0,420.52,4377.64,Bank Transfer,SAR
PAY-005206,EMP-0168,2026-01,27-01-2026,11900,2975,1190,550,3.5,260.31,16875.31,0,297.5,0,0,0,0,16875.31,Bank Transfer,SAR
PAY-005207,EMP-0169,2026-01,27-01-2026,3250,813,325,1900,8.5,172.66,6460.66,0,81.26,146.27,0,0,146.27,6314.39,Bank Transfer,SAR
PAY-005208,EMP-0170,2026-01,27-01-2026,7550,1888,755,0,12,566.25,10759.25,920.21,1108.96,0,0,0,920.21,9839.04,WPS Transfer,SAR
PAY-005209,EMP-0171,2026-01,27-01-2026,8550,2138,855,0,11.5,614.53,12157.53,0,213.76,0,2400,0,2400,9757.53,Bank Transfer,SAR
PAY-005210,EMP-0172,2026-01,27-01-2026,7650,1913,765,0,0,0,10328,932.39,1123.65,0,0,460,1392.39,8935.61,Bank Transfer,SAR
PAY-005211,EMP-0173,2026-01,27-01-2026,8850,2213,885,1750,0,0,13698,0,221.26,0,0,0,0,13698,Bank Transfer,SAR
PAY-005212,EMP-0174,2026-01,27-01-2026,6300,1575,630,0,0,0,8505,767.81,925.31,0,0,0,767.81,7737.19,Bank Transfer,SAR
PAY-005213,EMP-0175,2026-01,27-01-2026,4500,1125,450,0,18,506.25,6581.25,548.44,660.94,0,0,470,1018.44,5562.81,Bank Transfer,SAR
PAY-005214,EMP-0176,2026-01,27-01-2026,6100,1525,610,0,15.5,590.94,8825.94,743.44,895.94,0,0,0,743.44,8082.5,Bank Transfer,SAR
PAY-005215,EMP-0177,2026-01,27-01-2026,4400,1100,440,0,0,0,5940,0,110,0,0,0,0,5940,Bank Transfer,SAR
PAY-005216,EMP-0178,2026-01,27-01-2026,4600,1150,460,350,17.5,503.13,7063.13,560.63,675.63,0,0,0,560.63,6502.5,Bank Transfer,SAR
PAY-005217,EMP-0180,2026-01,27-01-2026,4600,1150,460,2400,23,661.25,9271.25,0,115,0,0,0,0,9271.25,Bank Transfer,SAR
PAY-005218,EMP-0181,2026-01,27-01-2026,6450,1613,645,0,0,0,8708,786.14,947.4,0,500,0,1286.14,7421.86,Bank Transfer,SAR
PAY-005219,EMP-0182,2026-01,27-01-2026,7450,1863,745,0,3,139.69,10197.69,0,186.26,0,0,0,0,10197.69,Bank Transfer,SAR
PAY-005220,EMP-0183,2026-01,27-01-2026,4700,1175,470,0,17,499.38,6844.38,572.81,690.31,0,0,0,572.81,6271.57,Bank Transfer,SAR
PAY-005221,EMP-0184,2026-01,27-01-2026,8900,2225,890,0,10.5,584.06,12599.06,0,222.5,0,0,560,560,12039.06,Bank Transfer,SAR
PAY-005222,EMP-0186,2026-01,27-01-2026,3250,813,325,0,2.5,50.78,4438.78,396.14,477.4,585.07,0,0,981.21,3457.57,Bank Transfer,SAR
PAY-005223,EMP-0187,2026-01,27-01-2026,7150,1788,715,0,0,0,9653,0,178.76,0,0,0,0,9653,Bank Transfer,SAR
PAY-005224,EMP-0188,2026-01,27-01-2026,8550,2138,855,0,16,855,12398,1042.08,1255.84,0,0,0,1042.08,11355.92,Bank Transfer,SAR
PAY-005225,EMP-0189,2026-01,27-01-2026,3450,863,345,0,22,474.38,5132.38,0,86.26,0,0,0,0,5132.38,Bank Transfer,SAR
PAY-005226,EMP-0190,2026-01,27-01-2026,4750,1188,475,1600,0,0,8013,0,118.76,0,0,0,0,8013,Bank Transfer,SAR
PAY-005227,EMP-0191,2026-01,27-01-2026,3800,950,380,950,0,0,6080,0,95,0,0,0,0,6080,Bank Transfer,SAR
PAY-005228,EMP-0192,2026-01,27-01-2026,3750,938,375,0,4.5,105.47,5168.47,0,93.76,0,0,0,0,5168.47,Bank Transfer,SAR
PAY-005229,EMP-0193,2026-01,27-01-2026,3650,913,365,0,0,0,4928,0,91.26,0,0,0,0,4928,Bank Transfer,SAR
PAY-005230,EMP-0194,2026-01,27-01-2026,4750,1188,475,0,0,0,6413,0,118.76,0,0,0,0,6413,Bank Transfer,SAR
PAY-005231,EMP-0195,2026-01,27-01-2026,6150,1538,615,0,18.5,711.09,9014.09,0,153.76,0,1050,0,1050,7964.09,Bank Transfer,SAR
PAY-005232,EMP-0196,2026-01,27-01-2026,8550,2138,855,0,17.5,935.16,12478.16,0,213.76,0,0,0,0,12478.16,Bank Transfer,SAR
PAY-005233,EMP-0197,2026-01,27-01-2026,12000,3000,1200,950,0,0,17150,0,300,0,0,0,0,17150,Bank Transfer,SAR
PAY-005234,EMP-0198,2026-01,27-01-2026,3400,850,340,0,16,340,4930,0,85,0,0,0,0,4930,Bank Transfer,SAR
PAY-005235,EMP-0199,2026-01,27-01-2026,7700,1925,770,0,4,192.5,10587.5,0,192.5,0,0,0,0,10587.5,Bank Transfer,SAR
PAY-005236,EMP-0200,2026-01,27-01-2026,11500,2875,1150,0,3,215.63,15740.63,0,287.5,0,0,0,0,15740.63,Bank Transfer,SAR
PAY-005237,EMP-0201,2026-01,27-01-2026,3700,925,370,1550,10.5,242.81,6787.81,0,92.5,0,0,0,0,6787.81,Bank Transfer,SAR
PAY-005238,EMP-0202,2026-01,27-01-2026,8800,2200,880,0,21,1155,13035,1072.5,1292.5,0,1650,0,2722.5,10312.5,Bank Transfer,SAR
PAY-005239,EMP-0203,2026-01,27-01-2026,4150,1038,415,0,15,389.06,5992.06,505.83,609.59,0,0,410,915.83,5076.23,Bank Transfer,SAR
PAY-005240,EMP-0205,2026-01,27-01-2026,4450,1113,445,0,21,584.06,6592.06,542.39,653.65,0,0,0,542.39,6049.67,Bank Transfer,SAR
PAY-005241,EMP-0207,2026-01,27-01-2026,4450,1113,445,0,0,0,6008,0,111.26,0,2300,0,2300,3708,Bank Transfer,SAR
PAY-005242,EMP-0208,2026-01,27-01-2026,4300,1075,430,0,16.5,443.44,6248.44,0,107.5,0,0,0,0,6248.44,Bank Transfer,SAR
PAY-005243,EMP-0209,2026-01,27-01-2026,3500,875,350,0,17,371.88,5096.88,0,87.5,0,0,0,0,5096.88,Bank Transfer,SAR
PAY-005244,EMP-0210,2026-01,27-01-2026,6850,1713,685,0,9.5,406.72,9654.72,834.89,1006.15,0,0,0,834.89,8819.83,Bank Transfer,SAR
PAY-005245,EMP-0211,2026-01,27-01-2026,4450,1113,445,2400,25,695.31,9103.31,0,111.26,0,1150,0,1150,7953.31,Bank Transfer,SAR
PAY-005246,EMP-0212,2026-01,27-01-2026,8700,2175,870,0,4.5,244.69,11989.69,1060.31,1277.81,391.5,0,0,1451.81,10537.88,Bank Transfer,SAR
PAY-005247,EMP-0213,2026-01,27-01-2026,3650,913,365,0,6.5,148.28,5076.28,444.89,536.15,0,0,0,444.89,4631.39,Bank Transfer,SAR
PAY-005248,EMP-0214,2026-01,27-01-2026,3250,813,325,0,12.5,253.91,4641.91,396.14,477.4,0,0,0,396.14,4245.77,Bank Transfer,SAR
PAY-005249,EMP-0215,2026-01,27-01-2026,3300,825,330,0,0,0,4455,0,82.5,0,0,0,0,4455,Bank Transfer,SAR
PAY-005250,EMP-0216,2026-01,27-01-2026,7650,1913,765,0,0,0,10328,932.39,1123.65,0,0,0,932.39,9395.61,Bank Transfer,SAR
PAY-005251,EMP-0217,2026-01,27-01-2026,3450,863,345,900,19.5,420.47,5978.47,0,86.26,0,0,470,470,5508.47,Bank Transfer,SAR
PAY-005252,EMP-0218,2026-01,27-01-2026,4200,1050,420,1200,0,0,6870,0,105,0,0,0,0,6870,Bank Transfer,SAR
PAY-005253,EMP-0219,2026-01,27-01-2026,3500,875,350,0,0,0,4725,426.56,514.06,315,1600,0,2341.56,2383.44,Bank Transfer,SAR
PAY-005254,EMP-0220,2026-01,27-01-2026,3950,988,395,0,20.5,506.09,5839.09,481.46,580.21,0,0,0,481.46,5357.63,Bank Transfer,SAR
PAY-005255,EMP-0221,2026-01,27-01-2026,25950,6488,1200,0,0,0,33638,3162.71,3811.46,0,0,0,3162.71,30475.29,Bank Transfer,SAR
PAY-005256,EMP-0222,2026-01,27-01-2026,3700,925,370,0,19,439.38,5434.38,0,92.5,0,0,0,0,5434.38,Bank Transfer,SAR
PAY-005257,EMP-0223,2026-01,27-01-2026,7500,1875,750,750,19.5,914.06,11789.06,0,187.5,675,0,0,675,11114.06,Bank Transfer,SAR
PAY-005258,EMP-0225,2026-01,27-01-2026,11800,2950,1180,0,5.5,405.63,16335.63,1438.13,1733.13,0,0,0,1438.13,14897.5,WPS Transfer,SAR
PAY-005259,EMP-0226,2026-01,27-01-2026,3350,838,335,0,0,0,4523,0,83.76,0,0,0,0,4523,Bank Transfer,SAR
PAY-005260,EMP-0227,2026-01,27-01-2026,4650,1163,465,300,9,261.56,6839.56,566.77,683.03,0,2150,0,2716.77,4122.79,Bank Transfer,SAR
PAY-005261,EMP-0228,2026-01,27-01-2026,4400,1100,440,0,20.5,563.75,6503.75,0,110,0,0,130,130,6373.75,Bank Transfer,SAR
PAY-005262,EMP-0229,2026-01,27-01-2026,3550,888,355,0,2.5,55.47,4848.47,0,88.76,0,0,0,0,4848.47,Bank Transfer,SAR
PAY-005263,EMP-0230,2026-01,27-01-2026,4650,1163,465,0,23.5,682.97,6960.97,566.77,683.03,0,0,0,566.77,6394.2,Bank Transfer,SAR
PAY-005264,EMP-0231,2026-01,27-01-2026,4450,1113,445,0,0,0,6008,0,111.26,0,0,0,0,6008,Bank Transfer,SAR
PAY-005265,EMP-0232,2026-01,27-01-2026,4300,1075,430,0,19.5,524.06,6329.06,0,107.5,0,1150,0,1150,5179.06,Bank Transfer,SAR
PAY-005266,EMP-0234,2026-01,27-01-2026,10700,2675,1070,350,4,267.5,15062.5,0,267.5,0,0,0,0,15062.5,Bank Transfer,SAR
PAY-005267,EMP-0236,2026-01,27-01-2026,3250,813,325,2100,0,0,6488,0,81.26,0,0,0,0,6488,Bank Transfer,SAR
PAY-005268,EMP-0237,2026-01,27-01-2026,4050,1013,405,350,0,0,5818,493.64,594.9,0,0,0,493.64,5324.36,Bank Transfer,SAR
PAY-005269,EMP-0238,2026-01,27-01-2026,8750,2188,875,800,0,0,12613,0,218.76,0,0,0,0,12613,Bank Transfer,SAR
PAY-005270,EMP-0239,2026-01,27-01-2026,8650,2163,865,0,0,0,11678,0,216.26,389.27,0,0,389.27,11288.73,WPS Transfer,SAR
PAY-005271,EMP-0240,2026-01,27-01-2026,3550,888,355,0,11.5,255.16,5048.16,0,88.76,0,0,0,0,5048.16,Bank Transfer,SAR
PAY-005272,EMP-0241,2026-01,27-01-2026,11250,2813,1125,0,0,0,15188,1371.14,1652.4,0,1500,0,2871.14,12316.86,Bank Transfer,SAR
PAY-005273,EMP-0242,2026-01,27-01-2026,3500,875,350,0,10,218.75,4943.75,426.56,514.06,0,0,0,426.56,4517.19,Bank Transfer,SAR
PAY-005274,EMP-0243,2026-01,27-01-2026,3350,838,335,500,10,209.38,5232.38,0,83.76,0,0,0,0,5232.38,Bank Transfer,SAR
PAY-005275,EMP-0244,2026-01,27-01-2026,8550,2138,855,0,3.5,187.03,11730.03,1042.08,1255.84,0,0,0,1042.08,10687.95,Bank Transfer,SAR
PAY-005276,EMP-0245,2026-01,27-01-2026,4100,1025,410,0,0,0,5535,499.69,602.19,0,0,0,499.69,5035.31,Cheque,SAR
PAY-005277,EMP-0246,2026-01,27-01-2026,4600,1150,460,0,24.5,704.38,6914.38,560.63,675.63,0,0,80,640.63,6273.75,Bank Transfer,SAR
PAY-005278,EMP-0247,2026-01,27-01-2026,3850,963,385,0,22.5,541.41,5739.41,0,96.26,0,0,0,0,5739.41,Bank Transfer,SAR
PAY-005279,EMP-0248,2026-01,27-01-2026,8500,2125,850,0,0,0,11475,1035.94,1248.44,0,0,0,1035.94,10439.06,Bank Transfer,SAR
PAY-005280,EMP-0249,2026-01,27-01-2026,8600,2150,860,0,10,537.5,12147.5,0,215,0,0,0,0,12147.5,Bank Transfer,SAR
PAY-005281,EMP-0250,2026-01,27-01-2026,3950,988,395,0,9.5,234.53,5567.53,0,98.76,0,0,0,0,5567.53,Bank Transfer,SAR
PAY-005282,EMP-0251,2026-01,27-01-2026,4500,1125,450,0,16,450,6525,548.44,660.94,0,0,0,548.44,5976.56,Bank Transfer,SAR
PAY-005283,EMP-0252,2026-01,27-01-2026,7200,1800,720,0,21.5,967.5,10687.5,877.5,1057.5,0,0,0,877.5,9810,Bank Transfer,SAR
PAY-005284,EMP-0253,2026-01,27-01-2026,4350,1088,435,0,8,217.5,6090.5,530.21,638.96,195.77,0,0,725.98,5364.52,Bank Transfer,SAR
PAY-005285,EMP-0254,2026-01,27-01-2026,3200,800,320,2450,11,220,6990,390,470,0,0,0,390,6600,Bank Transfer,SAR
PAY-005286,EMP-0255,2026-01,27-01-2026,9650,2413,965,1600,0,0,14628,1176.14,1417.4,0,2050,0,3226.14,11401.86,Bank Transfer,SAR
PAY-005287,EMP-0256,2026-01,27-01-2026,3400,850,340,0,0,0,4590,0,85,0,0,0,0,4590,Bank Transfer,SAR
PAY-005288,EMP-0257,2026-01,27-01-2026,9150,2288,915,0,13.5,772.03,13125.03,0,228.76,0,0,0,0,13125.03,WPS Transfer,SAR
PAY-005289,EMP-0258,2026-01,27-01-2026,4400,1100,440,0,18,495,6435,0,110,0,0,0,0,6435,Bank Transfer,SAR
PAY-005290,EMP-0260,2026-01,27-01-2026,10550,2638,1055,0,17.5,1153.91,15396.91,0,263.76,0,0,0,0,15396.91,Bank Transfer,SAR
PAY-005291,EMP-0261,2026-01,27-01-2026,7450,1863,745,0,3,139.69,10197.69,0,186.26,0,0,0,0,10197.69,Bank Transfer,SAR
PAY-005292,EMP-0262,2026-01,27-01-2026,4450,1113,445,0,14.5,403.28,6411.28,542.39,653.65,0,0,0,542.39,5868.89,Bank Transfer,SAR
PAY-005293,EMP-0263,2026-01,27-01-2026,11700,2925,1170,2450,7,511.88,18756.88,1425.94,1718.44,0,0,0,1425.94,17330.94,Bank Transfer,SAR
PAY-005294,EMP-0264,2026-01,27-01-2026,4500,1125,450,0,22,618.75,6693.75,548.44,660.94,0,0,0,548.44,6145.31,Bank Transfer,SAR
PAY-005295,EMP-0265,2026-01,27-01-2026,8850,2213,885,0,0,0,11948,0,221.26,0,0,0,0,11948,Bank Transfer,SAR
PAY-005296,EMP-0266,2026-01,27-01-2026,8900,2225,890,0,21,1168.13,13183.13,1084.69,1307.19,0,0,0,1084.69,12098.44,Bank Transfer,SAR
PAY-005297,EMP-0267,2026-01,27-01-2026,9150,2288,915,0,11.5,657.66,13010.66,0,228.76,0,0,0,0,13010.66,WPS Transfer,SAR
PAY-005298,EMP-0268,2026-01,27-01-2026,4300,1075,430,0,10.5,282.19,6087.19,0,107.5,0,0,0,0,6087.19,Bank Transfer,SAR
PAY-005299,EMP-0269,2026-01,27-01-2026,4450,1113,445,650,13,361.56,7019.56,0,111.26,0,1250,0,1250,5769.56,Bank Transfer,SAR
PAY-005300,EMP-0270,2026-01,27-01-2026,4550,1138,455,1900,6,170.63,8213.63,554.58,668.34,0,0,0,554.58,7659.05,Bank Transfer,SAR
PAY-005301,EMP-0272,2026-01,27-01-2026,4200,1050,420,2100,25,656.25,8426.25,0,105,0,0,0,0,8426.25,Bank Transfer,SAR
PAY-005302,EMP-0274,2026-01,27-01-2026,10550,2638,1055,0,7.5,494.53,14737.53,0,263.76,0,0,0,0,14737.53,WPS Transfer,SAR
PAY-005303,EMP-0275,2026-01,27-01-2026,13900,3475,1200,850,14,1216.25,20641.25,1694.06,2041.56,0,0,0,1694.06,18947.19,Bank Transfer,SAR
PAY-005304,EMP-0276,2026-01,27-01-2026,13450,3363,1200,250,0,0,18263,0,336.26,0,0,0,0,18263,Bank Transfer,SAR
PAY-005305,EMP-0277,2026-01,27-01-2026,8700,2175,870,0,21,1141.88,12886.88,1060.31,1277.81,0,0,0,1060.31,11826.57,Bank Transfer,SAR
PAY-005306,EMP-0278,2026-01,27-01-2026,10350,2588,1035,2050,18.5,1196.72,17219.72,1261.46,1520.22,0,0,0,1261.46,15958.26,Bank Transfer,SAR
PAY-005307,EMP-0279,2026-01,27-01-2026,10300,2575,1030,0,0,0,13905,1255.31,1512.81,927,500,0,2682.31,11222.69,Bank Transfer,SAR
PAY-005308,EMP-0280,2026-01,27-01-2026,4350,1088,435,0,0,0,5873,0,108.76,195.77,0,0,195.77,5677.23,Bank Transfer,SAR
PAY-005309,EMP-0281,2026-01,27-01-2026,4350,1088,435,0,22,598.13,6471.13,0,108.76,0,0,0,0,6471.13,Bank Transfer,SAR
PAY-005310,EMP-0282,2026-01,27-01-2026,8750,2188,875,0,6.5,355.47,12168.47,1066.46,1285.21,0,0,0,1066.46,11102.01,Bank Transfer,SAR
PAY-005311,EMP-0283,2026-01,27-01-2026,3650,913,365,0,0,0,4928,0,91.26,0,2500,0,2500,2428,Bank Transfer,SAR
PAY-005312,EMP-0284,2026-01,27-01-2026,3400,850,340,0,0,0,4590,0,85,0,0,0,0,4590,Bank Transfer,SAR
PAY-005313,EMP-0286,2026-01,27-01-2026,3900,975,390,0,12.5,304.69,5569.69,0,97.5,0,0,0,0,5569.69,Bank Transfer,SAR
PAY-005314,EMP-0287,2026-01,27-01-2026,8850,2213,885,0,20.5,1133.91,13081.91,0,221.26,0,0,0,0,13081.91,Bank Transfer,SAR
PAY-005315,EMP-0288,2026-01,27-01-2026,4350,1088,435,2000,0,0,7873,530.21,638.96,0,0,0,530.21,7342.79,Bank Transfer,SAR
PAY-005316,EMP-0290,2026-01,27-01-2026,3950,988,395,0,3.5,86.41,5419.41,481.46,580.21,0,0,0,481.46,4937.95,Bank Transfer,SAR
PAY-005317,EMP-0292,2026-01,27-01-2026,4750,1188,475,0,0,0,6413,578.96,697.71,0,0,0,578.96,5834.04,Bank Transfer,SAR
PAY-005318,EMP-0293,2026-01,27-01-2026,8500,2125,850,2450,0,0,13925,1035.94,1248.44,382.5,0,0,1418.44,12506.56,Bank Transfer,SAR
PAY-005319,EMP-0294,2026-01,27-01-2026,4400,1100,440,0,5.5,151.25,6091.25,536.25,646.25,0,0,0,536.25,5555,Bank Transfer,SAR
PAY-005320,EMP-0295,2026-01,27-01-2026,11000,2750,1100,0,24,1650,16500,0,275,0,0,0,0,16500,Bank Transfer,SAR
PAY-005321,EMP-0296,2026-01,27-01-2026,15050,3763,1200,2350,19.5,1834.22,24197.22,1834.27,2210.53,0,1250,0,3084.27,21112.95,WPS Transfer,SAR
PAY-005322,EMP-0297,2026-01,27-01-2026,4400,1100,440,950,24.5,673.75,7563.75,536.25,646.25,198,0,0,734.25,6829.5,Bank Transfer,SAR
PAY-005323,EMP-0299,2026-01,27-01-2026,4600,1150,460,0,14.5,416.88,6626.88,0,115,0,0,0,0,6626.88,Bank Transfer,SAR
PAY-005324,EMP-0300,2026-01,27-01-2026,12700,3175,1200,0,16.5,1309.69,18384.69,0,317.5,0,0,0,0,18384.69,WPS Transfer,SAR
PAY-005325,EMP-0301,2026-01,27-01-2026,8700,2175,870,0,0,0,11745,0,217.5,0,0,0,0,11745,Bank Transfer,SAR
PAY-005326,EMP-0303,2026-01,27-01-2026,9200,2300,920,0,7.5,431.25,12851.25,0,230,0,0,430,430,12421.25,Bank Transfer,SAR
PAY-005327,EMP-0304,2026-01,27-01-2026,11500,2875,1150,0,16.5,1185.94,16710.94,0,287.5,0,0,0,0,16710.94,Bank Transfer,SAR
PAY-005328,EMP-0305,2026-01,27-01-2026,3850,963,385,0,0,0,5198,469.27,565.53,173.27,0,0,642.54,4555.46,Bank Transfer,SAR
PAY-005329,EMP-0306,2026-01,27-01-2026,4800,1200,480,0,0,0,6480,0,120,432,0,0,432,6048,Bank Transfer,SAR
PAY-005330,EMP-0307,2026-01,27-01-2026,9450,2363,945,0,22,1299.38,14057.38,0,236.26,0,0,0,0,14057.38,Bank Transfer,SAR
PAY-005331,EMP-0308,2026-01,27-01-2026,10900,2725,1090,1300,11,749.38,16764.38,0,272.5,0,0,0,0,16764.38,Bank Transfer,SAR
PAY-005332,EMP-0309,2026-01,27-01-2026,3800,950,380,0,0,0,5130,0,95,171,650,0,821,4309,Bank Transfer,SAR
PAY-005333,EMP-0310,2026-01,27-01-2026,10450,2613,1045,0,18.5,1208.28,15316.28,0,261.26,0,0,0,0,15316.28,WPS Transfer,SAR
PAY-005334,EMP-0311,2026-01,27-01-2026,15900,3975,1200,0,0,0,21075,0,397.5,0,700,0,700,20375,Bank Transfer,SAR
PAY-005335,EMP-0312,2026-01,27-01-2026,14350,3588,1200,2450,23,2062.81,23650.81,0,358.76,637.93,0,0,637.93,23012.88,Bank Transfer,SAR
PAY-005336,EMP-0313,2026-01,27-01-2026,11900,2975,1190,0,9.5,706.56,16771.56,0,297.5,0,0,0,0,16771.56,Bank Transfer,SAR
PAY-005337,EMP-0314,2026-01,27-01-2026,3650,913,365,0,0,0,4928,444.89,536.15,0,0,0,444.89,4483.11,Bank Transfer,SAR
PAY-005338,EMP-0315,2026-01,27-01-2026,11600,2900,1160,0,3,217.5,15877.5,1413.75,1703.75,0,0,0,1413.75,14463.75,Bank Transfer,SAR
PAY-005339,EMP-0316,2026-01,27-01-2026,15200,3800,1200,0,24.5,2327.5,22527.5,0,380,0,0,0,0,22527.5,Bank Transfer,SAR
PAY-005340,EMP-0317,2026-01,27-01-2026,4250,1063,425,800,0,0,6538,518.02,624.28,0,0,0,518.02,6019.98,Bank Transfer,SAR
PAY-005341,EMP-0318,2026-01,27-01-2026,4100,1025,410,0,0,0,5535,499.69,602.19,0,0,0,499.69,5035.31,Bank Transfer,SAR
PAY-005342,EMP-0320,2026-01,27-01-2026,8750,2188,875,0,0,0,11813,0,218.76,0,0,0,0,11813,Bank Transfer,SAR
PAY-005343,EMP-0321,2026-01,27-01-2026,21300,5325,1200,0,0,0,27825,2595.94,3128.44,927.5,0,0,3523.44,24301.56,Bank Transfer,SAR
PAY-005344,EMP-0322,2026-01,27-01-2026,8700,2175,870,0,0,0,11745,1060.31,1277.81,0,0,350,1410.31,10334.69,Bank Transfer,SAR
PAY-005345,EMP-0324,2026-01,27-01-2026,6100,1525,610,0,3.5,133.44,8368.44,0,152.5,1098,0,0,1098,7270.44,Bank Transfer,SAR
PAY-005346,EMP-0325,2026-01,27-01-2026,11300,2825,1130,850,13.5,953.44,17058.44,0,282.5,0,0,0,0,17058.44,Bank Transfer,SAR
PAY-005347,EMP-0326,2026-01,27-01-2026,5000,1250,500,0,10.5,328.13,7078.13,0,125,0,400,0,400,6678.13,Bank Transfer,SAR
PAY-005348,EMP-0327,2026-01,27-01-2026,9400,2350,940,0,24,1410,14100,0,235,0,1350,600,1950,12150,WPS Transfer,SAR
PAY-005349,EMP-0328,2026-01,27-01-2026,10850,2713,1085,0,23.5,1593.59,16241.59,1322.39,1593.65,0,350,0,1672.39,14569.2,Cheque,SAR
PAY-005350,EMP-0329,2026-01,27-01-2026,10700,2675,1070,0,0,0,14445,0,267.5,0,0,0,0,14445,Bank Transfer,SAR
PAY-005351,EMP-0332,2026-01,27-01-2026,5350,1338,535,0,10,334.38,7557.38,652.08,785.84,240.77,0,0,892.85,6664.53,Bank Transfer,SAR
PAY-005352,EMP-0333,2026-01,27-01-2026,4700,1175,470,0,4,117.5,6462.5,0,117.5,0,0,0,0,6462.5,Bank Transfer,SAR
PAY-005353,EMP-0334,2026-01,27-01-2026,15550,3888,1200,0,0,0,20638,0,388.76,0,650,0,650,19988,Bank Transfer,SAR
PAY-005354,EMP-0335,2026-01,27-01-2026,12650,3163,1200,950,20,1581.25,19544.25,0,316.26,0,0,0,0,19544.25,Bank Transfer,SAR
PAY-005355,EMP-0336,2026-01,27-01-2026,5000,1250,500,0,0,0,6750,0,125,0,0,0,0,6750,Bank Transfer,SAR
PAY-005356,EMP-0337,2026-01,27-01-2026,8750,2188,875,0,5.5,300.78,12113.78,1066.46,1285.21,0,0,0,1066.46,11047.32,Bank Transfer,SAR
PAY-005357,EMP-0338,2026-01,27-01-2026,11550,2888,1155,1650,0,0,17243,0,288.76,0,0,0,0,17243,Bank Transfer,SAR
PAY-005358,EMP-0339,2026-01,27-01-2026,12400,3100,1200,800,17,1317.5,18817.5,1511.25,1821.25,0,300,0,1811.25,17006.25,Bank Transfer,SAR
PAY-005359,EMP-0340,2026-01,27-01-2026,11200,2800,1120,0,0,0,15120,0,280,0,0,0,0,15120,Bank Transfer,SAR
PAY-005360,EMP-0341,2026-01,27-01-2026,4900,1225,490,0,6,183.75,6798.75,0,122.5,0,2200,0,2200,4598.75,Bank Transfer,SAR
PAY-005361,EMP-0342,2026-01,27-01-2026,8500,2125,850,0,0,0,11475,1035.94,1248.44,0,0,0,1035.94,10439.06,Bank Transfer,SAR
PAY-005362,EMP-0343,2026-01,27-01-2026,5300,1325,530,0,0,0,7155,0,132.5,0,2300,0,2300,4855,Bank Transfer,SAR
PAY-005363,EMP-0344,2026-01,27-01-2026,11000,2750,1100,0,12.5,859.38,15709.38,0,275,0,0,0,0,15709.38,Bank Transfer,SAR
PAY-005364,EMP-0347,2026-01,27-01-2026,5550,1388,555,0,2.5,86.72,7579.72,0,138.76,0,0,260,260,7319.72,Bank Transfer,SAR
PAY-005365,EMP-0348,2026-01,27-01-2026,11200,2800,1120,1000,4,280,16400,1365,1645,0,0,0,1365,15035,Bank Transfer,SAR
PAY-005366,EMP-0349,2026-01,27-01-2026,10850,2713,1085,0,22,1491.88,16139.88,0,271.26,976.53,0,0,976.53,15163.35,Bank Transfer,SAR
PAY-005367,EMP-0350,2026-01,27-01-2026,13050,3263,1200,0,0,0,17513,1590.52,1916.78,0,0,0,1590.52,15922.48,Bank Transfer,SAR
PAY-005368,EMP-0352,2026-01,27-01-2026,10200,2550,1020,0,4,255,14025,0,255,0,0,0,0,14025,Bank Transfer,SAR
PAY-005369,EMP-0353,2026-01,27-01-2026,10650,2663,1065,0,0,0,14378,1298.02,1564.28,0,0,130,1428.02,12949.98,Bank Transfer,SAR
PAY-005370,EMP-0354,2026-01,27-01-2026,12400,3100,1200,0,0,0,16700,1511.25,1821.25,0,0,340,1851.25,14848.75,Bank Transfer,SAR
PAY-005371,EMP-0355,2026-01,27-01-2026,4700,1175,470,0,0,0,6345,0,117.5,211.5,0,0,211.5,6133.5,Bank Transfer,SAR
PAY-005372,EMP-0356,2026-01,27-01-2026,5700,1425,570,0,19.5,694.69,8389.69,694.69,837.19,0,0,0,694.69,7695,Bank Transfer,SAR
PAY-005373,EMP-0357,2026-01,27-01-2026,12700,3175,1200,0,11.5,912.81,17987.81,0,317.5,0,0,0,0,17987.81,Bank Transfer,SAR
PAY-005374,EMP-0358,2026-01,27-01-2026,6500,1625,650,0,7.5,304.69,9079.69,792.19,954.69,0,0,0,792.19,8287.5,Bank Transfer,SAR
PAY-005375,EMP-0359,2026-01,27-01-2026,4550,1138,455,0,14.5,412.34,6555.34,554.58,668.34,0,0,0,554.58,6000.76,Bank Transfer,SAR
PAY-005376,EMP-0360,2026-01,27-01-2026,15300,3825,1200,0,0,0,20325,0,382.5,0,0,0,0,20325,Bank Transfer,SAR
PAY-005377,EMP-0361,2026-01,27-01-2026,28350,7088,1200,0,0,0,36638,0,708.76,1221.27,1400,0,2621.27,34016.73,Bank Transfer,SAR
PAY-005378,EMP-0363,2026-01,27-01-2026,6900,1725,690,0,0,0,9315,840.94,1013.44,0,0,0,840.94,8474.06,Bank Transfer,SAR
PAY-005379,EMP-0364,2026-01,27-01-2026,6050,1513,605,0,22,831.88,8999.88,737.39,888.65,0,0,0,737.39,8262.49,WPS Transfer,SAR
PAY-005380,EMP-0365,2026-01,27-01-2026,20850,5213,1200,0,0,0,27263,0,521.26,0,0,0,0,27263,Bank Transfer,SAR
PAY-005381,EMP-0366,2026-01,27-01-2026,12100,3025,1200,0,8.5,642.81,16967.81,1474.69,1777.19,544.17,0,0,2018.86,14948.95,Bank Transfer,SAR
PAY-005382,EMP-0367,2026-01,27-01-2026,8500,2125,850,0,0,0,11475,0,212.5,0,0,0,0,11475,Bank Transfer,SAR
PAY-005383,EMP-0368,2026-01,27-01-2026,26850,6713,1200,0,0,0,34763,0,671.26,1158.77,0,0,1158.77,33604.23,Bank Transfer,SAR
PAY-005384,EMP-0369,2026-01,27-01-2026,7050,1763,705,1400,0,0,10918,859.27,1035.53,0,0,0,859.27,10058.73,Bank Transfer,SAR
PAY-005385,EMP-0370,2026-01,27-01-2026,7150,1788,715,1300,24,1072.5,12025.5,871.46,1050.21,0,0,0,871.46,11154.04,Bank Transfer,SAR
PAY-005386,EMP-0371,2026-01,27-01-2026,11150,2788,1115,0,9.5,662.03,15715.03,0,278.76,0,1300,0,1300,14415.03,Bank Transfer,SAR
PAY-005387,EMP-0372,2026-01,27-01-2026,7450,1863,745,1550,0,0,11608,0,186.26,0,0,0,0,11608,Bank Transfer,SAR
PAY-005388,EMP-0373,2026-01,27-01-2026,26000,6500,1200,0,0,0,33700,3168.75,3818.75,0,0,0,3168.75,30531.25,Bank Transfer,SAR
PAY-005389,EMP-0374,2026-01,27-01-2026,8650,2163,865,0,21.5,1162.34,12840.34,0,216.26,0,0,0,0,12840.34,Bank Transfer,SAR
PAY-005390,EMP-0375,2026-01,27-01-2026,9600,2400,960,0,0,0,12960,0,240,0,0,0,0,12960,Bank Transfer,SAR
PAY-005391,EMP-0376,2026-01,27-01-2026,26700,6675,1200,0,0,0,34575,0,667.5,0,0,0,0,34575,Bank Transfer,SAR
PAY-005392,EMP-0377,2026-01,27-01-2026,15650,3913,1200,0,11.5,1124.84,21887.84,0,391.26,0,0,0,0,21887.84,Bank Transfer,SAR
PAY-005393,EMP-0378,2026-01,27-01-2026,12300,3075,1200,0,9.5,730.31,17305.31,0,307.5,0,0,0,0,17305.31,Bank Transfer,SAR
PAY-005394,EMP-0379,2026-01,27-01-2026,16750,4188,1200,0,4,418.75,22556.75,2041.46,2460.21,0,0,0,2041.46,20515.29,Bank Transfer,SAR
PAY-005395,EMP-0381,2026-01,27-01-2026,8300,2075,830,0,0,0,11205,1011.56,1219.06,0,1400,0,2411.56,8793.44,Bank Transfer,SAR
PAY-005396,EMP-0382,2026-01,27-01-2026,12900,3225,1200,1250,8.5,685.31,19260.31,1572.19,1894.69,0,0,0,1572.19,17688.12,Cheque,SAR
PAY-005397,EMP-0383,2026-01,27-01-2026,8250,2063,825,0,0,0,11138,1005.52,1211.78,742.53,0,0,1748.05,9389.95,Bank Transfer,SAR
PAY-005398,EMP-0384,2026-01,27-01-2026,13550,3388,1200,0,23,1947.81,20085.81,0,338.76,0,0,0,0,20085.81,Bank Transfer,SAR
PAY-005399,EMP-0385,2026-01,27-01-2026,6650,1663,665,0,23,955.94,9933.94,810.52,976.78,299.27,0,0,1109.79,8824.15,Bank Transfer,SAR
PAY-005400,EMP-0387,2026-01,27-01-2026,7700,1925,770,0,22,1058.75,11453.75,938.44,1130.94,0,0,0,938.44,10515.31,Bank Transfer,SAR
PAY-005401,EMP-0388,2026-01,27-01-2026,8300,2075,830,0,11.5,596.56,11801.56,1011.56,1219.06,0,0,0,1011.56,10790,Bank Transfer,SAR
PAY-005402,EMP-0389,2026-01,27-01-2026,8650,2163,865,0,24,1297.5,12975.5,0,216.26,0,0,0,0,12975.5,Bank Transfer,SAR
PAY-005403,EMP-0390,2026-01,27-01-2026,6250,1563,625,0,0,0,8438,0,156.26,562.53,1550,0,2112.53,6325.47,Bank Transfer,SAR
PAY-005404,EMP-0391,2026-01,27-01-2026,11600,2900,1160,0,6.5,471.25,16131.25,1413.75,1703.75,0,2200,0,3613.75,12517.5,Bank Transfer,SAR
PAY-005405,EMP-0393,2026-01,27-01-2026,8700,2175,870,0,23,1250.63,12995.63,0,217.5,0,1400,0,1400,11595.63,Bank Transfer,SAR
PAY-005406,EMP-0394,2026-01,27-01-2026,11350,2838,1135,0,0,0,15323,0,283.76,0,0,0,0,15323,Bank Transfer,SAR
PAY-005407,EMP-0395,2026-01,27-01-2026,26050,6513,1200,0,0,0,33763,0,651.26,0,0,0,0,33763,Bank Transfer,SAR
PAY-005408,EMP-0396,2026-01,27-01-2026,28150,7038,1200,0,0,0,36388,3430.83,4134.59,0,0,0,3430.83,32957.17,Bank Transfer,SAR
PAY-005409,EMP-0397,2026-01,27-01-2026,19150,4788,1200,1900,8,957.5,27995.5,0,478.76,1675.87,400,0,2075.87,25919.63,Bank Transfer,SAR
PAY-005410,EMP-0398,2026-01,27-01-2026,12000,3000,1200,0,11,825,17025,1462.5,1762.5,540,0,0,2002.5,15022.5,Bank Transfer,SAR
PAY-005411,EMP-0399,2026-01,27-01-2026,5350,1338,535,0,0,0,7223,0,133.76,0,0,0,0,7223,Bank Transfer,SAR
PAY-005412,EMP-0400,2026-01,27-01-2026,5050,1263,505,0,0,0,6818,0,126.26,0,1300,0,1300,5518,Bank Transfer,SAR
PAY-005413,EMP-0402,2026-01,27-01-2026,13000,3250,1200,0,19,1543.75,18993.75,0,325,581.67,0,0,581.67,18412.08,Bank Transfer,SAR
PAY-005414,EMP-0403,2026-01,27-01-2026,8750,2188,875,0,0,0,11813,1066.46,1285.21,0,0,0,1066.46,10746.54,Bank Transfer,SAR
PAY-005415,EMP-0405,2026-01,27-01-2026,10950,2738,1095,0,8.5,581.72,15364.72,0,273.76,492.77,0,0,492.77,14871.95,Bank Transfer,SAR
PAY-005416,EMP-0406,2026-01,27-01-2026,12400,3100,1200,0,4,310,17010,1511.25,1821.25,0,0,0,1511.25,15498.75,Bank Transfer,SAR
PAY-005417,EMP-0407,2026-01,27-01-2026,6150,1538,615,0,0,0,8303,0,153.76,0,0,0,0,8303,Bank Transfer,SAR
PAY-005418,EMP-0409,2026-01,27-01-2026,5450,1363,545,1950,3,102.19,9410.19,664.27,800.53,490.53,0,0,1154.8,8255.39,Bank Transfer,SAR
PAY-005419,EMP-0410,2026-01,27-01-2026,6300,1575,630,0,4,157.5,8662.5,767.81,925.31,0,0,0,767.81,7894.69,Bank Transfer,SAR
PAY-005420,EMP-0411,2026-01,27-01-2026,9350,2338,935,0,15.5,905.78,13528.78,1139.58,1373.34,841.53,0,0,1981.11,11547.67,WPS Transfer,SAR
PAY-005421,EMP-0412,2026-01,27-01-2026,6400,1600,640,2450,0,0,11090,0,160,0,0,0,0,11090,Bank Transfer,SAR
PAY-005422,EMP-0414,2026-01,27-01-2026,6300,1575,630,0,0,0,8505,0,157.5,0,1000,0,1000,7505,Bank Transfer,SAR
PAY-005423,EMP-0415,2026-01,27-01-2026,5800,1450,580,0,21,761.25,8591.25,706.88,851.88,0,0,0,706.88,7884.37,Bank Transfer,SAR
PAY-005424,EMP-0416,2026-01,27-01-2026,4600,1150,460,0,0,0,6210,560.63,675.63,0,0,0,560.63,5649.37,Bank Transfer,SAR
PAY-005425,EMP-0417,2026-01,27-01-2026,5900,1475,590,2100,20.5,755.94,10820.94,719.06,866.56,0,0,0,719.06,10101.88,Bank Transfer,SAR
PAY-005426,EMP-0418,2026-01,27-01-2026,9950,2488,995,0,0,0,13433,1212.71,1461.47,0,0,0,1212.71,12220.29,Bank Transfer,SAR
PAY-005427,EMP-0419,2026-01,27-01-2026,5850,1463,585,0,0,0,7898,713.02,859.28,263.27,0,0,976.29,6921.71,Bank Transfer,SAR
PAY-005428,EMP-0420,2026-01,27-01-2026,4700,1175,470,0,0,0,6345,572.81,690.31,0,0,0,572.81,5772.19,Bank Transfer,SAR
PAY-005429,EMP-0422,2026-01,27-01-2026,9200,2300,920,0,14.5,833.75,13253.75,1121.25,1351.25,414,0,0,1535.25,11718.5,Bank Transfer,SAR
PAY-005430,EMP-0424,2026-01,27-01-2026,17650,4413,1200,0,0,0,23263,2151.14,2592.4,0,0,0,2151.14,21111.86,Bank Transfer,SAR
PAY-005431,EMP-0425,2026-01,27-01-2026,5950,1488,595,1550,4.5,167.34,9750.34,0,148.76,0,0,0,0,9750.34,Bank Transfer,SAR
PAY-005432,EMP-0426,2026-01,27-01-2026,29150,7288,1200,0,0,0,37638,0,728.76,0,0,0,0,37638,Bank Transfer,SAR
PAY-005433,EMP-0427,2026-01,27-01-2026,7750,1938,775,0,20.5,992.97,11455.97,0,193.76,697.53,0,0,697.53,10758.44,Bank Transfer,SAR
PAY-005434,EMP-0428,2026-01,27-01-2026,10850,2713,1085,0,19.5,1322.34,15970.34,0,271.26,0,0,0,0,15970.34,WPS Transfer,SAR
PAY-005435,EMP-0429,2026-01,27-01-2026,8300,2075,830,0,17.5,907.81,12112.81,0,207.5,373.5,0,0,373.5,11739.31,Bank Transfer,SAR
PAY-005436,EMP-0430,2026-01,27-01-2026,6400,1600,640,1050,0,0,9690,0,160,0,0,0,0,9690,Bank Transfer,SAR
PAY-005437,EMP-0431,2026-01,27-01-2026,8450,2113,845,0,9,475.31,11883.31,0,211.26,0,0,0,0,11883.31,Bank Transfer,SAR
PAY-005438,EMP-0432,2026-01,27-01-2026,8650,2163,865,0,12,648.75,12326.75,1054.27,1270.53,0,950,0,2004.27,10322.48,Bank Transfer,SAR
PAY-005439,EMP-0433,2026-01,27-01-2026,16100,4025,1200,0,10.5,1056.56,22381.56,0,402.5,0,0,0,0,22381.56,Bank Transfer,SAR
PAY-005440,EMP-0434,2026-01,27-01-2026,12250,3063,1200,0,0,0,16513,0,306.26,0,0,0,0,16513,Bank Transfer,SAR
PAY-005441,EMP-0435,2026-01,27-01-2026,8750,2188,875,0,25.5,1394.53,13207.53,1066.46,1285.21,0,550,0,1616.46,11591.07,Bank Transfer,SAR
PAY-005442,EMP-0436,2026-01,27-01-2026,7450,1863,745,0,0,0,10058,0,186.26,0,0,0,0,10058,Bank Transfer,SAR
PAY-005443,EMP-0438,2026-01,27-01-2026,8900,2225,890,0,23.5,1307.19,13322.19,0,222.5,0,0,350,350,12972.19,Bank Transfer,SAR
PAY-005444,EMP-0439,2026-01,27-01-2026,6250,1563,625,0,6.5,253.91,8691.91,0,156.26,0,0,0,0,8691.91,Bank Transfer,SAR
PAY-005445,EMP-0440,2026-01,27-01-2026,6800,1700,680,0,14.5,616.25,9796.25,0,170,306,1550,0,1856,7940.25,Bank Transfer,SAR
PAY-005446,EMP-0441,2026-01,27-01-2026,16850,4213,1200,0,0,0,22263,2053.64,2474.9,0,0,0,2053.64,20209.36,Bank Transfer,SAR
PAY-005447,EMP-0442,2026-01,27-01-2026,7800,1950,780,1800,0,0,12330,950.63,1145.63,0,0,0,950.63,11379.37,Bank Transfer,SAR
PAY-005448,EMP-0443,2026-01,27-01-2026,9850,2463,985,0,0,0,13298,0,246.26,886.53,0,0,886.53,12411.47,Bank Transfer,SAR
PAY-005449,EMP-0444,2026-01,27-01-2026,8500,2125,850,0,0,0,11475,1035.94,1248.44,0,0,0,1035.94,10439.06,Bank Transfer,SAR
PAY-005450,EMP-0445,2026-01,27-01-2026,10900,2725,1090,950,6.5,442.81,16107.81,0,272.5,490.5,0,0,490.5,15617.31,Bank Transfer,SAR
PAY-005451,EMP-0446,2026-01,27-01-2026,11600,2900,1160,0,0,0,15660,1413.75,1703.75,0,0,0,1413.75,14246.25,Bank Transfer,SAR
PAY-005452,EMP-0448,2026-01,27-01-2026,12400,3100,1200,0,0,0,16700,1511.25,1821.25,556.67,0,0,2067.92,14632.08,Cheque,SAR
PAY-005453,EMP-0449,2026-01,27-01-2026,6350,1588,635,650,17.5,694.53,9917.53,773.96,932.71,0,650,0,1423.96,8493.57,Bank Transfer,SAR
PAY-005454,EMP-0451,2026-01,27-01-2026,26850,6713,1200,0,0,0,34763,0,671.26,0,0,0,0,34763,Bank Transfer,SAR
PAY-005455,EMP-0452,2026-01,27-01-2026,6500,1625,650,0,0,0,8775,792.19,954.69,0,0,0,792.19,7982.81,Bank Transfer,SAR
PAY-005456,EMP-0453,2026-01,27-01-2026,6300,1575,630,2100,0,0,10605,767.81,925.31,283.5,0,0,1051.31,9553.69,Bank Transfer,SAR
PAY-005457,EMP-0454,2026-01,27-01-2026,5300,1325,530,0,0,0,7155,645.94,778.44,477,0,0,1122.94,6032.06,Bank Transfer,SAR
PAY-005458,EMP-0455,2026-01,27-01-2026,4800,1200,480,0,0,0,6480,0,120,0,0,0,0,6480,Bank Transfer,SAR
PAY-005459,EMP-0457,2026-01,27-01-2026,5050,1263,505,0,17,536.56,7354.56,615.52,741.78,0,0,240,855.52,6499.04,Bank Transfer,SAR
PAY-005460,EMP-0459,2026-01,27-01-2026,6400,1600,640,0,20.5,820,9460,780,940,576,0,140,1496,7964,Bank Transfer,SAR
PAY-005461,EMP-0460,2026-01,27-01-2026,10050,2513,1005,0,10,628.13,14196.13,0,251.26,0,0,150,150,14046.13,Bank Transfer,SAR
PAY-005462,EMP-0461,2026-01,27-01-2026,4900,1225,490,250,16.5,505.31,7370.31,597.19,719.69,0,0,0,597.19,6773.12,Bank Transfer,SAR
PAY-005463,EMP-0463,2026-01,27-01-2026,5850,1463,585,0,19.5,712.97,8610.97,0,146.26,0,0,0,0,8610.97,Bank Transfer,SAR
PAY-005464,EMP-0464,2026-01,27-01-2026,5800,1450,580,0,17,616.25,8446.25,706.88,851.88,0,0,0,706.88,7739.37,Bank Transfer,SAR
PAY-005465,EMP-0465,2026-01,27-01-2026,11200,2800,1120,0,0,0,15120,0,280,504,1600,0,2104,13016,Bank Transfer,SAR
PAY-005466,EMP-0466,2026-01,27-01-2026,11900,2975,1190,550,0,0,16615,0,297.5,0,0,0,0,16615,Bank Transfer,SAR
PAY-005467,EMP-0467,2026-01,27-01-2026,4650,1163,465,0,0,0,6278,566.77,683.03,0,0,0,566.77,5711.23,WPS Transfer,SAR
PAY-005468,EMP-0468,2026-01,27-01-2026,11850,2963,1185,0,22.5,1666.41,17664.41,0,296.26,0,0,0,0,17664.41,Bank Transfer,SAR
PAY-005469,EMP-0469,2026-01,27-01-2026,4600,1150,460,0,0,0,6210,0,115,0,0,0,0,6210,Bank Transfer,SAR
PAY-005470,EMP-0470,2026-01,27-01-2026,4600,1150,460,0,16.5,474.38,6684.38,0,115,0,600,0,600,6084.38,Bank Transfer,SAR
PAY-005471,EMP-0471,2026-01,27-01-2026,25000,6250,1200,0,0,0,32450,3046.88,3671.88,0,0,0,3046.88,29403.12,Bank Transfer,SAR
PAY-005472,EMP-0472,2026-01,27-01-2026,8600,2150,860,650,6.5,349.38,12609.38,1048.13,1263.13,774,0,0,1822.13,10787.25,Bank Transfer,SAR
PAY-005473,EMP-0473,2026-01,27-01-2026,8150,2038,815,1650,14.5,738.59,13391.59,993.33,1197.09,0,0,200,1193.33,12198.26,Bank Transfer,SAR
PAY-005474,EMP-0474,2026-01,27-01-2026,7700,1925,770,0,0,0,10395,938.44,1130.94,0,0,0,938.44,9456.56,Bank Transfer,SAR
PAY-005475,EMP-0475,2026-01,27-01-2026,12800,3200,1200,2450,13,1040,20690,0,320,0,0,0,0,20690,Bank Transfer,SAR
PAY-005476,EMP-0476,2026-01,27-01-2026,14600,3650,1200,0,8.5,775.63,20225.63,0,365,1296.67,0,0,1296.67,18928.96,Bank Transfer,SAR
PAY-005477,EMP-0477,2026-01,27-01-2026,13900,3475,1200,0,0,0,18575,0,347.5,619.17,0,0,619.17,17955.83,Bank Transfer,SAR
PAY-005478,EMP-0478,2026-01,27-01-2026,7500,1875,750,350,13.5,632.81,11107.81,914.06,1101.56,0,0,0,914.06,10193.75,Bank Transfer,SAR
PAY-005479,EMP-0479,2026-01,27-01-2026,12950,3238,1200,0,5,404.69,17792.69,1578.33,1902.09,0,2300,0,3878.33,13914.36,Bank Transfer,SAR
PAY-005480,EMP-0480,2026-01,27-01-2026,14150,3538,1200,1050,21,1857.19,21795.19,0,353.76,1259.2,0,0,1259.2,20535.99,Bank Transfer,SAR
PAY-005481,EMP-0481,2026-01,27-01-2026,15500,3875,1200,0,15,1453.13,22028.13,0,387.5,0,0,0,0,22028.13,Bank Transfer,SAR
PAY-005482,EMP-0482,2026-01,27-01-2026,8400,2100,840,0,4,210,11550,0,210,0,0,0,0,11550,Bank Transfer,SAR
PAY-005483,EMP-0483,2026-01,27-01-2026,8800,2200,880,0,0,0,11880,1072.5,1292.5,0,0,0,1072.5,10807.5,Bank Transfer,SAR
PAY-005484,EMP-0484,2026-01,27-01-2026,10600,2650,1060,0,8,530,14840,1291.88,1556.88,0,0,0,1291.88,13548.12,Bank Transfer,SAR
PAY-005485,EMP-0485,2026-01,27-01-2026,10100,2525,1010,0,0,0,13635,0,252.5,0,550,0,550,13085,Bank Transfer,SAR
PAY-005486,EMP-0487,2026-01,27-01-2026,10850,2713,1085,2300,22.5,1525.78,18473.78,1322.39,1593.65,0,0,0,1322.39,17151.39,Bank Transfer,SAR
PAY-005487,EMP-0488,2026-01,27-01-2026,10850,2713,1085,1500,0,0,16148,0,271.26,488.27,0,0,488.27,15659.73,Bank Transfer,SAR
PAY-005488,EMP-0489,2026-01,27-01-2026,11700,2925,1170,2250,13.5,987.19,19032.19,0,292.5,0,0,0,0,19032.19,Bank Transfer,SAR
PAY-005489,EMP-0490,2026-01,27-01-2026,6250,1563,625,0,4.5,175.78,8613.78,0,156.26,0,0,0,0,8613.78,Bank Transfer,SAR
PAY-005490,EMP-0491,2026-01,27-01-2026,37150,9288,1200,0,0,0,47638,4527.71,5456.46,0,0,0,4527.71,43110.29,Bank Transfer,SAR
PAY-005491,EMP-0492,2026-01,27-01-2026,21700,5425,1200,0,0,0,28325,2644.69,3187.19,0,0,0,2644.69,25680.31,Bank Transfer,SAR
PAY-005492,EMP-0493,2026-01,27-01-2026,6300,1575,630,0,0,0,8505,0,157.5,567,0,0,567,7938,WPS Transfer,SAR
PAY-005493,EMP-0494,2026-01,27-01-2026,6500,1625,650,0,18,731.25,9506.25,792.19,954.69,0,0,0,792.19,8714.06,Bank Transfer,SAR
PAY-005494,EMP-0495,2026-01,27-01-2026,16800,4200,1200,0,10,1050,23250,0,420,0,2350,0,2350,20900,Bank Transfer,SAR
PAY-005495,EMP-0497,2026-01,27-01-2026,8700,2175,870,0,0,0,11745,1060.31,1277.81,0,0,160,1220.31,10524.69,Bank Transfer,SAR
PAY-005496,EMP-0498,2026-01,27-01-2026,12050,3013,1200,0,25.5,1920.47,18183.47,0,301.26,0,0,0,0,18183.47,Bank Transfer,SAR
PAY-005497,EMP-0499,2026-01,27-01-2026,14750,3688,1200,0,0,0,19638,1797.71,2166.46,0,0,0,1797.71,17840.29,Bank Transfer,SAR
PAY-005498,EMP-0500,2026-01,27-01-2026,22250,5563,1200,0,0,0,29013,0,556.26,0,0,0,0,29013,Bank Transfer,SAR
PAY-005499,EMP-0001,2026-02,27-02-2026,35400,8850,1200,1050,0,0,46500,4314.38,5199.38,0,0,0,4314.38,42185.62,WPS Transfer,SAR
PAY-005500,EMP-0003,2026-02,27-02-2026,8700,2175,870,0,12,652.5,12397.5,0,217.5,0,0,0,0,12397.5,Bank Transfer,SAR
PAY-005501,EMP-0004,2026-02,27-02-2026,3500,875,350,0,14,306.25,5031.25,426.56,514.06,0,0,0,426.56,4604.69,Bank Transfer,SAR
PAY-005502,EMP-0005,2026-02,27-02-2026,3450,863,345,2100,0,0,6758,0,86.26,0,0,0,0,6758,Bank Transfer,SAR
PAY-005503,EMP-0006,2026-02,27-02-2026,3200,800,320,0,0,0,4320,390,470,0,0,0,390,3930,Bank Transfer,SAR
PAY-005504,EMP-0007,2026-02,27-02-2026,8450,2113,845,0,0,0,11408,0,211.26,0,0,0,0,11408,Bank Transfer,SAR
PAY-005505,EMP-0008,2026-02,27-02-2026,4650,1163,465,0,0,0,6278,566.77,683.03,0,0,0,566.77,5711.23,Bank Transfer,SAR
PAY-005506,EMP-0009,2026-02,27-02-2026,3800,950,380,0,11.5,273.13,5403.13,463.13,558.13,0,0,0,463.13,4940,Bank Transfer,SAR
PAY-005507,EMP-0010,2026-02,27-02-2026,29350,7338,1200,900,0,0,38788,3577.08,4310.84,0,0,0,3577.08,35210.92,Bank Transfer,SAR
PAY-005508,EMP-0011,2026-02,27-02-2026,4300,1075,430,0,13.5,362.81,6167.81,524.06,631.56,0,0,0,524.06,5643.75,Bank Transfer,SAR
PAY-005509,EMP-0013,2026-02,27-02-2026,27950,6988,1200,0,0,0,36138,0,698.76,0,2050,0,2050,34088,Bank Transfer,SAR
PAY-005510,EMP-0014,2026-02,27-02-2026,9500,2375,950,0,10,593.75,13418.75,1157.81,1395.31,0,0,0,1157.81,12260.94,Bank Transfer,SAR
PAY-005511,EMP-0015,2026-02,27-02-2026,8000,2000,800,0,8.5,425,11225,975,1175,0,0,0,975,10250,Bank Transfer,SAR
PAY-005512,EMP-0016,2026-02,27-02-2026,8850,2213,885,0,15.5,857.34,12805.34,0,221.26,0,0,0,0,12805.34,WPS Transfer,SAR
PAY-005513,EMP-0017,2026-02,27-02-2026,6600,1650,660,0,20.5,845.63,9755.63,0,165,0,0,0,0,9755.63,Bank Transfer,SAR
PAY-005514,EMP-0018,2026-02,27-02-2026,3350,838,335,0,19.5,408.28,4931.28,408.33,492.09,0,0,0,408.33,4522.95,Bank Transfer,SAR
PAY-005515,EMP-0019,2026-02,27-02-2026,4700,1175,470,0,24.5,719.69,7064.69,572.81,690.31,211.5,1100,0,1884.31,5180.38,Bank Transfer,SAR
PAY-005516,EMP-0020,2026-02,27-02-2026,11450,2863,1145,0,0,0,15458,0,286.26,515.27,1600,0,2115.27,13342.73,WPS Transfer,SAR
PAY-005517,EMP-0021,2026-02,27-02-2026,8800,2200,880,0,0,0,11880,1072.5,1292.5,0,0,0,1072.5,10807.5,Bank Transfer,SAR
PAY-005518,EMP-0022,2026-02,27-02-2026,11500,2875,1150,550,0,0,16075,1401.56,1689.06,0,0,0,1401.56,14673.44,Bank Transfer,SAR
PAY-005519,EMP-0023,2026-02,27-02-2026,3400,850,340,0,0,0,4590,0,85,0,0,0,0,4590,Bank Transfer,SAR
PAY-005520,EMP-0024,2026-02,27-02-2026,23700,5925,1200,0,0,0,30825,2888.44,3480.94,0,0,0,2888.44,27936.56,Bank Transfer,SAR
PAY-005521,EMP-0025,2026-02,27-02-2026,6000,1500,600,0,14.5,543.75,8643.75,0,150,0,0,0,0,8643.75,Bank Transfer,SAR
PAY-005522,EMP-0026,2026-02,27-02-2026,3300,825,330,0,0,0,4455,402.19,484.69,0,0,0,402.19,4052.81,Bank Transfer,SAR
PAY-005523,EMP-0027,2026-02,27-02-2026,3350,838,335,2100,0,0,6623,0,83.76,0,0,0,0,6623,Bank Transfer,SAR
PAY-005524,EMP-0028,2026-02,27-02-2026,9000,2250,900,1600,21,1181.25,14931.25,0,225,0,0,0,0,14931.25,Bank Transfer,SAR
PAY-005525,EMP-0029,2026-02,27-02-2026,3550,888,355,0,0,0,4793,432.71,521.46,0,0,0,432.71,4360.29,Bank Transfer,SAR
PAY-005526,EMP-0030,2026-02,27-02-2026,4550,1138,455,0,0,0,6143,554.58,668.34,0,0,0,554.58,5588.42,Bank Transfer,SAR
PAY-005527,EMP-0031,2026-02,27-02-2026,3800,950,380,900,0,0,6030,463.13,558.13,0,0,0,463.13,5566.87,Bank Transfer,SAR
PAY-005528,EMP-0032,2026-02,27-02-2026,12650,3163,1200,0,7.5,592.97,17605.97,0,316.26,0,0,0,0,17605.97,Bank Transfer,SAR
PAY-005529,EMP-0033,2026-02,27-02-2026,11750,2938,1175,0,22,1615.63,17478.63,0,293.76,0,0,0,0,17478.63,Bank Transfer,SAR
PAY-005530,EMP-0034,2026-02,27-02-2026,11650,2913,1165,0,0,0,15728,0,291.26,0,0,0,0,15728,Bank Transfer,SAR
PAY-005531,EMP-0035,2026-02,27-02-2026,7300,1825,730,0,23.5,1072.19,10927.19,0,182.5,0,0,0,0,10927.19,WPS Transfer,SAR
PAY-005532,EMP-0036,2026-02,27-02-2026,6950,1738,695,0,6.5,282.34,9665.34,847.08,1020.84,0,950,0,1797.08,7868.26,WPS Transfer,SAR
PAY-005533,EMP-0037,2026-02,27-02-2026,3550,888,355,0,0,0,4793,0,88.76,0,0,0,0,4793,Bank Transfer,SAR
PAY-005534,EMP-0038,2026-02,27-02-2026,4400,1100,440,0,2,55,5995,0,110,0,0,0,0,5995,Bank Transfer,SAR
PAY-005535,EMP-0039,2026-02,27-02-2026,7100,1775,710,450,0,0,10035,865.31,1042.81,0,0,0,865.31,9169.69,Bank Transfer,SAR
PAY-005536,EMP-0040,2026-02,27-02-2026,30000,7500,1200,0,0,0,38700,0,750,0,2450,0,2450,36250,Bank Transfer,SAR
PAY-005537,EMP-0041,2026-02,27-02-2026,9050,2263,905,0,2.5,141.41,12359.41,1103.02,1329.28,0,0,0,1103.02,11256.39,Bank Transfer,SAR
PAY-005538,EMP-0042,2026-02,27-02-2026,4550,1138,455,0,7.5,213.28,6356.28,0,113.76,0,0,0,0,6356.28,Bank Transfer,SAR
PAY-005539,EMP-0043,2026-02,27-02-2026,4450,1113,445,0,0,0,6008,0,111.26,400.53,0,0,400.53,5607.47,Bank Transfer,SAR
PAY-005540,EMP-0044,2026-02,27-02-2026,7600,1900,760,0,0,0,10260,0,190,0,0,0,0,10260,WPS Transfer,SAR
PAY-005541,EMP-0045,2026-02,27-02-2026,6100,1525,610,0,9.5,362.19,8597.19,0,152.5,0,0,0,0,8597.19,Bank Transfer,SAR
PAY-005542,EMP-0046,2026-02,27-02-2026,3450,863,345,0,0,0,4658,0,86.26,0,0,320,320,4338,Bank Transfer,SAR
PAY-005543,EMP-0047,2026-02,27-02-2026,8350,2088,835,0,0,0,11273,1017.71,1226.46,0,0,0,1017.71,10255.29,Bank Transfer,SAR
PAY-005544,EMP-0048,2026-02,27-02-2026,21750,5438,1200,500,0,0,28888,2650.83,3194.59,1892.53,0,0,4543.36,24344.64,Bank Transfer,SAR
PAY-005545,EMP-0049,2026-02,27-02-2026,4100,1025,410,0,0,0,5535,499.69,602.19,0,0,0,499.69,5035.31,Bank Transfer,SAR
PAY-005546,EMP-0050,2026-02,27-02-2026,3250,813,325,0,9,182.81,4570.81,0,81.26,0,0,0,0,4570.81,Bank Transfer,SAR
PAY-005547,EMP-0051,2026-02,27-02-2026,7700,1925,770,0,13,625.63,11020.63,0,192.5,0,0,0,0,11020.63,Bank Transfer,SAR
PAY-005548,EMP-0052,2026-02,27-02-2026,4700,1175,470,0,25.5,749.06,7094.06,572.81,690.31,0,0,0,572.81,6521.25,Bank Transfer,SAR
PAY-005549,EMP-0053,2026-02,27-02-2026,4100,1025,410,1650,6.5,166.56,7351.56,499.69,602.19,0,0,0,499.69,6851.87,WPS Transfer,SAR
PAY-005550,EMP-0055,2026-02,27-02-2026,4250,1063,425,850,22.5,597.66,7185.66,0,106.26,0,0,0,0,7185.66,Bank Transfer,SAR
PAY-005551,EMP-0057,2026-02,27-02-2026,4550,1138,455,2350,0,0,8493,554.58,668.34,0,0,0,554.58,7938.42,Bank Transfer,SAR
PAY-005552,EMP-0058,2026-02,27-02-2026,3850,963,385,0,0,0,5198,0,96.26,0,0,0,0,5198,Bank Transfer,SAR
PAY-005553,EMP-0059,2026-02,27-02-2026,9300,2325,930,0,0,0,12555,0,232.5,0,0,0,0,12555,Bank Transfer,SAR
PAY-005554,EMP-0060,2026-02,27-02-2026,4500,1125,450,0,0,0,6075,548.44,660.94,607.5,0,0,1155.94,4919.06,Bank Transfer,SAR
PAY-005555,EMP-0062,2026-02,27-02-2026,4050,1013,405,0,21.5,544.22,6012.22,0,101.26,0,0,0,0,6012.22,Bank Transfer,SAR
PAY-005556,EMP-0063,2026-02,27-02-2026,8050,2013,805,0,0,0,10868,981.14,1182.4,0,0,0,981.14,9886.86,Bank Transfer,SAR
PAY-005557,EMP-0064,2026-02,27-02-2026,4600,1150,460,0,20,575,6785,0,115,0,0,0,0,6785,Bank Transfer,SAR
PAY-005558,EMP-0065,2026-02,27-02-2026,28650,7163,1200,0,0,0,37013,0,716.26,0,0,270,270,36743,Bank Transfer,SAR
PAY-005559,EMP-0066,2026-02,27-02-2026,3950,988,395,0,17,419.69,5752.69,0,98.76,0,0,0,0,5752.69,Bank Transfer,SAR
PAY-005560,EMP-0067,2026-02,27-02-2026,3450,863,345,0,26,560.63,5218.63,420.52,506.78,0,0,430,850.52,4368.11,Bank Transfer,SAR
PAY-005561,EMP-0068,2026-02,27-02-2026,3750,938,375,0,0,0,5063,0,93.76,168.77,0,0,168.77,4894.23,Bank Transfer,SAR
PAY-005562,EMP-0069,2026-02,27-02-2026,25850,6463,1200,0,0,0,33513,0,646.26,0,0,0,0,33513,WPS Transfer,SAR
PAY-005563,EMP-0070,2026-02,27-02-2026,3700,925,370,0,0,0,4995,0,92.5,0,350,0,350,4645,Bank Transfer,SAR
PAY-005564,EMP-0071,2026-02,27-02-2026,7100,1775,710,350,0,0,9935,0,177.5,0,0,0,0,9935,Bank Transfer,SAR
PAY-005565,EMP-0072,2026-02,27-02-2026,4450,1113,445,1500,0,0,7508,0,111.26,0,1000,0,1000,6508,Bank Transfer,SAR
PAY-005566,EMP-0073,2026-02,27-02-2026,27600,6900,1200,0,0,0,35700,3363.75,4053.75,0,1550,0,4913.75,30786.25,Bank Transfer,SAR
PAY-005567,EMP-0074,2026-02,27-02-2026,3300,825,330,0,0,0,4455,402.19,484.69,0,0,0,402.19,4052.81,Bank Transfer,SAR
PAY-005568,EMP-0076,2026-02,27-02-2026,4400,1100,440,0,13.5,371.25,6311.25,0,110,0,0,0,0,6311.25,Bank Transfer,SAR
PAY-005569,EMP-0077,2026-02,27-02-2026,4600,1150,460,0,0,0,6210,0,115,0,0,0,0,6210,Bank Transfer,SAR
PAY-005570,EMP-0079,2026-02,27-02-2026,6450,1613,645,0,0,0,8708,786.14,947.4,0,0,0,786.14,7921.86,Bank Transfer,SAR
PAY-005571,EMP-0080,2026-02,27-02-2026,3200,800,320,0,22,440,4760,0,80,0,0,0,0,4760,Bank Transfer,SAR
PAY-005572,EMP-0081,2026-02,27-02-2026,8250,2063,825,0,0,0,11138,0,206.26,0,0,0,0,11138,Bank Transfer,SAR
PAY-005573,EMP-0083,2026-02,27-02-2026,10200,2550,1020,0,0,0,13770,0,255,0,0,0,0,13770,WPS Transfer,SAR
PAY-005574,EMP-0084,2026-02,27-02-2026,12750,3188,1200,1700,22.5,1792.97,20630.97,0,318.76,0,0,470,470,20160.97,Bank Transfer,SAR
PAY-005575,EMP-0086,2026-02,27-02-2026,3550,888,355,0,22.5,499.22,5292.22,0,88.76,0,2050,0,2050,3242.22,Bank Transfer,SAR
PAY-005576,EMP-0087,2026-02,27-02-2026,25550,6388,1200,0,0,0,33138,3113.96,3752.71,0,0,0,3113.96,30024.04,Bank Transfer,SAR
PAY-005577,EMP-0088,2026-02,27-02-2026,23950,5988,1200,0,0,0,31138,2918.96,3517.71,0,0,0,2918.96,28219.04,Bank Transfer,SAR
PAY-005578,EMP-0089,2026-02,27-02-2026,20900,5225,1200,0,0,0,27325,0,522.5,0,0,0,0,27325,Bank Transfer,SAR
PAY-005579,EMP-0091,2026-02,27-02-2026,34650,8663,1200,0,0,0,44513,4223.02,5089.28,0,0,0,4223.02,40289.98,Bank Transfer,SAR
PAY-005580,EMP-0092,2026-02,27-02-2026,4550,1138,455,0,0,0,6143,554.58,668.34,0,0,0,554.58,5588.42,Bank Transfer,SAR
PAY-005581,EMP-0093,2026-02,27-02-2026,4900,1225,490,0,0,0,6615,0,122.5,220.5,0,0,220.5,6394.5,Bank Transfer,SAR
PAY-005582,EMP-0095,2026-02,27-02-2026,18600,4650,1200,0,0,0,24450,0,465,0,0,0,0,24450,Bank Transfer,SAR
PAY-005583,EMP-0096,2026-02,27-02-2026,12100,3025,1200,1000,2,151.25,17476.25,1474.69,1777.19,0,0,200,1674.69,15801.56,Bank Transfer,SAR
PAY-005584,EMP-0097,2026-02,27-02-2026,5050,1263,505,0,22.5,710.16,7528.16,0,126.26,0,0,0,0,7528.16,Bank Transfer,SAR
PAY-005585,EMP-0098,2026-02,27-02-2026,6350,1588,635,950,0,0,9523,0,158.76,0,0,0,0,9523,Bank Transfer,SAR
PAY-005586,EMP-0099,2026-02,27-02-2026,11850,2963,1185,1650,0,0,17648,1444.27,1740.53,0,0,0,1444.27,16203.73,Bank Transfer,SAR
PAY-005587,EMP-0100,2026-02,27-02-2026,12900,3225,1200,0,17.5,1410.94,18735.94,0,322.5,0,0,0,0,18735.94,Bank Transfer,SAR
PAY-005588,EMP-0102,2026-02,27-02-2026,4650,1163,465,0,24.5,712.03,6990.03,566.77,683.03,0,0,0,566.77,6423.26,WPS Transfer,SAR
PAY-005589,EMP-0103,2026-02,27-02-2026,5350,1338,535,2150,0,0,9373,0,133.76,0,0,0,0,9373,Bank Transfer,SAR
PAY-005590,EMP-0104,2026-02,27-02-2026,6350,1588,635,0,0,0,8573,773.96,932.71,0,0,0,773.96,7799.04,Bank Transfer,SAR
PAY-005591,EMP-0105,2026-02,27-02-2026,21650,5413,1200,0,0,0,28263,2638.64,3179.9,0,0,0,2638.64,25624.36,Bank Transfer,SAR
PAY-005592,EMP-0106,2026-02,27-02-2026,24950,6238,1200,0,0,0,32388,3040.83,3664.59,0,0,0,3040.83,29347.17,Bank Transfer,SAR
PAY-005593,EMP-0107,2026-02,27-02-2026,26350,6588,1200,0,0,0,34138,3211.46,3870.21,0,0,0,3211.46,30926.54,Bank Transfer,SAR
PAY-005594,EMP-0108,2026-02,27-02-2026,6050,1513,605,0,26,983.13,9151.13,0,151.26,0,0,0,0,9151.13,Bank Transfer,SAR
PAY-005595,EMP-0109,2026-02,27-02-2026,10900,2725,1090,0,0,0,14715,0,272.5,0,0,0,0,14715,Bank Transfer,SAR
PAY-005596,EMP-0111,2026-02,27-02-2026,11050,2763,1105,0,3.5,241.72,15159.72,1346.77,1623.03,0,0,0,1346.77,13812.95,Bank Transfer,SAR
PAY-005597,EMP-0112,2026-02,27-02-2026,17550,4388,1200,0,7,767.81,23905.81,0,438.76,0,400,0,400,23505.81,Bank Transfer,SAR
PAY-005598,EMP-0113,2026-02,27-02-2026,12550,3138,1200,1000,0,0,17888,1529.58,1843.34,0,0,0,1529.58,16358.42,WPS Transfer,SAR
PAY-005599,EMP-0114,2026-02,27-02-2026,11300,2825,1130,0,0,0,15255,0,282.5,0,0,0,0,15255,Bank Transfer,SAR
PAY-005600,EMP-0115,2026-02,27-02-2026,5200,1300,520,1600,23.5,763.75,9383.75,0,130,0,0,0,0,9383.75,Bank Transfer,SAR
PAY-005601,EMP-0116,2026-02,27-02-2026,4550,1138,455,0,21,597.19,6740.19,0,113.76,0,0,0,0,6740.19,Bank Transfer,SAR
PAY-005602,EMP-0117,2026-02,27-02-2026,22450,5613,1200,0,0,0,29263,2736.14,3297.4,1950.87,0,0,4687.01,24575.99,Bank Transfer,SAR
PAY-005603,EMP-0118,2026-02,27-02-2026,18200,4550,1200,0,18.5,2104.38,26054.38,2218.13,2673.13,0,0,0,2218.13,23836.25,Bank Transfer,SAR
PAY-005604,EMP-0119,2026-02,27-02-2026,5300,1325,530,0,0,0,7155,0,132.5,0,0,0,0,7155,Bank Transfer,SAR
PAY-005605,EMP-0120,2026-02,27-02-2026,12250,3063,1200,700,0,0,17213,1493.02,1799.28,1100.87,0,0,2593.89,14619.11,Bank Transfer,SAR
PAY-005606,EMP-0121,2026-02,27-02-2026,4700,1175,470,1000,0,0,7345,0,117.5,0,0,0,0,7345,Bank Transfer,SAR
PAY-005607,EMP-0122,2026-02,27-02-2026,5250,1313,525,500,0,0,7588,0,131.26,0,400,0,400,7188,Bank Transfer,SAR
PAY-005608,EMP-0123,2026-02,27-02-2026,5450,1363,545,0,0,0,7358,664.27,800.53,0,0,0,664.27,6693.73,Bank Transfer,SAR
PAY-005609,EMP-0124,2026-02,27-02-2026,28200,7050,1200,2200,0,0,38650,3436.88,4141.88,0,0,0,3436.88,35213.12,Bank Transfer,SAR
PAY-005610,EMP-0126,2026-02,27-02-2026,6100,1525,610,0,0,0,8235,0,152.5,0,0,0,0,8235,Bank Transfer,SAR
PAY-005611,EMP-0127,2026-02,27-02-2026,9350,2338,935,0,0,0,12623,0,233.76,0,0,0,0,12623,Bank Transfer,SAR
PAY-005612,EMP-0129,2026-02,27-02-2026,4850,1213,485,0,0,0,6548,591.14,712.4,0,0,0,591.14,5956.86,Bank Transfer,SAR
PAY-005613,EMP-0130,2026-02,27-02-2026,6350,1588,635,0,0,0,8573,0,158.76,0,0,0,0,8573,Bank Transfer,SAR
PAY-005614,EMP-0131,2026-02,27-02-2026,20750,5188,1200,0,0,0,27138,0,518.76,0,0,0,0,27138,Bank Transfer,SAR
PAY-005615,EMP-0132,2026-02,27-02-2026,5400,1350,540,1150,0,0,8440,658.13,793.13,0,0,0,658.13,7781.87,Bank Transfer,SAR
PAY-005616,EMP-0133,2026-02,27-02-2026,11850,2963,1185,0,24.5,1814.53,17812.53,0,296.26,0,0,0,0,17812.53,Bank Transfer,SAR
PAY-005617,EMP-0134,2026-02,27-02-2026,4750,1188,475,0,0,0,6413,0,118.76,0,0,0,0,6413,Bank Transfer,SAR
PAY-005618,EMP-0135,2026-02,27-02-2026,5700,1425,570,0,18.5,659.06,8354.06,0,142.5,0,0,0,0,8354.06,Bank Transfer,SAR
PAY-005619,EMP-0136,2026-02,27-02-2026,4850,1213,485,0,0,0,6548,0,121.26,0,1900,0,1900,4648,Bank Transfer,SAR
PAY-005620,EMP-0137,2026-02,27-02-2026,20100,5025,1200,0,0,0,26325,0,502.5,0,0,0,0,26325,Bank Transfer,SAR
PAY-005621,EMP-0138,2026-02,27-02-2026,17050,4263,1200,450,0,0,22963,0,426.26,0,0,0,0,22963,Bank Transfer,SAR
PAY-005622,EMP-0140,2026-02,27-02-2026,10050,2513,1005,0,10,628.13,14196.13,0,251.26,0,0,0,0,14196.13,Bank Transfer,SAR
PAY-005623,EMP-0141,2026-02,27-02-2026,6000,1500,600,0,0,0,8100,731.25,881.25,0,0,0,731.25,7368.75,Bank Transfer,SAR
PAY-005624,EMP-0142,2026-02,27-02-2026,4900,1225,490,0,0,0,6615,597.19,719.69,441,0,0,1038.19,5576.81,Bank Transfer,SAR
PAY-005625,EMP-0143,2026-02,27-02-2026,5350,1338,535,0,0,0,7223,0,133.76,0,0,0,0,7223,Bank Transfer,SAR
PAY-005626,EMP-0145,2026-02,27-02-2026,5000,1250,500,0,0,0,6750,0,125,0,0,0,0,6750,Bank Transfer,SAR
PAY-005627,EMP-0146,2026-02,27-02-2026,17050,4263,1200,0,0,0,22513,2078.02,2504.28,0,0,0,2078.02,20434.98,Bank Transfer,SAR
PAY-005628,EMP-0147,2026-02,27-02-2026,4850,1213,485,0,0,0,6548,591.14,712.4,0,1150,0,1741.14,4806.86,Bank Transfer,SAR
PAY-005629,EMP-0149,2026-02,27-02-2026,20200,5050,1200,650,0,0,27100,2461.88,2966.88,0,0,0,2461.88,24638.12,Bank Transfer,SAR
PAY-005630,EMP-0150,2026-02,27-02-2026,17050,4263,1200,0,2,213.13,22726.13,2078.02,2504.28,1500.87,0,0,3578.89,19147.24,Bank Transfer,SAR
PAY-005631,EMP-0151,2026-02,27-02-2026,16150,4038,1200,0,0,0,21388,1968.33,2372.09,0,0,0,1968.33,19419.67,Bank Transfer,SAR
PAY-005632,EMP-0152,2026-02,27-02-2026,21350,5338,1200,0,0,0,27888,0,533.76,0,0,0,0,27888,Bank Transfer,SAR
PAY-005633,EMP-0153,2026-02,27-02-2026,12500,3125,1200,0,0,0,16825,1523.44,1835.94,0,0,0,1523.44,15301.56,Bank Transfer,SAR
PAY-005634,EMP-0154,2026-02,27-02-2026,6300,1575,630,0,0,0,8505,767.81,925.31,0,0,170,937.81,7567.19,Bank Transfer,SAR
PAY-005635,EMP-0155,2026-02,27-02-2026,28050,7013,1200,0,0,0,36263,0,701.26,2417.53,0,0,2417.53,33845.47,Bank Transfer,SAR
PAY-005636,EMP-0156,2026-02,27-02-2026,20850,5213,1200,0,25,3257.81,30520.81,0,521.26,0,0,0,0,30520.81,Bank Transfer,SAR
PAY-005637,EMP-0157,2026-02,27-02-2026,11300,2825,1130,0,0,0,15255,0,282.5,0,0,0,0,15255,Bank Transfer,SAR
PAY-005638,EMP-0158,2026-02,27-02-2026,4550,1138,455,0,0,0,6143,0,113.76,0,0,0,0,6143,Bank Transfer,SAR
PAY-005639,EMP-0159,2026-02,27-02-2026,4650,1163,465,0,0,0,6278,566.77,683.03,0,0,0,566.77,5711.23,Bank Transfer,SAR
PAY-005640,EMP-0160,2026-02,27-02-2026,6000,1500,600,0,0,0,8100,731.25,881.25,270,1650,0,2651.25,5448.75,Bank Transfer,SAR
PAY-005641,EMP-0161,2026-02,27-02-2026,25100,6275,1200,0,0,0,32575,3059.06,3686.56,0,0,0,3059.06,29515.94,Bank Transfer,SAR
PAY-005642,EMP-0162,2026-02,27-02-2026,10350,2588,1035,2500,0,0,16473,0,258.76,0,0,0,0,16473,Bank Transfer,SAR
PAY-005643,EMP-0163,2026-02,27-02-2026,3850,963,385,0,0,0,5198,469.27,565.53,0,0,0,469.27,4728.73,Bank Transfer,SAR
PAY-005644,EMP-0164,2026-02,27-02-2026,6250,1563,625,0,0,0,8438,761.77,918.03,281.27,0,0,1043.04,7394.96,Bank Transfer,SAR
PAY-005645,EMP-0165,2026-02,27-02-2026,4500,1125,450,0,0,0,6075,0,112.5,0,0,0,0,6075,Bank Transfer,SAR
PAY-005646,EMP-0167,2026-02,27-02-2026,3450,863,345,2450,9,194.06,7302.06,420.52,506.78,0,0,0,420.52,6881.54,Bank Transfer,SAR
PAY-005647,EMP-0168,2026-02,27-02-2026,11900,2975,1190,0,0,0,16065,0,297.5,1071,0,0,1071,14994,Bank Transfer,SAR
PAY-005648,EMP-0169,2026-02,27-02-2026,3250,813,325,0,13,264.06,4652.06,0,81.26,0,0,0,0,4652.06,Bank Transfer,SAR
PAY-005649,EMP-0170,2026-02,27-02-2026,7550,1888,755,0,0,0,10193,920.21,1108.96,679.53,1050,0,2649.74,7543.26,Bank Transfer,SAR
PAY-005650,EMP-0171,2026-02,27-02-2026,8550,2138,855,0,0,0,11543,0,213.76,0,0,0,0,11543,Bank Transfer,SAR
PAY-005651,EMP-0172,2026-02,27-02-2026,7650,1913,765,1750,0,0,12078,932.39,1123.65,0,0,0,932.39,11145.61,Bank Transfer,SAR
PAY-005652,EMP-0173,2026-02,27-02-2026,8850,2213,885,0,23.5,1299.84,13247.84,0,221.26,0,0,0,0,13247.84,Bank Transfer,SAR
PAY-005653,EMP-0174,2026-02,27-02-2026,6300,1575,630,0,3,118.13,8623.13,767.81,925.31,0,0,0,767.81,7855.32,Bank Transfer,SAR
PAY-005654,EMP-0175,2026-02,27-02-2026,4500,1125,450,0,16.5,464.06,6539.06,548.44,660.94,0,0,0,548.44,5990.62,Bank Transfer,SAR
PAY-005655,EMP-0176,2026-02,27-02-2026,6100,1525,610,0,24.5,934.06,9169.06,743.44,895.94,0,0,0,743.44,8425.62,Bank Transfer,SAR
PAY-005656,EMP-0177,2026-02,27-02-2026,4400,1100,440,500,3,82.5,6522.5,0,110,0,700,0,700,5822.5,Bank Transfer,SAR
PAY-005657,EMP-0178,2026-02,27-02-2026,4600,1150,460,0,5.5,158.13,6368.13,560.63,675.63,0,0,0,560.63,5807.5,Bank Transfer,SAR
PAY-005658,EMP-0180,2026-02,27-02-2026,4600,1150,460,0,0,0,6210,0,115,0,0,0,0,6210,Bank Transfer,SAR
PAY-005659,EMP-0181,2026-02,27-02-2026,6450,1613,645,2250,0,0,10958,786.14,947.4,0,0,0,786.14,10171.86,Bank Transfer,SAR
PAY-005660,EMP-0182,2026-02,27-02-2026,7450,1863,745,2250,3,139.69,12447.69,0,186.26,0,2100,0,2100,10347.69,Bank Transfer,SAR
PAY-005661,EMP-0183,2026-02,27-02-2026,4700,1175,470,0,18,528.75,6873.75,572.81,690.31,0,0,0,572.81,6300.94,Bank Transfer,SAR
PAY-005662,EMP-0184,2026-02,27-02-2026,8900,2225,890,400,0,0,12415,0,222.5,0,0,0,0,12415,Bank Transfer,SAR
PAY-005663,EMP-0186,2026-02,27-02-2026,3250,813,325,0,0,0,4388,396.14,477.4,0,0,0,396.14,3991.86,Bank Transfer,SAR
PAY-005664,EMP-0187,2026-02,27-02-2026,7150,1788,715,0,0,0,9653,0,178.76,0,0,0,0,9653,Bank Transfer,SAR
PAY-005665,EMP-0188,2026-02,27-02-2026,8550,2138,855,0,0,0,11543,1042.08,1255.84,769.53,0,0,1811.61,9731.39,Bank Transfer,SAR
PAY-005666,EMP-0189,2026-02,27-02-2026,3450,863,345,0,15.5,334.22,4992.22,0,86.26,0,0,0,0,4992.22,WPS Transfer,SAR
PAY-005667,EMP-0190,2026-02,27-02-2026,4750,1188,475,0,9,267.19,6680.19,0,118.76,0,0,0,0,6680.19,Bank Transfer,SAR
PAY-005668,EMP-0191,2026-02,27-02-2026,3800,950,380,0,19,451.25,5581.25,0,95,0,0,0,0,5581.25,Bank Transfer,SAR
PAY-005669,EMP-0192,2026-02,27-02-2026,3750,938,375,0,0,0,5063,0,93.76,0,0,0,0,5063,Bank Transfer,SAR
PAY-005670,EMP-0193,2026-02,27-02-2026,3650,913,365,0,0,0,4928,0,91.26,0,0,0,0,4928,Bank Transfer,SAR
PAY-005671,EMP-0194,2026-02,27-02-2026,4750,1188,475,800,0,0,7213,0,118.76,0,0,430,430,6783,Bank Transfer,SAR
PAY-005672,EMP-0195,2026-02,27-02-2026,6150,1538,615,0,6.5,249.84,8552.84,0,153.76,0,0,0,0,8552.84,Bank Transfer,SAR
PAY-005673,EMP-0196,2026-02,27-02-2026,8550,2138,855,0,6,320.63,11863.63,0,213.76,0,0,280,280,11583.63,Bank Transfer,SAR
PAY-005674,EMP-0197,2026-02,27-02-2026,12000,3000,1200,0,21,1575,17775,0,300,0,0,0,0,17775,Bank Transfer,SAR
PAY-005675,EMP-0198,2026-02,27-02-2026,3400,850,340,0,0,0,4590,0,85,0,0,0,0,4590,Bank Transfer,SAR
PAY-005676,EMP-0199,2026-02,27-02-2026,7700,1925,770,0,0,0,10395,0,192.5,0,0,0,0,10395,Bank Transfer,SAR
PAY-005677,EMP-0200,2026-02,27-02-2026,11500,2875,1150,0,0,0,15525,0,287.5,0,0,230,230,15295,Bank Transfer,SAR
PAY-005678,EMP-0201,2026-02,27-02-2026,3700,925,370,0,0,0,4995,0,92.5,0,0,0,0,4995,Bank Transfer,SAR
PAY-005679,EMP-0202,2026-02,27-02-2026,8800,2200,880,0,0,0,11880,1072.5,1292.5,396,0,570,2038.5,9841.5,Bank Transfer,SAR
PAY-005680,EMP-0203,2026-02,27-02-2026,4150,1038,415,0,0,0,5603,505.83,609.59,0,0,280,785.83,4817.17,Bank Transfer,SAR
PAY-005681,EMP-0205,2026-02,27-02-2026,4450,1113,445,450,0,0,6458,542.39,653.65,0,0,0,542.39,5915.61,Bank Transfer,SAR
PAY-005682,EMP-0207,2026-02,27-02-2026,4450,1113,445,0,0,0,6008,0,111.26,0,0,0,0,6008,Bank Transfer,SAR
PAY-005683,EMP-0208,2026-02,27-02-2026,4300,1075,430,0,21.5,577.81,6382.81,0,107.5,774,0,0,774,5608.81,Bank Transfer,SAR
PAY-005684,EMP-0209,2026-02,27-02-2026,3500,875,350,1850,14,306.25,6881.25,0,87.5,0,0,0,0,6881.25,Bank Transfer,SAR
PAY-005685,EMP-0210,2026-02,27-02-2026,6850,1713,685,2050,18.5,792.03,12090.03,834.89,1006.15,0,0,0,834.89,11255.14,Bank Transfer,SAR
PAY-005686,EMP-0211,2026-02,27-02-2026,4450,1113,445,0,0,0,6008,0,111.26,400.53,0,0,400.53,5607.47,Bank Transfer,SAR
PAY-005687,EMP-0212,2026-02,27-02-2026,8700,2175,870,0,0,0,11745,1060.31,1277.81,0,2350,0,3410.31,8334.69,Bank Transfer,SAR
PAY-005688,EMP-0213,2026-02,27-02-2026,3650,913,365,0,0,0,4928,444.89,536.15,0,0,0,444.89,4483.11,Bank Transfer,SAR
PAY-005689,EMP-0214,2026-02,27-02-2026,3250,813,325,450,0,0,4838,396.14,477.4,0,0,0,396.14,4441.86,Bank Transfer,SAR
PAY-005690,EMP-0215,2026-02,27-02-2026,3300,825,330,0,18,371.25,4826.25,0,82.5,0,0,0,0,4826.25,Bank Transfer,SAR
PAY-005691,EMP-0216,2026-02,27-02-2026,7650,1913,765,0,23.5,1123.59,11451.59,932.39,1123.65,0,0,0,932.39,10519.2,Bank Transfer,SAR
PAY-005692,EMP-0217,2026-02,27-02-2026,3450,863,345,0,0,0,4658,0,86.26,0,0,0,0,4658,Bank Transfer,SAR
PAY-005693,EMP-0218,2026-02,27-02-2026,4200,1050,420,0,0,0,5670,0,105,0,0,50,50,5620,WPS Transfer,SAR
PAY-005694,EMP-0219,2026-02,27-02-2026,3500,875,350,1100,0,0,5825,426.56,514.06,0,0,0,426.56,5398.44,Bank Transfer,SAR
PAY-005695,EMP-0220,2026-02,27-02-2026,3950,988,395,1850,0,0,7183,481.46,580.21,177.77,0,0,659.23,6523.77,Bank Transfer,SAR
PAY-005696,EMP-0221,2026-02,27-02-2026,25950,6488,1200,0,0,0,33638,3162.71,3811.46,0,0,0,3162.71,30475.29,Bank Transfer,SAR
PAY-005697,EMP-0222,2026-02,27-02-2026,3700,925,370,1450,19,439.38,6884.38,0,92.5,0,0,0,0,6884.38,Bank Transfer,SAR
PAY-005698,EMP-0223,2026-02,27-02-2026,7500,1875,750,0,2.5,117.19,10242.19,0,187.5,0,0,0,0,10242.19,Bank Transfer,SAR
PAY-005699,EMP-0225,2026-02,27-02-2026,11800,2950,1180,0,0,0,15930,1438.13,1733.13,0,0,0,1438.13,14491.87,Bank Transfer,SAR
PAY-005700,EMP-0226,2026-02,27-02-2026,3350,838,335,0,0,0,4523,0,83.76,0,2250,160,2410,2113,Bank Transfer,SAR
PAY-005701,EMP-0227,2026-02,27-02-2026,4650,1163,465,0,0,0,6278,566.77,683.03,0,0,0,566.77,5711.23,Bank Transfer,SAR
PAY-005702,EMP-0228,2026-02,27-02-2026,4400,1100,440,1950,0,0,7890,0,110,0,0,0,0,7890,Bank Transfer,SAR
PAY-005703,EMP-0229,2026-02,27-02-2026,3550,888,355,0,14.5,321.72,5114.72,0,88.76,0,0,0,0,5114.72,Bank Transfer,SAR
PAY-005704,EMP-0230,2026-02,27-02-2026,4650,1163,465,1650,0,0,7928,566.77,683.03,0,0,0,566.77,7361.23,Bank Transfer,SAR
PAY-005705,EMP-0231,2026-02,27-02-2026,4450,1113,445,850,19.5,542.34,7400.34,0,111.26,0,0,0,0,7400.34,Bank Transfer,SAR
PAY-005706,EMP-0232,2026-02,27-02-2026,4300,1075,430,0,0,0,5805,0,107.5,0,0,0,0,5805,Bank Transfer,SAR
PAY-005707,EMP-0234,2026-02,27-02-2026,10700,2675,1070,2150,14,936.25,17531.25,0,267.5,0,0,0,0,17531.25,Bank Transfer,SAR
PAY-005708,EMP-0236,2026-02,27-02-2026,3250,813,325,0,3.5,71.09,4459.09,0,81.26,0,0,0,0,4459.09,Bank Transfer,SAR
PAY-005709,EMP-0237,2026-02,27-02-2026,4050,1013,405,1500,0,0,6968,493.64,594.9,0,0,0,493.64,6474.36,Bank Transfer,SAR
PAY-005710,EMP-0238,2026-02,27-02-2026,8750,2188,875,0,0,0,11813,0,218.76,393.77,0,120,513.77,11299.23,Bank Transfer,SAR
PAY-005711,EMP-0239,2026-02,27-02-2026,8650,2163,865,0,0,0,11678,0,216.26,0,0,0,0,11678,Bank Transfer,SAR
PAY-005712,EMP-0240,2026-02,27-02-2026,3550,888,355,0,14.5,321.72,5114.72,0,88.76,0,0,0,0,5114.72,Bank Transfer,SAR
PAY-005713,EMP-0241,2026-02,27-02-2026,11250,2813,1125,0,16,1125,16313,1371.14,1652.4,0,0,0,1371.14,14941.86,Bank Transfer,SAR
PAY-005714,EMP-0242,2026-02,27-02-2026,3500,875,350,0,16.5,360.94,5085.94,426.56,514.06,0,0,0,426.56,4659.38,WPS Transfer,SAR
PAY-005715,EMP-0243,2026-02,27-02-2026,3350,838,335,0,0,0,4523,0,83.76,0,1700,0,1700,2823,Bank Transfer,SAR
PAY-005716,EMP-0244,2026-02,27-02-2026,8550,2138,855,1050,22.5,1202.34,13795.34,1042.08,1255.84,0,0,0,1042.08,12753.26,Bank Transfer,SAR
PAY-005717,EMP-0245,2026-02,27-02-2026,4100,1025,410,0,0,0,5535,499.69,602.19,0,0,0,499.69,5035.31,Bank Transfer,SAR
PAY-005718,EMP-0246,2026-02,27-02-2026,4600,1150,460,0,0,0,6210,560.63,675.63,0,600,0,1160.63,5049.37,Bank Transfer,SAR
PAY-005719,EMP-0247,2026-02,27-02-2026,3850,963,385,0,16,385,5583,0,96.26,0,0,120,120,5463,Bank Transfer,SAR
PAY-005720,EMP-0248,2026-02,27-02-2026,8500,2125,850,0,9.5,504.69,11979.69,1035.94,1248.44,0,0,0,1035.94,10943.75,Bank Transfer,SAR
PAY-005721,EMP-0249,2026-02,27-02-2026,8600,2150,860,0,21,1128.75,12738.75,0,215,0,0,0,0,12738.75,Bank Transfer,SAR
PAY-005722,EMP-0250,2026-02,27-02-2026,3950,988,395,1600,0,0,6933,0,98.76,0,500,0,500,6433,Bank Transfer,SAR
PAY-005723,EMP-0251,2026-02,27-02-2026,4500,1125,450,0,0,0,6075,548.44,660.94,0,2050,0,2598.44,3476.56,Bank Transfer,SAR
PAY-005724,EMP-0252,2026-02,27-02-2026,7200,1800,720,0,0,0,9720,877.5,1057.5,0,0,0,877.5,8842.5,Bank Transfer,SAR
PAY-005725,EMP-0253,2026-02,27-02-2026,4350,1088,435,0,5.5,149.53,6022.53,530.21,638.96,391.53,0,180,1101.74,4920.79,Bank Transfer,SAR
PAY-005726,EMP-0254,2026-02,27-02-2026,3200,800,320,0,3.5,70,4390,390,470,0,0,0,390,4000,Bank Transfer,SAR
PAY-005727,EMP-0255,2026-02,27-02-2026,9650,2413,965,0,0,0,13028,1176.14,1417.4,0,2150,0,3326.14,9701.86,Bank Transfer,SAR
PAY-005728,EMP-0256,2026-02,27-02-2026,3400,850,340,1850,17.5,371.88,6811.88,0,85,0,0,0,0,6811.88,Bank Transfer,SAR
PAY-005729,EMP-0257,2026-02,27-02-2026,9150,2288,915,1200,14,800.63,14353.63,0,228.76,0,0,0,0,14353.63,Bank Transfer,SAR
PAY-005730,EMP-0258,2026-02,27-02-2026,4400,1100,440,900,0,0,6840,0,110,0,0,0,0,6840,Bank Transfer,SAR
PAY-005731,EMP-0260,2026-02,27-02-2026,10550,2638,1055,0,14,923.13,15166.13,0,263.76,0,0,0,0,15166.13,Bank Transfer,SAR
PAY-005732,EMP-0261,2026-02,27-02-2026,7450,1863,745,0,20.5,954.53,11012.53,0,186.26,670.53,0,0,670.53,10342,Bank Transfer,SAR
PAY-005733,EMP-0262,2026-02,27-02-2026,4450,1113,445,0,9,250.31,6258.31,542.39,653.65,0,0,0,542.39,5715.92,Bank Transfer,SAR
PAY-005734,EMP-0263,2026-02,27-02-2026,11700,2925,1170,700,0,0,16495,1425.94,1718.44,0,0,0,1425.94,15069.06,Bank Transfer,SAR
PAY-005735,EMP-0264,2026-02,27-02-2026,4500,1125,450,1000,0,0,7075,548.44,660.94,0,0,0,548.44,6526.56,Bank Transfer,SAR
PAY-005736,EMP-0265,2026-02,27-02-2026,8850,2213,885,0,24,1327.5,13275.5,0,221.26,0,0,0,0,13275.5,WPS Transfer,SAR
PAY-005737,EMP-0266,2026-02,27-02-2026,8900,2225,890,0,0,0,12015,1084.69,1307.19,0,700,0,1784.69,10230.31,Bank Transfer,SAR
PAY-005738,EMP-0267,2026-02,27-02-2026,9150,2288,915,0,0,0,12353,0,228.76,0,850,0,850,11503,Bank Transfer,SAR
PAY-005739,EMP-0268,2026-02,27-02-2026,4300,1075,430,0,0,0,5805,0,107.5,0,0,0,0,5805,Bank Transfer,SAR
PAY-005740,EMP-0269,2026-02,27-02-2026,4450,1113,445,0,0,0,6008,0,111.26,0,0,0,0,6008,Bank Transfer,SAR
PAY-005741,EMP-0270,2026-02,27-02-2026,4550,1138,455,1100,4,113.75,7356.75,554.58,668.34,0,0,0,554.58,6802.17,Bank Transfer,SAR
PAY-005742,EMP-0272,2026-02,27-02-2026,4200,1050,420,0,0,0,5670,0,105,0,0,0,0,5670,Bank Transfer,SAR
PAY-005743,EMP-0274,2026-02,27-02-2026,10550,2638,1055,0,12.5,824.22,15067.22,0,263.76,0,0,450,450,14617.22,Bank Transfer,SAR
PAY-005744,EMP-0275,2026-02,27-02-2026,13900,3475,1200,0,0,0,18575,1694.06,2041.56,0,0,0,1694.06,16880.94,Bank Transfer,SAR
PAY-005745,EMP-0276,2026-02,27-02-2026,13450,3363,1200,0,0,0,18013,0,336.26,600.43,0,0,600.43,17412.57,Bank Transfer,SAR
PAY-005746,EMP-0277,2026-02,27-02-2026,8700,2175,870,2000,0,0,13745,1060.31,1277.81,0,0,0,1060.31,12684.69,Bank Transfer,SAR
PAY-005747,EMP-0278,2026-02,27-02-2026,10350,2588,1035,2000,20.5,1326.09,17299.09,1261.46,1520.22,0,0,0,1261.46,16037.63,Bank Transfer,SAR
PAY-005748,EMP-0279,2026-02,27-02-2026,10300,2575,1030,0,0,0,13905,1255.31,1512.81,0,0,0,1255.31,12649.69,Bank Transfer,SAR
PAY-005749,EMP-0280,2026-02,27-02-2026,4350,1088,435,0,0,0,5873,0,108.76,0,0,0,0,5873,Bank Transfer,SAR
PAY-005750,EMP-0281,2026-02,27-02-2026,4350,1088,435,0,9.5,258.28,6131.28,0,108.76,0,0,0,0,6131.28,Bank Transfer,SAR
PAY-005751,EMP-0282,2026-02,27-02-2026,8750,2188,875,0,18,984.38,12797.38,1066.46,1285.21,0,0,0,1066.46,11730.92,WPS Transfer,SAR
PAY-005752,EMP-0283,2026-02,27-02-2026,3650,913,365,0,0,0,4928,0,91.26,0,1100,0,1100,3828,Bank Transfer,SAR
PAY-005753,EMP-0284,2026-02,27-02-2026,3400,850,340,0,9,191.25,4781.25,0,85,0,0,0,0,4781.25,Bank Transfer,SAR
PAY-005754,EMP-0286,2026-02,27-02-2026,3900,975,390,0,0,0,5265,0,97.5,0,0,0,0,5265,Bank Transfer,SAR
PAY-005755,EMP-0287,2026-02,27-02-2026,8850,2213,885,0,0,0,11948,0,221.26,0,0,0,0,11948,Bank Transfer,SAR
PAY-005756,EMP-0288,2026-02,27-02-2026,4350,1088,435,0,0,0,5873,530.21,638.96,0,0,0,530.21,5342.79,Bank Transfer,SAR
PAY-005757,EMP-0290,2026-02,27-02-2026,3950,988,395,0,0,0,5333,481.46,580.21,0,0,0,481.46,4851.54,Bank Transfer,SAR
PAY-005758,EMP-0292,2026-02,27-02-2026,4750,1188,475,0,0,0,6413,578.96,697.71,0,0,0,578.96,5834.04,Bank Transfer,SAR
PAY-005759,EMP-0293,2026-02,27-02-2026,8500,2125,850,1850,0,0,13325,1035.94,1248.44,0,0,0,1035.94,12289.06,Bank Transfer,SAR
PAY-005760,EMP-0294,2026-02,27-02-2026,4400,1100,440,0,0,0,5940,536.25,646.25,0,0,0,536.25,5403.75,Bank Transfer,SAR
PAY-005761,EMP-0295,2026-02,27-02-2026,11000,2750,1100,0,7,481.25,15331.25,0,275,990,0,0,990,14341.25,Bank Transfer,SAR
PAY-005762,EMP-0296,2026-02,27-02-2026,15050,3763,1200,2250,7,658.44,22921.44,1834.27,2210.53,0,0,0,1834.27,21087.17,Bank Transfer,SAR
PAY-005763,EMP-0297,2026-02,27-02-2026,4400,1100,440,0,19.5,536.25,6476.25,536.25,646.25,0,1050,0,1586.25,4890,Bank Transfer,SAR
PAY-005764,EMP-0298,2026-02,27-02-2026,4650,1163,465,0,20,581.25,6859.25,0,116.26,0,2050,0,2050,4809.25,Bank Transfer,SAR
PAY-005765,EMP-0299,2026-02,27-02-2026,4600,1150,460,0,22.5,646.88,6856.88,0,115,0,0,0,0,6856.88,Bank Transfer,SAR
PAY-005766,EMP-0300,2026-02,27-02-2026,12700,3175,1200,0,24,1905,18980,0,317.5,0,0,0,0,18980,Bank Transfer,SAR
PAY-005767,EMP-0301,2026-02,27-02-2026,8700,2175,870,0,15,815.63,12560.63,0,217.5,0,0,0,0,12560.63,Bank Transfer,SAR
PAY-005768,EMP-0303,2026-02,27-02-2026,9200,2300,920,1350,0,0,13770,0,230,0,2300,0,2300,11470,Bank Transfer,SAR
PAY-005769,EMP-0304,2026-02,27-02-2026,11500,2875,1150,2100,0,0,17625,0,287.5,0,0,0,0,17625,Bank Transfer,SAR
PAY-005770,EMP-0305,2026-02,27-02-2026,3850,963,385,0,9,216.56,5414.56,469.27,565.53,0,0,0,469.27,4945.29,Bank Transfer,SAR
PAY-005771,EMP-0306,2026-02,27-02-2026,4800,1200,480,0,0,0,6480,0,120,0,0,0,0,6480,Bank Transfer,SAR
PAY-005772,EMP-0307,2026-02,27-02-2026,9450,2363,945,0,16.5,974.53,13732.53,0,236.26,0,2400,0,2400,11332.53,Bank Transfer,SAR
PAY-005773,EMP-0308,2026-02,27-02-2026,10900,2725,1090,0,0,0,14715,0,272.5,0,0,0,0,14715,Bank Transfer,SAR
PAY-005774,EMP-0309,2026-02,27-02-2026,3800,950,380,0,14,332.5,5462.5,0,95,0,0,0,0,5462.5,Bank Transfer,SAR
PAY-005775,EMP-0310,2026-02,27-02-2026,10450,2613,1045,0,17,1110.31,15218.31,0,261.26,940.53,0,0,940.53,14277.78,Bank Transfer,SAR
PAY-005776,EMP-0311,2026-02,27-02-2026,15900,3975,1200,0,0,0,21075,0,397.5,0,0,0,0,21075,Bank Transfer,SAR
PAY-005777,EMP-0312,2026-02,27-02-2026,14350,3588,1200,400,15,1345.31,20883.31,0,358.76,0,0,0,0,20883.31,Bank Transfer,SAR
PAY-005778,EMP-0313,2026-02,27-02-2026,11900,2975,1190,0,0,0,16065,0,297.5,0,0,460,460,15605,Bank Transfer,SAR
PAY-005779,EMP-0314,2026-02,27-02-2026,3650,913,365,600,0,0,5528,444.89,536.15,164.27,0,0,609.16,4918.84,Bank Transfer,SAR
PAY-005780,EMP-0315,2026-02,27-02-2026,11600,2900,1160,0,15.5,1123.75,16783.75,1413.75,1703.75,0,0,0,1413.75,15370,Bank Transfer,SAR
PAY-005781,EMP-0316,2026-02,27-02-2026,15200,3800,1200,0,0,0,20200,0,380,0,0,0,0,20200,Bank Transfer,SAR
PAY-005782,EMP-0317,2026-02,27-02-2026,4250,1063,425,0,0,0,5738,518.02,624.28,0,0,0,518.02,5219.98,Bank Transfer,SAR
PAY-005783,EMP-0318,2026-02,27-02-2026,4100,1025,410,0,25,640.63,6175.63,499.69,602.19,0,0,0,499.69,5675.94,Bank Transfer,SAR
PAY-005784,EMP-0320,2026-02,27-02-2026,8750,2188,875,0,0,0,11813,0,218.76,0,0,0,0,11813,Bank Transfer,SAR
PAY-005785,EMP-0321,2026-02,27-02-2026,21300,5325,1200,0,0,0,27825,2595.94,3128.44,0,0,0,2595.94,25229.06,Bank Transfer,SAR
PAY-005786,EMP-0322,2026-02,27-02-2026,8700,2175,870,800,15,815.63,13360.63,1060.31,1277.81,0,0,0,1060.31,12300.32,Cheque,SAR
PAY-005787,EMP-0323,2026-02,27-02-2026,12050,3013,1200,0,13.5,1016.72,17279.72,0,301.26,0,0,0,0,17279.72,Bank Transfer,SAR
PAY-005788,EMP-0324,2026-02,27-02-2026,6100,1525,610,0,23.5,895.94,9130.94,0,152.5,0,0,0,0,9130.94,Bank Transfer,SAR
PAY-005789,EMP-0325,2026-02,27-02-2026,11300,2825,1130,0,7,494.38,15749.38,0,282.5,0,0,0,0,15749.38,Bank Transfer,SAR
PAY-005790,EMP-0326,2026-02,27-02-2026,5000,1250,500,0,0,0,6750,0,125,225,0,0,225,6525,Bank Transfer,SAR
PAY-005791,EMP-0327,2026-02,27-02-2026,9400,2350,940,0,10,587.5,13277.5,0,235,0,0,0,0,13277.5,Bank Transfer,SAR
PAY-005792,EMP-0328,2026-02,27-02-2026,10850,2713,1085,0,22,1491.88,16139.88,1322.39,1593.65,0,0,0,1322.39,14817.49,Bank Transfer,SAR
PAY-005793,EMP-0329,2026-02,27-02-2026,10700,2675,1070,0,17.5,1170.31,15615.31,0,267.5,963,0,0,963,14652.31,Bank Transfer,SAR
PAY-005794,EMP-0332,2026-02,27-02-2026,5350,1338,535,0,18,601.88,7824.88,652.08,785.84,0,0,490,1142.08,6682.8,Bank Transfer,SAR
PAY-005795,EMP-0333,2026-02,27-02-2026,4700,1175,470,0,0,0,6345,0,117.5,0,0,0,0,6345,Bank Transfer,SAR
PAY-005796,EMP-0334,2026-02,27-02-2026,15550,3888,1200,450,0,0,21088,0,388.76,0,0,0,0,21088,Bank Transfer,SAR
PAY-005797,EMP-0335,2026-02,27-02-2026,12650,3163,1200,0,0,0,17013,0,316.26,0,550,0,550,16463,Bank Transfer,SAR
PAY-005798,EMP-0336,2026-02,27-02-2026,5000,1250,500,0,0,0,6750,0,125,225,0,0,225,6525,Bank Transfer,SAR
PAY-005799,EMP-0337,2026-02,27-02-2026,8750,2188,875,0,10,546.88,12359.88,1066.46,1285.21,0,0,0,1066.46,11293.42,Bank Transfer,SAR
PAY-005800,EMP-0338,2026-02,27-02-2026,11550,2888,1155,0,0,0,15593,0,288.76,0,0,0,0,15593,Bank Transfer,SAR
PAY-005801,EMP-0339,2026-02,27-02-2026,12400,3100,1200,0,0,0,16700,1511.25,1821.25,0,0,0,1511.25,15188.75,Bank Transfer,SAR
PAY-005802,EMP-0340,2026-02,27-02-2026,11200,2800,1120,0,0,0,15120,0,280,0,0,0,0,15120,Bank Transfer,SAR
PAY-005803,EMP-0341,2026-02,27-02-2026,4900,1225,490,250,0,0,6865,0,122.5,0,0,0,0,6865,Bank Transfer,SAR
PAY-005804,EMP-0342,2026-02,27-02-2026,8500,2125,850,0,13.5,717.19,12192.19,1035.94,1248.44,0,0,0,1035.94,11156.25,Bank Transfer,SAR
PAY-005805,EMP-0343,2026-02,27-02-2026,5300,1325,530,0,0,0,7155,0,132.5,0,0,0,0,7155,Bank Transfer,SAR
PAY-005806,EMP-0344,2026-02,27-02-2026,11000,2750,1100,1500,21,1443.75,17793.75,0,275,0,0,0,0,17793.75,Bank Transfer,SAR
PAY-005807,EMP-0346,2026-02,27-02-2026,4850,1213,485,0,0,0,6548,591.14,712.4,0,0,0,591.14,5956.86,Bank Transfer,SAR
PAY-005808,EMP-0347,2026-02,27-02-2026,5550,1388,555,0,22,763.13,8256.13,0,138.76,0,1600,0,1600,6656.13,Bank Transfer,SAR
PAY-005809,EMP-0348,2026-02,27-02-2026,11200,2800,1120,0,18.5,1295,16415,1365,1645,0,0,0,1365,15050,Bank Transfer,SAR
PAY-005810,EMP-0349,2026-02,27-02-2026,10850,2713,1085,1800,0,0,16448,0,271.26,0,1900,0,1900,14548,Bank Transfer,SAR
PAY-005811,EMP-0350,2026-02,27-02-2026,13050,3263,1200,0,0,0,17513,1590.52,1916.78,0,0,0,1590.52,15922.48,Bank Transfer,SAR
PAY-005812,EMP-0352,2026-02,27-02-2026,10200,2550,1020,0,5,318.75,14088.75,0,255,0,0,0,0,14088.75,Bank Transfer,SAR
PAY-005813,EMP-0353,2026-02,27-02-2026,10650,2663,1065,1550,0,0,15928,1298.02,1564.28,0,0,0,1298.02,14629.98,Bank Transfer,SAR
PAY-005814,EMP-0354,2026-02,27-02-2026,12400,3100,1200,0,0,0,16700,1511.25,1821.25,0,0,0,1511.25,15188.75,Bank Transfer,SAR
PAY-005815,EMP-0355,2026-02,27-02-2026,4700,1175,470,1550,25,734.38,8629.38,0,117.5,0,0,0,0,8629.38,Bank Transfer,SAR
PAY-005816,EMP-0356,2026-02,27-02-2026,5700,1425,570,0,0,0,7695,694.69,837.19,0,0,0,694.69,7000.31,Bank Transfer,SAR
PAY-005817,EMP-0357,2026-02,27-02-2026,12700,3175,1200,0,25,1984.38,19059.38,0,317.5,0,0,0,0,19059.38,Bank Transfer,SAR
PAY-005818,EMP-0358,2026-02,27-02-2026,6500,1625,650,0,0,0,8775,792.19,954.69,0,0,0,792.19,7982.81,Bank Transfer,SAR
PAY-005819,EMP-0359,2026-02,27-02-2026,4550,1138,455,0,0,0,6143,554.58,668.34,819.07,0,0,1373.65,4769.35,Bank Transfer,SAR
PAY-005820,EMP-0360,2026-02,27-02-2026,15300,3825,1200,0,0,0,20325,0,382.5,0,0,530,530,19795,Bank Transfer,SAR
PAY-005821,EMP-0361,2026-02,27-02-2026,28350,7088,1200,0,0,0,36638,0,708.76,0,0,0,0,36638,Bank Transfer,SAR
PAY-005822,EMP-0363,2026-02,27-02-2026,6900,1725,690,450,0,0,9765,840.94,1013.44,0,600,0,1440.94,8324.06,Bank Transfer,SAR
PAY-005823,EMP-0364,2026-02,27-02-2026,6050,1513,605,0,0,0,8168,737.39,888.65,544.53,1150,0,2431.92,5736.08,Bank Transfer,SAR
PAY-005824,EMP-0365,2026-02,27-02-2026,20850,5213,1200,0,0,0,27263,0,521.26,0,2150,0,2150,25113,Bank Transfer,SAR
PAY-005825,EMP-0366,2026-02,27-02-2026,12100,3025,1200,550,0,0,16875,1474.69,1777.19,0,0,0,1474.69,15400.31,Bank Transfer,SAR
PAY-005826,EMP-0367,2026-02,27-02-2026,8500,2125,850,0,0,0,11475,0,212.5,0,2400,0,2400,9075,Bank Transfer,SAR
PAY-005827,EMP-0368,2026-02,27-02-2026,26850,6713,1200,1450,0,0,36213,0,671.26,0,0,0,0,36213,Bank Transfer,SAR
PAY-005828,EMP-0369,2026-02,27-02-2026,7050,1763,705,0,0,0,9518,859.27,1035.53,0,0,0,859.27,8658.73,Bank Transfer,SAR
PAY-005829,EMP-0370,2026-02,27-02-2026,7150,1788,715,0,11.5,513.91,10166.91,871.46,1050.21,0,0,0,871.46,9295.45,Bank Transfer,SAR
PAY-005830,EMP-0371,2026-02,27-02-2026,11150,2788,1115,0,0,0,15053,0,278.76,0,650,0,650,14403,Bank Transfer,SAR
PAY-005831,EMP-0372,2026-02,27-02-2026,7450,1863,745,2250,0,0,12308,0,186.26,0,0,0,0,12308,Bank Transfer,SAR
PAY-005832,EMP-0373,2026-02,27-02-2026,26000,6500,1200,2150,0,0,35850,3168.75,3818.75,0,0,0,3168.75,32681.25,Bank Transfer,SAR
PAY-005833,EMP-0374,2026-02,27-02-2026,8650,2163,865,0,15,810.94,12488.94,0,216.26,0,1850,0,1850,10638.94,Bank Transfer,SAR
PAY-005834,EMP-0375,2026-02,27-02-2026,9600,2400,960,0,0,0,12960,0,240,0,0,0,0,12960,Bank Transfer,SAR
PAY-005835,EMP-0376,2026-02,27-02-2026,26700,6675,1200,1750,0,0,36325,0,667.5,0,0,0,0,36325,Bank Transfer,SAR
PAY-005836,EMP-0377,2026-02,27-02-2026,15650,3913,1200,0,0,0,20763,0,391.26,0,0,0,0,20763,Bank Transfer,SAR
PAY-005837,EMP-0378,2026-02,27-02-2026,12300,3075,1200,0,7.5,576.56,17151.56,0,307.5,0,0,0,0,17151.56,Bank Transfer,SAR
PAY-005838,EMP-0379,2026-02,27-02-2026,16750,4188,1200,0,0,0,22138,2041.46,2460.21,737.93,0,0,2779.39,19358.61,Bank Transfer,SAR
PAY-005839,EMP-0381,2026-02,27-02-2026,8300,2075,830,0,16.5,855.94,12060.94,1011.56,1219.06,0,0,0,1011.56,11049.38,Cheque,SAR
PAY-005840,EMP-0382,2026-02,27-02-2026,12900,3225,1200,0,0,0,17325,1572.19,1894.69,0,0,0,1572.19,15752.81,Bank Transfer,SAR
PAY-005841,EMP-0383,2026-02,27-02-2026,8250,2063,825,0,12.5,644.53,11782.53,1005.52,1211.78,0,0,0,1005.52,10777.01,Bank Transfer,SAR
PAY-005842,EMP-0384,2026-02,27-02-2026,13550,3388,1200,0,9.5,804.53,18942.53,0,338.76,0,0,0,0,18942.53,Bank Transfer,SAR
PAY-005843,EMP-0385,2026-02,27-02-2026,6650,1663,665,0,0,0,8978,810.52,976.78,0,1750,0,2560.52,6417.48,Bank Transfer,SAR
PAY-005844,EMP-0387,2026-02,27-02-2026,7700,1925,770,0,13,625.63,11020.63,938.44,1130.94,0,0,0,938.44,10082.19,Bank Transfer,SAR
PAY-005845,EMP-0388,2026-02,27-02-2026,8300,2075,830,0,0,0,11205,1011.56,1219.06,747,0,0,1758.56,9446.44,Bank Transfer,SAR
PAY-005846,EMP-0389,2026-02,27-02-2026,8650,2163,865,0,20.5,1108.28,12786.28,0,216.26,0,650,0,650,12136.28,Bank Transfer,SAR
PAY-005847,EMP-0390,2026-02,27-02-2026,6250,1563,625,0,0,0,8438,0,156.26,0,0,0,0,8438,Bank Transfer,SAR
PAY-005848,EMP-0391,2026-02,27-02-2026,11600,2900,1160,0,0,0,15660,1413.75,1703.75,0,0,0,1413.75,14246.25,Bank Transfer,SAR
PAY-005849,EMP-0393,2026-02,27-02-2026,8700,2175,870,0,0,0,11745,0,217.5,0,0,0,0,11745,Bank Transfer,SAR
PAY-005850,EMP-0394,2026-02,27-02-2026,11350,2838,1135,750,0,0,16073,0,283.76,510.77,0,0,510.77,15562.23,Bank Transfer,SAR
PAY-005851,EMP-0395,2026-02,27-02-2026,26050,6513,1200,2150,0,0,35913,0,651.26,1125.43,2450,0,3575.43,32337.57,Bank Transfer,SAR
PAY-005852,EMP-0396,2026-02,27-02-2026,28150,7038,1200,0,0,0,36388,3430.83,4134.59,2425.87,0,0,5856.7,30531.3,Bank Transfer,SAR
PAY-005853,EMP-0397,2026-02,27-02-2026,19150,4788,1200,0,0,0,25138,0,478.76,837.93,0,0,837.93,24300.07,Bank Transfer,SAR
PAY-005854,EMP-0398,2026-02,27-02-2026,12000,3000,1200,0,10.5,787.5,16987.5,1462.5,1762.5,0,850,0,2312.5,14675,Bank Transfer,SAR
PAY-005855,EMP-0399,2026-02,27-02-2026,5350,1338,535,0,0,0,7223,0,133.76,0,0,0,0,7223,Bank Transfer,SAR
PAY-005856,EMP-0400,2026-02,27-02-2026,5050,1263,505,0,0,0,6818,0,126.26,0,0,0,0,6818,Bank Transfer,SAR
PAY-005857,EMP-0402,2026-02,27-02-2026,13000,3250,1200,0,0,0,17450,0,325,0,0,0,0,17450,Bank Transfer,SAR
PAY-005858,EMP-0403,2026-02,27-02-2026,8750,2188,875,0,0,0,11813,1066.46,1285.21,0,0,0,1066.46,10746.54,Bank Transfer,SAR
PAY-005859,EMP-0406,2026-02,27-02-2026,12400,3100,1200,0,6,465,17165,1511.25,1821.25,0,0,0,1511.25,15653.75,Bank Transfer,SAR
PAY-005860,EMP-0407,2026-02,27-02-2026,6150,1538,615,0,10,384.38,8687.38,0,153.76,553.53,0,0,553.53,8133.85,Bank Transfer,SAR
PAY-005861,EMP-0408,2026-02,27-02-2026,8800,2200,880,0,25.5,1402.5,13282.5,0,220,0,0,0,0,13282.5,Bank Transfer,SAR
PAY-005862,EMP-0409,2026-02,27-02-2026,5450,1363,545,0,0,0,7358,664.27,800.53,0,0,0,664.27,6693.73,Bank Transfer,SAR
PAY-005863,EMP-0410,2026-02,27-02-2026,6300,1575,630,0,12.5,492.19,8997.19,767.81,925.31,0,0,0,767.81,8229.38,Bank Transfer,SAR
PAY-005864,EMP-0411,2026-02,27-02-2026,9350,2338,935,0,24.5,1431.72,14054.72,1139.58,1373.34,0,0,0,1139.58,12915.14,Bank Transfer,SAR
PAY-005865,EMP-0412,2026-02,27-02-2026,6400,1600,640,0,19.5,780,9420,0,160,0,0,0,0,9420,Bank Transfer,SAR
PAY-005866,EMP-0414,2026-02,27-02-2026,6300,1575,630,0,0,0,8505,0,157.5,0,0,0,0,8505,Bank Transfer,SAR
PAY-005867,EMP-0415,2026-02,27-02-2026,5800,1450,580,1250,0,0,9080,706.88,851.88,0,0,0,706.88,8373.12,Bank Transfer,SAR
PAY-005868,EMP-0416,2026-02,27-02-2026,4600,1150,460,0,3.5,100.63,6310.63,560.63,675.63,0,0,0,560.63,5750,Bank Transfer,SAR
PAY-005869,EMP-0417,2026-02,27-02-2026,5900,1475,590,0,15,553.13,8518.13,719.06,866.56,0,2100,0,2819.06,5699.07,Bank Transfer,SAR
PAY-005870,EMP-0418,2026-02,27-02-2026,9950,2488,995,1700,2,124.38,15257.38,1212.71,1461.47,0,1750,0,2962.71,12294.67,Bank Transfer,SAR
PAY-005871,EMP-0419,2026-02,27-02-2026,5850,1463,585,0,0,0,7898,713.02,859.28,0,0,0,713.02,7184.98,Bank Transfer,SAR
PAY-005872,EMP-0420,2026-02,27-02-2026,4700,1175,470,0,8.5,249.69,6594.69,572.81,690.31,0,0,0,572.81,6021.88,Bank Transfer,SAR
PAY-005873,EMP-0422,2026-02,27-02-2026,9200,2300,920,0,0,0,12420,1121.25,1351.25,0,1400,0,2521.25,9898.75,Bank Transfer,SAR
PAY-005874,EMP-0424,2026-02,27-02-2026,17650,4413,1200,0,0,0,23263,2151.14,2592.4,0,0,0,2151.14,21111.86,Bank Transfer,SAR
PAY-005875,EMP-0425,2026-02,27-02-2026,5950,1488,595,800,21,780.94,9613.94,0,148.76,0,900,0,900,8713.94,Bank Transfer,SAR
PAY-005876,EMP-0426,2026-02,27-02-2026,29150,7288,1200,0,0,0,37638,0,728.76,0,0,0,0,37638,WPS Transfer,SAR
PAY-005877,EMP-0427,2026-02,27-02-2026,7750,1938,775,300,0,0,10763,0,193.76,0,1450,0,1450,9313,Bank Transfer,SAR
PAY-005878,EMP-0428,2026-02,27-02-2026,10850,2713,1085,0,0,0,14648,0,271.26,0,1350,0,1350,13298,Bank Transfer,SAR
PAY-005879,EMP-0429,2026-02,27-02-2026,8300,2075,830,0,0,0,11205,0,207.5,0,0,0,0,11205,Bank Transfer,SAR
PAY-005880,EMP-0430,2026-02,27-02-2026,6400,1600,640,1000,11.5,460,10100,0,160,576,0,0,576,9524,WPS Transfer,SAR
PAY-005881,EMP-0431,2026-02,27-02-2026,8450,2113,845,2000,22.5,1188.28,14596.28,0,211.26,0,0,0,0,14596.28,Bank Transfer,SAR
PAY-005882,EMP-0432,2026-02,27-02-2026,8650,2163,865,0,0,0,11678,1054.27,1270.53,389.27,0,0,1443.54,10234.46,Bank Transfer,SAR
PAY-005883,EMP-0433,2026-02,27-02-2026,16100,4025,1200,0,0,0,21325,0,402.5,0,400,0,400,20925,Bank Transfer,SAR
PAY-005884,EMP-0434,2026-02,27-02-2026,12250,3063,1200,0,0,0,16513,0,306.26,0,0,0,0,16513,Bank Transfer,SAR
PAY-005885,EMP-0435,2026-02,27-02-2026,8750,2188,875,0,17.5,957.03,12770.03,1066.46,1285.21,0,0,0,1066.46,11703.57,Bank Transfer,SAR
PAY-005886,EMP-0436,2026-02,27-02-2026,7450,1863,745,0,5.5,256.09,10314.09,0,186.26,0,0,0,0,10314.09,Bank Transfer,SAR
PAY-005887,EMP-0438,2026-02,27-02-2026,8900,2225,890,0,0,0,12015,0,222.5,0,0,0,0,12015,Bank Transfer,SAR
PAY-005888,EMP-0439,2026-02,27-02-2026,6250,1563,625,0,13,507.81,8945.81,0,156.26,562.53,0,0,562.53,8383.28,Bank Transfer,SAR
PAY-005889,EMP-0440,2026-02,27-02-2026,6800,1700,680,0,0,0,9180,0,170,0,0,0,0,9180,Bank Transfer,SAR
PAY-005890,EMP-0441,2026-02,27-02-2026,16850,4213,1200,0,2.5,263.28,22526.28,2053.64,2474.9,0,0,0,2053.64,20472.64,Bank Transfer,SAR
PAY-005891,EMP-0442,2026-02,27-02-2026,7800,1950,780,0,0,0,10530,950.63,1145.63,0,0,0,950.63,9579.37,Bank Transfer,SAR
PAY-005892,EMP-0443,2026-02,27-02-2026,9850,2463,985,0,13,800.31,14098.31,0,246.26,0,0,0,0,14098.31,Bank Transfer,SAR
PAY-005893,EMP-0444,2026-02,27-02-2026,8500,2125,850,0,0,0,11475,1035.94,1248.44,0,0,0,1035.94,10439.06,WPS Transfer,SAR
PAY-005894,EMP-0445,2026-02,27-02-2026,10900,2725,1090,0,23,1566.88,16281.88,0,272.5,981,0,0,981,15300.88,Bank Transfer,SAR
PAY-005895,EMP-0446,2026-02,27-02-2026,11600,2900,1160,0,0,0,15660,1413.75,1703.75,0,0,0,1413.75,14246.25,Bank Transfer,SAR
PAY-005896,EMP-0448,2026-02,27-02-2026,12400,3100,1200,0,4.5,348.75,17048.75,1511.25,1821.25,1113.33,0,0,2624.58,14424.17,Bank Transfer,SAR
PAY-005897,EMP-0449,2026-02,27-02-2026,6350,1588,635,0,0,0,8573,773.96,932.71,285.77,0,0,1059.73,7513.27,Bank Transfer,SAR
PAY-005898,EMP-0451,2026-02,27-02-2026,26850,6713,1200,0,0,0,34763,0,671.26,0,0,0,0,34763,WPS Transfer,SAR
PAY-005899,EMP-0452,2026-02,27-02-2026,6500,1625,650,0,17.5,710.94,9485.94,792.19,954.69,0,0,0,792.19,8693.75,WPS Transfer,SAR
PAY-005900,EMP-0453,2026-02,27-02-2026,6300,1575,630,2300,0,0,10805,767.81,925.31,0,0,0,767.81,10037.19,Bank Transfer,SAR
PAY-005901,EMP-0454,2026-02,27-02-2026,5300,1325,530,0,18,596.25,7751.25,645.94,778.44,954,0,0,1599.94,6151.31,Cheque,SAR
PAY-005902,EMP-0455,2026-02,27-02-2026,4800,1200,480,0,7.5,225,6705,0,120,0,0,0,0,6705,Bank Transfer,SAR
PAY-005903,EMP-0457,2026-02,27-02-2026,5050,1263,505,850,0,0,7668,615.52,741.78,227.27,0,0,842.79,6825.21,Bank Transfer,SAR
PAY-005904,EMP-0459,2026-02,27-02-2026,6400,1600,640,0,15.5,620,9260,780,940,0,0,0,780,8480,Bank Transfer,SAR
PAY-005905,EMP-0460,2026-02,27-02-2026,10050,2513,1005,0,22,1381.88,14949.88,0,251.26,0,0,0,0,14949.88,Bank Transfer,SAR
PAY-005906,EMP-0461,2026-02,27-02-2026,4900,1225,490,0,0,0,6615,597.19,719.69,0,0,0,597.19,6017.81,Bank Transfer,SAR
PAY-005907,EMP-0463,2026-02,27-02-2026,5850,1463,585,1050,16.5,603.28,9551.28,0,146.26,0,0,0,0,9551.28,Bank Transfer,SAR
PAY-005908,EMP-0464,2026-02,27-02-2026,5800,1450,580,500,0,0,8330,706.88,851.88,0,0,0,706.88,7623.12,Bank Transfer,SAR
PAY-005909,EMP-0465,2026-02,27-02-2026,11200,2800,1120,0,0,0,15120,0,280,0,0,0,0,15120,Bank Transfer,SAR
PAY-005910,EMP-0466,2026-02,27-02-2026,11900,2975,1190,1800,26,1933.75,19798.75,0,297.5,0,2100,0,2100,17698.75,Bank Transfer,SAR
PAY-005911,EMP-0467,2026-02,27-02-2026,4650,1163,465,0,0,0,6278,566.77,683.03,0,0,0,566.77,5711.23,Bank Transfer,SAR
PAY-005912,EMP-0468,2026-02,27-02-2026,11850,2963,1185,450,4,296.25,16744.25,0,296.26,0,0,0,0,16744.25,Bank Transfer,SAR
PAY-005913,EMP-0469,2026-02,27-02-2026,4600,1150,460,0,25,718.75,6928.75,0,115,0,0,0,0,6928.75,Bank Transfer,SAR
PAY-005914,EMP-0470,2026-02,27-02-2026,4600,1150,460,2150,0,0,8360,0,115,0,0,0,0,8360,Bank Transfer,SAR
PAY-005915,EMP-0471,2026-02,27-02-2026,25000,6250,1200,0,0,0,32450,3046.88,3671.88,0,2000,0,5046.88,27403.12,Bank Transfer,SAR
PAY-005916,EMP-0472,2026-02,27-02-2026,8600,2150,860,0,26,1397.5,13007.5,1048.13,1263.13,387,0,0,1435.13,11572.37,Bank Transfer,SAR
PAY-005917,EMP-0473,2026-02,27-02-2026,8150,2038,815,2100,0,0,13103,993.33,1197.09,0,0,0,993.33,12109.67,Bank Transfer,SAR
PAY-005918,EMP-0474,2026-02,27-02-2026,7700,1925,770,0,0,0,10395,938.44,1130.94,0,800,0,1738.44,8656.56,Bank Transfer,SAR
PAY-005919,EMP-0475,2026-02,27-02-2026,12800,3200,1200,0,17.5,1400,18600,0,320,0,0,0,0,18600,Bank Transfer,SAR
PAY-005920,EMP-0476,2026-02,27-02-2026,14600,3650,1200,0,21.5,1961.88,21411.88,0,365,648.33,0,0,648.33,20763.55,Bank Transfer,SAR
PAY-005921,EMP-0477,2026-02,27-02-2026,13900,3475,1200,0,23,1998.13,20573.13,0,347.5,0,0,0,0,20573.13,Bank Transfer,SAR
PAY-005922,EMP-0478,2026-02,27-02-2026,7500,1875,750,0,0,0,10125,914.06,1101.56,0,0,350,1264.06,8860.94,Bank Transfer,SAR
PAY-005923,EMP-0479,2026-02,27-02-2026,12950,3238,1200,0,0,0,17388,1578.33,1902.09,0,1450,0,3028.33,14359.67,Bank Transfer,SAR
PAY-005924,EMP-0480,2026-02,27-02-2026,14150,3538,1200,650,25,2210.94,21748.94,0,353.76,0,0,0,0,21748.94,WPS Transfer,SAR
PAY-005925,EMP-0481,2026-02,27-02-2026,15500,3875,1200,0,0,0,20575,0,387.5,0,0,540,540,20035,Bank Transfer,SAR
PAY-005926,EMP-0482,2026-02,27-02-2026,8400,2100,840,0,0,0,11340,0,210,1134,0,0,1134,10206,Bank Transfer,SAR
PAY-005927,EMP-0483,2026-02,27-02-2026,8800,2200,880,0,20,1100,12980,1072.5,1292.5,0,0,0,1072.5,11907.5,Bank Transfer,SAR
PAY-005928,EMP-0484,2026-02,27-02-2026,10600,2650,1060,0,0,0,14310,1291.88,1556.88,0,0,0,1291.88,13018.12,Bank Transfer,SAR
PAY-005929,EMP-0485,2026-02,27-02-2026,10100,2525,1010,0,21,1325.63,14960.63,0,252.5,0,0,0,0,14960.63,Bank Transfer,SAR
PAY-005930,EMP-0487,2026-02,27-02-2026,10850,2713,1085,0,16.5,1118.91,15766.91,1322.39,1593.65,0,0,0,1322.39,14444.52,Bank Transfer,SAR
PAY-005931,EMP-0488,2026-02,27-02-2026,10850,2713,1085,0,0,0,14648,0,271.26,0,0,0,0,14648,Bank Transfer,SAR
PAY-005932,EMP-0489,2026-02,27-02-2026,11700,2925,1170,0,0,0,15795,0,292.5,0,0,0,0,15795,Bank Transfer,SAR
PAY-005933,EMP-0490,2026-02,27-02-2026,6250,1563,625,0,8,312.5,8750.5,0,156.26,0,0,0,0,8750.5,Bank Transfer,SAR
PAY-005934,EMP-0491,2026-02,27-02-2026,37150,9288,1200,0,0,0,47638,4527.71,5456.46,1587.93,0,0,6115.64,41522.36,Bank Transfer,SAR
PAY-005935,EMP-0492,2026-02,27-02-2026,21700,5425,1200,0,0,0,28325,2644.69,3187.19,0,0,0,2644.69,25680.31,Bank Transfer,SAR
PAY-005936,EMP-0493,2026-02,27-02-2026,6300,1575,630,0,0,0,8505,0,157.5,0,0,0,0,8505,Bank Transfer,SAR
PAY-005937,EMP-0494,2026-02,27-02-2026,6500,1625,650,0,0,0,8775,792.19,954.69,585,0,190,1567.19,7207.81,Bank Transfer,SAR
PAY-005938,EMP-0495,2026-02,27-02-2026,16800,4200,1200,0,0,0,22200,0,420,0,750,0,750,21450,Bank Transfer,SAR
PAY-005939,EMP-0497,2026-02,27-02-2026,8700,2175,870,0,0,0,11745,1060.31,1277.81,783,0,0,1843.31,9901.69,Bank Transfer,SAR
PAY-005940,EMP-0498,2026-02,27-02-2026,12050,3013,1200,0,0,0,16263,0,301.26,1084.2,0,0,1084.2,15178.8,Bank Transfer,SAR
PAY-005941,EMP-0499,2026-02,27-02-2026,14750,3688,1200,0,9.5,875.78,20513.78,1797.71,2166.46,0,0,160,1957.71,18556.07,Bank Transfer,SAR
PAY-005942,EMP-0500,2026-02,27-02-2026,22250,5563,1200,1550,0,0,30563,0,556.26,0,0,0,0,30563,Bank Transfer,SAR
PAY-005943,EMP-0001,2026-03,27-03-2026,35400,8850,1200,0,0,0,45450,4314.38,5199.38,0,0,0,4314.38,41135.62,Bank Transfer,SAR
PAY-005944,EMP-0003,2026-03,27-03-2026,8700,2175,870,0,4.5,244.69,11989.69,0,217.5,0,0,0,0,11989.69,Bank Transfer,SAR
PAY-005945,EMP-0004,2026-03,27-03-2026,3500,875,350,0,0,0,4725,426.56,514.06,0,2450,0,2876.56,1848.44,Bank Transfer,SAR
PAY-005946,EMP-0005,2026-03,27-03-2026,3450,863,345,0,3.5,75.47,4733.47,0,86.26,0,0,0,0,4733.47,Bank Transfer,SAR
PAY-005947,EMP-0006,2026-03,27-03-2026,3200,800,320,500,12,240,5060,390,470,0,0,0,390,4670,Bank Transfer,SAR
PAY-005948,EMP-0007,2026-03,27-03-2026,8450,2113,845,0,0,0,11408,0,211.26,0,0,310,310,11098,Bank Transfer,SAR
PAY-005949,EMP-0008,2026-03,27-03-2026,4650,1163,465,0,0,0,6278,566.77,683.03,0,0,0,566.77,5711.23,Bank Transfer,SAR
PAY-005950,EMP-0009,2026-03,27-03-2026,3800,950,380,0,0,0,5130,463.13,558.13,0,0,0,463.13,4666.87,Bank Transfer,SAR
PAY-005951,EMP-0010,2026-03,27-03-2026,29350,7338,1200,0,0,0,37888,3577.08,4310.84,0,0,0,3577.08,34310.92,Bank Transfer,SAR
PAY-005952,EMP-0011,2026-03,27-03-2026,4300,1075,430,0,0,0,5805,524.06,631.56,0,0,450,974.06,4830.94,Bank Transfer,SAR
PAY-005953,EMP-0013,2026-03,27-03-2026,27950,6988,1200,0,0,0,36138,0,698.76,0,0,0,0,36138,Bank Transfer,SAR
PAY-005954,EMP-0014,2026-03,27-03-2026,9500,2375,950,0,0,0,12825,1157.81,1395.31,427.5,0,0,1585.31,11239.69,Bank Transfer,SAR
PAY-005955,EMP-0015,2026-03,27-03-2026,8000,2000,800,600,0,0,11400,975,1175,0,0,0,975,10425,Bank Transfer,SAR
PAY-005956,EMP-0016,2026-03,27-03-2026,8850,2213,885,0,0,0,11948,0,221.26,0,0,0,0,11948,Bank Transfer,SAR
PAY-005957,EMP-0017,2026-03,27-03-2026,6600,1650,660,1700,0,0,10610,0,165,0,0,0,0,10610,Bank Transfer,SAR
PAY-005958,EMP-0018,2026-03,27-03-2026,3350,838,335,2100,0,0,6623,408.33,492.09,150.77,0,0,559.1,6063.9,Bank Transfer,SAR
PAY-005959,EMP-0019,2026-03,27-03-2026,4700,1175,470,0,2.5,73.44,6418.44,572.81,690.31,0,0,80,652.81,5765.63,Bank Transfer,SAR
PAY-005960,EMP-0020,2026-03,27-03-2026,11450,2863,1145,650,0,0,16108,0,286.26,0,0,0,0,16108,Bank Transfer,SAR
PAY-005961,EMP-0021,2026-03,27-03-2026,8800,2200,880,0,8,440,12320,1072.5,1292.5,0,0,0,1072.5,11247.5,Bank Transfer,SAR
PAY-005962,EMP-0022,2026-03,27-03-2026,11500,2875,1150,0,11.5,826.56,16351.56,1401.56,1689.06,517.5,0,0,1919.06,14432.5,Bank Transfer,SAR
PAY-005963,EMP-0023,2026-03,27-03-2026,3400,850,340,0,6,127.5,4717.5,0,85,0,0,0,0,4717.5,Bank Transfer,SAR
PAY-005964,EMP-0024,2026-03,27-03-2026,23700,5925,1200,0,0,0,30825,2888.44,3480.94,0,0,0,2888.44,27936.56,Bank Transfer,SAR
PAY-005965,EMP-0025,2026-03,27-03-2026,6000,1500,600,1450,24.5,918.75,10468.75,0,150,0,0,0,0,10468.75,Bank Transfer,SAR
PAY-005966,EMP-0026,2026-03,27-03-2026,3300,825,330,0,21.5,443.44,4898.44,402.19,484.69,0,0,0,402.19,4496.25,Bank Transfer,SAR
PAY-005967,EMP-0027,2026-03,27-03-2026,3350,838,335,0,14,293.13,4816.13,0,83.76,0,0,0,0,4816.13,Bank Transfer,SAR
PAY-005968,EMP-0028,2026-03,27-03-2026,9000,2250,900,0,0,0,12150,0,225,0,0,0,0,12150,Bank Transfer,SAR
PAY-005969,EMP-0029,2026-03,27-03-2026,3550,888,355,0,16.5,366.09,5159.09,432.71,521.46,319.53,0,0,752.24,4406.85,WPS Transfer,SAR
PAY-005970,EMP-0030,2026-03,27-03-2026,4550,1138,455,0,0,0,6143,554.58,668.34,0,2150,0,2704.58,3438.42,Bank Transfer,SAR
PAY-005971,EMP-0031,2026-03,27-03-2026,3800,950,380,0,0,0,5130,463.13,558.13,0,0,0,463.13,4666.87,WPS Transfer,SAR
PAY-005972,EMP-0032,2026-03,27-03-2026,12650,3163,1200,450,20,1581.25,19044.25,0,316.26,0,0,0,0,19044.25,Bank Transfer,SAR
PAY-005973,EMP-0033,2026-03,27-03-2026,11750,2938,1175,0,6.5,477.34,16340.34,0,293.76,1057.53,1300,0,2357.53,13982.81,Bank Transfer,SAR
PAY-005974,EMP-0034,2026-03,27-03-2026,11650,2913,1165,2300,0,0,18028,0,291.26,0,0,0,0,18028,Bank Transfer,SAR
PAY-005975,EMP-0035,2026-03,27-03-2026,7300,1825,730,0,0,0,9855,0,182.5,0,0,0,0,9855,Bank Transfer,SAR
PAY-005976,EMP-0036,2026-03,27-03-2026,6950,1738,695,0,5,217.19,9600.19,847.08,1020.84,0,0,0,847.08,8753.11,Bank Transfer,SAR
PAY-005977,EMP-0037,2026-03,27-03-2026,3550,888,355,0,22,488.13,5281.13,0,88.76,0,0,0,0,5281.13,Bank Transfer,SAR
PAY-005978,EMP-0038,2026-03,27-03-2026,4400,1100,440,0,6,165,6105,0,110,0,0,0,0,6105,Bank Transfer,SAR
PAY-005979,EMP-0039,2026-03,27-03-2026,7100,1775,710,0,0,0,9585,865.31,1042.81,319.5,0,0,1184.81,8400.19,Bank Transfer,SAR
PAY-005980,EMP-0040,2026-03,27-03-2026,30000,7500,1200,600,0,0,39300,0,750,0,0,0,0,39300,Bank Transfer,SAR
PAY-005981,EMP-0041,2026-03,27-03-2026,9050,2263,905,850,0,0,13068,1103.02,1329.28,0,0,0,1103.02,11964.98,Bank Transfer,SAR
PAY-005982,EMP-0042,2026-03,27-03-2026,4550,1138,455,0,0,0,6143,0,113.76,0,0,0,0,6143,Bank Transfer,SAR
PAY-005983,EMP-0043,2026-03,27-03-2026,4450,1113,445,0,0,0,6008,0,111.26,0,0,0,0,6008,Bank Transfer,SAR
PAY-005984,EMP-0044,2026-03,27-03-2026,7600,1900,760,0,0,0,10260,0,190,0,0,0,0,10260,Bank Transfer,SAR
PAY-005985,EMP-0045,2026-03,27-03-2026,6100,1525,610,0,26,991.25,9226.25,0,152.5,0,0,570,570,8656.25,Bank Transfer,SAR
PAY-005986,EMP-0046,2026-03,27-03-2026,3450,863,345,0,0,0,4658,0,86.26,0,0,0,0,4658,Bank Transfer,SAR
PAY-005987,EMP-0047,2026-03,27-03-2026,8350,2088,835,1500,6.5,339.22,13112.22,1017.71,1226.46,0,0,0,1017.71,12094.51,Bank Transfer,SAR
PAY-005988,EMP-0048,2026-03,27-03-2026,21750,5438,1200,0,0,0,28388,2650.83,3194.59,0,0,0,2650.83,25737.17,Bank Transfer,SAR
PAY-005989,EMP-0049,2026-03,27-03-2026,4100,1025,410,0,0,0,5535,499.69,602.19,0,0,0,499.69,5035.31,Bank Transfer,SAR
PAY-005990,EMP-0050,2026-03,27-03-2026,3250,813,325,350,19,385.94,5123.94,0,81.26,438.8,0,0,438.8,4685.14,Bank Transfer,SAR
PAY-005991,EMP-0051,2026-03,27-03-2026,7700,1925,770,0,0,0,10395,0,192.5,0,900,0,900,9495,Bank Transfer,SAR
PAY-005992,EMP-0052,2026-03,27-03-2026,4700,1175,470,0,25,734.38,7079.38,572.81,690.31,0,0,0,572.81,6506.57,Bank Transfer,SAR
PAY-005993,EMP-0053,2026-03,27-03-2026,4100,1025,410,0,0,0,5535,499.69,602.19,0,0,260,759.69,4775.31,Bank Transfer,SAR
PAY-005994,EMP-0055,2026-03,27-03-2026,4250,1063,425,1050,8.5,225.78,7013.78,0,106.26,0,0,0,0,7013.78,Bank Transfer,SAR
PAY-005995,EMP-0057,2026-03,27-03-2026,4550,1138,455,0,0,0,6143,554.58,668.34,0,0,0,554.58,5588.42,WPS Transfer,SAR
PAY-005996,EMP-0058,2026-03,27-03-2026,3850,963,385,0,0,0,5198,0,96.26,0,600,0,600,4598,Bank Transfer,SAR
PAY-005997,EMP-0059,2026-03,27-03-2026,9300,2325,930,550,0,0,13105,0,232.5,0,0,0,0,13105,Bank Transfer,SAR
PAY-005998,EMP-0060,2026-03,27-03-2026,4500,1125,450,2100,0,0,8175,548.44,660.94,202.5,0,0,750.94,7424.06,Bank Transfer,SAR
PAY-005999,EMP-0062,2026-03,27-03-2026,4050,1013,405,0,0,0,5468,0,101.26,0,0,0,0,5468,Bank Transfer,SAR
PAY-006000,EMP-0063,2026-03,27-03-2026,8050,2013,805,0,13,654.06,11522.06,981.14,1182.4,0,0,0,981.14,10540.92,Bank Transfer,SAR
PAY-006001,EMP-0064,2026-03,27-03-2026,4600,1150,460,0,14,402.5,6612.5,0,115,0,1100,0,1100,5512.5,Bank Transfer,SAR
PAY-006002,EMP-0065,2026-03,27-03-2026,28650,7163,1200,0,0,0,37013,0,716.26,0,1350,0,1350,35663,Bank Transfer,SAR
PAY-006003,EMP-0066,2026-03,27-03-2026,3950,988,395,2500,8,197.5,8030.5,0,98.76,0,0,0,0,8030.5,Bank Transfer,SAR
PAY-006004,EMP-0067,2026-03,27-03-2026,3450,863,345,0,0,0,4658,420.52,506.78,0,0,0,420.52,4237.48,Bank Transfer,SAR
PAY-006005,EMP-0068,2026-03,27-03-2026,3750,938,375,1450,23.5,550.78,7063.78,0,93.76,337.53,0,0,337.53,6726.25,Bank Transfer,SAR
PAY-006006,EMP-0069,2026-03,27-03-2026,25850,6463,1200,0,0,0,33513,0,646.26,0,2100,0,2100,31413,Bank Transfer,SAR
PAY-006007,EMP-0070,2026-03,27-03-2026,3700,925,370,0,6,138.75,5133.75,0,92.5,0,0,0,0,5133.75,Bank Transfer,SAR
PAY-006008,EMP-0071,2026-03,27-03-2026,7100,1775,710,0,0,0,9585,0,177.5,0,0,0,0,9585,Bank Transfer,SAR
PAY-006009,EMP-0072,2026-03,27-03-2026,4450,1113,445,0,19.5,542.34,6550.34,0,111.26,0,1150,0,1150,5400.34,Bank Transfer,SAR
PAY-006010,EMP-0073,2026-03,27-03-2026,27600,6900,1200,0,0,0,35700,3363.75,4053.75,0,0,0,3363.75,32336.25,Bank Transfer,SAR
PAY-006011,EMP-0074,2026-03,27-03-2026,3300,825,330,0,0,0,4455,402.19,484.69,0,0,0,402.19,4052.81,Bank Transfer,SAR
PAY-006012,EMP-0076,2026-03,27-03-2026,4400,1100,440,0,7,192.5,6132.5,0,110,0,900,0,900,5232.5,Bank Transfer,SAR
PAY-006013,EMP-0077,2026-03,27-03-2026,4600,1150,460,0,5,143.75,6353.75,0,115,0,0,0,0,6353.75,Bank Transfer,SAR
PAY-006014,EMP-0078,2026-03,27-03-2026,11100,2775,1110,350,11,763.13,16098.13,0,277.5,0,1700,0,1700,14398.13,Cheque,SAR
PAY-006015,EMP-0079,2026-03,27-03-2026,6450,1613,645,0,9.5,382.97,9090.97,786.14,947.4,0,0,0,786.14,8304.83,Bank Transfer,SAR
PAY-006016,EMP-0080,2026-03,27-03-2026,3200,800,320,0,0,0,4320,0,80,288,0,0,288,4032,Bank Transfer,SAR
PAY-006017,EMP-0081,2026-03,27-03-2026,8250,2063,825,1550,11,567.19,13255.19,0,206.26,371.27,0,0,371.27,12883.92,Bank Transfer,SAR
PAY-006018,EMP-0083,2026-03,27-03-2026,10200,2550,1020,0,0,0,13770,0,255,459,0,0,459,13311,Bank Transfer,SAR
PAY-006019,EMP-0084,2026-03,27-03-2026,12750,3188,1200,2450,4,318.75,19906.75,0,318.76,0,0,0,0,19906.75,Bank Transfer,SAR
PAY-006020,EMP-0086,2026-03,27-03-2026,3550,888,355,0,0,0,4793,0,88.76,0,0,0,0,4793,Bank Transfer,SAR
PAY-006021,EMP-0087,2026-03,27-03-2026,25550,6388,1200,0,0,0,33138,3113.96,3752.71,0,0,360,3473.96,29664.04,Bank Transfer,SAR
PAY-006022,EMP-0088,2026-03,27-03-2026,23950,5988,1200,0,0,0,31138,2918.96,3517.71,0,0,0,2918.96,28219.04,Bank Transfer,SAR
PAY-006023,EMP-0089,2026-03,27-03-2026,20900,5225,1200,1000,0,0,28325,0,522.5,0,0,0,0,28325,Bank Transfer,SAR
PAY-006024,EMP-0091,2026-03,27-03-2026,34650,8663,1200,0,0,0,44513,4223.02,5089.28,0,0,0,4223.02,40289.98,Bank Transfer,SAR
PAY-006025,EMP-0092,2026-03,27-03-2026,4550,1138,455,0,21,597.19,6740.19,554.58,668.34,0,0,0,554.58,6185.61,Bank Transfer,SAR
PAY-006026,EMP-0093,2026-03,27-03-2026,4900,1225,490,0,0,0,6615,0,122.5,0,0,160,160,6455,Bank Transfer,SAR
PAY-006027,EMP-0095,2026-03,27-03-2026,18600,4650,1200,2000,13,1511.25,27961.25,0,465,0,0,0,0,27961.25,Bank Transfer,SAR
PAY-006028,EMP-0096,2026-03,27-03-2026,12100,3025,1200,0,6,453.75,16778.75,1474.69,1777.19,0,0,0,1474.69,15304.06,Bank Transfer,SAR
PAY-006029,EMP-0097,2026-03,27-03-2026,5050,1263,505,0,23,725.94,7543.94,0,126.26,0,0,0,0,7543.94,Bank Transfer,SAR
PAY-006030,EMP-0098,2026-03,27-03-2026,6350,1588,635,0,0,0,8573,0,158.76,0,0,0,0,8573,Bank Transfer,SAR
PAY-006031,EMP-0099,2026-03,27-03-2026,11850,2963,1185,0,0,0,15998,1444.27,1740.53,0,0,0,1444.27,14553.73,Bank Transfer,SAR
PAY-006032,EMP-0100,2026-03,27-03-2026,12900,3225,1200,0,7,564.38,17889.38,0,322.5,0,0,0,0,17889.38,Bank Transfer,SAR
PAY-006033,EMP-0102,2026-03,27-03-2026,4650,1163,465,0,0,0,6278,566.77,683.03,0,0,0,566.77,5711.23,Bank Transfer,SAR
PAY-006034,EMP-0103,2026-03,27-03-2026,5350,1338,535,0,0,0,7223,0,133.76,0,0,0,0,7223,Bank Transfer,SAR
PAY-006035,EMP-0104,2026-03,27-03-2026,6350,1588,635,0,15.5,615.16,9188.16,773.96,932.71,571.53,0,0,1345.49,7842.67,Bank Transfer,SAR
PAY-006036,EMP-0105,2026-03,27-03-2026,21650,5413,1200,0,2.5,338.28,28601.28,2638.64,3179.9,0,0,0,2638.64,25962.64,Bank Transfer,SAR
PAY-006037,EMP-0106,2026-03,27-03-2026,24950,6238,1200,0,0,0,32388,3040.83,3664.59,0,0,0,3040.83,29347.17,Bank Transfer,SAR
PAY-006038,EMP-0107,2026-03,27-03-2026,26350,6588,1200,0,0,0,34138,3211.46,3870.21,0,0,0,3211.46,30926.54,Bank Transfer,SAR
PAY-006039,EMP-0108,2026-03,27-03-2026,6050,1513,605,0,0,0,8168,0,151.26,0,0,160,160,8008,Bank Transfer,SAR
PAY-006040,EMP-0109,2026-03,27-03-2026,10900,2725,1090,2150,0,0,16865,0,272.5,0,0,0,0,16865,Bank Transfer,SAR
PAY-006041,EMP-0111,2026-03,27-03-2026,11050,2763,1105,0,0,0,14918,1346.77,1623.03,0,0,0,1346.77,13571.23,Bank Transfer,SAR
PAY-006042,EMP-0112,2026-03,27-03-2026,17550,4388,1200,0,0,0,23138,0,438.76,0,0,0,0,23138,Bank Transfer,SAR
PAY-006043,EMP-0113,2026-03,27-03-2026,12550,3138,1200,0,7,549.06,17437.06,1529.58,1843.34,0,0,0,1529.58,15907.48,Bank Transfer,SAR
PAY-006044,EMP-0114,2026-03,27-03-2026,11300,2825,1130,0,0,0,15255,0,282.5,0,0,0,0,15255,Bank Transfer,SAR
PAY-006045,EMP-0115,2026-03,27-03-2026,5200,1300,520,0,22.5,731.25,7751.25,0,130,234,2350,0,2584,5167.25,Bank Transfer,SAR
PAY-006046,EMP-0116,2026-03,27-03-2026,4550,1138,455,0,9,255.94,6398.94,0,113.76,409.53,0,0,409.53,5989.41,Bank Transfer,SAR
PAY-006047,EMP-0117,2026-03,27-03-2026,22450,5613,1200,0,0,0,29263,2736.14,3297.4,0,0,120,2856.14,26406.86,Bank Transfer,SAR
PAY-006048,EMP-0118,2026-03,27-03-2026,18200,4550,1200,0,21,2388.75,26338.75,2218.13,2673.13,0,0,0,2218.13,24120.62,Bank Transfer,SAR
PAY-006049,EMP-0119,2026-03,27-03-2026,5300,1325,530,500,0,0,7655,0,132.5,0,0,0,0,7655,Bank Transfer,SAR
PAY-006050,EMP-0120,2026-03,27-03-2026,12250,3063,1200,1750,20.5,1569.53,19832.53,1493.02,1799.28,550.43,0,0,2043.45,17789.08,Bank Transfer,SAR
PAY-006051,EMP-0121,2026-03,27-03-2026,4700,1175,470,0,14,411.25,6756.25,0,117.5,211.5,0,0,211.5,6544.75,Bank Transfer,SAR
PAY-006052,EMP-0122,2026-03,27-03-2026,5250,1313,525,0,13.5,442.97,7530.97,0,131.26,0,0,0,0,7530.97,Bank Transfer,SAR
PAY-006053,EMP-0123,2026-03,27-03-2026,5450,1363,545,2200,0,0,9558,664.27,800.53,0,0,0,664.27,8893.73,WPS Transfer,SAR
PAY-006054,EMP-0124,2026-03,27-03-2026,28200,7050,1200,0,0,0,36450,3436.88,4141.88,0,0,0,3436.88,33013.12,Bank Transfer,SAR
PAY-006055,EMP-0125,2026-03,27-03-2026,16650,4163,1200,0,0,0,22013,2029.27,2445.53,0,0,0,2029.27,19983.73,Bank Transfer,SAR
PAY-006056,EMP-0126,2026-03,27-03-2026,6100,1525,610,0,0,0,8235,0,152.5,0,0,0,0,8235,Bank Transfer,SAR
PAY-006057,EMP-0127,2026-03,27-03-2026,9350,2338,935,0,0,0,12623,0,233.76,0,0,0,0,12623,Bank Transfer,SAR
PAY-006058,EMP-0129,2026-03,27-03-2026,4850,1213,485,450,22,666.88,7664.88,591.14,712.4,0,0,0,591.14,7073.74,Bank Transfer,SAR
PAY-006059,EMP-0130,2026-03,27-03-2026,6350,1588,635,0,10.5,416.72,8989.72,0,158.76,0,0,0,0,8989.72,Bank Transfer,SAR
PAY-006060,EMP-0131,2026-03,27-03-2026,20750,5188,1200,0,0,0,27138,0,518.76,0,850,0,850,26288,Bank Transfer,SAR
PAY-006061,EMP-0132,2026-03,27-03-2026,5400,1350,540,0,21,708.75,7998.75,658.13,793.13,0,0,0,658.13,7340.62,Bank Transfer,SAR
PAY-006062,EMP-0133,2026-03,27-03-2026,11850,2963,1185,0,0,0,15998,0,296.26,0,0,0,0,15998,Bank Transfer,SAR
PAY-006063,EMP-0134,2026-03,27-03-2026,4750,1188,475,0,0,0,6413,0,118.76,0,0,560,560,5853,Bank Transfer,SAR
PAY-006064,EMP-0135,2026-03,27-03-2026,5700,1425,570,0,0,0,7695,0,142.5,0,0,0,0,7695,Bank Transfer,SAR
PAY-006065,EMP-0136,2026-03,27-03-2026,4850,1213,485,0,25,757.81,7305.81,0,121.26,0,0,0,0,7305.81,Bank Transfer,SAR
PAY-006066,EMP-0137,2026-03,27-03-2026,20100,5025,1200,0,0,0,26325,0,502.5,0,0,0,0,26325,WPS Transfer,SAR
PAY-006067,EMP-0138,2026-03,27-03-2026,17050,4263,1200,0,0,0,22513,0,426.26,0,0,0,0,22513,Bank Transfer,SAR
PAY-006068,EMP-0140,2026-03,27-03-2026,10050,2513,1005,0,0,0,13568,0,251.26,0,0,0,0,13568,Bank Transfer,SAR
PAY-006069,EMP-0141,2026-03,27-03-2026,6000,1500,600,700,0,0,8800,731.25,881.25,0,0,0,731.25,8068.75,Bank Transfer,SAR
PAY-006070,EMP-0142,2026-03,27-03-2026,4900,1225,490,0,8.5,260.31,6875.31,597.19,719.69,0,0,0,597.19,6278.12,Bank Transfer,SAR
PAY-006071,EMP-0143,2026-03,27-03-2026,5350,1338,535,0,0,0,7223,0,133.76,0,1550,0,1550,5673,Bank Transfer,SAR
PAY-006072,EMP-0144,2026-03,27-03-2026,11200,2800,1120,0,0,0,15120,0,280,504,0,0,504,14616,Bank Transfer,SAR
PAY-006073,EMP-0145,2026-03,27-03-2026,5000,1250,500,1900,0,0,8650,0,125,0,0,0,0,8650,Bank Transfer,SAR
PAY-006074,EMP-0146,2026-03,27-03-2026,17050,4263,1200,0,2.5,266.41,22779.41,2078.02,2504.28,0,0,0,2078.02,20701.39,Bank Transfer,SAR
PAY-006075,EMP-0147,2026-03,27-03-2026,4850,1213,485,0,19.5,591.09,7139.09,591.14,712.4,0,0,0,591.14,6547.95,Bank Transfer,SAR
PAY-006076,EMP-0149,2026-03,27-03-2026,20200,5050,1200,0,0,0,26450,2461.88,2966.88,3526.67,0,0,5988.55,20461.45,Cheque,SAR
PAY-006077,EMP-0150,2026-03,27-03-2026,17050,4263,1200,0,0,0,22513,2078.02,2504.28,0,1700,0,3778.02,18734.98,WPS Transfer,SAR
PAY-006078,EMP-0151,2026-03,27-03-2026,16150,4038,1200,0,0,0,21388,1968.33,2372.09,0,0,0,1968.33,19419.67,Bank Transfer,SAR
PAY-006079,EMP-0152,2026-03,27-03-2026,21350,5338,1200,0,3.5,467.03,28355.03,0,533.76,3718.4,0,0,3718.4,24636.63,Bank Transfer,SAR
PAY-006080,EMP-0153,2026-03,27-03-2026,12500,3125,1200,0,17,1328.13,18153.13,1523.44,1835.94,0,0,0,1523.44,16629.69,Bank Transfer,SAR
PAY-006081,EMP-0154,2026-03,27-03-2026,6300,1575,630,0,0,0,8505,767.81,925.31,567,0,0,1334.81,7170.19,Bank Transfer,SAR
PAY-006082,EMP-0155,2026-03,27-03-2026,28050,7013,1200,0,0,0,36263,0,701.26,0,0,0,0,36263,Bank Transfer,SAR
PAY-006083,EMP-0156,2026-03,27-03-2026,20850,5213,1200,0,0,0,27263,0,521.26,0,0,0,0,27263,Bank Transfer,SAR
PAY-006084,EMP-0157,2026-03,27-03-2026,11300,2825,1130,0,12,847.5,16102.5,0,282.5,508.5,0,0,508.5,15594,Bank Transfer,SAR
PAY-006085,EMP-0158,2026-03,27-03-2026,4550,1138,455,1800,8.5,241.72,8184.72,0,113.76,0,0,0,0,8184.72,Bank Transfer,SAR
PAY-006086,EMP-0159,2026-03,27-03-2026,4650,1163,465,0,0,0,6278,566.77,683.03,0,0,0,566.77,5711.23,Bank Transfer,SAR
PAY-006087,EMP-0160,2026-03,27-03-2026,6000,1500,600,0,0,0,8100,731.25,881.25,0,0,0,731.25,7368.75,Bank Transfer,SAR
PAY-006088,EMP-0161,2026-03,27-03-2026,25100,6275,1200,0,0,0,32575,3059.06,3686.56,2171.67,0,0,5230.73,27344.27,Bank Transfer,SAR
PAY-006089,EMP-0162,2026-03,27-03-2026,10350,2588,1035,0,12,776.25,14749.25,0,258.76,0,0,0,0,14749.25,Bank Transfer,SAR
PAY-006090,EMP-0163,2026-03,27-03-2026,3850,963,385,0,25.5,613.59,5811.59,469.27,565.53,0,0,0,469.27,5342.32,Bank Transfer,SAR
PAY-006091,EMP-0164,2026-03,27-03-2026,6250,1563,625,2400,0,0,10838,761.77,918.03,0,0,0,761.77,10076.23,Bank Transfer,SAR
PAY-006092,EMP-0165,2026-03,27-03-2026,4500,1125,450,0,0,0,6075,0,112.5,0,0,0,0,6075,Bank Transfer,SAR
PAY-006093,EMP-0166,2026-03,27-03-2026,7450,1863,745,2400,6.5,302.66,12760.66,908.02,1094.28,0,0,0,908.02,11852.64,Bank Transfer,SAR
PAY-006094,EMP-0167,2026-03,27-03-2026,3450,863,345,0,0,0,4658,420.52,506.78,0,0,580,1000.52,3657.48,Bank Transfer,SAR
PAY-006095,EMP-0168,2026-03,27-03-2026,11900,2975,1190,1950,0,0,18015,0,297.5,0,1950,0,1950,16065,Bank Transfer,SAR
PAY-006096,EMP-0169,2026-03,27-03-2026,3250,813,325,0,0,0,4388,0,81.26,0,0,0,0,4388,Bank Transfer,SAR
PAY-006097,EMP-0170,2026-03,27-03-2026,7550,1888,755,0,0,0,10193,920.21,1108.96,1359.07,1050,0,3329.28,6863.72,Bank Transfer,SAR
PAY-006098,EMP-0171,2026-03,27-03-2026,8550,2138,855,0,0,0,11543,0,213.76,769.53,2100,0,2869.53,8673.47,Bank Transfer,SAR
PAY-006099,EMP-0172,2026-03,27-03-2026,7650,1913,765,0,0,0,10328,932.39,1123.65,0,0,0,932.39,9395.61,Bank Transfer,SAR
PAY-006100,EMP-0173,2026-03,27-03-2026,8850,2213,885,0,0,0,11948,0,221.26,0,0,0,0,11948,Bank Transfer,SAR
PAY-006101,EMP-0174,2026-03,27-03-2026,6300,1575,630,0,16,630,9135,767.81,925.31,0,0,0,767.81,8367.19,Bank Transfer,SAR
PAY-006102,EMP-0175,2026-03,27-03-2026,4500,1125,450,2000,22,618.75,8693.75,548.44,660.94,0,0,600,1148.44,7545.31,Bank Transfer,SAR
PAY-006103,EMP-0176,2026-03,27-03-2026,6100,1525,610,500,0,0,8735,743.44,895.94,549,0,0,1292.44,7442.56,Bank Transfer,SAR
PAY-006104,EMP-0177,2026-03,27-03-2026,4400,1100,440,1900,0,0,7840,0,110,0,1500,0,1500,6340,Bank Transfer,SAR
PAY-006105,EMP-0178,2026-03,27-03-2026,4600,1150,460,0,4,115,6325,560.63,675.63,414,0,0,974.63,5350.37,WPS Transfer,SAR
PAY-006106,EMP-0180,2026-03,27-03-2026,4600,1150,460,1800,5.5,158.13,8168.13,0,115,0,0,0,0,8168.13,Bank Transfer,SAR
PAY-006107,EMP-0181,2026-03,27-03-2026,6450,1613,645,0,0,0,8708,786.14,947.4,0,0,0,786.14,7921.86,Bank Transfer,SAR
PAY-006108,EMP-0182,2026-03,27-03-2026,7450,1863,745,0,12,558.75,10616.75,0,186.26,0,0,0,0,10616.75,Bank Transfer,SAR
PAY-006109,EMP-0183,2026-03,27-03-2026,4700,1175,470,0,0,0,6345,572.81,690.31,0,0,0,572.81,5772.19,Bank Transfer,SAR
PAY-006110,EMP-0184,2026-03,27-03-2026,8900,2225,890,0,0,0,12015,0,222.5,0,0,0,0,12015,WPS Transfer,SAR
PAY-006111,EMP-0186,2026-03,27-03-2026,3250,813,325,250,0,0,4638,396.14,477.4,0,0,0,396.14,4241.86,WPS Transfer,SAR
PAY-006112,EMP-0187,2026-03,27-03-2026,7150,1788,715,1000,0,0,10653,0,178.76,0,0,0,0,10653,WPS Transfer,SAR
PAY-006113,EMP-0188,2026-03,27-03-2026,8550,2138,855,0,0,0,11543,1042.08,1255.84,0,0,0,1042.08,10500.92,Bank Transfer,SAR
PAY-006114,EMP-0189,2026-03,27-03-2026,3450,863,345,0,6,129.38,4787.38,0,86.26,0,400,0,400,4387.38,Bank Transfer,SAR
PAY-006115,EMP-0190,2026-03,27-03-2026,4750,1188,475,0,6.5,192.97,6605.97,0,118.76,0,0,430,430,6175.97,Bank Transfer,SAR
PAY-006116,EMP-0191,2026-03,27-03-2026,3800,950,380,0,0,0,5130,0,95,0,0,0,0,5130,Bank Transfer,SAR
PAY-006117,EMP-0192,2026-03,27-03-2026,3750,938,375,0,0,0,5063,0,93.76,0,2300,0,2300,2763,Bank Transfer,SAR
PAY-006118,EMP-0193,2026-03,27-03-2026,3650,913,365,0,0,0,4928,0,91.26,0,1900,0,1900,3028,Bank Transfer,SAR
PAY-006119,EMP-0194,2026-03,27-03-2026,4750,1188,475,0,24,712.5,7125.5,0,118.76,0,0,0,0,7125.5,Bank Transfer,SAR
PAY-006120,EMP-0195,2026-03,27-03-2026,6150,1538,615,0,2,76.88,8379.88,0,153.76,0,0,0,0,8379.88,Bank Transfer,SAR
PAY-006121,EMP-0196,2026-03,27-03-2026,8550,2138,855,0,0,0,11543,0,213.76,769.53,0,0,769.53,10773.47,Bank Transfer,SAR
PAY-006122,EMP-0197,2026-03,27-03-2026,12000,3000,1200,1400,0,0,17600,0,300,0,0,0,0,17600,WPS Transfer,SAR
PAY-006123,EMP-0198,2026-03,27-03-2026,3400,850,340,1300,15,318.75,6208.75,0,85,0,1400,0,1400,4808.75,Bank Transfer,SAR
PAY-006124,EMP-0199,2026-03,27-03-2026,7700,1925,770,0,21,1010.63,11405.63,0,192.5,0,0,0,0,11405.63,Bank Transfer,SAR
PAY-006125,EMP-0200,2026-03,27-03-2026,11500,2875,1150,0,0,0,15525,0,287.5,0,0,0,0,15525,Bank Transfer,SAR
PAY-006126,EMP-0201,2026-03,27-03-2026,3700,925,370,0,0,0,4995,0,92.5,0,0,0,0,4995,Bank Transfer,SAR
PAY-006127,EMP-0202,2026-03,27-03-2026,8800,2200,880,950,0,0,12830,1072.5,1292.5,0,450,0,1522.5,11307.5,Bank Transfer,SAR
PAY-006128,EMP-0203,2026-03,27-03-2026,4150,1038,415,0,0,0,5603,505.83,609.59,0,1900,0,2405.83,3197.17,Bank Transfer,SAR
PAY-006129,EMP-0205,2026-03,27-03-2026,4450,1113,445,0,17.5,486.72,6494.72,542.39,653.65,0,0,0,542.39,5952.33,Bank Transfer,SAR
PAY-006130,EMP-0206,2026-03,27-03-2026,4350,1088,435,0,0,0,5873,0,108.76,0,2150,0,2150,3723,Bank Transfer,SAR
PAY-006131,EMP-0207,2026-03,27-03-2026,4450,1113,445,0,0,0,6008,0,111.26,0,0,0,0,6008,Bank Transfer,SAR
PAY-006132,EMP-0208,2026-03,27-03-2026,4300,1075,430,250,0,0,6055,0,107.5,0,0,400,400,5655,Bank Transfer,SAR
PAY-006133,EMP-0209,2026-03,27-03-2026,3500,875,350,1300,0,0,6025,0,87.5,0,0,0,0,6025,Bank Transfer,SAR
PAY-006134,EMP-0210,2026-03,27-03-2026,6850,1713,685,0,0,0,9248,834.89,1006.15,0,0,0,834.89,8413.11,Bank Transfer,SAR
PAY-006135,EMP-0211,2026-03,27-03-2026,4450,1113,445,0,0,0,6008,0,111.26,0,0,0,0,6008,Bank Transfer,SAR
PAY-006136,EMP-0212,2026-03,27-03-2026,8700,2175,870,0,9.5,516.56,12261.56,1060.31,1277.81,0,0,90,1150.31,11111.25,Bank Transfer,SAR
PAY-006137,EMP-0213,2026-03,27-03-2026,3650,913,365,0,24.5,558.91,5486.91,444.89,536.15,0,1550,0,1994.89,3492.02,Bank Transfer,SAR
PAY-006138,EMP-0214,2026-03,27-03-2026,3250,813,325,0,0,0,4388,396.14,477.4,0,0,0,396.14,3991.86,WPS Transfer,SAR
PAY-006139,EMP-0215,2026-03,27-03-2026,3300,825,330,0,0,0,4455,0,82.5,148.5,0,0,148.5,4306.5,Bank Transfer,SAR
PAY-006140,EMP-0216,2026-03,27-03-2026,7650,1913,765,0,0,0,10328,932.39,1123.65,0,0,0,932.39,9395.61,Bank Transfer,SAR
PAY-006141,EMP-0217,2026-03,27-03-2026,3450,863,345,0,0,0,4658,0,86.26,0,0,0,0,4658,Bank Transfer,SAR
PAY-006142,EMP-0218,2026-03,27-03-2026,4200,1050,420,1000,24,630,7300,0,105,0,0,0,0,7300,Bank Transfer,SAR
PAY-006143,EMP-0219,2026-03,27-03-2026,3500,875,350,0,4.5,98.44,4823.44,426.56,514.06,0,300,0,726.56,4096.88,Bank Transfer,SAR
PAY-006144,EMP-0220,2026-03,27-03-2026,3950,988,395,1750,10,246.88,7329.88,481.46,580.21,0,0,0,481.46,6848.42,Bank Transfer,SAR
PAY-006145,EMP-0221,2026-03,27-03-2026,25950,6488,1200,0,0,0,33638,3162.71,3811.46,4485.07,0,0,7647.78,25990.22,Bank Transfer,SAR
PAY-006146,EMP-0222,2026-03,27-03-2026,3700,925,370,0,13.5,312.19,5307.19,0,92.5,333,0,0,333,4974.19,WPS Transfer,SAR
PAY-006147,EMP-0223,2026-03,27-03-2026,7500,1875,750,0,3,140.63,10265.63,0,187.5,0,1050,0,1050,9215.63,Bank Transfer,SAR
PAY-006148,EMP-0225,2026-03,27-03-2026,11800,2950,1180,0,0,0,15930,1438.13,1733.13,0,0,0,1438.13,14491.87,Bank Transfer,SAR
PAY-006149,EMP-0226,2026-03,27-03-2026,3350,838,335,0,10,209.38,4732.38,0,83.76,0,0,0,0,4732.38,Bank Transfer,SAR
PAY-006150,EMP-0227,2026-03,27-03-2026,4650,1163,465,0,0,0,6278,566.77,683.03,0,0,0,566.77,5711.23,Bank Transfer,SAR
PAY-006151,EMP-0228,2026-03,27-03-2026,4400,1100,440,0,0,0,5940,0,110,0,0,0,0,5940,Bank Transfer,SAR
PAY-006152,EMP-0229,2026-03,27-03-2026,3550,888,355,0,0,0,4793,0,88.76,0,0,0,0,4793,Bank Transfer,SAR
PAY-006153,EMP-0230,2026-03,27-03-2026,4650,1163,465,2200,14,406.88,8884.88,566.77,683.03,0,0,70,636.77,8248.11,Bank Transfer,SAR
PAY-006154,EMP-0231,2026-03,27-03-2026,4450,1113,445,1950,8.5,236.41,8194.41,0,111.26,0,0,0,0,8194.41,Bank Transfer,SAR
PAY-006155,EMP-0232,2026-03,27-03-2026,4300,1075,430,0,0,0,5805,0,107.5,0,0,310,310,5495,Bank Transfer,SAR
PAY-006156,EMP-0234,2026-03,27-03-2026,10700,2675,1070,0,25.5,1705.31,16150.31,0,267.5,0,0,0,0,16150.31,Bank Transfer,SAR
PAY-006157,EMP-0236,2026-03,27-03-2026,3250,813,325,0,8.5,172.66,4560.66,0,81.26,0,0,0,0,4560.66,Bank Transfer,SAR
PAY-006158,EMP-0237,2026-03,27-03-2026,4050,1013,405,0,8,202.5,5670.5,493.64,594.9,182.27,0,0,675.91,4994.59,Bank Transfer,SAR
PAY-006159,EMP-0238,2026-03,27-03-2026,8750,2188,875,0,21,1148.44,12961.44,0,218.76,787.53,0,0,787.53,12173.91,Bank Transfer,SAR
PAY-006160,EMP-0239,2026-03,27-03-2026,8650,2163,865,0,0,0,11678,0,216.26,0,0,0,0,11678,Bank Transfer,SAR
PAY-006161,EMP-0240,2026-03,27-03-2026,3550,888,355,1800,0,0,6593,0,88.76,0,650,0,650,5943,Bank Transfer,SAR
PAY-006162,EMP-0241,2026-03,27-03-2026,11250,2813,1125,0,0,0,15188,1371.14,1652.4,0,1550,430,3351.14,11836.86,Bank Transfer,SAR
PAY-006163,EMP-0242,2026-03,27-03-2026,3500,875,350,0,18.5,404.69,5129.69,426.56,514.06,0,0,0,426.56,4703.13,Bank Transfer,SAR
PAY-006164,EMP-0243,2026-03,27-03-2026,3350,838,335,0,0,0,4523,0,83.76,0,1150,0,1150,3373,Bank Transfer,SAR
PAY-006165,EMP-0244,2026-03,27-03-2026,8550,2138,855,0,0,0,11543,1042.08,1255.84,0,0,0,1042.08,10500.92,Bank Transfer,SAR
PAY-006166,EMP-0245,2026-03,27-03-2026,4100,1025,410,0,0,0,5535,499.69,602.19,0,0,0,499.69,5035.31,Bank Transfer,SAR
PAY-006167,EMP-0246,2026-03,27-03-2026,4600,1150,460,1900,18.5,531.88,8641.88,560.63,675.63,0,0,0,560.63,8081.25,Bank Transfer,SAR
PAY-006168,EMP-0247,2026-03,27-03-2026,3850,963,385,0,0,0,5198,0,96.26,0,0,0,0,5198,Bank Transfer,SAR
PAY-006169,EMP-0248,2026-03,27-03-2026,8500,2125,850,0,10.5,557.81,12032.81,1035.94,1248.44,0,0,0,1035.94,10996.87,Bank Transfer,SAR
PAY-006170,EMP-0249,2026-03,27-03-2026,8600,2150,860,0,0,0,11610,0,215,774,0,0,774,10836,Bank Transfer,SAR
PAY-006171,EMP-0250,2026-03,27-03-2026,3950,988,395,0,0,0,5333,0,98.76,0,400,0,400,4933,Bank Transfer,SAR
PAY-006172,EMP-0251,2026-03,27-03-2026,4500,1125,450,0,0,0,6075,548.44,660.94,0,0,0,548.44,5526.56,Bank Transfer,SAR
PAY-006173,EMP-0252,2026-03,27-03-2026,7200,1800,720,0,0,0,9720,877.5,1057.5,0,2100,0,2977.5,6742.5,Bank Transfer,SAR
PAY-006174,EMP-0253,2026-03,27-03-2026,4350,1088,435,0,0,0,5873,530.21,638.96,0,0,0,530.21,5342.79,Bank Transfer,SAR
PAY-006175,EMP-0254,2026-03,27-03-2026,3200,800,320,0,0,0,4320,390,470,576,0,0,966,3354,Bank Transfer,SAR
PAY-006176,EMP-0255,2026-03,27-03-2026,9650,2413,965,0,3,180.94,13208.94,1176.14,1417.4,0,0,0,1176.14,12032.8,Bank Transfer,SAR
PAY-006177,EMP-0256,2026-03,27-03-2026,3400,850,340,600,2,42.5,5232.5,0,85,0,0,0,0,5232.5,Bank Transfer,SAR
PAY-006178,EMP-0257,2026-03,27-03-2026,9150,2288,915,0,0,0,12353,0,228.76,0,0,0,0,12353,Bank Transfer,SAR
PAY-006179,EMP-0258,2026-03,27-03-2026,4400,1100,440,0,0,0,5940,0,110,0,0,0,0,5940,Bank Transfer,SAR
PAY-006180,EMP-0260,2026-03,27-03-2026,10550,2638,1055,0,0,0,14243,0,263.76,0,0,0,0,14243,Bank Transfer,SAR
PAY-006181,EMP-0261,2026-03,27-03-2026,7450,1863,745,0,0,0,10058,0,186.26,0,2250,0,2250,7808,Bank Transfer,SAR
PAY-006182,EMP-0262,2026-03,27-03-2026,4450,1113,445,2150,10.5,292.03,8450.03,542.39,653.65,801.07,0,0,1343.46,7106.57,Bank Transfer,SAR
PAY-006183,EMP-0263,2026-03,27-03-2026,11700,2925,1170,0,0,0,15795,1425.94,1718.44,0,0,0,1425.94,14369.06,Bank Transfer,SAR
PAY-006184,EMP-0264,2026-03,27-03-2026,4500,1125,450,2250,0,0,8325,548.44,660.94,0,0,0,548.44,7776.56,Bank Transfer,SAR
PAY-006185,EMP-0265,2026-03,27-03-2026,8850,2213,885,0,0,0,11948,0,221.26,398.27,0,0,398.27,11549.73,Bank Transfer,SAR
PAY-006186,EMP-0266,2026-03,27-03-2026,8900,2225,890,1500,0,0,13515,1084.69,1307.19,801,0,0,1885.69,11629.31,Bank Transfer,SAR
PAY-006187,EMP-0267,2026-03,27-03-2026,9150,2288,915,0,14,800.63,13153.63,0,228.76,0,0,0,0,13153.63,Bank Transfer,SAR
PAY-006188,EMP-0268,2026-03,27-03-2026,4300,1075,430,0,0,0,5805,0,107.5,0,0,0,0,5805,Bank Transfer,SAR
PAY-006189,EMP-0269,2026-03,27-03-2026,4450,1113,445,0,24,667.5,6675.5,0,111.26,0,0,0,0,6675.5,Bank Transfer,SAR
PAY-006190,EMP-0270,2026-03,27-03-2026,4550,1138,455,0,17.5,497.66,6640.66,554.58,668.34,409.53,0,0,964.11,5676.55,Bank Transfer,SAR
PAY-006191,EMP-0271,2026-03,27-03-2026,26350,6588,1200,0,0,0,34138,0,658.76,0,2200,0,2200,31938,Bank Transfer,SAR
PAY-006192,EMP-0272,2026-03,27-03-2026,4200,1050,420,2150,0,0,7820,0,105,0,0,0,0,7820,Bank Transfer,SAR
PAY-006193,EMP-0274,2026-03,27-03-2026,10550,2638,1055,0,10,659.38,14902.38,0,263.76,0,1500,0,1500,13402.38,Bank Transfer,SAR
PAY-006194,EMP-0275,2026-03,27-03-2026,13900,3475,1200,0,2.5,217.19,18792.19,1694.06,2041.56,0,0,0,1694.06,17098.13,Bank Transfer,SAR
PAY-006195,EMP-0276,2026-03,27-03-2026,13450,3363,1200,0,11.5,966.72,18979.72,0,336.26,0,0,0,0,18979.72,Bank Transfer,SAR
PAY-006196,EMP-0277,2026-03,27-03-2026,8700,2175,870,0,21,1141.88,12886.88,1060.31,1277.81,0,0,0,1060.31,11826.57,Bank Transfer,SAR
PAY-006197,EMP-0278,2026-03,27-03-2026,10350,2588,1035,0,11,711.56,14684.56,1261.46,1520.22,0,0,0,1261.46,13423.1,Bank Transfer,SAR
PAY-006198,EMP-0279,2026-03,27-03-2026,10300,2575,1030,1100,0,0,15005,1255.31,1512.81,463.5,0,0,1718.81,13286.19,Bank Transfer,SAR
PAY-006199,EMP-0280,2026-03,27-03-2026,4350,1088,435,0,19.5,530.16,6403.16,0,108.76,0,0,0,0,6403.16,Bank Transfer,SAR
PAY-006200,EMP-0281,2026-03,27-03-2026,4350,1088,435,0,13.5,367.03,6240.03,0,108.76,0,0,0,0,6240.03,Bank Transfer,SAR
PAY-006201,EMP-0282,2026-03,27-03-2026,8750,2188,875,0,0,0,11813,1066.46,1285.21,0,0,0,1066.46,10746.54,Bank Transfer,SAR
PAY-006202,EMP-0283,2026-03,27-03-2026,3650,913,365,0,0,0,4928,0,91.26,0,0,0,0,4928,Bank Transfer,SAR
PAY-006203,EMP-0284,2026-03,27-03-2026,3400,850,340,0,0,0,4590,0,85,0,0,0,0,4590,WPS Transfer,SAR
PAY-006204,EMP-0286,2026-03,27-03-2026,3900,975,390,0,23.5,572.81,5837.81,0,97.5,0,0,0,0,5837.81,Bank Transfer,SAR
PAY-006205,EMP-0287,2026-03,27-03-2026,8850,2213,885,0,0,0,11948,0,221.26,0,0,0,0,11948,Bank Transfer,SAR
PAY-006206,EMP-0288,2026-03,27-03-2026,4350,1088,435,0,0,0,5873,530.21,638.96,0,950,0,1480.21,4392.79,Bank Transfer,SAR
PAY-006207,EMP-0290,2026-03,27-03-2026,3950,988,395,0,0,0,5333,481.46,580.21,0,0,0,481.46,4851.54,Bank Transfer,SAR
PAY-006208,EMP-0292,2026-03,27-03-2026,4750,1188,475,0,13.5,400.78,6813.78,578.96,697.71,213.77,0,0,792.73,6021.05,Bank Transfer,SAR
PAY-006209,EMP-0293,2026-03,27-03-2026,8500,2125,850,800,13.5,717.19,12992.19,1035.94,1248.44,0,0,0,1035.94,11956.25,WPS Transfer,SAR
PAY-006210,EMP-0294,2026-03,27-03-2026,4400,1100,440,0,0,0,5940,536.25,646.25,396,0,0,932.25,5007.75,Bank Transfer,SAR
PAY-006211,EMP-0295,2026-03,27-03-2026,11000,2750,1100,0,0,0,14850,0,275,0,0,0,0,14850,WPS Transfer,SAR
PAY-006212,EMP-0296,2026-03,27-03-2026,15050,3763,1200,0,0,0,20013,1834.27,2210.53,1334.2,0,0,3168.47,16844.53,WPS Transfer,SAR
PAY-006213,EMP-0297,2026-03,27-03-2026,4400,1100,440,0,0,0,5940,536.25,646.25,0,0,0,536.25,5403.75,Bank Transfer,SAR
PAY-006214,EMP-0298,2026-03,27-03-2026,4650,1163,465,2300,0,0,8578,0,116.26,0,0,0,0,8578,Bank Transfer,SAR
PAY-006215,EMP-0299,2026-03,27-03-2026,4600,1150,460,0,0,0,6210,0,115,0,0,0,0,6210,Bank Transfer,SAR
PAY-006216,EMP-0300,2026-03,27-03-2026,12700,3175,1200,0,0,0,17075,0,317.5,0,0,0,0,17075,Cheque,SAR
PAY-006217,EMP-0301,2026-03,27-03-2026,8700,2175,870,0,0,0,11745,0,217.5,391.5,1450,0,1841.5,9903.5,WPS Transfer,SAR
PAY-006218,EMP-0302,2026-03,27-03-2026,10200,2550,1020,0,23.5,1498.13,15268.13,0,255,0,0,0,0,15268.13,Bank Transfer,SAR
PAY-006219,EMP-0303,2026-03,27-03-2026,9200,2300,920,0,0,0,12420,0,230,0,0,0,0,12420,Bank Transfer,SAR
PAY-006220,EMP-0304,2026-03,27-03-2026,11500,2875,1150,0,0,0,15525,0,287.5,0,0,160,160,15365,Bank Transfer,SAR
PAY-006221,EMP-0305,2026-03,27-03-2026,3850,963,385,750,7.5,180.47,6128.47,469.27,565.53,0,0,0,469.27,5659.2,Bank Transfer,SAR
PAY-006222,EMP-0306,2026-03,27-03-2026,4800,1200,480,0,0,0,6480,0,120,0,0,510,510,5970,Bank Transfer,SAR
PAY-006223,EMP-0307,2026-03,27-03-2026,9450,2363,945,1900,0,0,14658,0,236.26,0,0,0,0,14658,Bank Transfer,SAR
PAY-006224,EMP-0308,2026-03,27-03-2026,10900,2725,1090,1000,0,0,15715,0,272.5,981,2000,0,2981,12734,Bank Transfer,SAR
PAY-006225,EMP-0309,2026-03,27-03-2026,3800,950,380,0,16.5,391.88,5521.88,0,95,342,0,0,342,5179.88,Bank Transfer,SAR
PAY-006226,EMP-0310,2026-03,27-03-2026,10450,2613,1045,0,20.5,1338.91,15446.91,0,261.26,0,0,0,0,15446.91,Bank Transfer,SAR
PAY-006227,EMP-0311,2026-03,27-03-2026,15900,3975,1200,0,0,0,21075,0,397.5,1405,0,0,1405,19670,Bank Transfer,SAR
PAY-006228,EMP-0312,2026-03,27-03-2026,14350,3588,1200,0,15.5,1390.16,20528.16,0,358.76,0,0,0,0,20528.16,Bank Transfer,SAR
PAY-006229,EMP-0313,2026-03,27-03-2026,11900,2975,1190,0,0,0,16065,0,297.5,0,0,0,0,16065,WPS Transfer,SAR
PAY-006230,EMP-0314,2026-03,27-03-2026,3650,913,365,0,0,0,4928,444.89,536.15,0,0,0,444.89,4483.11,Bank Transfer,SAR
PAY-006231,EMP-0315,2026-03,27-03-2026,11600,2900,1160,1700,0,0,17360,1413.75,1703.75,0,0,0,1413.75,15946.25,Bank Transfer,SAR
PAY-006232,EMP-0316,2026-03,27-03-2026,15200,3800,1200,0,0,0,20200,0,380,0,0,0,0,20200,Bank Transfer,SAR
PAY-006233,EMP-0317,2026-03,27-03-2026,4250,1063,425,0,10.5,278.91,6016.91,518.02,624.28,0,0,0,518.02,5498.89,Bank Transfer,SAR
PAY-006234,EMP-0318,2026-03,27-03-2026,4100,1025,410,2100,0,0,7635,499.69,602.19,369,0,0,868.69,6766.31,Bank Transfer,SAR
PAY-006235,EMP-0319,2026-03,27-03-2026,4300,1075,430,0,6,161.25,5966.25,0,107.5,193.5,0,0,193.5,5772.75,Bank Transfer,SAR
PAY-006236,EMP-0320,2026-03,27-03-2026,8750,2188,875,0,0,0,11813,0,218.76,0,350,0,350,11463,Bank Transfer,SAR
PAY-006237,EMP-0321,2026-03,27-03-2026,21300,5325,1200,0,0,0,27825,2595.94,3128.44,0,0,0,2595.94,25229.06,Bank Transfer,SAR
PAY-006238,EMP-0322,2026-03,27-03-2026,8700,2175,870,0,0,0,11745,1060.31,1277.81,0,0,0,1060.31,10684.69,Bank Transfer,SAR
PAY-006239,EMP-0323,2026-03,27-03-2026,12050,3013,1200,0,0,0,16263,0,301.26,0,0,0,0,16263,Bank Transfer,SAR
PAY-006240,EMP-0324,2026-03,27-03-2026,6100,1525,610,1450,7.5,285.94,9970.94,0,152.5,0,0,0,0,9970.94,Bank Transfer,SAR
PAY-006241,EMP-0325,2026-03,27-03-2026,11300,2825,1130,0,20.5,1447.81,16702.81,0,282.5,0,450,0,450,16252.81,Bank Transfer,SAR
PAY-006242,EMP-0326,2026-03,27-03-2026,5000,1250,500,0,8,250,7000,0,125,0,0,0,0,7000,Bank Transfer,SAR
PAY-006243,EMP-0327,2026-03,27-03-2026,9400,2350,940,0,0,0,12690,0,235,0,0,0,0,12690,Bank Transfer,SAR
PAY-006244,EMP-0328,2026-03,27-03-2026,10850,2713,1085,2400,21,1424.06,18472.06,1322.39,1593.65,0,0,0,1322.39,17149.67,Bank Transfer,SAR
PAY-006245,EMP-0329,2026-03,27-03-2026,10700,2675,1070,950,0,0,15395,0,267.5,0,0,0,0,15395,Bank Transfer,SAR
PAY-006246,EMP-0332,2026-03,27-03-2026,5350,1338,535,0,10.5,351.09,7574.09,652.08,785.84,240.77,0,0,892.85,6681.24,Bank Transfer,SAR
PAY-006247,EMP-0333,2026-03,27-03-2026,4700,1175,470,750,0,0,7095,0,117.5,0,0,0,0,7095,Bank Transfer,SAR
PAY-006248,EMP-0334,2026-03,27-03-2026,15550,3888,1200,0,0,0,20638,0,388.76,0,0,0,0,20638,Bank Transfer,SAR
PAY-006249,EMP-0335,2026-03,27-03-2026,12650,3163,1200,1500,11,869.69,19382.69,0,316.26,0,1100,0,1100,18282.69,Bank Transfer,SAR
PAY-006250,EMP-0336,2026-03,27-03-2026,5000,1250,500,0,22,687.5,7437.5,0,125,0,0,0,0,7437.5,Bank Transfer,SAR
PAY-006251,EMP-0337,2026-03,27-03-2026,8750,2188,875,0,11.5,628.91,12441.91,1066.46,1285.21,0,0,0,1066.46,11375.45,Bank Transfer,SAR
PAY-006252,EMP-0338,2026-03,27-03-2026,11550,2888,1155,0,22.5,1624.22,17217.22,0,288.76,0,2350,0,2350,14867.22,Bank Transfer,SAR
PAY-006253,EMP-0339,2026-03,27-03-2026,12400,3100,1200,0,0,0,16700,1511.25,1821.25,0,0,0,1511.25,15188.75,Bank Transfer,SAR
PAY-006254,EMP-0340,2026-03,27-03-2026,11200,2800,1120,650,0,0,15770,0,280,1512,0,0,1512,14258,Bank Transfer,SAR
PAY-006255,EMP-0341,2026-03,27-03-2026,4900,1225,490,0,0,0,6615,0,122.5,0,1850,0,1850,4765,Bank Transfer,SAR
PAY-006256,EMP-0342,2026-03,27-03-2026,8500,2125,850,0,18.5,982.81,12457.81,1035.94,1248.44,0,0,0,1035.94,11421.87,Bank Transfer,SAR
PAY-006257,EMP-0343,2026-03,27-03-2026,5300,1325,530,0,0,0,7155,0,132.5,0,0,0,0,7155,Bank Transfer,SAR
PAY-006258,EMP-0344,2026-03,27-03-2026,11000,2750,1100,1200,0,0,16050,0,275,0,0,0,0,16050,Bank Transfer,SAR
PAY-006259,EMP-0346,2026-03,27-03-2026,4850,1213,485,0,0,0,6548,591.14,712.4,0,800,0,1391.14,5156.86,Bank Transfer,SAR
PAY-006260,EMP-0347,2026-03,27-03-2026,5550,1388,555,2150,12,416.25,10059.25,0,138.76,0,1750,0,1750,8309.25,Bank Transfer,SAR
PAY-006261,EMP-0348,2026-03,27-03-2026,11200,2800,1120,0,19.5,1365,16485,1365,1645,0,0,0,1365,15120,Bank Transfer,SAR
PAY-006262,EMP-0349,2026-03,27-03-2026,10850,2713,1085,0,0,0,14648,0,271.26,976.53,0,0,976.53,13671.47,Bank Transfer,SAR
PAY-006263,EMP-0350,2026-03,27-03-2026,13050,3263,1200,0,12,978.75,18491.75,1590.52,1916.78,0,0,0,1590.52,16901.23,Bank Transfer,SAR
PAY-006264,EMP-0352,2026-03,27-03-2026,10200,2550,1020,0,0,0,13770,0,255,0,0,0,0,13770,Bank Transfer,SAR
PAY-006265,EMP-0353,2026-03,27-03-2026,10650,2663,1065,0,23.5,1564.22,15942.22,1298.02,1564.28,0,0,0,1298.02,14644.2,Bank Transfer,SAR
PAY-006266,EMP-0354,2026-03,27-03-2026,12400,3100,1200,0,0,0,16700,1511.25,1821.25,0,0,0,1511.25,15188.75,Bank Transfer,SAR
PAY-006267,EMP-0355,2026-03,27-03-2026,4700,1175,470,0,19,558.13,6903.13,0,117.5,0,0,70,70,6833.13,Bank Transfer,SAR
PAY-006268,EMP-0356,2026-03,27-03-2026,5700,1425,570,0,0,0,7695,694.69,837.19,513,0,0,1207.69,6487.31,Bank Transfer,SAR
PAY-006269,EMP-0357,2026-03,27-03-2026,12700,3175,1200,0,0,0,17075,0,317.5,0,0,0,0,17075,Bank Transfer,SAR
PAY-006270,EMP-0358,2026-03,27-03-2026,6500,1625,650,950,14.5,589.06,10314.06,792.19,954.69,0,0,0,792.19,9521.87,Bank Transfer,SAR
PAY-006271,EMP-0359,2026-03,27-03-2026,4550,1138,455,0,6,170.63,6313.63,554.58,668.34,409.53,0,0,964.11,5349.52,Bank Transfer,SAR
PAY-006272,EMP-0360,2026-03,27-03-2026,15300,3825,1200,1850,0,0,22175,0,382.5,0,0,0,0,22175,Bank Transfer,SAR
PAY-006273,EMP-0361,2026-03,27-03-2026,28350,7088,1200,0,0,0,36638,0,708.76,0,0,0,0,36638,Bank Transfer,SAR
PAY-006274,EMP-0363,2026-03,27-03-2026,6900,1725,690,0,0,0,9315,840.94,1013.44,0,0,0,840.94,8474.06,WPS Transfer,SAR
PAY-006275,EMP-0364,2026-03,27-03-2026,6050,1513,605,0,0,0,8168,737.39,888.65,0,0,0,737.39,7430.61,WPS Transfer,SAR
PAY-006276,EMP-0365,2026-03,27-03-2026,20850,5213,1200,0,0,0,27263,0,521.26,0,0,0,0,27263,Bank Transfer,SAR
PAY-006277,EMP-0366,2026-03,27-03-2026,12100,3025,1200,0,0,0,16325,1474.69,1777.19,0,0,0,1474.69,14850.31,Bank Transfer,SAR
PAY-006278,EMP-0367,2026-03,27-03-2026,8500,2125,850,2200,0,0,13675,0,212.5,0,0,0,0,13675,Bank Transfer,SAR
PAY-006279,EMP-0368,2026-03,27-03-2026,26850,6713,1200,0,0,0,34763,0,671.26,0,0,0,0,34763,Bank Transfer,SAR
PAY-006280,EMP-0369,2026-03,27-03-2026,7050,1763,705,0,6,264.38,9782.38,859.27,1035.53,0,0,0,859.27,8923.11,Bank Transfer,SAR
PAY-006281,EMP-0370,2026-03,27-03-2026,7150,1788,715,0,7,312.81,9965.81,871.46,1050.21,0,0,0,871.46,9094.35,Bank Transfer,SAR
PAY-006282,EMP-0371,2026-03,27-03-2026,11150,2788,1115,0,9,627.19,15680.19,0,278.76,0,0,0,0,15680.19,Bank Transfer,SAR
PAY-006283,EMP-0372,2026-03,27-03-2026,7450,1863,745,0,9,419.06,10477.06,0,186.26,0,2400,420,2820,7657.06,Bank Transfer,SAR
PAY-006284,EMP-0373,2026-03,27-03-2026,26000,6500,1200,0,0,0,33700,3168.75,3818.75,0,0,0,3168.75,30531.25,Bank Transfer,SAR
PAY-006285,EMP-0374,2026-03,27-03-2026,8650,2163,865,0,16.5,892.03,12570.03,0,216.26,0,2300,0,2300,10270.03,Bank Transfer,SAR
PAY-006286,EMP-0375,2026-03,27-03-2026,9600,2400,960,2100,13,780,15840,0,240,0,0,0,0,15840,Bank Transfer,SAR
PAY-006287,EMP-0376,2026-03,27-03-2026,26700,6675,1200,0,0,0,34575,0,667.5,0,0,0,0,34575,Bank Transfer,SAR
PAY-006288,EMP-0377,2026-03,27-03-2026,15650,3913,1200,0,6,586.88,21349.88,0,391.26,1384.2,0,0,1384.2,19965.68,Bank Transfer,SAR
PAY-006289,EMP-0378,2026-03,27-03-2026,12300,3075,1200,0,0,0,16575,0,307.5,0,0,0,0,16575,Bank Transfer,SAR
PAY-006290,EMP-0379,2026-03,27-03-2026,16750,4188,1200,0,0,0,22138,2041.46,2460.21,0,0,0,2041.46,20096.54,Bank Transfer,SAR
PAY-006291,EMP-0381,2026-03,27-03-2026,8300,2075,830,0,24,1245,12450,1011.56,1219.06,0,0,0,1011.56,11438.44,Bank Transfer,SAR
PAY-006292,EMP-0382,2026-03,27-03-2026,12900,3225,1200,0,0,0,17325,1572.19,1894.69,0,0,0,1572.19,15752.81,Bank Transfer,SAR
PAY-006293,EMP-0383,2026-03,27-03-2026,8250,2063,825,0,0,0,11138,1005.52,1211.78,0,0,0,1005.52,10132.48,Bank Transfer,SAR
PAY-006294,EMP-0384,2026-03,27-03-2026,13550,3388,1200,0,12,1016.25,19154.25,0,338.76,0,0,0,0,19154.25,Bank Transfer,SAR
PAY-006295,EMP-0385,2026-03,27-03-2026,6650,1663,665,0,13,540.31,9518.31,810.52,976.78,598.53,0,270,1679.05,7839.26,Bank Transfer,SAR
PAY-006296,EMP-0387,2026-03,27-03-2026,7700,1925,770,0,0,0,10395,938.44,1130.94,0,0,0,938.44,9456.56,Bank Transfer,SAR
PAY-006297,EMP-0388,2026-03,27-03-2026,8300,2075,830,0,20.5,1063.44,12268.44,1011.56,1219.06,0,0,0,1011.56,11256.88,Bank Transfer,SAR
PAY-006298,EMP-0389,2026-03,27-03-2026,8650,2163,865,0,10.5,567.66,12245.66,0,216.26,0,0,0,0,12245.66,Bank Transfer,SAR
PAY-006299,EMP-0390,2026-03,27-03-2026,6250,1563,625,2150,0,0,10588,0,156.26,281.27,0,0,281.27,10306.73,Bank Transfer,SAR
PAY-006300,EMP-0391,2026-03,27-03-2026,11600,2900,1160,350,2.5,181.25,16191.25,1413.75,1703.75,0,0,0,1413.75,14777.5,WPS Transfer,SAR
PAY-006301,EMP-0393,2026-03,27-03-2026,8700,2175,870,0,13.5,734.06,12479.06,0,217.5,0,0,0,0,12479.06,Bank Transfer,SAR
PAY-006302,EMP-0394,2026-03,27-03-2026,11350,2838,1135,0,0,0,15323,0,283.76,0,0,0,0,15323,Bank Transfer,SAR
PAY-006303,EMP-0395,2026-03,27-03-2026,26050,6513,1200,0,0,0,33763,0,651.26,0,350,0,350,33413,Bank Transfer,SAR
PAY-006304,EMP-0396,2026-03,27-03-2026,28150,7038,1200,0,0,0,36388,3430.83,4134.59,0,0,0,3430.83,32957.17,Bank Transfer,SAR
PAY-006305,EMP-0397,2026-03,27-03-2026,19150,4788,1200,0,15,1795.31,26933.31,0,478.76,0,0,0,0,26933.31,Bank Transfer,SAR
PAY-006306,EMP-0398,2026-03,27-03-2026,12000,3000,1200,1700,0,0,17900,1462.5,1762.5,540,0,0,2002.5,15897.5,Bank Transfer,SAR
PAY-006307,EMP-0399,2026-03,27-03-2026,5350,1338,535,1850,0,0,9073,0,133.76,0,0,0,0,9073,Bank Transfer,SAR
PAY-006308,EMP-0400,2026-03,27-03-2026,5050,1263,505,0,19.5,615.47,7433.47,0,126.26,0,0,0,0,7433.47,Bank Transfer,SAR
PAY-006309,EMP-0402,2026-03,27-03-2026,13000,3250,1200,0,4.5,365.63,17815.63,0,325,0,300,0,300,17515.63,Bank Transfer,SAR
PAY-006310,EMP-0403,2026-03,27-03-2026,8750,2188,875,0,4,218.75,12031.75,1066.46,1285.21,0,0,0,1066.46,10965.29,Bank Transfer,SAR
PAY-006311,EMP-0404,2026-03,27-03-2026,4900,1225,490,1400,20,612.5,8627.5,597.19,719.69,0,0,0,597.19,8030.31,Bank Transfer,SAR
PAY-006312,EMP-0406,2026-03,27-03-2026,12400,3100,1200,0,0,0,16700,1511.25,1821.25,0,0,0,1511.25,15188.75,Bank Transfer,SAR
PAY-006313,EMP-0407,2026-03,27-03-2026,6150,1538,615,0,3.5,134.53,8437.53,0,153.76,0,0,0,0,8437.53,Bank Transfer,SAR
PAY-006314,EMP-0408,2026-03,27-03-2026,8800,2200,880,0,14,770,12650,0,220,0,0,0,0,12650,Bank Transfer,SAR
PAY-006315,EMP-0409,2026-03,27-03-2026,5450,1363,545,1900,11.5,391.72,9649.72,664.27,800.53,0,2300,0,2964.27,6685.45,Bank Transfer,SAR
PAY-006316,EMP-0410,2026-03,27-03-2026,6300,1575,630,0,0,0,8505,767.81,925.31,0,0,0,767.81,7737.19,Bank Transfer,SAR
PAY-006317,EMP-0411,2026-03,27-03-2026,9350,2338,935,0,0,0,12623,1139.58,1373.34,0,0,0,1139.58,11483.42,Bank Transfer,SAR
PAY-006318,EMP-0414,2026-03,27-03-2026,6300,1575,630,1950,5.5,216.56,10671.56,0,157.5,0,0,0,0,10671.56,Bank Transfer,SAR
PAY-006319,EMP-0415,2026-03,27-03-2026,5800,1450,580,0,0,0,7830,706.88,851.88,0,0,260,966.88,6863.12,Bank Transfer,SAR
PAY-006320,EMP-0416,2026-03,27-03-2026,4600,1150,460,0,22.5,646.88,6856.88,560.63,675.63,0,0,0,560.63,6296.25,Bank Transfer,SAR
PAY-006321,EMP-0417,2026-03,27-03-2026,5900,1475,590,0,0,0,7965,719.06,866.56,531,0,0,1250.06,6714.94,Bank Transfer,SAR
PAY-006322,EMP-0418,2026-03,27-03-2026,9950,2488,995,0,0,0,13433,1212.71,1461.47,0,0,0,1212.71,12220.29,Bank Transfer,SAR
PAY-006323,EMP-0419,2026-03,27-03-2026,5850,1463,585,0,11,402.19,8300.19,713.02,859.28,0,0,0,713.02,7587.17,Bank Transfer,SAR
PAY-006324,EMP-0420,2026-03,27-03-2026,4700,1175,470,0,0,0,6345,572.81,690.31,0,0,0,572.81,5772.19,Bank Transfer,SAR
PAY-006325,EMP-0422,2026-03,27-03-2026,9200,2300,920,0,10,575,12995,1121.25,1351.25,0,0,0,1121.25,11873.75,Bank Transfer,SAR
PAY-006326,EMP-0424,2026-03,27-03-2026,17650,4413,1200,0,0,0,23263,2151.14,2592.4,0,0,0,2151.14,21111.86,Bank Transfer,SAR
PAY-006327,EMP-0425,2026-03,27-03-2026,5950,1488,595,0,22,818.13,8851.13,0,148.76,0,2400,0,2400,6451.13,Bank Transfer,SAR
PAY-006328,EMP-0426,2026-03,27-03-2026,29150,7288,1200,550,0,0,38188,0,728.76,0,0,150,150,38038,Bank Transfer,SAR
PAY-006329,EMP-0427,2026-03,27-03-2026,7750,1938,775,0,18.5,896.09,11359.09,0,193.76,0,0,0,0,11359.09,Bank Transfer,SAR
PAY-006330,EMP-0428,2026-03,27-03-2026,10850,2713,1085,0,19,1288.44,15936.44,0,271.26,0,1000,0,1000,14936.44,Bank Transfer,SAR
PAY-006331,EMP-0429,2026-03,27-03-2026,8300,2075,830,0,22.5,1167.19,12372.19,0,207.5,0,0,180,180,12192.19,Bank Transfer,SAR
PAY-006332,EMP-0430,2026-03,27-03-2026,6400,1600,640,2300,0,0,10940,0,160,0,0,0,0,10940,Bank Transfer,SAR
PAY-006333,EMP-0431,2026-03,27-03-2026,8450,2113,845,0,0,0,11408,0,211.26,0,0,0,0,11408,Bank Transfer,SAR
PAY-006334,EMP-0432,2026-03,27-03-2026,8650,2163,865,0,12.5,675.78,12353.78,1054.27,1270.53,0,0,0,1054.27,11299.51,Bank Transfer,SAR
PAY-006335,EMP-0433,2026-03,27-03-2026,16100,4025,1200,0,12.5,1257.81,22582.81,0,402.5,0,1850,0,1850,20732.81,Bank Transfer,SAR
PAY-006336,EMP-0434,2026-03,27-03-2026,12250,3063,1200,0,0,0,16513,0,306.26,0,0,0,0,16513,WPS Transfer,SAR
PAY-006337,EMP-0435,2026-03,27-03-2026,8750,2188,875,0,0,0,11813,1066.46,1285.21,0,0,0,1066.46,10746.54,WPS Transfer,SAR
PAY-006338,EMP-0436,2026-03,27-03-2026,7450,1863,745,0,0,0,10058,0,186.26,0,0,0,0,10058,Bank Transfer,SAR
PAY-006339,EMP-0437,2026-03,27-03-2026,6950,1738,695,0,24.5,1064.22,10447.22,0,173.76,0,0,0,0,10447.22,Bank Transfer,SAR
PAY-006340,EMP-0438,2026-03,27-03-2026,8900,2225,890,0,13,723.13,12738.13,0,222.5,0,0,0,0,12738.13,WPS Transfer,SAR
PAY-006341,EMP-0439,2026-03,27-03-2026,6250,1563,625,0,23,898.44,9336.44,0,156.26,0,0,0,0,9336.44,Bank Transfer,SAR
PAY-006342,EMP-0440,2026-03,27-03-2026,6800,1700,680,0,0,0,9180,0,170,0,0,0,0,9180,Bank Transfer,SAR
PAY-006343,EMP-0441,2026-03,27-03-2026,16850,4213,1200,0,14.5,1527.03,23790.03,2053.64,2474.9,1484.2,2300,0,5837.84,17952.19,Bank Transfer,SAR
PAY-006344,EMP-0442,2026-03,27-03-2026,7800,1950,780,0,0,0,10530,950.63,1145.63,702,0,0,1652.63,8877.37,Bank Transfer,SAR
PAY-006345,EMP-0443,2026-03,27-03-2026,9850,2463,985,0,15.5,954.22,14252.22,0,246.26,0,0,0,0,14252.22,Bank Transfer,SAR
PAY-006346,EMP-0444,2026-03,27-03-2026,8500,2125,850,0,6,318.75,11793.75,1035.94,1248.44,0,1450,0,2485.94,9307.81,Bank Transfer,SAR
PAY-006347,EMP-0445,2026-03,27-03-2026,10900,2725,1090,550,0,0,15265,0,272.5,0,0,0,0,15265,Bank Transfer,SAR
PAY-006348,EMP-0446,2026-03,27-03-2026,11600,2900,1160,0,3.5,253.75,15913.75,1413.75,1703.75,0,1200,0,2613.75,13300,Bank Transfer,SAR
PAY-006349,EMP-0448,2026-03,27-03-2026,12400,3100,1200,0,9,697.5,17397.5,1511.25,1821.25,0,0,0,1511.25,15886.25,Bank Transfer,SAR
PAY-006350,EMP-0449,2026-03,27-03-2026,6350,1588,635,2100,21,833.44,11506.44,773.96,932.71,0,0,0,773.96,10732.48,Bank Transfer,SAR
PAY-006351,EMP-0451,2026-03,27-03-2026,26850,6713,1200,0,0,0,34763,0,671.26,0,0,0,0,34763,Bank Transfer,SAR
PAY-006352,EMP-0452,2026-03,27-03-2026,6500,1625,650,0,0,0,8775,792.19,954.69,0,0,0,792.19,7982.81,Bank Transfer,SAR
PAY-006353,EMP-0453,2026-03,27-03-2026,6300,1575,630,0,0,0,8505,767.81,925.31,0,0,0,767.81,7737.19,Bank Transfer,SAR
PAY-006354,EMP-0454,2026-03,27-03-2026,5300,1325,530,0,0,0,7155,645.94,778.44,0,0,0,645.94,6509.06,Bank Transfer,SAR
PAY-006355,EMP-0455,2026-03,27-03-2026,4800,1200,480,0,0,0,6480,0,120,0,0,0,0,6480,Bank Transfer,SAR
PAY-006356,EMP-0457,2026-03,27-03-2026,5050,1263,505,0,0,0,6818,615.52,741.78,0,0,0,615.52,6202.48,Bank Transfer,SAR
PAY-006357,EMP-0459,2026-03,27-03-2026,6400,1600,640,0,0,0,8640,780,940,0,0,0,780,7860,WPS Transfer,SAR
PAY-006358,EMP-0460,2026-03,27-03-2026,10050,2513,1005,0,0,0,13568,0,251.26,0,350,0,350,13218,Bank Transfer,SAR
PAY-006359,EMP-0461,2026-03,27-03-2026,4900,1225,490,0,16,490,7105,597.19,719.69,0,0,0,597.19,6507.81,Bank Transfer,SAR
PAY-006360,EMP-0463,2026-03,27-03-2026,5850,1463,585,0,17.5,639.84,8537.84,0,146.26,0,0,0,0,8537.84,Bank Transfer,SAR
PAY-006361,EMP-0464,2026-03,27-03-2026,5800,1450,580,0,0,0,7830,706.88,851.88,0,0,0,706.88,7123.12,Bank Transfer,SAR
PAY-006362,EMP-0465,2026-03,27-03-2026,11200,2800,1120,750,3,210,16080,0,280,0,0,0,0,16080,Bank Transfer,SAR
PAY-006363,EMP-0466,2026-03,27-03-2026,11900,2975,1190,0,0,0,16065,0,297.5,0,850,0,850,15215,Bank Transfer,SAR
PAY-006364,EMP-0467,2026-03,27-03-2026,4650,1163,465,1900,0,0,8178,566.77,683.03,0,0,0,566.77,7611.23,WPS Transfer,SAR
PAY-006365,EMP-0468,2026-03,27-03-2026,11850,2963,1185,0,0,0,15998,0,296.26,0,0,0,0,15998,Bank Transfer,SAR
PAY-006366,EMP-0469,2026-03,27-03-2026,4600,1150,460,0,17,488.75,6698.75,0,115,0,0,0,0,6698.75,Bank Transfer,SAR
PAY-006367,EMP-0470,2026-03,27-03-2026,4600,1150,460,0,5,143.75,6353.75,0,115,0,0,0,0,6353.75,Bank Transfer,SAR
PAY-006368,EMP-0471,2026-03,27-03-2026,25000,6250,1200,0,0,0,32450,3046.88,3671.88,0,0,520,3566.88,28883.12,Bank Transfer,SAR
PAY-006369,EMP-0472,2026-03,27-03-2026,8600,2150,860,0,19,1021.25,12631.25,1048.13,1263.13,0,1950,0,2998.13,9633.12,Bank Transfer,SAR
PAY-006370,EMP-0473,2026-03,27-03-2026,8150,2038,815,0,23.5,1197.03,12200.03,993.33,1197.09,0,0,0,993.33,11206.7,Bank Transfer,SAR
PAY-006371,EMP-0474,2026-03,27-03-2026,7700,1925,770,0,0,0,10395,938.44,1130.94,0,0,0,938.44,9456.56,WPS Transfer,SAR
PAY-006372,EMP-0475,2026-03,27-03-2026,12800,3200,1200,0,9,720,17920,0,320,0,0,190,190,17730,Bank Transfer,SAR
PAY-006373,EMP-0476,2026-03,27-03-2026,14600,3650,1200,0,13,1186.25,20636.25,0,365,0,0,0,0,20636.25,Bank Transfer,SAR
PAY-006374,EMP-0477,2026-03,27-03-2026,13900,3475,1200,0,0,0,18575,0,347.5,0,0,0,0,18575,Bank Transfer,SAR
PAY-006375,EMP-0478,2026-03,27-03-2026,7500,1875,750,0,0,0,10125,914.06,1101.56,0,0,0,914.06,9210.94,Bank Transfer,SAR
PAY-006376,EMP-0479,2026-03,27-03-2026,12950,3238,1200,0,0,0,17388,1578.33,1902.09,579.6,0,0,2157.93,15230.07,Bank Transfer,SAR
PAY-006377,EMP-0480,2026-03,27-03-2026,14150,3538,1200,2450,0,0,21338,0,353.76,0,0,0,0,21338,Bank Transfer,SAR
PAY-006378,EMP-0481,2026-03,27-03-2026,15500,3875,1200,0,10,968.75,21543.75,0,387.5,0,0,0,0,21543.75,Bank Transfer,SAR
PAY-006379,EMP-0482,2026-03,27-03-2026,8400,2100,840,0,0,0,11340,0,210,0,0,0,0,11340,Bank Transfer,SAR
PAY-006380,EMP-0483,2026-03,27-03-2026,8800,2200,880,0,0,0,11880,1072.5,1292.5,0,0,0,1072.5,10807.5,Bank Transfer,SAR
PAY-006381,EMP-0484,2026-03,27-03-2026,10600,2650,1060,0,0,0,14310,1291.88,1556.88,0,0,0,1291.88,13018.12,Bank Transfer,SAR
PAY-006382,EMP-0485,2026-03,27-03-2026,10100,2525,1010,0,22.5,1420.31,15055.31,0,252.5,454.5,0,0,454.5,14600.81,Bank Transfer,SAR
PAY-006383,EMP-0487,2026-03,27-03-2026,10850,2713,1085,0,12,813.75,15461.75,1322.39,1593.65,0,0,0,1322.39,14139.36,Bank Transfer,SAR
PAY-006384,EMP-0488,2026-03,27-03-2026,10850,2713,1085,0,0,0,14648,0,271.26,976.53,0,0,976.53,13671.47,Bank Transfer,SAR
PAY-006385,EMP-0489,2026-03,27-03-2026,11700,2925,1170,0,0,0,15795,0,292.5,0,0,0,0,15795,Bank Transfer,SAR
PAY-006386,EMP-0490,2026-03,27-03-2026,6250,1563,625,0,5.5,214.84,8652.84,0,156.26,843.8,0,0,843.8,7809.04,WPS Transfer,SAR
PAY-006387,EMP-0491,2026-03,27-03-2026,37150,9288,1200,1200,0,0,48838,4527.71,5456.46,0,0,0,4527.71,44310.29,Bank Transfer,SAR
PAY-006388,EMP-0492,2026-03,27-03-2026,21700,5425,1200,1450,0,0,29775,2644.69,3187.19,0,0,150,2794.69,26980.31,Bank Transfer,SAR
PAY-006389,EMP-0493,2026-03,27-03-2026,6300,1575,630,0,6,236.25,8741.25,0,157.5,567,0,0,567,8174.25,Bank Transfer,SAR
PAY-006390,EMP-0494,2026-03,27-03-2026,6500,1625,650,0,24.5,995.31,9770.31,792.19,954.69,0,0,0,792.19,8978.12,Bank Transfer,SAR
PAY-006391,EMP-0495,2026-03,27-03-2026,16800,4200,1200,0,14.5,1522.5,23722.5,0,420,0,0,0,0,23722.5,WPS Transfer,SAR
PAY-006392,EMP-0497,2026-03,27-03-2026,8700,2175,870,0,0,0,11745,1060.31,1277.81,0,0,0,1060.31,10684.69,Bank Transfer,SAR
PAY-006393,EMP-0498,2026-03,27-03-2026,12050,3013,1200,1850,0,0,18113,0,301.26,0,0,0,0,18113,Bank Transfer,SAR
PAY-006394,EMP-0499,2026-03,27-03-2026,14750,3688,1200,0,21.5,1982.03,21620.03,1797.71,2166.46,0,0,0,1797.71,19822.32,Bank Transfer,SAR
PAY-006395,EMP-0500,2026-03,27-03-2026,22250,5563,1200,0,0,0,29013,0,556.26,0,0,0,0,29013,Bank Transfer,SAR
PAY-006396,EMP-0001,2026-04,27-04-2026,35400,8850,1200,2450,0,0,47900,4314.38,5199.38,0,0,0,4314.38,43585.62,Bank Transfer,SAR
PAY-006397,EMP-0003,2026-04,27-04-2026,8700,2175,870,0,23.5,1277.81,13022.81,0,217.5,0,0,0,0,13022.81,Bank Transfer,SAR
PAY-006398,EMP-0004,2026-04,27-04-2026,3500,875,350,2100,0,0,6825,426.56,514.06,0,0,0,426.56,6398.44,Bank Transfer,SAR
PAY-006399,EMP-0005,2026-04,27-04-2026,3450,863,345,0,0,0,4658,0,86.26,0,0,0,0,4658,Cheque,SAR
PAY-006400,EMP-0006,2026-04,27-04-2026,3200,800,320,0,0,0,4320,390,470,0,0,0,390,3930,Bank Transfer,SAR
PAY-006401,EMP-0007,2026-04,27-04-2026,8450,2113,845,1400,13,686.56,13494.56,0,211.26,0,0,0,0,13494.56,Bank Transfer,SAR
PAY-006402,EMP-0008,2026-04,27-04-2026,4650,1163,465,0,26,755.63,7033.63,566.77,683.03,0,0,0,566.77,6466.86,Bank Transfer,SAR
PAY-006403,EMP-0009,2026-04,27-04-2026,3800,950,380,1300,10.5,249.38,6679.38,463.13,558.13,0,0,0,463.13,6216.25,Bank Transfer,SAR
PAY-006404,EMP-0010,2026-04,27-04-2026,29350,7338,1200,0,0,0,37888,3577.08,4310.84,0,0,0,3577.08,34310.92,Bank Transfer,SAR
PAY-006405,EMP-0011,2026-04,27-04-2026,4300,1075,430,2250,0,0,8055,524.06,631.56,0,0,0,524.06,7530.94,Bank Transfer,SAR
PAY-006406,EMP-0013,2026-04,27-04-2026,27950,6988,1200,0,0,0,36138,0,698.76,0,350,0,350,35788,Bank Transfer,SAR
PAY-006407,EMP-0014,2026-04,27-04-2026,9500,2375,950,0,0,0,12825,1157.81,1395.31,0,0,0,1157.81,11667.19,Bank Transfer,SAR
PAY-006408,EMP-0015,2026-04,27-04-2026,8000,2000,800,0,7.5,375,11175,975,1175,0,0,0,975,10200,Bank Transfer,SAR
PAY-006409,EMP-0016,2026-04,27-04-2026,8850,2213,885,0,0,0,11948,0,221.26,0,0,0,0,11948,WPS Transfer,SAR
PAY-006410,EMP-0017,2026-04,27-04-2026,6600,1650,660,0,0,0,8910,0,165,0,0,410,410,8500,Bank Transfer,SAR
PAY-006411,EMP-0018,2026-04,27-04-2026,3350,838,335,0,0,0,4523,408.33,492.09,0,0,0,408.33,4114.67,Bank Transfer,SAR
PAY-006412,EMP-0019,2026-04,27-04-2026,4700,1175,470,2150,17,499.38,8994.38,572.81,690.31,423,0,0,995.81,7998.57,Bank Transfer,SAR
PAY-006413,EMP-0020,2026-04,27-04-2026,11450,2863,1145,0,0,0,15458,0,286.26,0,0,590,590,14868,WPS Transfer,SAR
PAY-006414,EMP-0021,2026-04,27-04-2026,8800,2200,880,0,0,0,11880,1072.5,1292.5,0,0,0,1072.5,10807.5,Bank Transfer,SAR
PAY-006415,EMP-0022,2026-04,27-04-2026,11500,2875,1150,0,0,0,15525,1401.56,1689.06,517.5,0,0,1919.06,13605.94,Bank Transfer,SAR
PAY-006416,EMP-0023,2026-04,27-04-2026,3400,850,340,1650,25,531.25,6771.25,0,85,0,0,0,0,6771.25,Bank Transfer,SAR
PAY-006417,EMP-0024,2026-04,27-04-2026,23700,5925,1200,2050,0,0,32875,2888.44,3480.94,0,500,0,3388.44,29486.56,Bank Transfer,SAR
PAY-006418,EMP-0025,2026-04,27-04-2026,6000,1500,600,0,0,0,8100,0,150,0,0,0,0,8100,Bank Transfer,SAR
PAY-006419,EMP-0026,2026-04,27-04-2026,3300,825,330,1750,0,0,6205,402.19,484.69,0,2350,0,2752.19,3452.81,Bank Transfer,SAR
PAY-006420,EMP-0027,2026-04,27-04-2026,3350,838,335,2250,4,83.75,6856.75,0,83.76,0,0,0,0,6856.75,Bank Transfer,SAR
PAY-006421,EMP-0028,2026-04,27-04-2026,9000,2250,900,0,0,0,12150,0,225,0,0,0,0,12150,Bank Transfer,SAR
PAY-006422,EMP-0029,2026-04,27-04-2026,3550,888,355,2300,17.5,388.28,7481.28,432.71,521.46,0,0,0,432.71,7048.57,Cheque,SAR
PAY-006423,EMP-0030,2026-04,27-04-2026,4550,1138,455,0,12,341.25,6484.25,554.58,668.34,204.77,0,0,759.35,5724.9,Bank Transfer,SAR
PAY-006424,EMP-0031,2026-04,27-04-2026,3800,950,380,0,5.5,130.63,5260.63,463.13,558.13,0,0,590,1053.13,4207.5,Bank Transfer,SAR
PAY-006425,EMP-0032,2026-04,27-04-2026,12650,3163,1200,0,9,711.56,17724.56,0,316.26,0,900,0,900,16824.56,Bank Transfer,SAR
PAY-006426,EMP-0033,2026-04,27-04-2026,11750,2938,1175,0,21,1542.19,17405.19,0,293.76,0,0,0,0,17405.19,Bank Transfer,SAR
PAY-006427,EMP-0034,2026-04,27-04-2026,11650,2913,1165,0,7.5,546.09,16274.09,0,291.26,0,0,0,0,16274.09,Bank Transfer,SAR
PAY-006428,EMP-0035,2026-04,27-04-2026,7300,1825,730,0,0,0,9855,0,182.5,328.5,0,0,328.5,9526.5,Bank Transfer,SAR
PAY-006429,EMP-0036,2026-04,27-04-2026,6950,1738,695,0,8,347.5,9730.5,847.08,1020.84,0,0,0,847.08,8883.42,Bank Transfer,SAR
PAY-006430,EMP-0037,2026-04,27-04-2026,3550,888,355,0,0,0,4793,0,88.76,0,0,0,0,4793,Bank Transfer,SAR
PAY-006431,EMP-0038,2026-04,27-04-2026,4400,1100,440,0,0,0,5940,0,110,0,0,0,0,5940,Bank Transfer,SAR
PAY-006432,EMP-0039,2026-04,27-04-2026,7100,1775,710,0,0,0,9585,865.31,1042.81,958.5,0,0,1823.81,7761.19,Bank Transfer,SAR
PAY-006433,EMP-0040,2026-04,27-04-2026,30000,7500,1200,0,0,0,38700,0,750,0,0,0,0,38700,Bank Transfer,SAR
PAY-006434,EMP-0041,2026-04,27-04-2026,9050,2263,905,0,0,0,12218,1103.02,1329.28,0,0,0,1103.02,11114.98,Bank Transfer,SAR
PAY-006435,EMP-0042,2026-04,27-04-2026,4550,1138,455,0,24,682.5,6825.5,0,113.76,0,0,0,0,6825.5,WPS Transfer,SAR
PAY-006436,EMP-0043,2026-04,27-04-2026,4450,1113,445,0,0,0,6008,0,111.26,0,0,0,0,6008,Bank Transfer,SAR
PAY-006437,EMP-0044,2026-04,27-04-2026,7600,1900,760,0,0,0,10260,0,190,0,0,0,0,10260,Bank Transfer,SAR
PAY-006438,EMP-0045,2026-04,27-04-2026,6100,1525,610,0,15,571.88,8806.88,0,152.5,0,0,0,0,8806.88,Bank Transfer,SAR
PAY-006439,EMP-0046,2026-04,27-04-2026,3450,863,345,1750,0,0,6408,0,86.26,0,0,0,0,6408,Bank Transfer,SAR
PAY-006440,EMP-0047,2026-04,27-04-2026,8350,2088,835,0,2.5,130.47,11403.47,1017.71,1226.46,0,0,0,1017.71,10385.76,Bank Transfer,SAR
PAY-006441,EMP-0048,2026-04,27-04-2026,21750,5438,1200,0,0,0,28388,2650.83,3194.59,0,1800,0,4450.83,23937.17,Bank Transfer,SAR
PAY-006442,EMP-0049,2026-04,27-04-2026,4100,1025,410,0,0,0,5535,499.69,602.19,0,0,320,819.69,4715.31,Bank Transfer,SAR
PAY-006443,EMP-0050,2026-04,27-04-2026,3250,813,325,0,19,385.94,4773.94,0,81.26,0,0,0,0,4773.94,Bank Transfer,SAR
PAY-006444,EMP-0051,2026-04,27-04-2026,7700,1925,770,0,18.5,890.31,11285.31,0,192.5,0,0,0,0,11285.31,WPS Transfer,SAR
PAY-006445,EMP-0052,2026-04,27-04-2026,4700,1175,470,0,0,0,6345,572.81,690.31,211.5,1250,0,2034.31,4310.69,Bank Transfer,SAR
PAY-006446,EMP-0053,2026-04,27-04-2026,4100,1025,410,0,21,538.13,6073.13,499.69,602.19,0,0,0,499.69,5573.44,Bank Transfer,SAR
PAY-006447,EMP-0055,2026-04,27-04-2026,4250,1063,425,0,0,0,5738,0,106.26,0,0,0,0,5738,Bank Transfer,SAR
PAY-006448,EMP-0057,2026-04,27-04-2026,4550,1138,455,0,0,0,6143,554.58,668.34,0,2400,0,2954.58,3188.42,Bank Transfer,SAR
PAY-006449,EMP-0058,2026-04,27-04-2026,3850,963,385,950,0,0,6148,0,96.26,0,0,350,350,5798,Bank Transfer,SAR
PAY-006450,EMP-0059,2026-04,27-04-2026,9300,2325,930,0,0,0,12555,0,232.5,0,0,0,0,12555,Bank Transfer,SAR
PAY-006451,EMP-0060,2026-04,27-04-2026,4500,1125,450,0,6,168.75,6243.75,548.44,660.94,0,0,0,548.44,5695.31,Bank Transfer,SAR
PAY-006452,EMP-0062,2026-04,27-04-2026,4050,1013,405,850,12.5,316.41,6634.41,0,101.26,0,0,0,0,6634.41,Bank Transfer,SAR
PAY-006453,EMP-0063,2026-04,27-04-2026,8050,2013,805,0,22.5,1132.03,12000.03,981.14,1182.4,724.53,0,0,1705.67,10294.36,Bank Transfer,SAR
PAY-006454,EMP-0064,2026-04,27-04-2026,4600,1150,460,0,15,431.25,6641.25,0,115,0,0,0,0,6641.25,Bank Transfer,SAR
PAY-006455,EMP-0065,2026-04,27-04-2026,28650,7163,1200,0,0,0,37013,0,716.26,0,1200,0,1200,35813,Bank Transfer,SAR
PAY-006456,EMP-0066,2026-04,27-04-2026,3950,988,395,0,0,0,5333,0,98.76,0,0,150,150,5183,Bank Transfer,SAR
PAY-006457,EMP-0067,2026-04,27-04-2026,3450,863,345,0,0,0,4658,420.52,506.78,0,0,0,420.52,4237.48,Bank Transfer,SAR
PAY-006458,EMP-0068,2026-04,27-04-2026,3750,938,375,1150,0,0,6213,0,93.76,0,0,0,0,6213,Bank Transfer,SAR
PAY-006459,EMP-0069,2026-04,27-04-2026,25850,6463,1200,0,0,0,33513,0,646.26,0,0,0,0,33513,Bank Transfer,SAR
PAY-006460,EMP-0070,2026-04,27-04-2026,3700,925,370,0,0,0,4995,0,92.5,0,0,0,0,4995,Bank Transfer,SAR
PAY-006461,EMP-0071,2026-04,27-04-2026,7100,1775,710,0,0,0,9585,0,177.5,0,0,0,0,9585,Bank Transfer,SAR
PAY-006462,EMP-0072,2026-04,27-04-2026,4450,1113,445,0,0,0,6008,0,111.26,0,0,0,0,6008,Bank Transfer,SAR
PAY-006463,EMP-0073,2026-04,27-04-2026,27600,6900,1200,0,0,0,35700,3363.75,4053.75,2380,0,0,5743.75,29956.25,Bank Transfer,SAR
PAY-006464,EMP-0074,2026-04,27-04-2026,3300,825,330,1800,0,0,6255,402.19,484.69,0,1950,0,2352.19,3902.81,Bank Transfer,SAR
PAY-006465,EMP-0076,2026-04,27-04-2026,4400,1100,440,0,0,0,5940,0,110,0,600,0,600,5340,Bank Transfer,SAR
PAY-006466,EMP-0077,2026-04,27-04-2026,4600,1150,460,0,15.5,445.63,6655.63,0,115,0,0,0,0,6655.63,Bank Transfer,SAR
PAY-006467,EMP-0078,2026-04,27-04-2026,11100,2775,1110,0,0,0,14985,0,277.5,0,2000,0,2000,12985,Bank Transfer,SAR
PAY-006468,EMP-0079,2026-04,27-04-2026,6450,1613,645,0,17,685.31,9393.31,786.14,947.4,0,0,0,786.14,8607.17,Bank Transfer,SAR
PAY-006469,EMP-0080,2026-04,27-04-2026,3200,800,320,0,9.5,190,4510,0,80,0,0,0,0,4510,Bank Transfer,SAR
PAY-006470,EMP-0081,2026-04,27-04-2026,8250,2063,825,0,17.5,902.34,12040.34,0,206.26,371.27,0,0,371.27,11669.07,Bank Transfer,SAR
PAY-006471,EMP-0083,2026-04,27-04-2026,10200,2550,1020,0,13.5,860.63,14630.63,0,255,0,1600,0,1600,13030.63,Bank Transfer,SAR
PAY-006472,EMP-0084,2026-04,27-04-2026,12750,3188,1200,350,0,0,17488,0,318.76,1142.53,0,0,1142.53,16345.47,Bank Transfer,SAR
PAY-006473,EMP-0086,2026-04,27-04-2026,3550,888,355,0,18.5,410.47,5203.47,0,88.76,0,0,0,0,5203.47,WPS Transfer,SAR
PAY-006474,EMP-0087,2026-04,27-04-2026,25550,6388,1200,0,0,0,33138,3113.96,3752.71,2209.2,0,0,5323.16,27814.84,Bank Transfer,SAR
PAY-006475,EMP-0088,2026-04,27-04-2026,23950,5988,1200,0,0,0,31138,2918.96,3517.71,0,0,0,2918.96,28219.04,Bank Transfer,SAR
PAY-006476,EMP-0089,2026-04,27-04-2026,20900,5225,1200,0,0,0,27325,0,522.5,0,0,0,0,27325,Bank Transfer,SAR
PAY-006477,EMP-0091,2026-04,27-04-2026,34650,8663,1200,0,0,0,44513,4223.02,5089.28,0,0,0,4223.02,40289.98,Bank Transfer,SAR
PAY-006478,EMP-0092,2026-04,27-04-2026,4550,1138,455,0,0,0,6143,554.58,668.34,0,0,0,554.58,5588.42,Bank Transfer,SAR
PAY-006479,EMP-0093,2026-04,27-04-2026,4900,1225,490,0,23,704.38,7319.38,0,122.5,220.5,0,0,220.5,7098.88,Bank Transfer,SAR
PAY-006480,EMP-0095,2026-04,27-04-2026,18600,4650,1200,1550,0,0,26000,0,465,0,0,0,0,26000,Bank Transfer,SAR
PAY-006481,EMP-0096,2026-04,27-04-2026,12100,3025,1200,1800,0,0,18125,1474.69,1777.19,0,0,0,1474.69,16650.31,Bank Transfer,SAR
PAY-006482,EMP-0097,2026-04,27-04-2026,5050,1263,505,0,0,0,6818,0,126.26,0,1050,0,1050,5768,Bank Transfer,SAR
PAY-006483,EMP-0098,2026-04,27-04-2026,6350,1588,635,0,0,0,8573,0,158.76,285.77,0,160,445.77,8127.23,Bank Transfer,SAR
PAY-006484,EMP-0099,2026-04,27-04-2026,11850,2963,1185,0,0,0,15998,1444.27,1740.53,0,0,0,1444.27,14553.73,Bank Transfer,SAR
PAY-006485,EMP-0100,2026-04,27-04-2026,12900,3225,1200,0,0,0,17325,0,322.5,0,0,0,0,17325,Bank Transfer,SAR
PAY-006486,EMP-0102,2026-04,27-04-2026,4650,1163,465,0,0,0,6278,566.77,683.03,0,750,0,1316.77,4961.23,Bank Transfer,SAR
PAY-006487,EMP-0103,2026-04,27-04-2026,5350,1338,535,0,12.5,417.97,7640.97,0,133.76,0,0,0,0,7640.97,WPS Transfer,SAR
PAY-006488,EMP-0104,2026-04,27-04-2026,6350,1588,635,750,0,0,9323,773.96,932.71,0,0,0,773.96,8549.04,Bank Transfer,SAR
PAY-006489,EMP-0105,2026-04,27-04-2026,21650,5413,1200,0,0,0,28263,2638.64,3179.9,0,0,0,2638.64,25624.36,Bank Transfer,SAR
PAY-006490,EMP-0106,2026-04,27-04-2026,24950,6238,1200,2350,0,0,34738,3040.83,3664.59,2159.2,300,0,5500.03,29237.97,Bank Transfer,SAR
PAY-006491,EMP-0107,2026-04,27-04-2026,26350,6588,1200,0,0,0,34138,3211.46,3870.21,0,0,0,3211.46,30926.54,Bank Transfer,SAR
PAY-006492,EMP-0108,2026-04,27-04-2026,6050,1513,605,0,0,0,8168,0,151.26,272.27,0,0,272.27,7895.73,Bank Transfer,SAR
PAY-006493,EMP-0109,2026-04,27-04-2026,10900,2725,1090,0,0,0,14715,0,272.5,0,0,0,0,14715,Bank Transfer,SAR
PAY-006494,EMP-0110,2026-04,27-04-2026,6100,1525,610,0,0,0,8235,743.44,895.94,0,1150,340,2233.44,6001.56,Bank Transfer,SAR
PAY-006495,EMP-0111,2026-04,27-04-2026,11050,2763,1105,0,23,1588.44,16506.44,1346.77,1623.03,0,0,0,1346.77,15159.67,Bank Transfer,SAR
PAY-006496,EMP-0112,2026-04,27-04-2026,17550,4388,1200,0,0,0,23138,0,438.76,0,0,0,0,23138,Bank Transfer,SAR
PAY-006497,EMP-0113,2026-04,27-04-2026,12550,3138,1200,0,3.5,274.53,17162.53,1529.58,1843.34,0,1450,0,2979.58,14182.95,Bank Transfer,SAR
PAY-006498,EMP-0114,2026-04,27-04-2026,11300,2825,1130,400,3.5,247.19,15902.19,0,282.5,0,0,0,0,15902.19,Bank Transfer,SAR
PAY-006499,EMP-0115,2026-04,27-04-2026,5200,1300,520,0,4.5,146.25,7166.25,0,130,0,0,0,0,7166.25,Bank Transfer,SAR
PAY-006500,EMP-0116,2026-04,27-04-2026,4550,1138,455,0,16,455,6598,0,113.76,0,0,0,0,6598,Bank Transfer,SAR
PAY-006501,EMP-0117,2026-04,27-04-2026,22450,5613,1200,0,0,0,29263,2736.14,3297.4,0,0,0,2736.14,26526.86,Bank Transfer,SAR
PAY-006502,EMP-0118,2026-04,27-04-2026,18200,4550,1200,0,5,568.75,24518.75,2218.13,2673.13,1596.67,0,0,3814.8,20703.95,Bank Transfer,SAR
PAY-006503,EMP-0119,2026-04,27-04-2026,5300,1325,530,0,0,0,7155,0,132.5,477,0,0,477,6678,Bank Transfer,SAR
PAY-006504,EMP-0120,2026-04,27-04-2026,12250,3063,1200,0,17,1301.56,17814.56,1493.02,1799.28,0,0,0,1493.02,16321.54,Bank Transfer,SAR
PAY-006505,EMP-0121,2026-04,27-04-2026,4700,1175,470,0,0,0,6345,0,117.5,0,0,0,0,6345,Bank Transfer,SAR
PAY-006506,EMP-0122,2026-04,27-04-2026,5250,1313,525,0,17.5,574.22,7662.22,0,131.26,0,0,0,0,7662.22,Bank Transfer,SAR
PAY-006507,EMP-0123,2026-04,27-04-2026,5450,1363,545,0,0,0,7358,664.27,800.53,0,0,0,664.27,6693.73,Bank Transfer,SAR
PAY-006508,EMP-0124,2026-04,27-04-2026,28200,7050,1200,0,0,0,36450,3436.88,4141.88,0,0,0,3436.88,33013.12,Bank Transfer,SAR
PAY-006509,EMP-0125,2026-04,27-04-2026,16650,4163,1200,0,0,0,22013,2029.27,2445.53,733.77,2450,0,5213.04,16799.96,Cheque,SAR
PAY-006510,EMP-0126,2026-04,27-04-2026,6100,1525,610,1000,22,838.75,10073.75,0,152.5,0,0,0,0,10073.75,Bank Transfer,SAR
PAY-006511,EMP-0127,2026-04,27-04-2026,9350,2338,935,1950,0,0,14573,0,233.76,0,0,0,0,14573,Bank Transfer,SAR
PAY-006512,EMP-0129,2026-04,27-04-2026,4850,1213,485,0,6,181.88,6729.88,591.14,712.4,873.07,0,0,1464.21,5265.67,Bank Transfer,SAR
PAY-006513,EMP-0130,2026-04,27-04-2026,6350,1588,635,0,10,396.88,8969.88,0,158.76,0,0,0,0,8969.88,Bank Transfer,SAR
PAY-006514,EMP-0131,2026-04,27-04-2026,20750,5188,1200,0,0,0,27138,0,518.76,0,0,0,0,27138,Bank Transfer,SAR
PAY-006515,EMP-0132,2026-04,27-04-2026,5400,1350,540,0,0,0,7290,658.13,793.13,0,0,0,658.13,6631.87,Bank Transfer,SAR
PAY-006516,EMP-0133,2026-04,27-04-2026,11850,2963,1185,0,0,0,15998,0,296.26,0,0,0,0,15998,Bank Transfer,SAR
PAY-006517,EMP-0134,2026-04,27-04-2026,4750,1188,475,0,2.5,74.22,6487.22,0,118.76,0,0,0,0,6487.22,Bank Transfer,SAR
PAY-006518,EMP-0135,2026-04,27-04-2026,5700,1425,570,0,0,0,7695,0,142.5,0,0,0,0,7695,Bank Transfer,SAR
PAY-006519,EMP-0136,2026-04,27-04-2026,4850,1213,485,1950,23,697.19,9195.19,0,121.26,0,0,0,0,9195.19,Bank Transfer,SAR
PAY-006520,EMP-0137,2026-04,27-04-2026,20100,5025,1200,0,0,0,26325,0,502.5,0,0,0,0,26325,Bank Transfer,SAR
PAY-006521,EMP-0138,2026-04,27-04-2026,17050,4263,1200,0,0,0,22513,0,426.26,0,0,0,0,22513,Bank Transfer,SAR
PAY-006522,EMP-0140,2026-04,27-04-2026,10050,2513,1005,0,20.5,1287.66,14855.66,0,251.26,0,0,0,0,14855.66,Bank Transfer,SAR
PAY-006523,EMP-0141,2026-04,27-04-2026,6000,1500,600,0,0,0,8100,731.25,881.25,0,0,0,731.25,7368.75,Bank Transfer,SAR
PAY-006524,EMP-0142,2026-04,27-04-2026,4900,1225,490,2350,19,581.88,9546.88,597.19,719.69,0,0,0,597.19,8949.69,Bank Transfer,SAR
PAY-006525,EMP-0143,2026-04,27-04-2026,5350,1338,535,0,17.5,585.16,7808.16,0,133.76,0,0,0,0,7808.16,Bank Transfer,SAR
PAY-006526,EMP-0144,2026-04,27-04-2026,11200,2800,1120,0,12.5,875,15995,0,280,0,0,0,0,15995,Bank Transfer,SAR
PAY-006527,EMP-0145,2026-04,27-04-2026,5000,1250,500,0,20,625,7375,0,125,0,1850,0,1850,5525,Bank Transfer,SAR
PAY-006528,EMP-0146,2026-04,27-04-2026,17050,4263,1200,0,0,0,22513,2078.02,2504.28,1500.87,0,0,3578.89,18934.11,Bank Transfer,SAR
PAY-006529,EMP-0147,2026-04,27-04-2026,4850,1213,485,0,0,0,6548,591.14,712.4,0,0,0,591.14,5956.86,Bank Transfer,SAR
PAY-006530,EMP-0149,2026-04,27-04-2026,20200,5050,1200,0,23,2903.75,29353.75,2461.88,2966.88,0,1950,0,4411.88,24941.87,Bank Transfer,SAR
PAY-006531,EMP-0150,2026-04,27-04-2026,17050,4263,1200,1700,0,0,24213,2078.02,2504.28,0,0,0,2078.02,22134.98,Bank Transfer,SAR
PAY-006532,EMP-0151,2026-04,27-04-2026,16150,4038,1200,0,16,1615,23003,1968.33,2372.09,0,0,0,1968.33,21034.67,Bank Transfer,SAR
PAY-006533,EMP-0152,2026-04,27-04-2026,21350,5338,1200,0,15.5,2068.28,29956.28,0,533.76,0,0,0,0,29956.28,Bank Transfer,SAR
PAY-006534,EMP-0153,2026-04,27-04-2026,12500,3125,1200,0,0,0,16825,1523.44,1835.94,0,0,0,1523.44,15301.56,Bank Transfer,SAR
PAY-006535,EMP-0154,2026-04,27-04-2026,6300,1575,630,0,15,590.63,9095.63,767.81,925.31,283.5,0,0,1051.31,8044.32,Bank Transfer,SAR
PAY-006536,EMP-0155,2026-04,27-04-2026,28050,7013,1200,2400,0,0,38663,0,701.26,0,400,0,400,38263,Bank Transfer,SAR
PAY-006537,EMP-0156,2026-04,27-04-2026,20850,5213,1200,550,0,0,27813,0,521.26,0,0,0,0,27813,Bank Transfer,SAR
PAY-006538,EMP-0157,2026-04,27-04-2026,11300,2825,1130,0,0,0,15255,0,282.5,0,0,0,0,15255,Bank Transfer,SAR
PAY-006539,EMP-0158,2026-04,27-04-2026,4550,1138,455,650,9.5,270.16,7063.16,0,113.76,0,0,0,0,7063.16,Bank Transfer,SAR
PAY-006540,EMP-0159,2026-04,27-04-2026,4650,1163,465,0,0,0,6278,566.77,683.03,0,0,0,566.77,5711.23,Bank Transfer,SAR
PAY-006541,EMP-0160,2026-04,27-04-2026,6000,1500,600,0,15.5,581.25,8681.25,731.25,881.25,0,0,0,731.25,7950,Bank Transfer,SAR
PAY-006542,EMP-0161,2026-04,27-04-2026,25100,6275,1200,0,0,0,32575,3059.06,3686.56,0,0,0,3059.06,29515.94,Bank Transfer,SAR
PAY-006543,EMP-0162,2026-04,27-04-2026,10350,2588,1035,0,0,0,13973,0,258.76,0,0,0,0,13973,Bank Transfer,SAR
PAY-006544,EMP-0163,2026-04,27-04-2026,3850,963,385,0,4.5,108.28,5306.28,469.27,565.53,0,0,0,469.27,4837.01,Bank Transfer,SAR
PAY-006545,EMP-0164,2026-04,27-04-2026,6250,1563,625,0,11,429.69,8867.69,761.77,918.03,562.53,0,0,1324.3,7543.39,Bank Transfer,SAR
PAY-006546,EMP-0165,2026-04,27-04-2026,4500,1125,450,0,24,675,6750,0,112.5,0,0,0,0,6750,Bank Transfer,SAR
PAY-006547,EMP-0166,2026-04,27-04-2026,7450,1863,745,700,0,0,10758,908.02,1094.28,0,0,0,908.02,9849.98,Bank Transfer,SAR
PAY-006548,EMP-0167,2026-04,27-04-2026,3450,863,345,1800,2.5,53.91,6511.91,420.52,506.78,0,0,0,420.52,6091.39,Bank Transfer,SAR
PAY-006549,EMP-0168,2026-04,27-04-2026,11900,2975,1190,0,14.5,1078.44,17143.44,0,297.5,0,0,0,0,17143.44,Bank Transfer,SAR
PAY-006550,EMP-0169,2026-04,27-04-2026,3250,813,325,0,4,81.25,4469.25,0,81.26,0,0,0,0,4469.25,Bank Transfer,SAR
PAY-006551,EMP-0170,2026-04,27-04-2026,7550,1888,755,0,0,0,10193,920.21,1108.96,0,0,0,920.21,9272.79,Bank Transfer,SAR
PAY-006552,EMP-0171,2026-04,27-04-2026,8550,2138,855,0,0,0,11543,0,213.76,0,0,0,0,11543,Bank Transfer,SAR
PAY-006553,EMP-0172,2026-04,27-04-2026,7650,1913,765,0,0,0,10328,932.39,1123.65,0,0,0,932.39,9395.61,Bank Transfer,SAR
PAY-006554,EMP-0173,2026-04,27-04-2026,8850,2213,885,0,0,0,11948,0,221.26,0,0,0,0,11948,Bank Transfer,SAR
PAY-006555,EMP-0174,2026-04,27-04-2026,6300,1575,630,1150,3.5,137.81,9792.81,767.81,925.31,0,0,0,767.81,9025,Bank Transfer,SAR
PAY-006556,EMP-0175,2026-04,27-04-2026,4500,1125,450,0,4,112.5,6187.5,548.44,660.94,0,0,0,548.44,5639.06,Bank Transfer,SAR
PAY-006557,EMP-0176,2026-04,27-04-2026,6100,1525,610,0,6.5,247.81,8482.81,743.44,895.94,0,0,0,743.44,7739.37,Bank Transfer,SAR
PAY-006558,EMP-0177,2026-04,27-04-2026,4400,1100,440,0,0,0,5940,0,110,0,0,0,0,5940,Bank Transfer,SAR
PAY-006559,EMP-0178,2026-04,27-04-2026,4600,1150,460,0,24.5,704.38,6914.38,560.63,675.63,0,0,0,560.63,6353.75,Bank Transfer,SAR
PAY-006560,EMP-0180,2026-04,27-04-2026,4600,1150,460,0,0,0,6210,0,115,0,0,0,0,6210,Bank Transfer,SAR
PAY-006561,EMP-0181,2026-04,27-04-2026,6450,1613,645,750,0,0,9458,786.14,947.4,0,0,0,786.14,8671.86,Bank Transfer,SAR
PAY-006562,EMP-0182,2026-04,27-04-2026,7450,1863,745,550,20,931.25,11539.25,0,186.26,0,0,0,0,11539.25,Bank Transfer,SAR
PAY-006563,EMP-0183,2026-04,27-04-2026,4700,1175,470,1200,2.5,73.44,7618.44,572.81,690.31,0,0,0,572.81,7045.63,Bank Transfer,SAR
PAY-006564,EMP-0184,2026-04,27-04-2026,8900,2225,890,900,13.5,750.94,13665.94,0,222.5,0,0,0,0,13665.94,Bank Transfer,SAR
PAY-006565,EMP-0186,2026-04,27-04-2026,3250,813,325,0,0,0,4388,396.14,477.4,0,0,0,396.14,3991.86,Bank Transfer,SAR
PAY-006566,EMP-0187,2026-04,27-04-2026,7150,1788,715,0,0,0,9653,0,178.76,643.53,0,0,643.53,9009.47,Bank Transfer,SAR
PAY-006567,EMP-0188,2026-04,27-04-2026,8550,2138,855,1750,13.5,721.41,14014.41,1042.08,1255.84,0,0,0,1042.08,12972.33,Bank Transfer,SAR
PAY-006568,EMP-0189,2026-04,27-04-2026,3450,863,345,0,0,0,4658,0,86.26,0,0,0,0,4658,Bank Transfer,SAR
PAY-006569,EMP-0190,2026-04,27-04-2026,4750,1188,475,0,4.5,133.59,6546.59,0,118.76,0,2450,0,2450,4096.59,Bank Transfer,SAR
PAY-006570,EMP-0191,2026-04,27-04-2026,3800,950,380,0,0,0,5130,0,95,0,0,0,0,5130,Bank Transfer,SAR
PAY-006571,EMP-0192,2026-04,27-04-2026,3750,938,375,2150,0,0,7213,0,93.76,0,0,0,0,7213,Bank Transfer,SAR
PAY-006572,EMP-0193,2026-04,27-04-2026,3650,913,365,0,0,0,4928,0,91.26,0,0,0,0,4928,Bank Transfer,SAR
PAY-006573,EMP-0194,2026-04,27-04-2026,4750,1188,475,1050,0,0,7463,0,118.76,0,0,0,0,7463,Bank Transfer,SAR
PAY-006574,EMP-0195,2026-04,27-04-2026,6150,1538,615,0,18.5,711.09,9014.09,0,153.76,553.53,0,0,553.53,8460.56,Bank Transfer,SAR
PAY-006575,EMP-0196,2026-04,27-04-2026,8550,2138,855,0,13.5,721.41,12264.41,0,213.76,0,0,0,0,12264.41,Bank Transfer,SAR
PAY-006576,EMP-0197,2026-04,27-04-2026,12000,3000,1200,0,0,0,16200,0,300,0,0,0,0,16200,Bank Transfer,SAR
PAY-006577,EMP-0198,2026-04,27-04-2026,3400,850,340,0,0,0,4590,0,85,306,0,0,306,4284,Bank Transfer,SAR
PAY-006578,EMP-0199,2026-04,27-04-2026,7700,1925,770,0,0,0,10395,0,192.5,0,0,0,0,10395,Bank Transfer,SAR
PAY-006579,EMP-0200,2026-04,27-04-2026,11500,2875,1150,0,24.5,1760.94,17285.94,0,287.5,0,0,0,0,17285.94,Bank Transfer,SAR
PAY-006580,EMP-0201,2026-04,27-04-2026,3700,925,370,0,11.5,265.94,5260.94,0,92.5,0,950,0,950,4310.94,Bank Transfer,SAR
PAY-006581,EMP-0202,2026-04,27-04-2026,8800,2200,880,0,10.5,577.5,12457.5,1072.5,1292.5,396,0,0,1468.5,10989,Bank Transfer,SAR
PAY-006582,EMP-0203,2026-04,27-04-2026,4150,1038,415,700,9.5,246.41,6549.41,505.83,609.59,0,2300,0,2805.83,3743.58,Bank Transfer,SAR
PAY-006583,EMP-0205,2026-04,27-04-2026,4450,1113,445,0,0,0,6008,542.39,653.65,200.27,0,0,742.66,5265.34,Bank Transfer,SAR
PAY-006584,EMP-0206,2026-04,27-04-2026,4350,1088,435,2250,0,0,8123,0,108.76,0,0,0,0,8123,Bank Transfer,SAR
PAY-006585,EMP-0207,2026-04,27-04-2026,4450,1113,445,750,0,0,6758,0,111.26,200.27,0,0,200.27,6557.73,Bank Transfer,SAR
PAY-006586,EMP-0208,2026-04,27-04-2026,4300,1075,430,0,24,645,6450,0,107.5,0,0,0,0,6450,Bank Transfer,SAR
PAY-006587,EMP-0209,2026-04,27-04-2026,3500,875,350,0,0,0,4725,0,87.5,0,0,0,0,4725,Bank Transfer,SAR
PAY-006588,EMP-0210,2026-04,27-04-2026,6850,1713,685,0,0,0,9248,834.89,1006.15,0,0,0,834.89,8413.11,Bank Transfer,SAR
PAY-006589,EMP-0211,2026-04,27-04-2026,4450,1113,445,0,22,611.88,6619.88,0,111.26,0,0,0,0,6619.88,Bank Transfer,SAR
PAY-006590,EMP-0212,2026-04,27-04-2026,8700,2175,870,550,0,0,12295,1060.31,1277.81,391.5,0,0,1451.81,10843.19,Bank Transfer,SAR
PAY-006591,EMP-0213,2026-04,27-04-2026,3650,913,365,0,0,0,4928,444.89,536.15,0,0,0,444.89,4483.11,Bank Transfer,SAR
PAY-006592,EMP-0214,2026-04,27-04-2026,3250,813,325,0,3,60.94,4448.94,396.14,477.4,0,0,0,396.14,4052.8,Bank Transfer,SAR
PAY-006593,EMP-0215,2026-04,27-04-2026,3300,825,330,2400,4.5,92.81,6947.81,0,82.5,148.5,600,0,748.5,6199.31,Bank Transfer,SAR
PAY-006594,EMP-0216,2026-04,27-04-2026,7650,1913,765,0,15,717.19,11045.19,932.39,1123.65,0,0,0,932.39,10112.8,Bank Transfer,SAR
PAY-006595,EMP-0217,2026-04,27-04-2026,3450,863,345,0,0,0,4658,0,86.26,0,2200,0,2200,2458,Bank Transfer,SAR
PAY-006596,EMP-0218,2026-04,27-04-2026,4200,1050,420,0,0,0,5670,0,105,0,2400,0,2400,3270,Bank Transfer,SAR
PAY-006597,EMP-0219,2026-04,27-04-2026,3500,875,350,0,0,0,4725,426.56,514.06,0,0,0,426.56,4298.44,Bank Transfer,SAR
PAY-006598,EMP-0220,2026-04,27-04-2026,3950,988,395,0,6.5,160.47,5493.47,481.46,580.21,0,0,0,481.46,5012.01,Bank Transfer,SAR
PAY-006599,EMP-0221,2026-04,27-04-2026,25950,6488,1200,0,0,0,33638,3162.71,3811.46,0,0,0,3162.71,30475.29,Bank Transfer,SAR
PAY-006600,EMP-0222,2026-04,27-04-2026,3700,925,370,2350,18.5,427.81,7772.81,0,92.5,0,0,0,0,7772.81,Bank Transfer,SAR
PAY-006601,EMP-0223,2026-04,27-04-2026,7500,1875,750,0,20.5,960.94,11085.94,0,187.5,0,600,0,600,10485.94,Bank Transfer,SAR
PAY-006602,EMP-0224,2026-04,27-04-2026,7900,1975,790,0,0,0,10665,962.81,1160.31,0,0,0,962.81,9702.19,Bank Transfer,SAR
PAY-006603,EMP-0225,2026-04,27-04-2026,11800,2950,1180,0,0,0,15930,1438.13,1733.13,531,0,0,1969.13,13960.87,Bank Transfer,SAR
PAY-006604,EMP-0226,2026-04,27-04-2026,3350,838,335,0,16,335,4858,0,83.76,0,0,0,0,4858,Bank Transfer,SAR
PAY-006605,EMP-0228,2026-04,27-04-2026,4400,1100,440,2350,9.5,261.25,8551.25,0,110,0,0,0,0,8551.25,Bank Transfer,SAR
PAY-006606,EMP-0229,2026-04,27-04-2026,3550,888,355,0,14,310.63,5103.63,0,88.76,0,0,0,0,5103.63,Bank Transfer,SAR
PAY-006607,EMP-0230,2026-04,27-04-2026,4650,1163,465,1550,0,0,7828,566.77,683.03,0,0,0,566.77,7261.23,Bank Transfer,SAR
PAY-006608,EMP-0231,2026-04,27-04-2026,4450,1113,445,0,14,389.38,6397.38,0,111.26,0,0,0,0,6397.38,Bank Transfer,SAR
PAY-006609,EMP-0232,2026-04,27-04-2026,4300,1075,430,350,0,0,6155,0,107.5,0,0,0,0,6155,Bank Transfer,SAR
PAY-006610,EMP-0233,2026-04,27-04-2026,4300,1075,430,0,20.5,550.94,6355.94,0,107.5,0,0,0,0,6355.94,Bank Transfer,SAR
PAY-006611,EMP-0234,2026-04,27-04-2026,10700,2675,1070,0,13,869.38,15314.38,0,267.5,0,0,0,0,15314.38,Bank Transfer,SAR
PAY-006612,EMP-0236,2026-04,27-04-2026,3250,813,325,0,12,243.75,4631.75,0,81.26,0,0,0,0,4631.75,Bank Transfer,SAR
PAY-006613,EMP-0237,2026-04,27-04-2026,4050,1013,405,0,18.5,468.28,5936.28,493.64,594.9,0,0,0,493.64,5442.64,Bank Transfer,SAR
PAY-006614,EMP-0238,2026-04,27-04-2026,8750,2188,875,0,22,1203.13,13016.13,0,218.76,0,0,0,0,13016.13,Bank Transfer,SAR
PAY-006615,EMP-0239,2026-04,27-04-2026,8650,2163,865,1250,0,0,12928,0,216.26,0,450,0,450,12478,Bank Transfer,SAR
PAY-006616,EMP-0240,2026-04,27-04-2026,3550,888,355,0,0,0,4793,0,88.76,319.53,0,0,319.53,4473.47,Bank Transfer,SAR
PAY-006617,EMP-0241,2026-04,27-04-2026,11250,2813,1125,0,0,0,15188,1371.14,1652.4,0,0,0,1371.14,13816.86,Bank Transfer,SAR
PAY-006618,EMP-0242,2026-04,27-04-2026,3500,875,350,0,0,0,4725,426.56,514.06,0,0,0,426.56,4298.44,Bank Transfer,SAR
PAY-006619,EMP-0243,2026-04,27-04-2026,3350,838,335,0,0,0,4523,0,83.76,0,0,0,0,4523,Bank Transfer,SAR
PAY-006620,EMP-0244,2026-04,27-04-2026,8550,2138,855,0,0,0,11543,1042.08,1255.84,0,0,0,1042.08,10500.92,Bank Transfer,SAR
PAY-006621,EMP-0245,2026-04,27-04-2026,4100,1025,410,2100,12.5,320.31,7955.31,499.69,602.19,0,0,0,499.69,7455.62,Bank Transfer,SAR
PAY-006622,EMP-0246,2026-04,27-04-2026,4600,1150,460,0,5,143.75,6353.75,560.63,675.63,0,900,0,1460.63,4893.12,Bank Transfer,SAR
PAY-006623,EMP-0247,2026-04,27-04-2026,3850,963,385,0,0,0,5198,0,96.26,0,0,0,0,5198,Bank Transfer,SAR
PAY-006624,EMP-0248,2026-04,27-04-2026,8500,2125,850,1350,0,0,12825,1035.94,1248.44,0,0,0,1035.94,11789.06,Bank Transfer,SAR
PAY-006625,EMP-0249,2026-04,27-04-2026,8600,2150,860,1450,0,0,13060,0,215,0,0,0,0,13060,Bank Transfer,SAR
PAY-006626,EMP-0250,2026-04,27-04-2026,3950,988,395,0,4,98.75,5431.75,0,98.76,533.3,1250,0,1783.3,3648.45,Bank Transfer,SAR
PAY-006627,EMP-0251,2026-04,27-04-2026,4500,1125,450,0,0,0,6075,548.44,660.94,0,0,0,548.44,5526.56,Bank Transfer,SAR
PAY-006628,EMP-0252,2026-04,27-04-2026,7200,1800,720,0,13.5,607.5,10327.5,877.5,1057.5,648,1700,0,3225.5,7102,Bank Transfer,SAR
PAY-006629,EMP-0253,2026-04,27-04-2026,4350,1088,435,0,0,0,5873,530.21,638.96,0,0,0,530.21,5342.79,Bank Transfer,SAR
PAY-006630,EMP-0254,2026-04,27-04-2026,3200,800,320,850,0,0,5170,390,470,720,0,0,1110,4060,Bank Transfer,SAR
PAY-006631,EMP-0255,2026-04,27-04-2026,9650,2413,965,0,25.5,1537.97,14565.97,1176.14,1417.4,0,0,0,1176.14,13389.83,Cheque,SAR
PAY-006632,EMP-0256,2026-04,27-04-2026,3400,850,340,0,0,0,4590,0,85,0,0,0,0,4590,Bank Transfer,SAR
PAY-006633,EMP-0257,2026-04,27-04-2026,9150,2288,915,0,12.5,714.84,13067.84,0,228.76,0,0,0,0,13067.84,Bank Transfer,SAR
PAY-006634,EMP-0258,2026-04,27-04-2026,4400,1100,440,0,12,330,6270,0,110,0,0,0,0,6270,Bank Transfer,SAR
PAY-006635,EMP-0259,2026-04,27-04-2026,3600,900,360,2400,0,0,7260,438.75,528.75,0,0,0,438.75,6821.25,Bank Transfer,SAR
PAY-006636,EMP-0260,2026-04,27-04-2026,10550,2638,1055,0,0,0,14243,0,263.76,0,1100,0,1100,13143,Bank Transfer,SAR
PAY-006637,EMP-0261,2026-04,27-04-2026,7450,1863,745,0,9,419.06,10477.06,0,186.26,670.53,0,0,670.53,9806.53,Bank Transfer,SAR
PAY-006638,EMP-0262,2026-04,27-04-2026,4450,1113,445,0,0,0,6008,542.39,653.65,0,0,0,542.39,5465.61,Bank Transfer,SAR
PAY-006639,EMP-0263,2026-04,27-04-2026,11700,2925,1170,0,0,0,15795,1425.94,1718.44,0,0,0,1425.94,14369.06,Bank Transfer,SAR
PAY-006640,EMP-0264,2026-04,27-04-2026,4500,1125,450,1750,11,309.38,8134.38,548.44,660.94,0,0,0,548.44,7585.94,Bank Transfer,SAR
PAY-006641,EMP-0265,2026-04,27-04-2026,8850,2213,885,1600,24,1327.5,14875.5,0,221.26,0,0,0,0,14875.5,Bank Transfer,SAR
PAY-006642,EMP-0266,2026-04,27-04-2026,8900,2225,890,550,23.5,1307.19,13872.19,1084.69,1307.19,400.5,1150,0,2635.19,11237,Bank Transfer,SAR
PAY-006643,EMP-0267,2026-04,27-04-2026,9150,2288,915,0,0,0,12353,0,228.76,0,0,0,0,12353,Bank Transfer,SAR
PAY-006644,EMP-0268,2026-04,27-04-2026,4300,1075,430,0,10,268.75,6073.75,0,107.5,0,0,0,0,6073.75,Bank Transfer,SAR
PAY-006645,EMP-0269,2026-04,27-04-2026,4450,1113,445,1050,0,0,7058,0,111.26,200.27,0,0,200.27,6857.73,Bank Transfer,SAR
PAY-006646,EMP-0270,2026-04,27-04-2026,4550,1138,455,0,25,710.94,6853.94,554.58,668.34,409.53,0,70,1034.11,5819.83,Bank Transfer,SAR
PAY-006647,EMP-0271,2026-04,27-04-2026,26350,6588,1200,0,0,0,34138,0,658.76,0,1250,0,1250,32888,Bank Transfer,SAR
PAY-006648,EMP-0272,2026-04,27-04-2026,4200,1050,420,0,17.5,459.38,6129.38,0,105,0,0,0,0,6129.38,Bank Transfer,SAR
PAY-006649,EMP-0274,2026-04,27-04-2026,10550,2638,1055,0,18,1186.88,15429.88,0,263.76,0,0,0,0,15429.88,Bank Transfer,SAR
PAY-006650,EMP-0275,2026-04,27-04-2026,13900,3475,1200,0,0,0,18575,1694.06,2041.56,619.17,400,0,2713.23,15861.77,Bank Transfer,SAR
PAY-006651,EMP-0276,2026-04,27-04-2026,13450,3363,1200,0,0,0,18013,0,336.26,0,0,0,0,18013,Bank Transfer,SAR
PAY-006652,EMP-0277,2026-04,27-04-2026,8700,2175,870,0,10.5,570.94,12315.94,1060.31,1277.81,0,0,0,1060.31,11255.63,Bank Transfer,SAR
PAY-006653,EMP-0278,2026-04,27-04-2026,10350,2588,1035,1450,0,0,15423,1261.46,1520.22,0,0,0,1261.46,14161.54,Bank Transfer,SAR
PAY-006654,EMP-0279,2026-04,27-04-2026,10300,2575,1030,0,0,0,13905,1255.31,1512.81,0,0,0,1255.31,12649.69,Bank Transfer,SAR
PAY-006655,EMP-0280,2026-04,27-04-2026,4350,1088,435,1800,25.5,693.28,8366.28,0,108.76,0,0,230,230,8136.28,Bank Transfer,SAR
PAY-006656,EMP-0281,2026-04,27-04-2026,4350,1088,435,0,0,0,5873,0,108.76,0,2050,0,2050,3823,Bank Transfer,SAR
PAY-006657,EMP-0282,2026-04,27-04-2026,8750,2188,875,0,9.5,519.53,12332.53,1066.46,1285.21,0,1250,0,2316.46,10016.07,Bank Transfer,SAR
PAY-006658,EMP-0283,2026-04,27-04-2026,3650,913,365,0,0,0,4928,0,91.26,0,0,0,0,4928,Bank Transfer,SAR
PAY-006659,EMP-0284,2026-04,27-04-2026,3400,850,340,0,17,361.25,4951.25,0,85,0,0,0,0,4951.25,Bank Transfer,SAR
PAY-006660,EMP-0285,2026-04,27-04-2026,8900,2225,890,0,21.5,1195.94,13210.94,0,222.5,0,0,0,0,13210.94,Bank Transfer,SAR
PAY-006661,EMP-0286,2026-04,27-04-2026,3900,975,390,0,0,0,5265,0,97.5,0,0,0,0,5265,Bank Transfer,SAR
PAY-006662,EMP-0287,2026-04,27-04-2026,8850,2213,885,0,0,0,11948,0,221.26,0,0,0,0,11948,Bank Transfer,SAR
PAY-006663,EMP-0288,2026-04,27-04-2026,4350,1088,435,0,0,0,5873,530.21,638.96,0,0,0,530.21,5342.79,Bank Transfer,SAR
PAY-006664,EMP-0290,2026-04,27-04-2026,3950,988,395,0,0,0,5333,481.46,580.21,0,0,0,481.46,4851.54,Bank Transfer,SAR
PAY-006665,EMP-0292,2026-04,27-04-2026,4750,1188,475,750,6.5,192.97,7355.97,578.96,697.71,213.77,0,0,792.73,6563.24,Bank Transfer,SAR
PAY-006666,EMP-0293,2026-04,27-04-2026,8500,2125,850,0,13.5,717.19,12192.19,1035.94,1248.44,0,0,330,1365.94,10826.25,Bank Transfer,SAR
PAY-006667,EMP-0294,2026-04,27-04-2026,4400,1100,440,0,17.5,481.25,6421.25,536.25,646.25,792,0,0,1328.25,5093,Bank Transfer,SAR
PAY-006668,EMP-0295,2026-04,27-04-2026,11000,2750,1100,1750,3,206.25,16806.25,0,275,0,0,0,0,16806.25,Bank Transfer,SAR
PAY-006669,EMP-0296,2026-04,27-04-2026,15050,3763,1200,0,22,2069.38,22082.38,1834.27,2210.53,0,0,0,1834.27,20248.11,Bank Transfer,SAR
PAY-006670,EMP-0297,2026-04,27-04-2026,4400,1100,440,0,6.5,178.75,6118.75,536.25,646.25,0,0,0,536.25,5582.5,Bank Transfer,SAR
PAY-006671,EMP-0298,2026-04,27-04-2026,4650,1163,465,0,0,0,6278,0,116.26,0,0,0,0,6278,Bank Transfer,SAR
PAY-006672,EMP-0299,2026-04,27-04-2026,4600,1150,460,0,0,0,6210,0,115,0,0,0,0,6210,Bank Transfer,SAR
PAY-006673,EMP-0300,2026-04,27-04-2026,12700,3175,1200,2400,18,1428.75,20903.75,0,317.5,0,0,0,0,20903.75,Bank Transfer,SAR
PAY-006674,EMP-0301,2026-04,27-04-2026,8700,2175,870,1850,11,598.13,14193.13,0,217.5,0,0,0,0,14193.13,Bank Transfer,SAR
PAY-006675,EMP-0302,2026-04,27-04-2026,10200,2550,1020,0,0,0,13770,0,255,0,2000,0,2000,11770,Bank Transfer,SAR
PAY-006676,EMP-0303,2026-04,27-04-2026,9200,2300,920,0,4.5,258.75,12678.75,0,230,0,0,0,0,12678.75,Bank Transfer,SAR
PAY-006677,EMP-0305,2026-04,27-04-2026,3850,963,385,0,0,0,5198,469.27,565.53,0,0,0,469.27,4728.73,Bank Transfer,SAR
PAY-006678,EMP-0306,2026-04,27-04-2026,4800,1200,480,0,19,570,7050,0,120,0,0,0,0,7050,Bank Transfer,SAR
PAY-006679,EMP-0307,2026-04,27-04-2026,9450,2363,945,0,0,0,12758,0,236.26,0,0,0,0,12758,Bank Transfer,SAR
PAY-006680,EMP-0308,2026-04,27-04-2026,10900,2725,1090,0,0,0,14715,0,272.5,0,0,0,0,14715,Bank Transfer,SAR
PAY-006681,EMP-0309,2026-04,27-04-2026,3800,950,380,0,10,237.5,5367.5,0,95,0,0,0,0,5367.5,Bank Transfer,SAR
PAY-006682,EMP-0310,2026-04,27-04-2026,10450,2613,1045,0,0,0,14108,0,261.26,0,1650,120,1770,12338,Bank Transfer,SAR
PAY-006683,EMP-0311,2026-04,27-04-2026,15900,3975,1200,0,4.5,447.19,21522.19,0,397.5,0,0,0,0,21522.19,Bank Transfer,SAR
PAY-006684,EMP-0312,2026-04,27-04-2026,14350,3588,1200,0,2,179.38,19317.38,0,358.76,0,0,0,0,19317.38,Bank Transfer,SAR
PAY-006685,EMP-0313,2026-04,27-04-2026,11900,2975,1190,0,24,1785,17850,0,297.5,0,0,0,0,17850,Cheque,SAR
PAY-006686,EMP-0314,2026-04,27-04-2026,3650,913,365,2000,0,0,6928,444.89,536.15,0,0,0,444.89,6483.11,Bank Transfer,SAR
PAY-006687,EMP-0315,2026-04,27-04-2026,11600,2900,1160,0,12,870,16530,1413.75,1703.75,522,0,0,1935.75,14594.25,Bank Transfer,SAR
PAY-006688,EMP-0316,2026-04,27-04-2026,15200,3800,1200,0,12.5,1187.5,21387.5,0,380,0,0,0,0,21387.5,Bank Transfer,SAR
PAY-006689,EMP-0317,2026-04,27-04-2026,4250,1063,425,950,0,0,6688,518.02,624.28,191.27,2150,0,2859.29,3828.71,Bank Transfer,SAR
PAY-006690,EMP-0318,2026-04,27-04-2026,4100,1025,410,0,0,0,5535,499.69,602.19,0,0,0,499.69,5035.31,Bank Transfer,SAR
PAY-006691,EMP-0319,2026-04,27-04-2026,4300,1075,430,0,23.5,631.56,6436.56,0,107.5,0,0,0,0,6436.56,Bank Transfer,SAR
PAY-006692,EMP-0320,2026-04,27-04-2026,8750,2188,875,0,0,0,11813,0,218.76,1575.07,0,0,1575.07,10237.93,Bank Transfer,SAR
PAY-006693,EMP-0321,2026-04,27-04-2026,21300,5325,1200,0,0,0,27825,2595.94,3128.44,0,0,0,2595.94,25229.06,Bank Transfer,SAR
PAY-006694,EMP-0322,2026-04,27-04-2026,8700,2175,870,0,21,1141.88,12886.88,1060.31,1277.81,0,0,0,1060.31,11826.57,Bank Transfer,SAR
PAY-006695,EMP-0323,2026-04,27-04-2026,12050,3013,1200,0,2.5,188.28,16451.28,0,301.26,0,0,0,0,16451.28,Bank Transfer,SAR
PAY-006696,EMP-0324,2026-04,27-04-2026,6100,1525,610,0,0,0,8235,0,152.5,0,0,0,0,8235,Bank Transfer,SAR
PAY-006697,EMP-0325,2026-04,27-04-2026,11300,2825,1130,0,20,1412.5,16667.5,0,282.5,0,0,0,0,16667.5,Bank Transfer,SAR
PAY-006698,EMP-0326,2026-04,27-04-2026,5000,1250,500,0,0,0,6750,0,125,0,1300,0,1300,5450,Bank Transfer,SAR
PAY-006699,EMP-0327,2026-04,27-04-2026,9400,2350,940,0,6,352.5,13042.5,0,235,846,0,0,846,12196.5,Bank Transfer,SAR
PAY-006700,EMP-0328,2026-04,27-04-2026,10850,2713,1085,250,21,1424.06,16322.06,1322.39,1593.65,0,0,0,1322.39,14999.67,Bank Transfer,SAR
PAY-006701,EMP-0329,2026-04,27-04-2026,10700,2675,1070,0,0,0,14445,0,267.5,0,0,0,0,14445,WPS Transfer,SAR
PAY-006702,EMP-0332,2026-04,27-04-2026,5350,1338,535,0,22,735.63,7958.63,652.08,785.84,0,0,0,652.08,7306.55,Bank Transfer,SAR
PAY-006703,EMP-0333,2026-04,27-04-2026,4700,1175,470,1500,7,205.63,8050.63,0,117.5,0,0,0,0,8050.63,Bank Transfer,SAR
PAY-006704,EMP-0334,2026-04,27-04-2026,15550,3888,1200,0,0,0,20638,0,388.76,0,0,0,0,20638,Bank Transfer,SAR
PAY-006705,EMP-0335,2026-04,27-04-2026,12650,3163,1200,0,0,0,17013,0,316.26,0,0,0,0,17013,Bank Transfer,SAR
PAY-006706,EMP-0336,2026-04,27-04-2026,5000,1250,500,1650,16,500,8900,0,125,0,0,0,0,8900,Bank Transfer,SAR
PAY-006707,EMP-0337,2026-04,27-04-2026,8750,2188,875,0,5,273.44,12086.44,1066.46,1285.21,0,0,0,1066.46,11019.98,Bank Transfer,SAR
PAY-006708,EMP-0338,2026-04,27-04-2026,11550,2888,1155,0,0,0,15593,0,288.76,0,0,0,0,15593,Bank Transfer,SAR
PAY-006709,EMP-0339,2026-04,27-04-2026,12400,3100,1200,0,0,0,16700,1511.25,1821.25,0,2400,0,3911.25,12788.75,Bank Transfer,SAR
PAY-006710,EMP-0340,2026-04,27-04-2026,11200,2800,1120,0,16,1120,16240,0,280,0,1250,0,1250,14990,Bank Transfer,SAR
PAY-006711,EMP-0341,2026-04,27-04-2026,4900,1225,490,0,0,0,6615,0,122.5,0,0,0,0,6615,Bank Transfer,SAR
PAY-006712,EMP-0342,2026-04,27-04-2026,8500,2125,850,2350,24,1275,15100,1035.94,1248.44,382.5,0,0,1418.44,13681.56,Bank Transfer,SAR
PAY-006713,EMP-0344,2026-04,27-04-2026,11000,2750,1100,0,24.5,1684.38,16534.38,0,275,0,0,0,0,16534.38,Bank Transfer,SAR
PAY-006714,EMP-0346,2026-04,27-04-2026,4850,1213,485,1000,3.5,106.09,7654.09,591.14,712.4,0,350,0,941.14,6712.95,Bank Transfer,SAR
PAY-006715,EMP-0347,2026-04,27-04-2026,5550,1388,555,0,2.5,86.72,7579.72,0,138.76,0,0,0,0,7579.72,Bank Transfer,SAR
PAY-006716,EMP-0348,2026-04,27-04-2026,11200,2800,1120,1100,25.5,1785,18005,1365,1645,0,0,0,1365,16640,Bank Transfer,SAR
PAY-006717,EMP-0349,2026-04,27-04-2026,10850,2713,1085,850,0,0,15498,0,271.26,0,0,0,0,15498,Bank Transfer,SAR
PAY-006718,EMP-0350,2026-04,27-04-2026,13050,3263,1200,1550,0,0,19063,1590.52,1916.78,0,1100,0,2690.52,16372.48,Bank Transfer,SAR
PAY-006719,EMP-0352,2026-04,27-04-2026,10200,2550,1020,0,0,0,13770,0,255,0,0,220,220,13550,Bank Transfer,SAR
PAY-006720,EMP-0353,2026-04,27-04-2026,10650,2663,1065,0,17,1131.56,15509.56,1298.02,1564.28,0,2450,0,3748.02,11761.54,Bank Transfer,SAR
PAY-006721,EMP-0354,2026-04,27-04-2026,12400,3100,1200,0,0,0,16700,1511.25,1821.25,0,0,70,1581.25,15118.75,Bank Transfer,SAR
PAY-006722,EMP-0355,2026-04,27-04-2026,4700,1175,470,0,25.5,749.06,7094.06,0,117.5,0,0,0,0,7094.06,Bank Transfer,SAR
PAY-006723,EMP-0356,2026-04,27-04-2026,5700,1425,570,0,0,0,7695,694.69,837.19,0,0,0,694.69,7000.31,Bank Transfer,SAR
PAY-006724,EMP-0357,2026-04,27-04-2026,12700,3175,1200,0,17.5,1389.06,18464.06,0,317.5,0,450,0,450,18014.06,Bank Transfer,SAR
PAY-006725,EMP-0358,2026-04,27-04-2026,6500,1625,650,700,0,0,9475,792.19,954.69,0,300,0,1092.19,8382.81,Bank Transfer,SAR
PAY-006726,EMP-0359,2026-04,27-04-2026,4550,1138,455,0,0,0,6143,554.58,668.34,0,0,0,554.58,5588.42,Bank Transfer,SAR
PAY-006727,EMP-0360,2026-04,27-04-2026,15300,3825,1200,0,11,1051.88,21376.88,0,382.5,0,0,0,0,21376.88,Bank Transfer,SAR
PAY-006728,EMP-0361,2026-04,27-04-2026,28350,7088,1200,0,0,0,36638,0,708.76,0,0,530,530,36108,Bank Transfer,SAR
PAY-006729,EMP-0363,2026-04,27-04-2026,6900,1725,690,0,0,0,9315,840.94,1013.44,0,0,0,840.94,8474.06,Bank Transfer,SAR
PAY-006730,EMP-0364,2026-04,27-04-2026,6050,1513,605,0,6,226.88,8394.88,737.39,888.65,0,0,0,737.39,7657.49,Bank Transfer,SAR
PAY-006731,EMP-0365,2026-04,27-04-2026,20850,5213,1200,0,0,0,27263,0,521.26,0,0,0,0,27263,Bank Transfer,SAR
PAY-006732,EMP-0366,2026-04,27-04-2026,12100,3025,1200,2450,0,0,18775,1474.69,1777.19,0,0,0,1474.69,17300.31,Bank Transfer,SAR
PAY-006733,EMP-0367,2026-04,27-04-2026,8500,2125,850,0,10,531.25,12006.25,0,212.5,1147.5,0,0,1147.5,10858.75,Bank Transfer,SAR
PAY-006734,EMP-0368,2026-04,27-04-2026,26850,6713,1200,0,0,0,34763,0,671.26,0,0,0,0,34763,Bank Transfer,SAR
PAY-006735,EMP-0369,2026-04,27-04-2026,7050,1763,705,0,0,0,9518,859.27,1035.53,0,0,0,859.27,8658.73,Bank Transfer,SAR
PAY-006736,EMP-0370,2026-04,27-04-2026,7150,1788,715,0,0,0,9653,871.46,1050.21,0,0,0,871.46,8781.54,Bank Transfer,SAR
PAY-006737,EMP-0371,2026-04,27-04-2026,11150,2788,1115,0,4,278.75,15331.75,0,278.76,1003.53,0,0,1003.53,14328.22,Bank Transfer,SAR
PAY-006738,EMP-0372,2026-04,27-04-2026,7450,1863,745,1500,11.5,535.47,12093.47,0,186.26,0,0,0,0,12093.47,WPS Transfer,SAR
PAY-006739,EMP-0373,2026-04,27-04-2026,26000,6500,1200,1350,0,0,35050,3168.75,3818.75,0,0,0,3168.75,31881.25,Bank Transfer,SAR
PAY-006740,EMP-0374,2026-04,27-04-2026,8650,2163,865,1550,24,1297.5,14525.5,0,216.26,0,0,270,270,14255.5,Bank Transfer,SAR
PAY-006741,EMP-0375,2026-04,27-04-2026,9600,2400,960,950,0,0,13910,0,240,0,0,0,0,13910,Bank Transfer,SAR
PAY-006742,EMP-0376,2026-04,27-04-2026,26700,6675,1200,0,0,0,34575,0,667.5,0,0,0,0,34575,Bank Transfer,SAR
PAY-006743,EMP-0377,2026-04,27-04-2026,15650,3913,1200,0,0,0,20763,0,391.26,0,0,0,0,20763,Bank Transfer,SAR
PAY-006744,EMP-0378,2026-04,27-04-2026,12300,3075,1200,0,9.5,730.31,17305.31,0,307.5,0,0,0,0,17305.31,Bank Transfer,SAR
PAY-006745,EMP-0379,2026-04,27-04-2026,16750,4188,1200,600,24,2512.5,25250.5,2041.46,2460.21,0,0,0,2041.46,23209.04,Bank Transfer,SAR
PAY-006746,EMP-0381,2026-04,27-04-2026,8300,2075,830,2050,14.5,752.19,14007.19,1011.56,1219.06,0,0,0,1011.56,12995.63,Bank Transfer,SAR
PAY-006747,EMP-0382,2026-04,27-04-2026,12900,3225,1200,0,24.5,1975.31,19300.31,1572.19,1894.69,0,0,0,1572.19,17728.12,Bank Transfer,SAR
PAY-006748,EMP-0383,2026-04,27-04-2026,8250,2063,825,0,0,0,11138,1005.52,1211.78,0,0,480,1485.52,9652.48,Bank Transfer,SAR
PAY-006749,EMP-0384,2026-04,27-04-2026,13550,3388,1200,0,0,0,18138,0,338.76,1209.2,1400,0,2609.2,15528.8,Bank Transfer,SAR
PAY-006750,EMP-0385,2026-04,27-04-2026,6650,1663,665,0,21.5,893.59,9871.59,810.52,976.78,0,1350,530,2690.52,7181.07,Bank Transfer,SAR
PAY-006751,EMP-0386,2026-04,27-04-2026,7800,1950,780,0,0,0,10530,950.63,1145.63,0,2350,0,3300.63,7229.37,Bank Transfer,SAR
PAY-006752,EMP-0387,2026-04,27-04-2026,7700,1925,770,0,18.5,890.31,11285.31,938.44,1130.94,0,0,0,938.44,10346.87,Bank Transfer,SAR
PAY-006753,EMP-0388,2026-04,27-04-2026,8300,2075,830,0,0,0,11205,1011.56,1219.06,0,0,0,1011.56,10193.44,Bank Transfer,SAR
PAY-006754,EMP-0389,2026-04,27-04-2026,8650,2163,865,2200,0,0,13878,0,216.26,0,0,0,0,13878,Bank Transfer,SAR
PAY-006755,EMP-0390,2026-04,27-04-2026,6250,1563,625,1350,0,0,9788,0,156.26,0,0,0,0,9788,Bank Transfer,SAR
PAY-006756,EMP-0391,2026-04,27-04-2026,11600,2900,1160,0,0,0,15660,1413.75,1703.75,0,0,0,1413.75,14246.25,Bank Transfer,SAR
PAY-006757,EMP-0393,2026-04,27-04-2026,8700,2175,870,0,16.5,897.19,12642.19,0,217.5,0,0,0,0,12642.19,Bank Transfer,SAR
PAY-006758,EMP-0394,2026-04,27-04-2026,11350,2838,1135,0,24.5,1737.97,17060.97,0,283.76,0,0,0,0,17060.97,Bank Transfer,SAR
PAY-006759,EMP-0395,2026-04,27-04-2026,26050,6513,1200,0,0,0,33763,0,651.26,0,0,0,0,33763,Bank Transfer,SAR
PAY-006760,EMP-0396,2026-04,27-04-2026,28150,7038,1200,2200,0,0,38588,3430.83,4134.59,1212.93,0,0,4643.76,33944.24,Cheque,SAR
PAY-006761,EMP-0397,2026-04,27-04-2026,19150,4788,1200,0,0,0,25138,0,478.76,0,0,0,0,25138,Bank Transfer,SAR
PAY-006762,EMP-0398,2026-04,27-04-2026,12000,3000,1200,0,0,0,16200,1462.5,1762.5,0,1500,0,2962.5,13237.5,Bank Transfer,SAR
PAY-006763,EMP-0399,2026-04,27-04-2026,5350,1338,535,0,0,0,7223,0,133.76,0,0,0,0,7223,Bank Transfer,SAR
PAY-006764,EMP-0400,2026-04,27-04-2026,5050,1263,505,1000,0,0,7818,0,126.26,0,0,0,0,7818,Bank Transfer,SAR
PAY-006765,EMP-0402,2026-04,27-04-2026,13000,3250,1200,0,16.5,1340.63,18790.63,0,325,1745,0,540,2285,16505.63,Bank Transfer,SAR
PAY-006766,EMP-0403,2026-04,27-04-2026,8750,2188,875,2250,0,0,14063,1066.46,1285.21,0,0,0,1066.46,12996.54,Bank Transfer,SAR
PAY-006767,EMP-0404,2026-04,27-04-2026,4900,1225,490,2250,0,0,8865,597.19,719.69,0,0,0,597.19,8267.81,Bank Transfer,SAR
PAY-006768,EMP-0406,2026-04,27-04-2026,12400,3100,1200,0,25.5,1976.25,18676.25,1511.25,1821.25,0,0,0,1511.25,17165,Bank Transfer,SAR
PAY-006769,EMP-0407,2026-04,27-04-2026,6150,1538,615,0,0,0,8303,0,153.76,0,0,0,0,8303,Bank Transfer,SAR
PAY-006770,EMP-0408,2026-04,27-04-2026,8800,2200,880,0,0,0,11880,0,220,0,0,0,0,11880,Bank Transfer,SAR
PAY-006771,EMP-0409,2026-04,27-04-2026,5450,1363,545,0,8.5,289.53,7647.53,664.27,800.53,0,0,0,664.27,6983.26,Bank Transfer,SAR
PAY-006772,EMP-0410,2026-04,27-04-2026,6300,1575,630,1800,17,669.38,10974.38,767.81,925.31,0,0,0,767.81,10206.57,Bank Transfer,SAR
PAY-006773,EMP-0411,2026-04,27-04-2026,9350,2338,935,0,0,0,12623,1139.58,1373.34,420.77,0,0,1560.35,11062.65,Bank Transfer,SAR
PAY-006774,EMP-0414,2026-04,27-04-2026,6300,1575,630,0,10,393.75,8898.75,0,157.5,567,0,0,567,8331.75,Bank Transfer,SAR
PAY-006775,EMP-0415,2026-04,27-04-2026,5800,1450,580,0,0,0,7830,706.88,851.88,0,0,0,706.88,7123.12,Bank Transfer,SAR
PAY-006776,EMP-0416,2026-04,27-04-2026,4600,1150,460,0,0,0,6210,560.63,675.63,0,0,0,560.63,5649.37,WPS Transfer,SAR
PAY-006777,EMP-0417,2026-04,27-04-2026,5900,1475,590,0,0,0,7965,719.06,866.56,0,0,0,719.06,7245.94,Bank Transfer,SAR
PAY-006778,EMP-0418,2026-04,27-04-2026,9950,2488,995,0,0,0,13433,1212.71,1461.47,0,0,0,1212.71,12220.29,Bank Transfer,SAR
PAY-006779,EMP-0419,2026-04,27-04-2026,5850,1463,585,0,7.5,274.22,8172.22,713.02,859.28,0,0,470,1183.02,6989.2,Bank Transfer,SAR
PAY-006780,EMP-0420,2026-04,27-04-2026,4700,1175,470,0,17.5,514.06,6859.06,572.81,690.31,0,0,0,572.81,6286.25,Bank Transfer,SAR
PAY-006781,EMP-0422,2026-04,27-04-2026,9200,2300,920,0,0,0,12420,1121.25,1351.25,0,0,0,1121.25,11298.75,Bank Transfer,SAR
PAY-006782,EMP-0424,2026-04,27-04-2026,17650,4413,1200,0,22.5,2482.03,25745.03,2151.14,2592.4,0,0,0,2151.14,23593.89,Bank Transfer,SAR
PAY-006783,EMP-0425,2026-04,27-04-2026,5950,1488,595,2400,4.5,167.34,10600.34,0,148.76,0,0,0,0,10600.34,Bank Transfer,SAR
PAY-006784,EMP-0426,2026-04,27-04-2026,29150,7288,1200,0,0,0,37638,0,728.76,0,0,560,560,37078,Bank Transfer,SAR
PAY-006785,EMP-0427,2026-04,27-04-2026,7750,1938,775,0,0,0,10463,0,193.76,697.53,0,0,697.53,9765.47,Bank Transfer,SAR
PAY-006786,EMP-0428,2026-04,27-04-2026,10850,2713,1085,0,25,1695.31,16343.31,0,271.26,0,0,0,0,16343.31,Bank Transfer,SAR
PAY-006787,EMP-0429,2026-04,27-04-2026,8300,2075,830,1700,0,0,12905,0,207.5,0,0,0,0,12905,Bank Transfer,SAR
PAY-006788,EMP-0430,2026-04,27-04-2026,6400,1600,640,0,2,80,8720,0,160,0,0,0,0,8720,Bank Transfer,SAR
PAY-006789,EMP-0431,2026-04,27-04-2026,8450,2113,845,1250,0,0,12658,0,211.26,0,0,0,0,12658,Bank Transfer,SAR
PAY-006790,EMP-0432,2026-04,27-04-2026,8650,2163,865,0,0,0,11678,1054.27,1270.53,0,0,0,1054.27,10623.73,Bank Transfer,SAR
PAY-006791,EMP-0433,2026-04,27-04-2026,16100,4025,1200,0,0,0,21325,0,402.5,0,0,0,0,21325,Bank Transfer,SAR
PAY-006792,EMP-0434,2026-04,27-04-2026,12250,3063,1200,0,0,0,16513,0,306.26,0,350,0,350,16163,Bank Transfer,SAR
PAY-006793,EMP-0435,2026-04,27-04-2026,8750,2188,875,0,2.5,136.72,11949.72,1066.46,1285.21,393.77,0,0,1460.23,10489.49,Bank Transfer,SAR
PAY-006794,EMP-0436,2026-04,27-04-2026,7450,1863,745,0,0,0,10058,0,186.26,0,0,0,0,10058,Bank Transfer,SAR
PAY-006795,EMP-0437,2026-04,27-04-2026,6950,1738,695,0,0,0,9383,0,173.76,312.77,0,0,312.77,9070.23,WPS Transfer,SAR
PAY-006796,EMP-0438,2026-04,27-04-2026,8900,2225,890,0,0,0,12015,0,222.5,0,0,0,0,12015,Bank Transfer,SAR
PAY-006797,EMP-0439,2026-04,27-04-2026,6250,1563,625,0,12,468.75,8906.75,0,156.26,0,0,0,0,8906.75,Bank Transfer,SAR
PAY-006798,EMP-0440,2026-04,27-04-2026,6800,1700,680,0,25.5,1083.75,10263.75,0,170,0,0,0,0,10263.75,Bank Transfer,SAR
PAY-006799,EMP-0441,2026-04,27-04-2026,16850,4213,1200,0,0,0,22263,2053.64,2474.9,0,0,0,2053.64,20209.36,Bank Transfer,SAR
PAY-006800,EMP-0442,2026-04,27-04-2026,7800,1950,780,1600,13,633.75,12763.75,950.63,1145.63,0,0,0,950.63,11813.12,Bank Transfer,SAR
PAY-006801,EMP-0443,2026-04,27-04-2026,9850,2463,985,0,0,0,13298,0,246.26,0,1800,0,1800,11498,Bank Transfer,SAR
PAY-006802,EMP-0444,2026-04,27-04-2026,8500,2125,850,0,0,0,11475,1035.94,1248.44,0,1500,0,2535.94,8939.06,Bank Transfer,SAR
PAY-006803,EMP-0445,2026-04,27-04-2026,10900,2725,1090,0,0,0,14715,0,272.5,981,0,0,981,13734,Bank Transfer,SAR
PAY-006804,EMP-0446,2026-04,27-04-2026,11600,2900,1160,0,0,0,15660,1413.75,1703.75,0,0,0,1413.75,14246.25,Bank Transfer,SAR
PAY-006805,EMP-0448,2026-04,27-04-2026,12400,3100,1200,0,0,0,16700,1511.25,1821.25,0,0,0,1511.25,15188.75,Bank Transfer,SAR
PAY-006806,EMP-0449,2026-04,27-04-2026,6350,1588,635,0,0,0,8573,773.96,932.71,0,0,0,773.96,7799.04,Bank Transfer,SAR
PAY-006807,EMP-0451,2026-04,27-04-2026,26850,6713,1200,0,0,0,34763,0,671.26,0,0,0,0,34763,Bank Transfer,SAR
PAY-006808,EMP-0452,2026-04,27-04-2026,6500,1625,650,0,0,0,8775,792.19,954.69,0,1700,0,2492.19,6282.81,Bank Transfer,SAR
PAY-006809,EMP-0453,2026-04,27-04-2026,6300,1575,630,0,0,0,8505,767.81,925.31,0,0,0,767.81,7737.19,WPS Transfer,SAR
PAY-006810,EMP-0454,2026-04,27-04-2026,5300,1325,530,0,0,0,7155,645.94,778.44,0,0,0,645.94,6509.06,Bank Transfer,SAR
PAY-006811,EMP-0455,2026-04,27-04-2026,4800,1200,480,0,4.5,135,6615,0,120,0,0,0,0,6615,Bank Transfer,SAR
PAY-006812,EMP-0457,2026-04,27-04-2026,5050,1263,505,0,0,0,6818,615.52,741.78,0,0,0,615.52,6202.48,Bank Transfer,SAR
PAY-006813,EMP-0459,2026-04,27-04-2026,6400,1600,640,0,18,720,9360,780,940,0,0,0,780,8580,Bank Transfer,SAR
PAY-006814,EMP-0460,2026-04,27-04-2026,10050,2513,1005,0,9.5,596.72,14164.72,0,251.26,0,0,0,0,14164.72,Bank Transfer,SAR
PAY-006815,EMP-0461,2026-04,27-04-2026,4900,1225,490,0,11.5,352.19,6967.19,597.19,719.69,0,0,0,597.19,6370,Bank Transfer,SAR
PAY-006816,EMP-0463,2026-04,27-04-2026,5850,1463,585,0,0,0,7898,0,146.26,0,0,0,0,7898,Bank Transfer,SAR
PAY-006817,EMP-0464,2026-04,27-04-2026,5800,1450,580,0,0,0,7830,706.88,851.88,0,0,0,706.88,7123.12,Bank Transfer,SAR
PAY-006818,EMP-0465,2026-04,27-04-2026,11200,2800,1120,0,0,0,15120,0,280,0,500,0,500,14620,Bank Transfer,SAR
PAY-006819,EMP-0466,2026-04,27-04-2026,11900,2975,1190,0,22,1636.25,17701.25,0,297.5,0,0,0,0,17701.25,Bank Transfer,SAR
PAY-006820,EMP-0467,2026-04,27-04-2026,4650,1163,465,2350,0,0,8628,566.77,683.03,0,0,0,566.77,8061.23,Bank Transfer,SAR
PAY-006821,EMP-0468,2026-04,27-04-2026,11850,2963,1185,0,0,0,15998,0,296.26,0,0,510,510,15488,Bank Transfer,SAR
PAY-006822,EMP-0469,2026-04,27-04-2026,4600,1150,460,0,0,0,6210,0,115,0,0,0,0,6210,Bank Transfer,SAR
PAY-006823,EMP-0470,2026-04,27-04-2026,4600,1150,460,0,0,0,6210,0,115,0,0,0,0,6210,Bank Transfer,SAR
PAY-006824,EMP-0471,2026-04,27-04-2026,25000,6250,1200,1400,0,0,33850,3046.88,3671.88,0,0,0,3046.88,30803.12,Bank Transfer,SAR
PAY-006825,EMP-0472,2026-04,27-04-2026,8600,2150,860,0,0,0,11610,1048.13,1263.13,0,0,0,1048.13,10561.87,Bank Transfer,SAR
PAY-006826,EMP-0473,2026-04,27-04-2026,8150,2038,815,0,0,0,11003,993.33,1197.09,366.77,0,0,1360.1,9642.9,Bank Transfer,SAR
PAY-006827,EMP-0474,2026-04,27-04-2026,7700,1925,770,0,0,0,10395,938.44,1130.94,0,0,0,938.44,9456.56,Bank Transfer,SAR
PAY-006828,EMP-0475,2026-04,27-04-2026,12800,3200,1200,0,9.5,760,17960,0,320,0,0,0,0,17960,Bank Transfer,SAR
PAY-006829,EMP-0476,2026-04,27-04-2026,14600,3650,1200,0,0,0,19450,0,365,0,0,0,0,19450,WPS Transfer,SAR
PAY-006830,EMP-0477,2026-04,27-04-2026,13900,3475,1200,0,0,0,18575,0,347.5,0,2500,0,2500,16075,Bank Transfer,SAR
PAY-006831,EMP-0478,2026-04,27-04-2026,7500,1875,750,0,0,0,10125,914.06,1101.56,0,0,0,914.06,9210.94,Bank Transfer,SAR
PAY-006832,EMP-0479,2026-04,27-04-2026,12950,3238,1200,0,0,0,17388,1578.33,1902.09,0,0,0,1578.33,15809.67,Bank Transfer,SAR
PAY-006833,EMP-0480,2026-04,27-04-2026,14150,3538,1200,0,0,0,18888,0,353.76,0,0,0,0,18888,Bank Transfer,SAR
PAY-006834,EMP-0481,2026-04,27-04-2026,15500,3875,1200,0,21,2034.38,22609.38,0,387.5,1371.67,0,0,1371.67,21237.71,Bank Transfer,SAR
PAY-006835,EMP-0482,2026-04,27-04-2026,8400,2100,840,1050,2.5,131.25,12521.25,0,210,0,0,0,0,12521.25,Bank Transfer,SAR
PAY-006836,EMP-0483,2026-04,27-04-2026,8800,2200,880,1850,8.5,467.5,14197.5,1072.5,1292.5,0,0,0,1072.5,13125,WPS Transfer,SAR
PAY-006837,EMP-0484,2026-04,27-04-2026,10600,2650,1060,0,0,0,14310,1291.88,1556.88,477,0,0,1768.88,12541.12,Bank Transfer,SAR
PAY-006838,EMP-0485,2026-04,27-04-2026,10100,2525,1010,0,22.5,1420.31,15055.31,0,252.5,0,0,0,0,15055.31,Bank Transfer,SAR
PAY-006839,EMP-0487,2026-04,27-04-2026,10850,2713,1085,0,13.5,915.47,15563.47,1322.39,1593.65,0,0,0,1322.39,14241.08,Bank Transfer,SAR
PAY-006840,EMP-0488,2026-04,27-04-2026,10850,2713,1085,0,19.5,1322.34,15970.34,0,271.26,0,350,0,350,15620.34,Bank Transfer,SAR
PAY-006841,EMP-0489,2026-04,27-04-2026,11700,2925,1170,2450,22.5,1645.31,19890.31,0,292.5,1053,0,0,1053,18837.31,Bank Transfer,SAR
PAY-006842,EMP-0490,2026-04,27-04-2026,6250,1563,625,0,0,0,8438,0,156.26,0,0,0,0,8438,WPS Transfer,SAR
PAY-006843,EMP-0491,2026-04,27-04-2026,37150,9288,1200,0,0,0,47638,4527.71,5456.46,0,0,240,4767.71,42870.29,Bank Transfer,SAR
PAY-006844,EMP-0492,2026-04,27-04-2026,21700,5425,1200,0,0,0,28325,2644.69,3187.19,0,0,0,2644.69,25680.31,Bank Transfer,SAR
PAY-006845,EMP-0493,2026-04,27-04-2026,6300,1575,630,0,5,196.88,8701.88,0,157.5,0,400,0,400,8301.88,Bank Transfer,SAR
PAY-006846,EMP-0494,2026-04,27-04-2026,6500,1625,650,0,15,609.38,9384.38,792.19,954.69,0,0,0,792.19,8592.19,Bank Transfer,SAR
PAY-006847,EMP-0495,2026-04,27-04-2026,16800,4200,1200,0,4.5,472.5,22672.5,0,420,0,2050,0,2050,20622.5,Bank Transfer,SAR
PAY-006848,EMP-0497,2026-04,27-04-2026,8700,2175,870,0,0,0,11745,1060.31,1277.81,0,0,0,1060.31,10684.69,Bank Transfer,SAR
PAY-006849,EMP-0498,2026-04,27-04-2026,12050,3013,1200,2000,0,0,18263,0,301.26,0,0,230,230,18033,Bank Transfer,SAR
PAY-006850,EMP-0499,2026-04,27-04-2026,14750,3688,1200,0,22.5,2074.22,21712.22,1797.71,2166.46,654.6,0,0,2452.31,19259.91,Bank Transfer,SAR
PAY-006851,EMP-0500,2026-04,27-04-2026,22250,5563,1200,0,0,0,29013,0,556.26,0,1550,0,1550,27463,Bank Transfer,SAR
PAY-006852,EMP-0001,2026-05,27-05-2026,35400,8850,1200,1900,0,0,47350,4314.38,5199.38,0,950,0,5264.38,42085.62,Bank Transfer,SAR
PAY-006853,EMP-0002,2026-05,27-05-2026,4250,1063,425,0,0,0,5738,518.02,624.28,0,0,0,518.02,5219.98,Bank Transfer,SAR
PAY-006854,EMP-0003,2026-05,27-05-2026,8700,2175,870,0,0,0,11745,0,217.5,0,0,0,0,11745,Bank Transfer,SAR
PAY-006855,EMP-0004,2026-05,27-05-2026,3500,875,350,0,11,240.63,4965.63,426.56,514.06,0,0,0,426.56,4539.07,Bank Transfer,SAR
PAY-006856,EMP-0005,2026-05,27-05-2026,3450,863,345,0,12.5,269.53,4927.53,0,86.26,0,0,0,0,4927.53,Bank Transfer,SAR
PAY-006857,EMP-0006,2026-05,27-05-2026,3200,800,320,0,0,0,4320,390,470,0,2250,0,2640,1680,Bank Transfer,SAR
PAY-006858,EMP-0007,2026-05,27-05-2026,8450,2113,845,0,0,0,11408,0,211.26,0,0,0,0,11408,Bank Transfer,SAR
PAY-006859,EMP-0008,2026-05,27-05-2026,4650,1163,465,400,0,0,6678,566.77,683.03,0,0,0,566.77,6111.23,Bank Transfer,SAR
PAY-006860,EMP-0009,2026-05,27-05-2026,3800,950,380,700,0,0,5830,463.13,558.13,0,0,0,463.13,5366.87,Bank Transfer,SAR
PAY-006861,EMP-0010,2026-05,27-05-2026,29350,7338,1200,0,0,0,37888,3577.08,4310.84,0,0,0,3577.08,34310.92,Bank Transfer,SAR
PAY-006862,EMP-0011,2026-05,27-05-2026,4300,1075,430,0,0,0,5805,524.06,631.56,0,0,0,524.06,5280.94,Bank Transfer,SAR
PAY-006863,EMP-0012,2026-05,27-05-2026,4600,1150,460,0,0,0,6210,0,115,0,0,0,0,6210,Bank Transfer,SAR
PAY-006864,EMP-0013,2026-05,27-05-2026,27950,6988,1200,0,0,0,36138,0,698.76,0,400,0,400,35738,Bank Transfer,SAR
PAY-006865,EMP-0014,2026-05,27-05-2026,9500,2375,950,0,7.5,445.31,13270.31,1157.81,1395.31,0,750,0,1907.81,11362.5,Bank Transfer,SAR
PAY-006866,EMP-0015,2026-05,27-05-2026,8000,2000,800,0,0,0,10800,975,1175,0,0,170,1145,9655,Bank Transfer,SAR
PAY-006867,EMP-0016,2026-05,27-05-2026,8850,2213,885,0,13.5,746.72,12694.72,0,221.26,0,0,0,0,12694.72,Bank Transfer,SAR
PAY-006868,EMP-0017,2026-05,27-05-2026,6600,1650,660,0,4.5,185.63,9095.63,0,165,0,0,500,500,8595.63,Bank Transfer,SAR
PAY-006869,EMP-0018,2026-05,27-05-2026,3350,838,335,1200,15.5,324.53,6047.53,408.33,492.09,0,0,0,408.33,5639.2,Bank Transfer,SAR
PAY-006870,EMP-0019,2026-05,27-05-2026,4700,1175,470,0,16.5,484.69,6829.69,572.81,690.31,0,0,0,572.81,6256.88,Bank Transfer,SAR
PAY-006871,EMP-0020,2026-05,27-05-2026,11450,2863,1145,0,0,0,15458,0,286.26,0,0,0,0,15458,Bank Transfer,SAR
PAY-006872,EMP-0021,2026-05,27-05-2026,8800,2200,880,0,10.5,577.5,12457.5,1072.5,1292.5,0,0,0,1072.5,11385,Bank Transfer,SAR
PAY-006873,EMP-0022,2026-05,27-05-2026,11500,2875,1150,0,0,0,15525,1401.56,1689.06,0,2200,0,3601.56,11923.44,Bank Transfer,SAR
PAY-006874,EMP-0023,2026-05,27-05-2026,3400,850,340,0,0,0,4590,0,85,0,0,0,0,4590,Bank Transfer,SAR
PAY-006875,EMP-0024,2026-05,27-05-2026,23700,5925,1200,0,0,0,30825,2888.44,3480.94,0,0,0,2888.44,27936.56,Bank Transfer,SAR
PAY-006876,EMP-0025,2026-05,27-05-2026,6000,1500,600,0,9,337.5,8437.5,0,150,0,500,0,500,7937.5,Bank Transfer,SAR
PAY-006877,EMP-0026,2026-05,27-05-2026,3300,825,330,0,0,0,4455,402.19,484.69,0,0,0,402.19,4052.81,Bank Transfer,SAR
PAY-006878,EMP-0027,2026-05,27-05-2026,3350,838,335,0,0,0,4523,0,83.76,0,0,0,0,4523,Bank Transfer,SAR
PAY-006879,EMP-0028,2026-05,27-05-2026,9000,2250,900,2300,0,0,14450,0,225,405,0,0,405,14045,Bank Transfer,SAR
PAY-006880,EMP-0029,2026-05,27-05-2026,3550,888,355,300,0,0,5093,432.71,521.46,0,0,0,432.71,4660.29,Bank Transfer,SAR
PAY-006881,EMP-0030,2026-05,27-05-2026,4550,1138,455,0,7.5,213.28,6356.28,554.58,668.34,0,0,0,554.58,5801.7,Bank Transfer,SAR
PAY-006882,EMP-0031,2026-05,27-05-2026,3800,950,380,0,11.5,273.13,5403.13,463.13,558.13,0,0,0,463.13,4940,Bank Transfer,SAR
PAY-006883,EMP-0032,2026-05,27-05-2026,12650,3163,1200,0,0,0,17013,0,316.26,0,0,0,0,17013,Bank Transfer,SAR
PAY-006884,EMP-0033,2026-05,27-05-2026,11750,2938,1175,0,11,807.81,16670.81,0,293.76,0,0,0,0,16670.81,Bank Transfer,SAR
PAY-006885,EMP-0034,2026-05,27-05-2026,11650,2913,1165,0,9,655.31,16383.31,0,291.26,0,0,0,0,16383.31,WPS Transfer,SAR
PAY-006886,EMP-0035,2026-05,27-05-2026,7300,1825,730,200,12.5,570.31,10625.31,0,182.5,0,0,0,0,10625.31,Bank Transfer,SAR
PAY-006887,EMP-0036,2026-05,27-05-2026,6950,1738,695,0,0,0,9383,847.08,1020.84,0,0,0,847.08,8535.92,Bank Transfer,SAR
PAY-006888,EMP-0037,2026-05,27-05-2026,3550,888,355,0,0,0,4793,0,88.76,0,0,0,0,4793,Bank Transfer,SAR
PAY-006889,EMP-0038,2026-05,27-05-2026,4400,1100,440,0,0,0,5940,0,110,198,0,0,198,5742,Bank Transfer,SAR
PAY-006890,EMP-0039,2026-05,27-05-2026,7100,1775,710,0,15.5,687.81,10272.81,865.31,1042.81,0,0,0,865.31,9407.5,Bank Transfer,SAR
PAY-006891,EMP-0040,2026-05,27-05-2026,30000,7500,1200,0,0,0,38700,0,750,0,0,0,0,38700,Bank Transfer,SAR
PAY-006892,EMP-0041,2026-05,27-05-2026,9050,2263,905,0,15,848.44,13066.44,1103.02,1329.28,0,0,0,1103.02,11963.42,Bank Transfer,SAR
PAY-006893,EMP-0042,2026-05,27-05-2026,4550,1138,455,0,0,0,6143,0,113.76,0,0,0,0,6143,Bank Transfer,SAR
PAY-006894,EMP-0043,2026-05,27-05-2026,4450,1113,445,0,0,0,6008,0,111.26,0,0,0,0,6008,Bank Transfer,SAR
PAY-006895,EMP-0044,2026-05,27-05-2026,7600,1900,760,2000,0,0,12260,0,190,0,0,0,0,12260,Bank Transfer,SAR
PAY-006896,EMP-0045,2026-05,27-05-2026,6100,1525,610,0,0,0,8235,0,152.5,274.5,0,0,274.5,7960.5,Bank Transfer,SAR
PAY-006897,EMP-0046,2026-05,27-05-2026,3450,863,345,0,18,388.13,5046.13,0,86.26,0,0,0,0,5046.13,Bank Transfer,SAR
PAY-006898,EMP-0047,2026-05,27-05-2026,8350,2088,835,0,15,782.81,12055.81,1017.71,1226.46,0,0,0,1017.71,11038.1,Bank Transfer,SAR
PAY-006899,EMP-0048,2026-05,27-05-2026,21750,5438,1200,450,0,0,28838,2650.83,3194.59,0,0,0,2650.83,26187.17,Bank Transfer,SAR
PAY-006900,EMP-0049,2026-05,27-05-2026,4100,1025,410,0,0,0,5535,499.69,602.19,0,0,0,499.69,5035.31,Bank Transfer,SAR
PAY-006901,EMP-0050,2026-05,27-05-2026,3250,813,325,0,7.5,152.34,4540.34,0,81.26,0,1650,0,1650,2890.34,Bank Transfer,SAR
PAY-006902,EMP-0051,2026-05,27-05-2026,7700,1925,770,0,0,0,10395,0,192.5,0,0,0,0,10395,Bank Transfer,SAR
PAY-006903,EMP-0052,2026-05,27-05-2026,4700,1175,470,0,0,0,6345,572.81,690.31,0,0,0,572.81,5772.19,Bank Transfer,SAR
PAY-006904,EMP-0053,2026-05,27-05-2026,4100,1025,410,2150,10,256.25,7941.25,499.69,602.19,0,0,0,499.69,7441.56,Bank Transfer,SAR
PAY-006905,EMP-0054,2026-05,27-05-2026,11950,2988,1195,0,14,1045.63,17178.63,0,298.76,0,0,0,0,17178.63,Bank Transfer,SAR
PAY-006906,EMP-0055,2026-05,27-05-2026,4250,1063,425,0,0,0,5738,0,106.26,0,0,0,0,5738,Bank Transfer,SAR
PAY-006907,EMP-0057,2026-05,27-05-2026,4550,1138,455,0,0,0,6143,554.58,668.34,0,0,0,554.58,5588.42,Bank Transfer,SAR
PAY-006908,EMP-0058,2026-05,27-05-2026,3850,963,385,0,0,0,5198,0,96.26,0,0,0,0,5198,Bank Transfer,SAR
PAY-006909,EMP-0059,2026-05,27-05-2026,9300,2325,930,0,14.5,842.81,13397.81,0,232.5,0,0,0,0,13397.81,Bank Transfer,SAR
PAY-006910,EMP-0060,2026-05,27-05-2026,4500,1125,450,0,0,0,6075,548.44,660.94,0,0,0,548.44,5526.56,Bank Transfer,SAR
PAY-006911,EMP-0062,2026-05,27-05-2026,4050,1013,405,0,0,0,5468,0,101.26,0,0,0,0,5468,Bank Transfer,SAR
PAY-006912,EMP-0063,2026-05,27-05-2026,8050,2013,805,1150,0,0,12018,981.14,1182.4,0,0,500,1481.14,10536.86,Bank Transfer,SAR
PAY-006913,EMP-0064,2026-05,27-05-2026,4600,1150,460,0,21.5,618.13,6828.13,0,115,0,0,0,0,6828.13,Bank Transfer,SAR
PAY-006914,EMP-0065,2026-05,27-05-2026,28650,7163,1200,2250,0,0,39263,0,716.26,3701.3,0,0,3701.3,35561.7,Bank Transfer,SAR
PAY-006915,EMP-0066,2026-05,27-05-2026,3950,988,395,600,6.5,160.47,6093.47,0,98.76,0,0,0,0,6093.47,Bank Transfer,SAR
PAY-006916,EMP-0067,2026-05,27-05-2026,3450,863,345,0,20.5,442.03,5100.03,420.52,506.78,0,0,0,420.52,4679.51,Bank Transfer,SAR
PAY-006917,EMP-0068,2026-05,27-05-2026,3750,938,375,0,0,0,5063,0,93.76,0,0,0,0,5063,Bank Transfer,SAR
PAY-006918,EMP-0069,2026-05,27-05-2026,25850,6463,1200,0,0,0,33513,0,646.26,0,0,0,0,33513,Bank Transfer,SAR
PAY-006919,EMP-0070,2026-05,27-05-2026,3700,925,370,900,16.5,381.56,6276.56,0,92.5,0,0,0,0,6276.56,Bank Transfer,SAR
PAY-006920,EMP-0071,2026-05,27-05-2026,7100,1775,710,1250,19.5,865.31,11700.31,0,177.5,0,0,0,0,11700.31,Bank Transfer,SAR
PAY-006921,EMP-0072,2026-05,27-05-2026,4450,1113,445,0,7.5,208.59,6216.59,0,111.26,0,0,0,0,6216.59,Bank Transfer,SAR
PAY-006922,EMP-0073,2026-05,27-05-2026,27600,6900,1200,0,0,0,35700,3363.75,4053.75,0,0,0,3363.75,32336.25,Bank Transfer,SAR
PAY-006923,EMP-0074,2026-05,27-05-2026,3300,825,330,0,4,82.5,4537.5,402.19,484.69,0,0,0,402.19,4135.31,Bank Transfer,SAR
PAY-006924,EMP-0075,2026-05,27-05-2026,6600,1650,660,0,0,0,8910,0,165,0,0,0,0,8910,Bank Transfer,SAR
PAY-006925,EMP-0076,2026-05,27-05-2026,4400,1100,440,2450,0,0,8390,0,110,0,0,0,0,8390,Bank Transfer,SAR
PAY-006926,EMP-0077,2026-05,27-05-2026,4600,1150,460,0,6.5,186.88,6396.88,0,115,0,0,0,0,6396.88,Bank Transfer,SAR
PAY-006927,EMP-0078,2026-05,27-05-2026,11100,2775,1110,2100,0,0,17085,0,277.5,0,0,0,0,17085,Bank Transfer,SAR
PAY-006928,EMP-0079,2026-05,27-05-2026,6450,1613,645,2150,20,806.25,11664.25,786.14,947.4,290.27,0,0,1076.41,10587.84,Bank Transfer,SAR
PAY-006929,EMP-0080,2026-05,27-05-2026,3200,800,320,0,15,300,4620,0,80,0,1100,0,1100,3520,Bank Transfer,SAR
PAY-006930,EMP-0081,2026-05,27-05-2026,8250,2063,825,0,0,0,11138,0,206.26,0,0,0,0,11138,Bank Transfer,SAR
PAY-006931,EMP-0083,2026-05,27-05-2026,10200,2550,1020,0,0,0,13770,0,255,918,0,0,918,12852,Bank Transfer,SAR
PAY-006932,EMP-0084,2026-05,27-05-2026,12750,3188,1200,0,24.5,1952.34,19090.34,0,318.76,0,0,0,0,19090.34,Bank Transfer,SAR
PAY-006933,EMP-0086,2026-05,27-05-2026,3550,888,355,0,8.5,188.59,4981.59,0,88.76,0,0,0,0,4981.59,Bank Transfer,SAR
PAY-006934,EMP-0087,2026-05,27-05-2026,25550,6388,1200,2450,0,0,35588,3113.96,3752.71,0,0,0,3113.96,32474.04,Bank Transfer,SAR
PAY-006935,EMP-0088,2026-05,27-05-2026,23950,5988,1200,0,0,0,31138,2918.96,3517.71,0,0,0,2918.96,28219.04,Bank Transfer,SAR
PAY-006936,EMP-0089,2026-05,27-05-2026,20900,5225,1200,2300,0,0,29625,0,522.5,910.83,0,0,910.83,28714.17,Bank Transfer,SAR
PAY-006937,EMP-0090,2026-05,27-05-2026,8000,2000,800,0,4.5,225,11025,975,1175,720,0,0,1695,9330,Bank Transfer,SAR
PAY-006938,EMP-0091,2026-05,27-05-2026,34650,8663,1200,0,0,0,44513,4223.02,5089.28,0,0,0,4223.02,40289.98,Bank Transfer,SAR
PAY-006939,EMP-0092,2026-05,27-05-2026,4550,1138,455,0,0,0,6143,554.58,668.34,409.53,0,0,964.11,5178.89,Bank Transfer,SAR
PAY-006940,EMP-0093,2026-05,27-05-2026,4900,1225,490,0,23,704.38,7319.38,0,122.5,0,0,0,0,7319.38,Bank Transfer,SAR
PAY-006941,EMP-0094,2026-05,27-05-2026,20650,5163,1200,0,11.5,1484.22,28497.22,2516.77,3033.03,900.43,0,0,3417.2,25080.02,WPS Transfer,SAR
PAY-006942,EMP-0095,2026-05,27-05-2026,18600,4650,1200,0,0,0,24450,0,465,815,0,0,815,23635,Bank Transfer,SAR
PAY-006943,EMP-0096,2026-05,27-05-2026,12100,3025,1200,0,18.5,1399.06,17724.06,1474.69,1777.19,0,0,0,1474.69,16249.37,Bank Transfer,SAR
PAY-006944,EMP-0097,2026-05,27-05-2026,5050,1263,505,0,0,0,6818,0,126.26,0,0,0,0,6818,Bank Transfer,SAR
PAY-006945,EMP-0098,2026-05,27-05-2026,6350,1588,635,0,0,0,8573,0,158.76,0,0,0,0,8573,Bank Transfer,SAR
PAY-006946,EMP-0099,2026-05,27-05-2026,11850,2963,1185,2450,23,1703.44,20151.44,1444.27,1740.53,0,450,0,1894.27,18257.17,Bank Transfer,SAR
PAY-006947,EMP-0100,2026-05,27-05-2026,12900,3225,1200,0,0,0,17325,0,322.5,577.5,0,0,577.5,16747.5,Bank Transfer,SAR
PAY-006948,EMP-0102,2026-05,27-05-2026,4650,1163,465,0,17,494.06,6772.06,566.77,683.03,0,0,0,566.77,6205.29,WPS Transfer,SAR
PAY-006949,EMP-0103,2026-05,27-05-2026,5350,1338,535,0,0,0,7223,0,133.76,0,1550,0,1550,5673,Bank Transfer,SAR
PAY-006950,EMP-0104,2026-05,27-05-2026,6350,1588,635,0,20.5,813.59,9386.59,773.96,932.71,0,0,0,773.96,8612.63,Bank Transfer,SAR
PAY-006951,EMP-0105,2026-05,27-05-2026,21650,5413,1200,0,0,0,28263,2638.64,3179.9,0,0,0,2638.64,25624.36,Bank Transfer,SAR
PAY-006952,EMP-0106,2026-05,27-05-2026,24950,6238,1200,0,0,0,32388,3040.83,3664.59,0,1050,0,4090.83,28297.17,Bank Transfer,SAR
PAY-006953,EMP-0107,2026-05,27-05-2026,26350,6588,1200,1800,0,0,35938,3211.46,3870.21,0,0,0,3211.46,32726.54,Bank Transfer,SAR
PAY-006954,EMP-0108,2026-05,27-05-2026,6050,1513,605,0,0,0,8168,0,151.26,0,0,0,0,8168,Bank Transfer,SAR
PAY-006955,EMP-0109,2026-05,27-05-2026,10900,2725,1090,1250,6,408.75,16373.75,0,272.5,0,0,0,0,16373.75,Bank Transfer,SAR
PAY-006956,EMP-0110,2026-05,27-05-2026,6100,1525,610,0,0,0,8235,743.44,895.94,0,0,0,743.44,7491.56,Bank Transfer,SAR
PAY-006957,EMP-0111,2026-05,27-05-2026,11050,2763,1105,300,18,1243.13,16461.13,1346.77,1623.03,0,0,0,1346.77,15114.36,Bank Transfer,SAR
PAY-006958,EMP-0112,2026-05,27-05-2026,17550,4388,1200,0,3,329.06,23467.06,0,438.76,0,0,0,0,23467.06,Bank Transfer,SAR
PAY-006959,EMP-0113,2026-05,27-05-2026,12550,3138,1200,0,17.5,1372.66,18260.66,1529.58,1843.34,0,0,0,1529.58,16731.08,Bank Transfer,SAR
PAY-006960,EMP-0115,2026-05,27-05-2026,5200,1300,520,0,0,0,7020,0,130,0,0,320,320,6700,Bank Transfer,SAR
PAY-006961,EMP-0116,2026-05,27-05-2026,4550,1138,455,0,0,0,6143,0,113.76,0,0,0,0,6143,Bank Transfer,SAR
PAY-006962,EMP-0117,2026-05,27-05-2026,22450,5613,1200,1750,0,0,31013,2736.14,3297.4,1950.87,0,0,4687.01,26325.99,Bank Transfer,SAR
PAY-006963,EMP-0118,2026-05,27-05-2026,18200,4550,1200,0,0,0,23950,2218.13,2673.13,0,0,0,2218.13,21731.87,Bank Transfer,SAR
PAY-006964,EMP-0119,2026-05,27-05-2026,5300,1325,530,0,0,0,7155,0,132.5,238.5,0,110,348.5,6806.5,Bank Transfer,SAR
PAY-006965,EMP-0120,2026-05,27-05-2026,12250,3063,1200,0,6.5,497.66,17010.66,1493.02,1799.28,0,0,0,1493.02,15517.64,Bank Transfer,SAR
PAY-006966,EMP-0121,2026-05,27-05-2026,4700,1175,470,0,24,705,7050,0,117.5,0,0,0,0,7050,Bank Transfer,SAR
PAY-006967,EMP-0122,2026-05,27-05-2026,5250,1313,525,0,24,787.5,7875.5,0,131.26,0,0,0,0,7875.5,Bank Transfer,SAR
PAY-006968,EMP-0123,2026-05,27-05-2026,5450,1363,545,0,0,0,7358,664.27,800.53,0,0,0,664.27,6693.73,Bank Transfer,SAR
PAY-006969,EMP-0124,2026-05,27-05-2026,28200,7050,1200,1500,0,0,37950,3436.88,4141.88,1215,0,0,4651.88,33298.12,Bank Transfer,SAR
PAY-006970,EMP-0125,2026-05,27-05-2026,16650,4163,1200,0,7,728.44,22741.44,2029.27,2445.53,0,0,0,2029.27,20712.17,WPS Transfer,SAR
PAY-006971,EMP-0126,2026-05,27-05-2026,6100,1525,610,0,2.5,95.31,8330.31,0,152.5,0,0,0,0,8330.31,Bank Transfer,SAR
PAY-006972,EMP-0127,2026-05,27-05-2026,9350,2338,935,0,0,0,12623,0,233.76,0,0,0,0,12623,Cheque,SAR
PAY-006973,EMP-0128,2026-05,27-05-2026,21750,5438,1200,2150,0,0,30538,2650.83,3194.59,1892.53,0,0,4543.36,25994.64,Bank Transfer,SAR
PAY-006974,EMP-0129,2026-05,27-05-2026,4850,1213,485,0,0,0,6548,591.14,712.4,0,0,0,591.14,5956.86,WPS Transfer,SAR
PAY-006975,EMP-0130,2026-05,27-05-2026,6350,1588,635,0,18.5,734.22,9307.22,0,158.76,0,0,0,0,9307.22,Bank Transfer,SAR
PAY-006976,EMP-0131,2026-05,27-05-2026,20750,5188,1200,0,0,0,27138,0,518.76,1809.2,0,0,1809.2,25328.8,Bank Transfer,SAR
PAY-006977,EMP-0132,2026-05,27-05-2026,5400,1350,540,0,0,0,7290,658.13,793.13,0,0,0,658.13,6631.87,Bank Transfer,SAR
PAY-006978,EMP-0133,2026-05,27-05-2026,11850,2963,1185,0,22.5,1666.41,17664.41,0,296.26,0,0,0,0,17664.41,Bank Transfer,SAR
PAY-006979,EMP-0134,2026-05,27-05-2026,4750,1188,475,0,12,356.25,6769.25,0,118.76,0,0,0,0,6769.25,Bank Transfer,SAR
PAY-006980,EMP-0135,2026-05,27-05-2026,5700,1425,570,1700,4.5,160.31,9555.31,0,142.5,0,0,0,0,9555.31,Bank Transfer,SAR
PAY-006981,EMP-0136,2026-05,27-05-2026,4850,1213,485,0,0,0,6548,0,121.26,0,1300,0,1300,5248,Bank Transfer,SAR
PAY-006982,EMP-0137,2026-05,27-05-2026,20100,5025,1200,0,0,0,26325,0,502.5,0,1100,0,1100,25225,Bank Transfer,SAR
PAY-006983,EMP-0138,2026-05,27-05-2026,17050,4263,1200,2300,0,0,24813,0,426.26,0,0,0,0,24813,Bank Transfer,SAR
PAY-006984,EMP-0140,2026-05,27-05-2026,10050,2513,1005,0,25.5,1601.72,15169.72,0,251.26,0,0,0,0,15169.72,Bank Transfer,SAR
PAY-006985,EMP-0141,2026-05,27-05-2026,6000,1500,600,0,0,0,8100,731.25,881.25,0,0,0,731.25,7368.75,Bank Transfer,SAR
PAY-006986,EMP-0142,2026-05,27-05-2026,4900,1225,490,0,21.5,658.44,7273.44,597.19,719.69,441,0,0,1038.19,6235.25,Bank Transfer,SAR
PAY-006987,EMP-0143,2026-05,27-05-2026,5350,1338,535,0,16,535,7758,0,133.76,0,0,0,0,7758,Bank Transfer,SAR
PAY-006988,EMP-0144,2026-05,27-05-2026,11200,2800,1120,0,0,0,15120,0,280,0,0,0,0,15120,Bank Transfer,SAR
PAY-006989,EMP-0145,2026-05,27-05-2026,5000,1250,500,1650,0,0,8400,0,125,0,0,0,0,8400,Bank Transfer,SAR
PAY-006990,EMP-0146,2026-05,27-05-2026,17050,4263,1200,0,4,426.25,22939.25,2078.02,2504.28,1500.87,0,0,3578.89,19360.36,Bank Transfer,SAR
PAY-006991,EMP-0147,2026-05,27-05-2026,4850,1213,485,0,14,424.38,6972.38,591.14,712.4,0,0,0,591.14,6381.24,Bank Transfer,SAR
PAY-006992,EMP-0149,2026-05,27-05-2026,20200,5050,1200,450,0,0,26900,2461.88,2966.88,0,0,0,2461.88,24438.12,Bank Transfer,SAR
PAY-006993,EMP-0150,2026-05,27-05-2026,17050,4263,1200,0,2.5,266.41,22779.41,2078.02,2504.28,0,0,0,2078.02,20701.39,Bank Transfer,SAR
PAY-006994,EMP-0151,2026-05,27-05-2026,16150,4038,1200,1650,6,605.63,23643.63,1968.33,2372.09,0,0,0,1968.33,21675.3,Bank Transfer,SAR
PAY-006995,EMP-0152,2026-05,27-05-2026,21350,5338,1200,0,22.5,3002.34,30890.34,0,533.76,0,0,0,0,30890.34,Bank Transfer,SAR
PAY-006996,EMP-0153,2026-05,27-05-2026,12500,3125,1200,1050,0,0,17875,1523.44,1835.94,0,0,0,1523.44,16351.56,Bank Transfer,SAR
PAY-006997,EMP-0154,2026-05,27-05-2026,6300,1575,630,0,0,0,8505,767.81,925.31,0,0,0,767.81,7737.19,Bank Transfer,SAR
PAY-006998,EMP-0155,2026-05,27-05-2026,28050,7013,1200,0,0,0,36263,0,701.26,0,0,0,0,36263,Bank Transfer,SAR
PAY-006999,EMP-0156,2026-05,27-05-2026,20850,5213,1200,0,0,0,27263,0,521.26,908.77,0,0,908.77,26354.23,Bank Transfer,SAR
PAY-007000,EMP-0157,2026-05,27-05-2026,11300,2825,1130,0,14.5,1024.06,16279.06,0,282.5,0,0,0,0,16279.06,Bank Transfer,SAR
PAY-007001,EMP-0158,2026-05,27-05-2026,4550,1138,455,0,5.5,156.41,6299.41,0,113.76,0,0,0,0,6299.41,Bank Transfer,SAR
PAY-007002,EMP-0159,2026-05,27-05-2026,4650,1163,465,0,0,0,6278,566.77,683.03,0,0,0,566.77,5711.23,Bank Transfer,SAR
PAY-007003,EMP-0160,2026-05,27-05-2026,6000,1500,600,0,0,0,8100,731.25,881.25,0,2150,0,2881.25,5218.75,Bank Transfer,SAR
PAY-007004,EMP-0161,2026-05,27-05-2026,25100,6275,1200,0,0,0,32575,3059.06,3686.56,0,0,0,3059.06,29515.94,Bank Transfer,SAR
PAY-007005,EMP-0162,2026-05,27-05-2026,10350,2588,1035,0,0,0,13973,0,258.76,0,0,240,240,13733,Bank Transfer,SAR
PAY-007006,EMP-0163,2026-05,27-05-2026,3850,963,385,950,10,240.63,6388.63,469.27,565.53,0,0,0,469.27,5919.36,Bank Transfer,SAR
PAY-007007,EMP-0164,2026-05,27-05-2026,6250,1563,625,0,0,0,8438,761.77,918.03,0,2450,0,3211.77,5226.23,Bank Transfer,SAR
PAY-007008,EMP-0165,2026-05,27-05-2026,4500,1125,450,0,0,0,6075,0,112.5,0,500,0,500,5575,Bank Transfer,SAR
PAY-007009,EMP-0166,2026-05,27-05-2026,7450,1863,745,0,4.5,209.53,10267.53,908.02,1094.28,670.53,0,0,1578.55,8688.98,Bank Transfer,SAR
PAY-007010,EMP-0167,2026-05,27-05-2026,3450,863,345,1300,0,0,5958,420.52,506.78,0,1100,0,1520.52,4437.48,Bank Transfer,SAR
PAY-007011,EMP-0168,2026-05,27-05-2026,11900,2975,1190,0,0,0,16065,0,297.5,1071,0,350,1421,14644,Bank Transfer,SAR
PAY-007012,EMP-0169,2026-05,27-05-2026,3250,813,325,0,12,243.75,4631.75,0,81.26,0,0,0,0,4631.75,Bank Transfer,SAR
PAY-007013,EMP-0170,2026-05,27-05-2026,7550,1888,755,0,20,943.75,11136.75,920.21,1108.96,0,0,0,920.21,10216.54,Bank Transfer,SAR
PAY-007014,EMP-0171,2026-05,27-05-2026,8550,2138,855,0,3.5,187.03,11730.03,0,213.76,0,0,0,0,11730.03,Bank Transfer,SAR
PAY-007015,EMP-0172,2026-05,27-05-2026,7650,1913,765,0,0,0,10328,932.39,1123.65,0,0,0,932.39,9395.61,Bank Transfer,SAR
PAY-007016,EMP-0173,2026-05,27-05-2026,8850,2213,885,400,18.5,1023.28,13371.28,0,221.26,0,0,0,0,13371.28,Bank Transfer,SAR
PAY-007017,EMP-0174,2026-05,27-05-2026,6300,1575,630,0,0,0,8505,767.81,925.31,567,0,0,1334.81,7170.19,Bank Transfer,SAR
PAY-007018,EMP-0175,2026-05,27-05-2026,4500,1125,450,0,0,0,6075,548.44,660.94,0,0,0,548.44,5526.56,Bank Transfer,SAR
PAY-007019,EMP-0176,2026-05,27-05-2026,6100,1525,610,0,18,686.25,8921.25,743.44,895.94,0,0,0,743.44,8177.81,Bank Transfer,SAR
PAY-007020,EMP-0177,2026-05,27-05-2026,4400,1100,440,0,23.5,646.25,6586.25,0,110,0,0,0,0,6586.25,Bank Transfer,SAR
PAY-007021,EMP-0178,2026-05,27-05-2026,4600,1150,460,0,0,0,6210,560.63,675.63,0,0,0,560.63,5649.37,Bank Transfer,SAR
PAY-007022,EMP-0180,2026-05,27-05-2026,4600,1150,460,0,2.5,71.88,6281.88,0,115,0,0,0,0,6281.88,Bank Transfer,SAR
PAY-007023,EMP-0181,2026-05,27-05-2026,6450,1613,645,0,0,0,8708,786.14,947.4,0,950,80,1816.14,6891.86,Bank Transfer,SAR
PAY-007024,EMP-0182,2026-05,27-05-2026,7450,1863,745,0,4,186.25,10244.25,0,186.26,0,0,0,0,10244.25,Bank Transfer,SAR
PAY-007025,EMP-0183,2026-05,27-05-2026,4700,1175,470,0,0,0,6345,572.81,690.31,0,0,0,572.81,5772.19,Bank Transfer,SAR
PAY-007026,EMP-0184,2026-05,27-05-2026,8900,2225,890,0,0,0,12015,0,222.5,0,0,0,0,12015,Bank Transfer,SAR
PAY-007027,EMP-0185,2026-05,27-05-2026,7000,1750,700,0,12.5,546.88,9996.88,853.13,1028.13,0,0,300,1153.13,8843.75,Bank Transfer,SAR
PAY-007028,EMP-0186,2026-05,27-05-2026,3250,813,325,0,0,0,4388,396.14,477.4,292.53,0,0,688.67,3699.33,Bank Transfer,SAR
PAY-007029,EMP-0187,2026-05,27-05-2026,7150,1788,715,1900,7,312.81,11865.81,0,178.76,0,0,0,0,11865.81,Bank Transfer,SAR
PAY-007030,EMP-0188,2026-05,27-05-2026,8550,2138,855,0,0,0,11543,1042.08,1255.84,0,0,0,1042.08,10500.92,Bank Transfer,SAR
PAY-007031,EMP-0189,2026-05,27-05-2026,3450,863,345,0,0,0,4658,0,86.26,0,0,0,0,4658,Bank Transfer,SAR
PAY-007032,EMP-0190,2026-05,27-05-2026,4750,1188,475,0,0,0,6413,0,118.76,213.77,0,0,213.77,6199.23,Bank Transfer,SAR
PAY-007033,EMP-0191,2026-05,27-05-2026,3800,950,380,0,23.5,558.13,5688.13,0,95,513,0,0,513,5175.13,Bank Transfer,SAR
PAY-007034,EMP-0192,2026-05,27-05-2026,3750,938,375,0,0,0,5063,0,93.76,0,0,0,0,5063,Bank Transfer,SAR
PAY-007035,EMP-0193,2026-05,27-05-2026,3650,913,365,0,7,159.69,5087.69,0,91.26,0,0,0,0,5087.69,Bank Transfer,SAR
PAY-007036,EMP-0194,2026-05,27-05-2026,4750,1188,475,0,0,0,6413,0,118.76,0,0,0,0,6413,WPS Transfer,SAR
PAY-007037,EMP-0195,2026-05,27-05-2026,6150,1538,615,0,25,960.94,9263.94,0,153.76,0,0,220,220,9043.94,Bank Transfer,SAR
PAY-007038,EMP-0196,2026-05,27-05-2026,8550,2138,855,0,0,0,11543,0,213.76,0,0,0,0,11543,Bank Transfer,SAR
PAY-007039,EMP-0197,2026-05,27-05-2026,12000,3000,1200,0,23.5,1762.5,17962.5,0,300,0,0,0,0,17962.5,Bank Transfer,SAR
PAY-007040,EMP-0198,2026-05,27-05-2026,3400,850,340,0,0,0,4590,0,85,0,800,0,800,3790,Bank Transfer,SAR
PAY-007041,EMP-0199,2026-05,27-05-2026,7700,1925,770,1900,5.5,264.69,12559.69,0,192.5,0,0,0,0,12559.69,Bank Transfer,SAR
PAY-007042,EMP-0200,2026-05,27-05-2026,11500,2875,1150,0,0,0,15525,0,287.5,0,0,0,0,15525,WPS Transfer,SAR
PAY-007043,EMP-0201,2026-05,27-05-2026,3700,925,370,0,0,0,4995,0,92.5,333,0,0,333,4662,Bank Transfer,SAR
PAY-007044,EMP-0202,2026-05,27-05-2026,8800,2200,880,0,0,0,11880,1072.5,1292.5,0,0,0,1072.5,10807.5,Bank Transfer,SAR
PAY-007045,EMP-0203,2026-05,27-05-2026,4150,1038,415,0,10.5,272.34,5875.34,505.83,609.59,186.77,0,0,692.6,5182.74,Bank Transfer,SAR
PAY-007046,EMP-0205,2026-05,27-05-2026,4450,1113,445,0,0,0,6008,542.39,653.65,0,0,200,742.39,5265.61,Bank Transfer,SAR
PAY-007047,EMP-0206,2026-05,27-05-2026,4350,1088,435,0,25,679.69,6552.69,0,108.76,0,2300,410,2710,3842.69,Bank Transfer,SAR
PAY-007048,EMP-0207,2026-05,27-05-2026,4450,1113,445,0,21,584.06,6592.06,0,111.26,200.27,0,470,670.27,5921.79,Bank Transfer,SAR
PAY-007049,EMP-0208,2026-05,27-05-2026,4300,1075,430,1100,9.5,255.31,7160.31,0,107.5,0,0,0,0,7160.31,Bank Transfer,SAR
PAY-007050,EMP-0209,2026-05,27-05-2026,3500,875,350,0,5.5,120.31,4845.31,0,87.5,0,0,0,0,4845.31,WPS Transfer,SAR
PAY-007051,EMP-0210,2026-05,27-05-2026,6850,1713,685,0,13,556.56,9804.56,834.89,1006.15,0,0,0,834.89,8969.67,Bank Transfer,SAR
PAY-007052,EMP-0211,2026-05,27-05-2026,4450,1113,445,1300,0,0,7308,0,111.26,0,0,0,0,7308,Bank Transfer,SAR
PAY-007053,EMP-0212,2026-05,27-05-2026,8700,2175,870,0,8,435,12180,1060.31,1277.81,0,0,0,1060.31,11119.69,Bank Transfer,SAR
PAY-007054,EMP-0213,2026-05,27-05-2026,3650,913,365,0,0,0,4928,444.89,536.15,0,0,140,584.89,4343.11,Bank Transfer,SAR
PAY-007055,EMP-0214,2026-05,27-05-2026,3250,813,325,0,0,0,4388,396.14,477.4,585.07,950,0,1931.21,2456.79,Bank Transfer,SAR
PAY-007056,EMP-0215,2026-05,27-05-2026,3300,825,330,250,0,0,4705,0,82.5,148.5,0,0,148.5,4556.5,Bank Transfer,SAR
PAY-007057,EMP-0216,2026-05,27-05-2026,7650,1913,765,300,0,0,10628,932.39,1123.65,0,0,120,1052.39,9575.61,Bank Transfer,SAR
PAY-007058,EMP-0217,2026-05,27-05-2026,3450,863,345,0,20,431.25,5089.25,0,86.26,0,0,0,0,5089.25,Bank Transfer,SAR
PAY-007059,EMP-0218,2026-05,27-05-2026,4200,1050,420,0,0,0,5670,0,105,0,0,0,0,5670,Bank Transfer,SAR
PAY-007060,EMP-0219,2026-05,27-05-2026,3500,875,350,0,0,0,4725,426.56,514.06,0,0,0,426.56,4298.44,Bank Transfer,SAR
PAY-007061,EMP-0220,2026-05,27-05-2026,3950,988,395,0,2.5,61.72,5394.72,481.46,580.21,0,0,0,481.46,4913.26,Bank Transfer,SAR
PAY-007062,EMP-0221,2026-05,27-05-2026,25950,6488,1200,0,0,0,33638,3162.71,3811.46,0,0,0,3162.71,30475.29,Bank Transfer,SAR
PAY-007063,EMP-0222,2026-05,27-05-2026,3700,925,370,0,0,0,4995,0,92.5,0,0,0,0,4995,Bank Transfer,SAR
PAY-007064,EMP-0223,2026-05,27-05-2026,7500,1875,750,0,12,562.5,10687.5,0,187.5,0,0,0,0,10687.5,Bank Transfer,SAR
PAY-007065,EMP-0224,2026-05,27-05-2026,7900,1975,790,0,9.5,469.06,11134.06,962.81,1160.31,0,0,0,962.81,10171.25,Bank Transfer,SAR
PAY-007066,EMP-0225,2026-05,27-05-2026,11800,2950,1180,0,2.5,184.38,16114.38,1438.13,1733.13,0,0,0,1438.13,14676.25,Bank Transfer,SAR
PAY-007067,EMP-0226,2026-05,27-05-2026,3350,838,335,500,7,146.56,5169.56,0,83.76,0,1900,0,1900,3269.56,WPS Transfer,SAR
PAY-007068,EMP-0228,2026-05,27-05-2026,4400,1100,440,0,0,0,5940,0,110,0,0,0,0,5940,Bank Transfer,SAR
PAY-007069,EMP-0229,2026-05,27-05-2026,3550,888,355,0,0,0,4793,0,88.76,0,0,0,0,4793,Bank Transfer,SAR
PAY-007070,EMP-0230,2026-05,27-05-2026,4650,1163,465,900,0,0,7178,566.77,683.03,418.53,0,0,985.3,6192.7,Bank Transfer,SAR
PAY-007071,EMP-0231,2026-05,27-05-2026,4450,1113,445,0,0,0,6008,0,111.26,400.53,1550,0,1950.53,4057.47,WPS Transfer,SAR
PAY-007072,EMP-0232,2026-05,27-05-2026,4300,1075,430,0,11,295.63,6100.63,0,107.5,0,1050,0,1050,5050.63,Bank Transfer,SAR
PAY-007073,EMP-0233,2026-05,27-05-2026,4300,1075,430,0,0,0,5805,0,107.5,0,0,0,0,5805,Bank Transfer,SAR
PAY-007074,EMP-0234,2026-05,27-05-2026,10700,2675,1070,0,18,1203.75,15648.75,0,267.5,0,0,0,0,15648.75,Bank Transfer,SAR
PAY-007075,EMP-0236,2026-05,27-05-2026,3250,813,325,0,0,0,4388,0,81.26,0,0,0,0,4388,Bank Transfer,SAR
PAY-007076,EMP-0237,2026-05,27-05-2026,4050,1013,405,0,6,151.88,5619.88,493.64,594.9,0,0,0,493.64,5126.24,Bank Transfer,SAR
PAY-007077,EMP-0238,2026-05,27-05-2026,8750,2188,875,0,0,0,11813,0,218.76,0,0,0,0,11813,Bank Transfer,SAR
PAY-007078,EMP-0239,2026-05,27-05-2026,8650,2163,865,0,0,0,11678,0,216.26,0,0,0,0,11678,WPS Transfer,SAR
PAY-007079,EMP-0240,2026-05,27-05-2026,3550,888,355,0,0,0,4793,0,88.76,0,550,0,550,4243,Bank Transfer,SAR
PAY-007080,EMP-0241,2026-05,27-05-2026,11250,2813,1125,0,2.5,175.78,15363.78,1371.14,1652.4,0,0,0,1371.14,13992.64,Bank Transfer,SAR
PAY-007081,EMP-0242,2026-05,27-05-2026,3500,875,350,0,25,546.88,5271.88,426.56,514.06,0,0,0,426.56,4845.32,Bank Transfer,SAR
PAY-007082,EMP-0243,2026-05,27-05-2026,3350,838,335,0,0,0,4523,0,83.76,0,0,0,0,4523,Bank Transfer,SAR
PAY-007083,EMP-0244,2026-05,27-05-2026,8550,2138,855,0,0,0,11543,1042.08,1255.84,0,0,0,1042.08,10500.92,Bank Transfer,SAR
PAY-007084,EMP-0245,2026-05,27-05-2026,4100,1025,410,0,0,0,5535,499.69,602.19,0,0,0,499.69,5035.31,Bank Transfer,SAR
PAY-007085,EMP-0246,2026-05,27-05-2026,4600,1150,460,0,0,0,6210,560.63,675.63,0,0,0,560.63,5649.37,Bank Transfer,SAR
PAY-007086,EMP-0247,2026-05,27-05-2026,3850,963,385,800,9.5,228.59,6226.59,0,96.26,0,0,0,0,6226.59,Bank Transfer,SAR
PAY-007087,EMP-0248,2026-05,27-05-2026,8500,2125,850,0,6,318.75,11793.75,1035.94,1248.44,0,0,0,1035.94,10757.81,Bank Transfer,SAR
PAY-007088,EMP-0249,2026-05,27-05-2026,8600,2150,860,0,0,0,11610,0,215,0,0,0,0,11610,Bank Transfer,SAR
PAY-007089,EMP-0250,2026-05,27-05-2026,3950,988,395,750,6,148.13,6231.13,0,98.76,355.53,0,0,355.53,5875.6,Bank Transfer,SAR
PAY-007090,EMP-0251,2026-05,27-05-2026,4500,1125,450,0,25,703.13,6778.13,548.44,660.94,202.5,0,0,750.94,6027.19,Bank Transfer,SAR
PAY-007091,EMP-0252,2026-05,27-05-2026,7200,1800,720,0,0,0,9720,877.5,1057.5,0,0,0,877.5,8842.5,Bank Transfer,SAR
PAY-007092,EMP-0253,2026-05,27-05-2026,4350,1088,435,0,0,0,5873,530.21,638.96,587.3,0,0,1117.51,4755.49,Bank Transfer,SAR
PAY-007093,EMP-0254,2026-05,27-05-2026,3200,800,320,0,18.5,370,4690,390,470,0,0,0,390,4300,Bank Transfer,SAR
PAY-007094,EMP-0255,2026-05,27-05-2026,9650,2413,965,1300,10.5,633.28,14961.28,1176.14,1417.4,0,0,0,1176.14,13785.14,Bank Transfer,SAR
PAY-007095,EMP-0256,2026-05,27-05-2026,3400,850,340,0,0,0,4590,0,85,153,0,0,153,4437,Bank Transfer,SAR
PAY-007096,EMP-0257,2026-05,27-05-2026,9150,2288,915,0,0,0,12353,0,228.76,0,0,0,0,12353,WPS Transfer,SAR
PAY-007097,EMP-0258,2026-05,27-05-2026,4400,1100,440,0,10.5,288.75,6228.75,0,110,0,0,0,0,6228.75,Bank Transfer,SAR
PAY-007098,EMP-0259,2026-05,27-05-2026,3600,900,360,0,0,0,4860,438.75,528.75,0,0,0,438.75,4421.25,Bank Transfer,SAR
PAY-007099,EMP-0260,2026-05,27-05-2026,10550,2638,1055,0,0,0,14243,0,263.76,0,0,0,0,14243,Bank Transfer,SAR
PAY-007100,EMP-0261,2026-05,27-05-2026,7450,1863,745,0,16,745,10803,0,186.26,0,0,0,0,10803,Bank Transfer,SAR
PAY-007101,EMP-0262,2026-05,27-05-2026,4450,1113,445,0,0,0,6008,542.39,653.65,0,1700,0,2242.39,3765.61,Bank Transfer,SAR
PAY-007102,EMP-0263,2026-05,27-05-2026,11700,2925,1170,0,0,0,15795,1425.94,1718.44,0,0,0,1425.94,14369.06,Bank Transfer,SAR
PAY-007103,EMP-0264,2026-05,27-05-2026,4500,1125,450,2400,0,0,8475,548.44,660.94,0,0,0,548.44,7926.56,Bank Transfer,SAR
PAY-007104,EMP-0265,2026-05,27-05-2026,8850,2213,885,0,4.5,248.91,12196.91,0,221.26,0,1900,0,1900,10296.91,Bank Transfer,SAR
PAY-007105,EMP-0266,2026-05,27-05-2026,8900,2225,890,0,0,0,12015,1084.69,1307.19,0,0,0,1084.69,10930.31,Bank Transfer,SAR
PAY-007106,EMP-0267,2026-05,27-05-2026,9150,2288,915,0,0,0,12353,0,228.76,0,0,0,0,12353,Bank Transfer,SAR
PAY-007107,EMP-0268,2026-05,27-05-2026,4300,1075,430,300,0,0,6105,0,107.5,0,0,0,0,6105,Bank Transfer,SAR
PAY-007108,EMP-0269,2026-05,27-05-2026,4450,1113,445,0,0,0,6008,0,111.26,0,0,0,0,6008,Bank Transfer,SAR
PAY-007109,EMP-0270,2026-05,27-05-2026,4550,1138,455,0,0,0,6143,554.58,668.34,0,0,0,554.58,5588.42,Bank Transfer,SAR
PAY-007110,EMP-0271,2026-05,27-05-2026,26350,6588,1200,1550,0,0,35688,0,658.76,0,550,0,550,35138,Bank Transfer,SAR
PAY-007111,EMP-0272,2026-05,27-05-2026,4200,1050,420,0,7.5,196.88,5866.88,0,105,0,0,0,0,5866.88,Bank Transfer,SAR
PAY-007112,EMP-0274,2026-05,27-05-2026,10550,2638,1055,0,17.5,1153.91,15396.91,0,263.76,0,350,0,350,15046.91,Bank Transfer,SAR
PAY-007113,EMP-0275,2026-05,27-05-2026,13900,3475,1200,950,0,0,19525,1694.06,2041.56,0,0,0,1694.06,17830.94,Bank Transfer,SAR
PAY-007114,EMP-0276,2026-05,27-05-2026,13450,3363,1200,0,0,0,18013,0,336.26,0,0,540,540,17473,Bank Transfer,SAR
PAY-007115,EMP-0277,2026-05,27-05-2026,8700,2175,870,0,0,0,11745,1060.31,1277.81,0,0,0,1060.31,10684.69,Bank Transfer,SAR
PAY-007116,EMP-0278,2026-05,27-05-2026,10350,2588,1035,0,0,0,13973,1261.46,1520.22,0,0,0,1261.46,12711.54,WPS Transfer,SAR
PAY-007117,EMP-0279,2026-05,27-05-2026,10300,2575,1030,0,15.5,997.81,14902.81,1255.31,1512.81,0,0,0,1255.31,13647.5,Bank Transfer,SAR
PAY-007118,EMP-0280,2026-05,27-05-2026,4350,1088,435,700,0,0,6573,0,108.76,0,0,0,0,6573,Bank Transfer,SAR
PAY-007119,EMP-0281,2026-05,27-05-2026,4350,1088,435,0,3.5,95.16,5968.16,0,108.76,0,0,0,0,5968.16,Bank Transfer,SAR
PAY-007120,EMP-0282,2026-05,27-05-2026,8750,2188,875,0,20,1093.75,12906.75,1066.46,1285.21,0,0,0,1066.46,11840.29,Bank Transfer,SAR
PAY-007121,EMP-0283,2026-05,27-05-2026,3650,913,365,0,4.5,102.66,5030.66,0,91.26,0,0,0,0,5030.66,Bank Transfer,SAR
PAY-007122,EMP-0284,2026-05,27-05-2026,3400,850,340,0,0,0,4590,0,85,0,1450,0,1450,3140,Bank Transfer,SAR
PAY-007123,EMP-0285,2026-05,27-05-2026,8900,2225,890,0,10,556.25,12571.25,0,222.5,0,0,0,0,12571.25,Bank Transfer,SAR
PAY-007124,EMP-0286,2026-05,27-05-2026,3900,975,390,0,22,536.25,5801.25,0,97.5,0,0,80,80,5721.25,WPS Transfer,SAR
PAY-007125,EMP-0287,2026-05,27-05-2026,8850,2213,885,0,0,0,11948,0,221.26,0,0,0,0,11948,Bank Transfer,SAR
PAY-007126,EMP-0288,2026-05,27-05-2026,4350,1088,435,0,0,0,5873,530.21,638.96,0,0,0,530.21,5342.79,Bank Transfer,SAR
PAY-007127,EMP-0290,2026-05,27-05-2026,3950,988,395,0,0,0,5333,481.46,580.21,0,0,0,481.46,4851.54,Bank Transfer,SAR
PAY-007128,EMP-0292,2026-05,27-05-2026,4750,1188,475,0,0,0,6413,578.96,697.71,0,0,0,578.96,5834.04,Bank Transfer,SAR
PAY-007129,EMP-0293,2026-05,27-05-2026,8500,2125,850,0,3,159.38,11634.38,1035.94,1248.44,0,0,480,1515.94,10118.44,Bank Transfer,SAR
PAY-007130,EMP-0294,2026-05,27-05-2026,4400,1100,440,0,0,0,5940,536.25,646.25,198,0,0,734.25,5205.75,Bank Transfer,SAR
PAY-007131,EMP-0295,2026-05,27-05-2026,11000,2750,1100,1700,0,0,16550,0,275,0,0,0,0,16550,Bank Transfer,SAR
PAY-007132,EMP-0296,2026-05,27-05-2026,15050,3763,1200,0,0,0,20013,1834.27,2210.53,0,0,0,1834.27,18178.73,Bank Transfer,SAR
PAY-007133,EMP-0297,2026-05,27-05-2026,4400,1100,440,2300,0,0,8240,536.25,646.25,0,0,0,536.25,7703.75,Bank Transfer,SAR
PAY-007134,EMP-0298,2026-05,27-05-2026,4650,1163,465,0,0,0,6278,0,116.26,0,0,560,560,5718,Bank Transfer,SAR
PAY-007135,EMP-0299,2026-05,27-05-2026,4600,1150,460,1050,22,632.5,7892.5,0,115,0,0,0,0,7892.5,Bank Transfer,SAR
PAY-007136,EMP-0300,2026-05,27-05-2026,12700,3175,1200,0,0,0,17075,0,317.5,0,0,0,0,17075,Bank Transfer,SAR
PAY-007137,EMP-0301,2026-05,27-05-2026,8700,2175,870,1500,22.5,1223.44,14468.44,0,217.5,0,1200,0,1200,13268.44,Bank Transfer,SAR
PAY-007138,EMP-0302,2026-05,27-05-2026,10200,2550,1020,0,0,0,13770,0,255,918,0,490,1408,12362,Bank Transfer,SAR
PAY-007139,EMP-0303,2026-05,27-05-2026,9200,2300,920,0,0,0,12420,0,230,0,0,0,0,12420,Bank Transfer,SAR
PAY-007140,EMP-0305,2026-05,27-05-2026,3850,963,385,0,0,0,5198,469.27,565.53,0,0,0,469.27,4728.73,Bank Transfer,SAR
PAY-007141,EMP-0306,2026-05,27-05-2026,4800,1200,480,2300,0,0,8780,0,120,0,0,0,0,8780,Bank Transfer,SAR
PAY-007142,EMP-0307,2026-05,27-05-2026,9450,2363,945,0,0,0,12758,0,236.26,1275.8,0,0,1275.8,11482.2,Bank Transfer,SAR
PAY-007143,EMP-0308,2026-05,27-05-2026,10900,2725,1090,0,25,1703.13,16418.13,0,272.5,0,2450,0,2450,13968.13,Bank Transfer,SAR
PAY-007144,EMP-0309,2026-05,27-05-2026,3800,950,380,0,0,0,5130,0,95,0,0,0,0,5130,Bank Transfer,SAR
PAY-007145,EMP-0310,2026-05,27-05-2026,10450,2613,1045,0,0,0,14108,0,261.26,0,0,0,0,14108,Bank Transfer,SAR
PAY-007146,EMP-0311,2026-05,27-05-2026,15900,3975,1200,0,0,0,21075,0,397.5,0,0,0,0,21075,Bank Transfer,SAR
PAY-007147,EMP-0312,2026-05,27-05-2026,14350,3588,1200,900,3.5,313.91,20351.91,0,358.76,0,0,0,0,20351.91,Bank Transfer,SAR
PAY-007148,EMP-0313,2026-05,27-05-2026,11900,2975,1190,0,18,1338.75,17403.75,0,297.5,535.5,0,0,535.5,16868.25,Bank Transfer,SAR
PAY-007149,EMP-0314,2026-05,27-05-2026,3650,913,365,1200,0,0,6128,444.89,536.15,0,0,0,444.89,5683.11,Bank Transfer,SAR
PAY-007150,EMP-0315,2026-05,27-05-2026,11600,2900,1160,0,0,0,15660,1413.75,1703.75,0,0,0,1413.75,14246.25,Bank Transfer,SAR
PAY-007151,EMP-0316,2026-05,27-05-2026,15200,3800,1200,0,0,0,20200,0,380,0,0,0,0,20200,Bank Transfer,SAR
PAY-007152,EMP-0317,2026-05,27-05-2026,4250,1063,425,200,20,531.25,6469.25,518.02,624.28,191.27,0,0,709.29,5759.96,Bank Transfer,SAR
PAY-007153,EMP-0318,2026-05,27-05-2026,4100,1025,410,0,0,0,5535,499.69,602.19,0,0,0,499.69,5035.31,Bank Transfer,SAR
PAY-007154,EMP-0319,2026-05,27-05-2026,4300,1075,430,0,0,0,5805,0,107.5,0,0,0,0,5805,Bank Transfer,SAR
PAY-007155,EMP-0320,2026-05,27-05-2026,8750,2188,875,0,24,1312.5,13125.5,0,218.76,0,0,0,0,13125.5,Bank Transfer,SAR
PAY-007156,EMP-0321,2026-05,27-05-2026,21300,5325,1200,0,0,0,27825,2595.94,3128.44,0,0,0,2595.94,25229.06,Bank Transfer,SAR
PAY-007157,EMP-0322,2026-05,27-05-2026,8700,2175,870,450,0,0,12195,1060.31,1277.81,0,750,0,1810.31,10384.69,Bank Transfer,SAR
PAY-007158,EMP-0323,2026-05,27-05-2026,12050,3013,1200,950,14.5,1092.03,18305.03,0,301.26,0,0,110,110,18195.03,Bank Transfer,SAR
PAY-007159,EMP-0324,2026-05,27-05-2026,6100,1525,610,1750,0,0,9985,0,152.5,0,0,490,490,9495,Bank Transfer,SAR
PAY-007160,EMP-0325,2026-05,27-05-2026,11300,2825,1130,1850,0,0,17105,0,282.5,0,2000,0,2000,15105,Bank Transfer,SAR
PAY-007161,EMP-0326,2026-05,27-05-2026,5000,1250,500,0,0,0,6750,0,125,450,0,0,450,6300,Bank Transfer,SAR
PAY-007162,EMP-0327,2026-05,27-05-2026,9400,2350,940,0,0,0,12690,0,235,0,0,0,0,12690,WPS Transfer,SAR
PAY-007163,EMP-0328,2026-05,27-05-2026,10850,2713,1085,0,0,0,14648,1322.39,1593.65,0,0,0,1322.39,13325.61,WPS Transfer,SAR
PAY-007164,EMP-0329,2026-05,27-05-2026,10700,2675,1070,0,0,0,14445,0,267.5,0,1050,0,1050,13395,Bank Transfer,SAR
PAY-007165,EMP-0332,2026-05,27-05-2026,5350,1338,535,0,0,0,7223,652.08,785.84,0,1700,0,2352.08,4870.92,WPS Transfer,SAR
PAY-007166,EMP-0333,2026-05,27-05-2026,4700,1175,470,0,8,235,6580,0,117.5,0,0,0,0,6580,Bank Transfer,SAR
PAY-007167,EMP-0334,2026-05,27-05-2026,15550,3888,1200,0,0,0,20638,0,388.76,0,0,0,0,20638,Bank Transfer,SAR
PAY-007168,EMP-0335,2026-05,27-05-2026,12650,3163,1200,0,21.5,1699.84,18712.84,0,316.26,0,400,0,400,18312.84,Bank Transfer,SAR
PAY-007169,EMP-0336,2026-05,27-05-2026,5000,1250,500,0,0,0,6750,0,125,0,0,0,0,6750,Bank Transfer,SAR
PAY-007170,EMP-0337,2026-05,27-05-2026,8750,2188,875,0,0,0,11813,1066.46,1285.21,0,0,460,1526.46,10286.54,Bank Transfer,SAR
PAY-007171,EMP-0338,2026-05,27-05-2026,11550,2888,1155,0,0,0,15593,0,288.76,0,0,0,0,15593,Bank Transfer,SAR
PAY-007172,EMP-0339,2026-05,27-05-2026,12400,3100,1200,0,0,0,16700,1511.25,1821.25,0,500,0,2011.25,14688.75,Cheque,SAR
PAY-007173,EMP-0340,2026-05,27-05-2026,11200,2800,1120,0,5,350,15470,0,280,0,0,0,0,15470,Bank Transfer,SAR
PAY-007174,EMP-0341,2026-05,27-05-2026,4900,1225,490,800,0,0,7415,0,122.5,220.5,0,0,220.5,7194.5,Bank Transfer,SAR
PAY-007175,EMP-0342,2026-05,27-05-2026,8500,2125,850,0,3.5,185.94,11660.94,1035.94,1248.44,0,0,0,1035.94,10625,Bank Transfer,SAR
PAY-007176,EMP-0344,2026-05,27-05-2026,11000,2750,1100,0,21.5,1478.13,16328.13,0,275,0,0,0,0,16328.13,Bank Transfer,SAR
PAY-007177,EMP-0346,2026-05,27-05-2026,4850,1213,485,0,14.5,439.53,6987.53,591.14,712.4,0,0,0,591.14,6396.39,Bank Transfer,SAR
PAY-007178,EMP-0347,2026-05,27-05-2026,5550,1388,555,0,14,485.63,7978.63,0,138.76,0,0,0,0,7978.63,Bank Transfer,SAR
PAY-007179,EMP-0348,2026-05,27-05-2026,11200,2800,1120,0,0,0,15120,1365,1645,0,1450,570,3385,11735,Bank Transfer,SAR
PAY-007180,EMP-0349,2026-05,27-05-2026,10850,2713,1085,0,0,0,14648,0,271.26,976.53,0,0,976.53,13671.47,Bank Transfer,SAR
PAY-007181,EMP-0350,2026-05,27-05-2026,13050,3263,1200,0,8.5,693.28,18206.28,1590.52,1916.78,0,0,350,1940.52,16265.76,Bank Transfer,SAR
PAY-007182,EMP-0352,2026-05,27-05-2026,10200,2550,1020,0,0,0,13770,0,255,0,0,0,0,13770,Bank Transfer,SAR
PAY-007183,EMP-0353,2026-05,27-05-2026,10650,2663,1065,0,0,0,14378,1298.02,1564.28,0,0,0,1298.02,13079.98,Bank Transfer,SAR
PAY-007184,EMP-0354,2026-05,27-05-2026,12400,3100,1200,0,0,0,16700,1511.25,1821.25,556.67,0,0,2067.92,14632.08,Bank Transfer,SAR
PAY-007185,EMP-0355,2026-05,27-05-2026,4700,1175,470,0,14,411.25,6756.25,0,117.5,423,0,0,423,6333.25,Bank Transfer,SAR
PAY-007186,EMP-0356,2026-05,27-05-2026,5700,1425,570,0,0,0,7695,694.69,837.19,0,0,0,694.69,7000.31,Bank Transfer,SAR
PAY-007187,EMP-0357,2026-05,27-05-2026,12700,3175,1200,0,4,317.5,17392.5,0,317.5,0,0,0,0,17392.5,Bank Transfer,SAR
PAY-007188,EMP-0358,2026-05,27-05-2026,6500,1625,650,0,0,0,8775,792.19,954.69,0,300,0,1092.19,7682.81,Bank Transfer,SAR
PAY-007189,EMP-0359,2026-05,27-05-2026,4550,1138,455,600,6,170.63,6913.63,554.58,668.34,0,0,0,554.58,6359.05,Bank Transfer,SAR
PAY-007190,EMP-0360,2026-05,27-05-2026,15300,3825,1200,0,0,0,20325,0,382.5,0,2400,140,2540,17785,Bank Transfer,SAR
PAY-007191,EMP-0361,2026-05,27-05-2026,28350,7088,1200,0,0,0,36638,0,708.76,0,0,0,0,36638,Bank Transfer,SAR
PAY-007192,EMP-0363,2026-05,27-05-2026,6900,1725,690,0,22,948.75,10263.75,840.94,1013.44,0,0,0,840.94,9422.81,Bank Transfer,SAR
PAY-007193,EMP-0364,2026-05,27-05-2026,6050,1513,605,0,0,0,8168,737.39,888.65,0,0,0,737.39,7430.61,Bank Transfer,SAR
PAY-007194,EMP-0365,2026-05,27-05-2026,20850,5213,1200,200,0,0,27463,0,521.26,908.77,0,0,908.77,26554.23,Cheque,SAR
PAY-007195,EMP-0366,2026-05,27-05-2026,12100,3025,1200,0,13.5,1020.94,17345.94,1474.69,1777.19,0,0,0,1474.69,15871.25,Bank Transfer,SAR
PAY-007196,EMP-0367,2026-05,27-05-2026,8500,2125,850,0,0,0,11475,0,212.5,0,0,0,0,11475,Bank Transfer,SAR
PAY-007197,EMP-0368,2026-05,27-05-2026,26850,6713,1200,0,0,0,34763,0,671.26,0,0,0,0,34763,Bank Transfer,SAR
PAY-007198,EMP-0369,2026-05,27-05-2026,7050,1763,705,0,19.5,859.22,10377.22,859.27,1035.53,0,0,0,859.27,9517.95,Cheque,SAR
PAY-007199,EMP-0370,2026-05,27-05-2026,7150,1788,715,0,11.5,513.91,10166.91,871.46,1050.21,643.53,0,0,1514.99,8651.92,Bank Transfer,SAR
PAY-007200,EMP-0371,2026-05,27-05-2026,11150,2788,1115,0,14,975.63,16028.63,0,278.76,0,0,0,0,16028.63,Bank Transfer,SAR
PAY-007201,EMP-0373,2026-05,27-05-2026,26000,6500,1200,0,0,0,33700,3168.75,3818.75,0,0,0,3168.75,30531.25,Bank Transfer,SAR
PAY-007202,EMP-0374,2026-05,27-05-2026,8650,2163,865,0,18.5,1000.16,12678.16,0,216.26,389.27,0,0,389.27,12288.89,Bank Transfer,SAR
PAY-007203,EMP-0375,2026-05,27-05-2026,9600,2400,960,300,18.5,1110,14370,0,240,0,0,0,0,14370,Bank Transfer,SAR
PAY-007204,EMP-0376,2026-05,27-05-2026,26700,6675,1200,0,0,0,34575,0,667.5,0,0,0,0,34575,Bank Transfer,SAR
PAY-007205,EMP-0377,2026-05,27-05-2026,15650,3913,1200,0,0,0,20763,0,391.26,0,0,0,0,20763,Bank Transfer,SAR
PAY-007206,EMP-0378,2026-05,27-05-2026,12300,3075,1200,0,0,0,16575,0,307.5,0,0,0,0,16575,Bank Transfer,SAR
PAY-007207,EMP-0379,2026-05,27-05-2026,16750,4188,1200,400,0,0,22538,2041.46,2460.21,737.93,0,0,2779.39,19758.61,Bank Transfer,SAR
PAY-007208,EMP-0380,2026-05,27-05-2026,12150,3038,1200,0,0,0,16388,1480.83,1784.59,0,0,0,1480.83,14907.17,Bank Transfer,SAR
PAY-007209,EMP-0381,2026-05,27-05-2026,8300,2075,830,0,0,0,11205,1011.56,1219.06,0,0,0,1011.56,10193.44,Bank Transfer,SAR
PAY-007210,EMP-0382,2026-05,27-05-2026,12900,3225,1200,0,0,0,17325,1572.19,1894.69,0,0,0,1572.19,15752.81,Bank Transfer,SAR
PAY-007211,EMP-0383,2026-05,27-05-2026,8250,2063,825,0,16,825,11963,1005.52,1211.78,0,0,0,1005.52,10957.48,Bank Transfer,SAR
PAY-007212,EMP-0384,2026-05,27-05-2026,13550,3388,1200,0,0,0,18138,0,338.76,0,0,0,0,18138,Bank Transfer,SAR
PAY-007213,EMP-0385,2026-05,27-05-2026,6650,1663,665,1050,0,0,10028,810.52,976.78,0,0,0,810.52,9217.48,Bank Transfer,SAR
PAY-007214,EMP-0386,2026-05,27-05-2026,7800,1950,780,0,15.5,755.63,11285.63,950.63,1145.63,1404,0,0,2354.63,8931,Bank Transfer,SAR
PAY-007215,EMP-0387,2026-05,27-05-2026,7700,1925,770,0,0,0,10395,938.44,1130.94,0,0,0,938.44,9456.56,Bank Transfer,SAR
PAY-007216,EMP-0388,2026-05,27-05-2026,8300,2075,830,0,0,0,11205,1011.56,1219.06,0,1550,0,2561.56,8643.44,Bank Transfer,SAR
PAY-007217,EMP-0389,2026-05,27-05-2026,8650,2163,865,1700,0,0,13378,0,216.26,0,0,0,0,13378,Bank Transfer,SAR
PAY-007218,EMP-0390,2026-05,27-05-2026,6250,1563,625,0,0,0,8438,0,156.26,0,0,0,0,8438,Bank Transfer,SAR
PAY-007219,EMP-0391,2026-05,27-05-2026,11600,2900,1160,0,15,1087.5,16747.5,1413.75,1703.75,0,1900,0,3313.75,13433.75,Bank Transfer,SAR
PAY-007220,EMP-0393,2026-05,27-05-2026,8700,2175,870,950,0,0,12695,0,217.5,0,0,0,0,12695,Bank Transfer,SAR
PAY-007221,EMP-0394,2026-05,27-05-2026,11350,2838,1135,0,17.5,1241.41,16564.41,0,283.76,0,2300,0,2300,14264.41,Bank Transfer,SAR
PAY-007222,EMP-0395,2026-05,27-05-2026,26050,6513,1200,2150,0,0,35913,0,651.26,0,0,0,0,35913,Bank Transfer,SAR
PAY-007223,EMP-0396,2026-05,27-05-2026,28150,7038,1200,0,0,0,36388,3430.83,4134.59,0,750,0,4180.83,32207.17,Bank Transfer,SAR
PAY-007224,EMP-0397,2026-05,27-05-2026,19150,4788,1200,0,0,0,25138,0,478.76,0,0,0,0,25138,Bank Transfer,SAR
PAY-007225,EMP-0398,2026-05,27-05-2026,12000,3000,1200,0,0,0,16200,1462.5,1762.5,0,0,0,1462.5,14737.5,Bank Transfer,SAR
PAY-007226,EMP-0399,2026-05,27-05-2026,5350,1338,535,0,0,0,7223,0,133.76,0,0,0,0,7223,Bank Transfer,SAR
PAY-007227,EMP-0400,2026-05,27-05-2026,5050,1263,505,650,5.5,173.59,7641.59,0,126.26,0,0,0,0,7641.59,Bank Transfer,SAR
PAY-007228,EMP-0401,2026-05,27-05-2026,5000,1250,500,0,0,0,6750,0,125,0,0,0,0,6750,Bank Transfer,SAR
PAY-007229,EMP-0402,2026-05,27-05-2026,13000,3250,1200,0,12.5,1015.63,18465.63,0,325,0,0,0,0,18465.63,Bank Transfer,SAR
PAY-007230,EMP-0403,2026-05,27-05-2026,8750,2188,875,0,16,875,12688,1066.46,1285.21,0,0,0,1066.46,11621.54,Bank Transfer,SAR
PAY-007231,EMP-0404,2026-05,27-05-2026,4900,1225,490,1650,0,0,8265,597.19,719.69,0,0,0,597.19,7667.81,Bank Transfer,SAR
PAY-007232,EMP-0406,2026-05,27-05-2026,12400,3100,1200,1700,0,0,18400,1511.25,1821.25,1113.33,0,270,2894.58,15505.42,Bank Transfer,SAR
PAY-007233,EMP-0407,2026-05,27-05-2026,6150,1538,615,0,20,768.75,9071.75,0,153.76,0,0,0,0,9071.75,Bank Transfer,SAR
PAY-007234,EMP-0408,2026-05,27-05-2026,8800,2200,880,0,6,330,12210,0,220,0,0,210,210,12000,Bank Transfer,SAR
PAY-007235,EMP-0409,2026-05,27-05-2026,5450,1363,545,0,0,0,7358,664.27,800.53,0,1650,0,2314.27,5043.73,WPS Transfer,SAR
PAY-007236,EMP-0410,2026-05,27-05-2026,6300,1575,630,0,0,0,8505,767.81,925.31,283.5,0,0,1051.31,7453.69,Bank Transfer,SAR
PAY-007237,EMP-0411,2026-05,27-05-2026,9350,2338,935,0,11,642.81,13265.81,1139.58,1373.34,0,0,0,1139.58,12126.23,Bank Transfer,SAR
PAY-007238,EMP-0414,2026-05,27-05-2026,6300,1575,630,0,6,236.25,8741.25,0,157.5,0,0,0,0,8741.25,Bank Transfer,SAR
PAY-007239,EMP-0415,2026-05,27-05-2026,5800,1450,580,0,0,0,7830,706.88,851.88,0,0,0,706.88,7123.12,WPS Transfer,SAR
PAY-007240,EMP-0416,2026-05,27-05-2026,4600,1150,460,0,21,603.75,6813.75,560.63,675.63,0,0,0,560.63,6253.12,Bank Transfer,SAR
PAY-007241,EMP-0417,2026-05,27-05-2026,5900,1475,590,2450,17.5,645.31,11060.31,719.06,866.56,0,0,0,719.06,10341.25,Bank Transfer,SAR
PAY-007242,EMP-0418,2026-05,27-05-2026,9950,2488,995,0,12.5,777.34,14210.34,1212.71,1461.47,0,0,490,1702.71,12507.63,Bank Transfer,SAR
PAY-007243,EMP-0419,2026-05,27-05-2026,5850,1463,585,0,0,0,7898,713.02,859.28,0,0,0,713.02,7184.98,Bank Transfer,SAR
PAY-007244,EMP-0420,2026-05,27-05-2026,4700,1175,470,0,0,0,6345,572.81,690.31,0,0,0,572.81,5772.19,Bank Transfer,SAR
PAY-007245,EMP-0422,2026-05,27-05-2026,9200,2300,920,0,0,0,12420,1121.25,1351.25,0,0,0,1121.25,11298.75,Bank Transfer,SAR
PAY-007246,EMP-0424,2026-05,27-05-2026,17650,4413,1200,0,25.5,2812.97,26075.97,2151.14,2592.4,0,350,0,2501.14,23574.83,Bank Transfer,SAR
PAY-007247,EMP-0425,2026-05,27-05-2026,5950,1488,595,0,0,0,8033,0,148.76,0,0,130,130,7903,Bank Transfer,SAR
PAY-007248,EMP-0426,2026-05,27-05-2026,29150,7288,1200,400,0,0,38038,0,728.76,0,0,0,0,38038,Bank Transfer,SAR
PAY-007249,EMP-0427,2026-05,27-05-2026,7750,1938,775,0,11,532.81,10995.81,0,193.76,0,0,0,0,10995.81,Bank Transfer,SAR
PAY-007250,EMP-0428,2026-05,27-05-2026,10850,2713,1085,0,0,0,14648,0,271.26,0,0,0,0,14648,Bank Transfer,SAR
PAY-007251,EMP-0429,2026-05,27-05-2026,8300,2075,830,0,4,207.5,11412.5,0,207.5,1867.5,0,0,1867.5,9545,Bank Transfer,SAR
PAY-007252,EMP-0430,2026-05,27-05-2026,6400,1600,640,1100,0,0,9740,0,160,0,0,0,0,9740,Bank Transfer,SAR
PAY-007253,EMP-0431,2026-05,27-05-2026,8450,2113,845,0,0,0,11408,0,211.26,0,0,0,0,11408,Bank Transfer,SAR
PAY-007254,EMP-0432,2026-05,27-05-2026,8650,2163,865,400,25.5,1378.59,13456.59,1054.27,1270.53,0,0,0,1054.27,12402.32,Bank Transfer,SAR
PAY-007255,EMP-0433,2026-05,27-05-2026,16100,4025,1200,0,0,0,21325,0,402.5,2843.33,800,0,3643.33,17681.67,Bank Transfer,SAR
PAY-007256,EMP-0434,2026-05,27-05-2026,12250,3063,1200,0,14,1071.88,17584.88,0,306.26,0,0,0,0,17584.88,Bank Transfer,SAR
PAY-007257,EMP-0435,2026-05,27-05-2026,8750,2188,875,0,0,0,11813,1066.46,1285.21,393.77,0,0,1460.23,10352.77,Bank Transfer,SAR
PAY-007258,EMP-0436,2026-05,27-05-2026,7450,1863,745,0,26,1210.63,11268.63,0,186.26,0,0,0,0,11268.63,Bank Transfer,SAR
PAY-007259,EMP-0437,2026-05,27-05-2026,6950,1738,695,1600,4,173.75,11156.75,0,173.76,0,1150,0,1150,10006.75,Bank Transfer,SAR
PAY-007260,EMP-0438,2026-05,27-05-2026,8900,2225,890,0,21,1168.13,13183.13,0,222.5,0,0,0,0,13183.13,Bank Transfer,SAR
PAY-007261,EMP-0439,2026-05,27-05-2026,6250,1563,625,850,0,0,9288,0,156.26,281.27,0,0,281.27,9006.73,Bank Transfer,SAR
PAY-007262,EMP-0440,2026-05,27-05-2026,6800,1700,680,0,0,0,9180,0,170,0,0,0,0,9180,Bank Transfer,SAR
PAY-007263,EMP-0441,2026-05,27-05-2026,16850,4213,1200,0,0,0,22263,2053.64,2474.9,0,0,0,2053.64,20209.36,Bank Transfer,SAR
PAY-007264,EMP-0442,2026-05,27-05-2026,7800,1950,780,0,0,0,10530,950.63,1145.63,0,0,0,950.63,9579.37,Bank Transfer,SAR
PAY-007265,EMP-0443,2026-05,27-05-2026,9850,2463,985,500,2.5,153.91,13951.91,0,246.26,0,0,0,0,13951.91,Bank Transfer,SAR
PAY-007266,EMP-0444,2026-05,27-05-2026,8500,2125,850,0,21,1115.63,12590.63,1035.94,1248.44,0,0,0,1035.94,11554.69,Bank Transfer,SAR
PAY-007267,EMP-0445,2026-05,27-05-2026,10900,2725,1090,1700,0,0,16415,0,272.5,490.5,0,0,490.5,15924.5,Bank Transfer,SAR
PAY-007268,EMP-0446,2026-05,27-05-2026,11600,2900,1160,0,7.5,543.75,16203.75,1413.75,1703.75,0,0,0,1413.75,14790,Bank Transfer,SAR
PAY-007269,EMP-0448,2026-05,27-05-2026,12400,3100,1200,0,0,0,16700,1511.25,1821.25,0,0,0,1511.25,15188.75,Bank Transfer,SAR
PAY-007270,EMP-0449,2026-05,27-05-2026,6350,1588,635,0,0,0,8573,773.96,932.71,0,0,0,773.96,7799.04,Bank Transfer,SAR
PAY-007271,EMP-0451,2026-05,27-05-2026,26850,6713,1200,0,0,0,34763,0,671.26,0,0,0,0,34763,Bank Transfer,SAR
PAY-007272,EMP-0452,2026-05,27-05-2026,6500,1625,650,800,11,446.88,10021.88,792.19,954.69,0,0,0,792.19,9229.69,Bank Transfer,SAR
PAY-007273,EMP-0453,2026-05,27-05-2026,6300,1575,630,1200,9.5,374.06,10079.06,767.81,925.31,0,0,0,767.81,9311.25,WPS Transfer,SAR
PAY-007274,EMP-0454,2026-05,27-05-2026,5300,1325,530,0,0,0,7155,645.94,778.44,0,0,0,645.94,6509.06,Bank Transfer,SAR
PAY-007275,EMP-0457,2026-05,27-05-2026,5050,1263,505,0,0,0,6818,615.52,741.78,454.53,0,0,1070.05,5747.95,Bank Transfer,SAR
PAY-007276,EMP-0459,2026-05,27-05-2026,6400,1600,640,0,24,960,9600,780,940,0,0,0,780,8820,Bank Transfer,SAR
PAY-007277,EMP-0460,2026-05,27-05-2026,10050,2513,1005,0,0,0,13568,0,251.26,0,0,0,0,13568,Bank Transfer,SAR
PAY-007278,EMP-0461,2026-05,27-05-2026,4900,1225,490,0,11.5,352.19,6967.19,597.19,719.69,0,0,0,597.19,6370,Bank Transfer,SAR
PAY-007279,EMP-0463,2026-05,27-05-2026,5850,1463,585,0,0,0,7898,0,146.26,0,0,0,0,7898,Bank Transfer,SAR
PAY-007280,EMP-0464,2026-05,27-05-2026,5800,1450,580,0,17,616.25,8446.25,706.88,851.88,0,0,0,706.88,7739.37,Bank Transfer,SAR
PAY-007281,EMP-0465,2026-05,27-05-2026,11200,2800,1120,0,0,0,15120,0,280,0,0,0,0,15120,Bank Transfer,SAR
PAY-007282,EMP-0466,2026-05,27-05-2026,11900,2975,1190,0,0,0,16065,0,297.5,535.5,1950,0,2485.5,13579.5,Bank Transfer,SAR
PAY-007283,EMP-0467,2026-05,27-05-2026,4650,1163,465,0,0,0,6278,566.77,683.03,0,950,0,1516.77,4761.23,Bank Transfer,SAR
PAY-007284,EMP-0468,2026-05,27-05-2026,11850,2963,1185,0,0,0,15998,0,296.26,0,0,0,0,15998,Bank Transfer,SAR
PAY-007285,EMP-0469,2026-05,27-05-2026,4600,1150,460,2100,22.5,646.88,8956.88,0,115,414,0,0,414,8542.88,Bank Transfer,SAR
PAY-007286,EMP-0470,2026-05,27-05-2026,4600,1150,460,0,0,0,6210,0,115,0,0,570,570,5640,Bank Transfer,SAR
PAY-007287,EMP-0471,2026-05,27-05-2026,25000,6250,1200,0,0,0,32450,3046.88,3671.88,0,0,0,3046.88,29403.12,Bank Transfer,SAR
PAY-007288,EMP-0472,2026-05,27-05-2026,8600,2150,860,1750,2.5,134.38,13494.38,1048.13,1263.13,0,0,0,1048.13,12446.25,Bank Transfer,SAR
PAY-007289,EMP-0473,2026-05,27-05-2026,8150,2038,815,0,24.5,1247.97,12250.97,993.33,1197.09,733.53,0,0,1726.86,10524.11,Bank Transfer,SAR
PAY-007290,EMP-0474,2026-05,27-05-2026,7700,1925,770,0,0,0,10395,938.44,1130.94,0,0,0,938.44,9456.56,Bank Transfer,SAR
PAY-007291,EMP-0475,2026-05,27-05-2026,12800,3200,1200,650,0,0,17850,0,320,0,0,0,0,17850,Bank Transfer,SAR
PAY-007292,EMP-0476,2026-05,27-05-2026,14600,3650,1200,800,0,0,20250,0,365,0,0,0,0,20250,Bank Transfer,SAR
PAY-007293,EMP-0477,2026-05,27-05-2026,13900,3475,1200,0,9.5,825.31,19400.31,0,347.5,0,600,0,600,18800.31,Bank Transfer,SAR
PAY-007294,EMP-0478,2026-05,27-05-2026,7500,1875,750,0,0,0,10125,914.06,1101.56,675,0,0,1589.06,8535.94,WPS Transfer,SAR
PAY-007295,EMP-0479,2026-05,27-05-2026,12950,3238,1200,1600,0,0,18988,1578.33,1902.09,0,0,0,1578.33,17409.67,Bank Transfer,SAR
PAY-007296,EMP-0480,2026-05,27-05-2026,14150,3538,1200,0,0,0,18888,0,353.76,0,0,0,0,18888,Bank Transfer,SAR
PAY-007297,EMP-0481,2026-05,27-05-2026,15500,3875,1200,1000,25.5,2470.31,24045.31,0,387.5,0,550,0,550,23495.31,Bank Transfer,SAR
PAY-007298,EMP-0482,2026-05,27-05-2026,8400,2100,840,0,9.5,498.75,11838.75,0,210,0,1700,0,1700,10138.75,WPS Transfer,SAR
PAY-007299,EMP-0483,2026-05,27-05-2026,8800,2200,880,0,0,0,11880,1072.5,1292.5,396,800,0,2268.5,9611.5,Bank Transfer,SAR
PAY-007300,EMP-0484,2026-05,27-05-2026,10600,2650,1060,1150,6,397.5,15857.5,1291.88,1556.88,0,0,0,1291.88,14565.62,Bank Transfer,SAR
PAY-007301,EMP-0485,2026-05,27-05-2026,10100,2525,1010,0,0,0,13635,0,252.5,0,0,0,0,13635,Bank Transfer,SAR
PAY-007302,EMP-0487,2026-05,27-05-2026,10850,2713,1085,0,25.5,1729.22,16377.22,1322.39,1593.65,0,0,0,1322.39,15054.83,Bank Transfer,SAR
PAY-007303,EMP-0488,2026-05,27-05-2026,10850,2713,1085,0,15.5,1051.09,15699.09,0,271.26,0,0,0,0,15699.09,Bank Transfer,SAR
PAY-007304,EMP-0489,2026-05,27-05-2026,11700,2925,1170,0,19,1389.38,17184.38,0,292.5,0,0,460,460,16724.38,Bank Transfer,SAR
PAY-007305,EMP-0490,2026-05,27-05-2026,6250,1563,625,0,15.5,605.47,9043.47,0,156.26,562.53,0,0,562.53,8480.94,Bank Transfer,SAR
PAY-007306,EMP-0491,2026-05,27-05-2026,37150,9288,1200,0,0,0,47638,4527.71,5456.46,0,0,0,4527.71,43110.29,Bank Transfer,SAR
PAY-007307,EMP-0492,2026-05,27-05-2026,21700,5425,1200,0,0,0,28325,2644.69,3187.19,2832.5,0,0,5477.19,22847.81,Bank Transfer,SAR
PAY-007308,EMP-0493,2026-05,27-05-2026,6300,1575,630,0,0,0,8505,0,157.5,0,0,570,570,7935,Bank Transfer,SAR
PAY-007309,EMP-0494,2026-05,27-05-2026,6500,1625,650,1100,0,0,9875,792.19,954.69,0,0,0,792.19,9082.81,Bank Transfer,SAR
PAY-007310,EMP-0495,2026-05,27-05-2026,16800,4200,1200,0,0,0,22200,0,420,0,0,0,0,22200,Bank Transfer,SAR
PAY-007311,EMP-0496,2026-05,27-05-2026,12600,3150,1200,0,0,0,16950,0,315,0,0,0,0,16950,Bank Transfer,SAR
PAY-007312,EMP-0497,2026-05,27-05-2026,8700,2175,870,0,0,0,11745,1060.31,1277.81,0,400,0,1460.31,10284.69,Bank Transfer,SAR
PAY-007313,EMP-0498,2026-05,27-05-2026,12050,3013,1200,0,0,0,16263,0,301.26,0,0,430,430,15833,Bank Transfer,SAR
PAY-007314,EMP-0499,2026-05,27-05-2026,14750,3688,1200,0,0,0,19638,1797.71,2166.46,0,0,0,1797.71,17840.29,Bank Transfer,SAR
PAY-007315,EMP-0500,2026-05,27-05-2026,22250,5563,1200,0,0,0,29013,0,556.26,0,0,0,0,29013,Bank Transfer,SAR
PAY-007316,EMP-0001,2026-06,27-06-2026,35400,8850,1200,0,0,0,45450,4314.38,5199.38,0,0,0,4314.38,41135.62,Bank Transfer,SAR
PAY-007317,EMP-0002,2026-06,27-06-2026,4250,1063,425,0,17.5,464.84,6202.84,518.02,624.28,0,0,0,518.02,5684.82,Bank Transfer,SAR
PAY-007318,EMP-0003,2026-06,27-06-2026,8700,2175,870,0,0,0,11745,0,217.5,0,0,0,0,11745,Bank Transfer,SAR
PAY-007319,EMP-0004,2026-06,27-06-2026,3500,875,350,0,10,218.75,4943.75,426.56,514.06,0,0,0,426.56,4517.19,Bank Transfer,SAR
PAY-007320,EMP-0005,2026-06,27-06-2026,3450,863,345,0,0,0,4658,0,86.26,0,0,0,0,4658,Bank Transfer,SAR
PAY-007321,EMP-0006,2026-06,27-06-2026,3200,800,320,1900,11,220,6440,390,470,0,1100,0,1490,4950,Bank Transfer,SAR
PAY-007322,EMP-0007,2026-06,27-06-2026,8450,2113,845,0,7,369.69,11777.69,0,211.26,0,0,0,0,11777.69,Bank Transfer,SAR
PAY-007323,EMP-0008,2026-06,27-06-2026,4650,1163,465,0,0,0,6278,566.77,683.03,0,0,0,566.77,5711.23,Bank Transfer,SAR
PAY-007324,EMP-0009,2026-06,27-06-2026,3800,950,380,0,0,0,5130,463.13,558.13,0,0,0,463.13,4666.87,Bank Transfer,SAR
PAY-007325,EMP-0010,2026-06,27-06-2026,29350,7338,1200,300,0,0,38188,3577.08,4310.84,0,2050,0,5627.08,32560.92,Bank Transfer,SAR
PAY-007326,EMP-0011,2026-06,27-06-2026,4300,1075,430,0,24.5,658.44,6463.44,524.06,631.56,0,0,0,524.06,5939.38,WPS Transfer,SAR
PAY-007327,EMP-0012,2026-06,27-06-2026,4600,1150,460,1700,0,0,7910,0,115,0,0,0,0,7910,Bank Transfer,SAR
PAY-007328,EMP-0013,2026-06,27-06-2026,27950,6988,1200,0,0,0,36138,0,698.76,0,900,0,900,35238,Bank Transfer,SAR
PAY-007329,EMP-0014,2026-06,27-06-2026,9500,2375,950,0,21.5,1276.56,14101.56,1157.81,1395.31,0,0,0,1157.81,12943.75,Bank Transfer,SAR
PAY-007330,EMP-0015,2026-06,27-06-2026,8000,2000,800,0,0,0,10800,975,1175,0,0,0,975,9825,Bank Transfer,SAR
PAY-007331,EMP-0016,2026-06,27-06-2026,8850,2213,885,1100,21.5,1189.22,14237.22,0,221.26,398.27,0,0,398.27,13838.95,Bank Transfer,SAR
PAY-007332,EMP-0017,2026-06,27-06-2026,6600,1650,660,0,19.5,804.38,9714.38,0,165,0,0,0,0,9714.38,Bank Transfer,SAR
PAY-007333,EMP-0018,2026-06,27-06-2026,3350,838,335,0,19,397.81,4920.81,408.33,492.09,0,850,0,1258.33,3662.48,Bank Transfer,SAR
PAY-007334,EMP-0019,2026-06,27-06-2026,4700,1175,470,0,0,0,6345,572.81,690.31,0,0,0,572.81,5772.19,Bank Transfer,SAR
PAY-007335,EMP-0020,2026-06,27-06-2026,11450,2863,1145,0,11.5,822.97,16280.97,0,286.26,0,0,0,0,16280.97,WPS Transfer,SAR
PAY-007336,EMP-0021,2026-06,27-06-2026,8800,2200,880,0,0,0,11880,1072.5,1292.5,0,0,0,1072.5,10807.5,Bank Transfer,SAR
PAY-007337,EMP-0022,2026-06,27-06-2026,11500,2875,1150,0,8,575,16100,1401.56,1689.06,0,0,0,1401.56,14698.44,Bank Transfer,SAR
PAY-007338,EMP-0023,2026-06,27-06-2026,3400,850,340,0,0,0,4590,0,85,0,0,0,0,4590,Bank Transfer,SAR
PAY-007339,EMP-0024,2026-06,27-06-2026,23700,5925,1200,0,0,0,30825,2888.44,3480.94,0,0,0,2888.44,27936.56,Bank Transfer,SAR
PAY-007340,EMP-0025,2026-06,27-06-2026,6000,1500,600,0,22,825,8925,0,150,0,0,0,0,8925,Bank Transfer,SAR
PAY-007341,EMP-0026,2026-06,27-06-2026,3300,825,330,0,10.5,216.56,4671.56,402.19,484.69,0,550,0,952.19,3719.37,Bank Transfer,SAR
PAY-007342,EMP-0027,2026-06,27-06-2026,3350,838,335,0,3,62.81,4585.81,0,83.76,0,0,0,0,4585.81,Bank Transfer,SAR
PAY-007343,EMP-0028,2026-06,27-06-2026,9000,2250,900,0,0,0,12150,0,225,0,0,0,0,12150,Bank Transfer,SAR
PAY-007344,EMP-0029,2026-06,27-06-2026,3550,888,355,0,0,0,4793,432.71,521.46,0,0,0,432.71,4360.29,Bank Transfer,SAR
PAY-007345,EMP-0030,2026-06,27-06-2026,4550,1138,455,0,0,0,6143,554.58,668.34,0,0,0,554.58,5588.42,Bank Transfer,SAR
PAY-007346,EMP-0031,2026-06,27-06-2026,3800,950,380,700,17.5,415.63,6245.63,463.13,558.13,0,0,0,463.13,5782.5,Bank Transfer,SAR
PAY-007347,EMP-0032,2026-06,27-06-2026,12650,3163,1200,0,0,0,17013,0,316.26,0,0,0,0,17013,Bank Transfer,SAR
PAY-007348,EMP-0033,2026-06,27-06-2026,11750,2938,1175,0,22.5,1652.34,17515.34,0,293.76,0,0,0,0,17515.34,Bank Transfer,SAR
PAY-007349,EMP-0034,2026-06,27-06-2026,11650,2913,1165,0,0,0,15728,0,291.26,0,0,0,0,15728,Bank Transfer,SAR
PAY-007350,EMP-0035,2026-06,27-06-2026,7300,1825,730,0,0,0,9855,0,182.5,657,950,0,1607,8248,Bank Transfer,SAR
PAY-007351,EMP-0036,2026-06,27-06-2026,6950,1738,695,0,15,651.56,10034.56,847.08,1020.84,625.53,0,0,1472.61,8561.95,WPS Transfer,SAR
PAY-007352,EMP-0037,2026-06,27-06-2026,3550,888,355,0,0,0,4793,0,88.76,0,0,0,0,4793,Bank Transfer,SAR
PAY-007353,EMP-0038,2026-06,27-06-2026,4400,1100,440,0,19,522.5,6462.5,0,110,0,0,0,0,6462.5,Bank Transfer,SAR
PAY-007354,EMP-0039,2026-06,27-06-2026,7100,1775,710,1650,0,0,11235,865.31,1042.81,0,750,0,1615.31,9619.69,Bank Transfer,SAR
PAY-007355,EMP-0040,2026-06,27-06-2026,30000,7500,1200,0,0,0,38700,0,750,0,0,0,0,38700,Bank Transfer,SAR
PAY-007356,EMP-0041,2026-06,27-06-2026,9050,2263,905,0,9,509.06,12727.06,1103.02,1329.28,407.27,0,0,1510.29,11216.77,Bank Transfer,SAR
PAY-007357,EMP-0042,2026-06,27-06-2026,4550,1138,455,1000,21.5,611.41,7754.41,0,113.76,0,0,0,0,7754.41,WPS Transfer,SAR
PAY-007358,EMP-0043,2026-06,27-06-2026,4450,1113,445,2450,0,0,8458,0,111.26,0,0,190,190,8268,Bank Transfer,SAR
PAY-007359,EMP-0044,2026-06,27-06-2026,7600,1900,760,0,0,0,10260,0,190,0,2450,0,2450,7810,Bank Transfer,SAR
PAY-007360,EMP-0045,2026-06,27-06-2026,6100,1525,610,2200,0,0,10435,0,152.5,0,0,0,0,10435,Bank Transfer,SAR
PAY-007361,EMP-0046,2026-06,27-06-2026,3450,863,345,0,22,474.38,5132.38,0,86.26,0,0,0,0,5132.38,Bank Transfer,SAR
PAY-007362,EMP-0047,2026-06,27-06-2026,8350,2088,835,1400,12,626.25,13299.25,1017.71,1226.46,0,0,0,1017.71,12281.54,Bank Transfer,SAR
PAY-007363,EMP-0048,2026-06,27-06-2026,21750,5438,1200,0,0,0,28388,2650.83,3194.59,1892.53,0,0,4543.36,23844.64,Bank Transfer,SAR
PAY-007364,EMP-0049,2026-06,27-06-2026,4100,1025,410,0,0,0,5535,499.69,602.19,0,0,0,499.69,5035.31,Bank Transfer,SAR
PAY-007365,EMP-0050,2026-06,27-06-2026,3250,813,325,0,0,0,4388,0,81.26,0,0,0,0,4388,Bank Transfer,SAR
PAY-007366,EMP-0051,2026-06,27-06-2026,7700,1925,770,0,0,0,10395,0,192.5,0,0,0,0,10395,Bank Transfer,SAR
PAY-007367,EMP-0052,2026-06,27-06-2026,4700,1175,470,0,0,0,6345,572.81,690.31,423,0,0,995.81,5349.19,Bank Transfer,SAR
PAY-007368,EMP-0053,2026-06,27-06-2026,4100,1025,410,0,4.5,115.31,5650.31,499.69,602.19,0,0,0,499.69,5150.62,Bank Transfer,SAR
PAY-007369,EMP-0054,2026-06,27-06-2026,11950,2988,1195,450,0,0,16583,0,298.76,0,0,0,0,16583,Bank Transfer,SAR
PAY-007370,EMP-0055,2026-06,27-06-2026,4250,1063,425,0,0,0,5738,0,106.26,0,800,0,800,4938,Bank Transfer,SAR
PAY-007371,EMP-0057,2026-06,27-06-2026,4550,1138,455,0,0,0,6143,554.58,668.34,0,1400,0,1954.58,4188.42,Bank Transfer,SAR
PAY-007372,EMP-0058,2026-06,27-06-2026,3850,963,385,0,18.5,445.16,5643.16,0,96.26,0,0,0,0,5643.16,Bank Transfer,SAR
PAY-007373,EMP-0059,2026-06,27-06-2026,9300,2325,930,0,9,523.13,13078.13,0,232.5,0,0,60,60,13018.13,Bank Transfer,SAR
PAY-007374,EMP-0060,2026-06,27-06-2026,4500,1125,450,0,0,0,6075,548.44,660.94,0,0,0,548.44,5526.56,Cheque,SAR
PAY-007375,EMP-0062,2026-06,27-06-2026,4050,1013,405,2450,0,0,7918,0,101.26,0,0,0,0,7918,Bank Transfer,SAR
PAY-007376,EMP-0063,2026-06,27-06-2026,8050,2013,805,0,11,553.44,11421.44,981.14,1182.4,0,1350,0,2331.14,9090.3,Bank Transfer,SAR
PAY-007377,EMP-0064,2026-06,27-06-2026,4600,1150,460,0,0,0,6210,0,115,207,0,0,207,6003,Bank Transfer,SAR
PAY-007378,EMP-0065,2026-06,27-06-2026,28650,7163,1200,0,0,0,37013,0,716.26,0,0,0,0,37013,Bank Transfer,SAR
PAY-007379,EMP-0066,2026-06,27-06-2026,3950,988,395,0,0,0,5333,0,98.76,0,0,0,0,5333,Bank Transfer,SAR
PAY-007380,EMP-0067,2026-06,27-06-2026,3450,863,345,0,0,0,4658,420.52,506.78,0,0,0,420.52,4237.48,Bank Transfer,SAR
PAY-007381,EMP-0068,2026-06,27-06-2026,3750,938,375,450,0,0,5513,0,93.76,0,1550,0,1550,3963,Bank Transfer,SAR
PAY-007382,EMP-0069,2026-06,27-06-2026,25850,6463,1200,900,0,0,34413,0,646.26,0,0,0,0,34413,Bank Transfer,SAR
PAY-007383,EMP-0070,2026-06,27-06-2026,3700,925,370,0,0,0,4995,0,92.5,0,0,0,0,4995,Bank Transfer,SAR
PAY-007384,EMP-0071,2026-06,27-06-2026,7100,1775,710,0,11.5,510.31,10095.31,0,177.5,0,1300,0,1300,8795.31,Bank Transfer,SAR
PAY-007385,EMP-0072,2026-06,27-06-2026,4450,1113,445,1300,20,556.25,7864.25,0,111.26,0,0,0,0,7864.25,Bank Transfer,SAR
PAY-007386,EMP-0073,2026-06,27-06-2026,27600,6900,1200,1550,0,0,37250,3363.75,4053.75,0,0,0,3363.75,33886.25,Bank Transfer,SAR
PAY-007387,EMP-0074,2026-06,27-06-2026,3300,825,330,0,22.5,464.06,4919.06,402.19,484.69,0,0,0,402.19,4516.87,Bank Transfer,SAR
PAY-007388,EMP-0075,2026-06,27-06-2026,6600,1650,660,0,0,0,8910,0,165,0,0,0,0,8910,Bank Transfer,SAR
PAY-007389,EMP-0076,2026-06,27-06-2026,4400,1100,440,0,8,220,6160,0,110,0,0,0,0,6160,Bank Transfer,SAR
PAY-007390,EMP-0077,2026-06,27-06-2026,4600,1150,460,2000,0,0,8210,0,115,207,0,0,207,8003,Bank Transfer,SAR
PAY-007391,EMP-0078,2026-06,27-06-2026,11100,2775,1110,1750,13.5,936.56,17671.56,0,277.5,0,550,0,550,17121.56,Bank Transfer,SAR
PAY-007392,EMP-0079,2026-06,27-06-2026,6450,1613,645,0,20,806.25,9514.25,786.14,947.4,0,0,0,786.14,8728.11,Bank Transfer,SAR
PAY-007393,EMP-0080,2026-06,27-06-2026,3200,800,320,0,0,0,4320,0,80,0,0,0,0,4320,Bank Transfer,SAR
PAY-007394,EMP-0081,2026-06,27-06-2026,8250,2063,825,0,18,928.13,12066.13,0,206.26,0,0,0,0,12066.13,Bank Transfer,SAR
PAY-007395,EMP-0083,2026-06,27-06-2026,10200,2550,1020,0,20.5,1306.88,15076.88,0,255,0,1150,0,1150,13926.88,Bank Transfer,SAR
PAY-007396,EMP-0084,2026-06,27-06-2026,12750,3188,1200,0,8.5,677.34,17815.34,0,318.76,0,0,0,0,17815.34,Bank Transfer,SAR
PAY-007397,EMP-0086,2026-06,27-06-2026,3550,888,355,0,8.5,188.59,4981.59,0,88.76,159.77,0,0,159.77,4821.82,Bank Transfer,SAR
PAY-007398,EMP-0088,2026-06,27-06-2026,23950,5988,1200,950,0,0,32088,2918.96,3517.71,0,0,0,2918.96,29169.04,Bank Transfer,SAR
PAY-007399,EMP-0089,2026-06,27-06-2026,20900,5225,1200,0,0,0,27325,0,522.5,0,0,0,0,27325,Bank Transfer,SAR
PAY-007400,EMP-0090,2026-06,27-06-2026,8000,2000,800,2000,17,850,13650,975,1175,0,0,0,975,12675,WPS Transfer,SAR
PAY-007401,EMP-0091,2026-06,27-06-2026,34650,8663,1200,0,0,0,44513,4223.02,5089.28,0,0,0,4223.02,40289.98,Bank Transfer,SAR
PAY-007402,EMP-0092,2026-06,27-06-2026,4550,1138,455,0,0,0,6143,554.58,668.34,0,0,0,554.58,5588.42,Bank Transfer,SAR
PAY-007403,EMP-0093,2026-06,27-06-2026,4900,1225,490,0,0,0,6615,0,122.5,0,0,0,0,6615,Bank Transfer,SAR
PAY-007404,EMP-0094,2026-06,27-06-2026,20650,5163,1200,800,0,0,27813,2516.77,3033.03,0,0,0,2516.77,25296.23,Bank Transfer,SAR
PAY-007405,EMP-0095,2026-06,27-06-2026,18600,4650,1200,0,6,697.5,25147.5,0,465,0,0,0,0,25147.5,Bank Transfer,SAR
PAY-007406,EMP-0096,2026-06,27-06-2026,12100,3025,1200,0,0,0,16325,1474.69,1777.19,0,0,0,1474.69,14850.31,Bank Transfer,SAR
PAY-007407,EMP-0097,2026-06,27-06-2026,5050,1263,505,0,11,347.19,7165.19,0,126.26,0,0,0,0,7165.19,Bank Transfer,SAR
PAY-007408,EMP-0098,2026-06,27-06-2026,6350,1588,635,2400,13,515.94,11488.94,0,158.76,571.53,0,0,571.53,10917.41,Bank Transfer,SAR
PAY-007409,EMP-0099,2026-06,27-06-2026,11850,2963,1185,1000,0,0,16998,1444.27,1740.53,0,0,0,1444.27,15553.73,Bank Transfer,SAR
PAY-007410,EMP-0100,2026-06,27-06-2026,12900,3225,1200,0,0,0,17325,0,322.5,0,0,0,0,17325,Bank Transfer,SAR
PAY-007411,EMP-0102,2026-06,27-06-2026,4650,1163,465,2150,0,0,8428,566.77,683.03,0,0,0,566.77,7861.23,Bank Transfer,SAR
PAY-007412,EMP-0103,2026-06,27-06-2026,5350,1338,535,0,0,0,7223,0,133.76,0,1250,0,1250,5973,Bank Transfer,SAR
PAY-007413,EMP-0104,2026-06,27-06-2026,6350,1588,635,0,0,0,8573,773.96,932.71,0,0,0,773.96,7799.04,Bank Transfer,SAR
PAY-007414,EMP-0105,2026-06,27-06-2026,21650,5413,1200,2200,0,0,30463,2638.64,3179.9,0,0,0,2638.64,27824.36,Bank Transfer,SAR
PAY-007415,EMP-0106,2026-06,27-06-2026,24950,6238,1200,0,0,0,32388,3040.83,3664.59,0,0,0,3040.83,29347.17,Bank Transfer,SAR
PAY-007416,EMP-0107,2026-06,27-06-2026,26350,6588,1200,0,0,0,34138,3211.46,3870.21,0,0,0,3211.46,30926.54,Bank Transfer,SAR
PAY-007417,EMP-0108,2026-06,27-06-2026,6050,1513,605,0,25,945.31,9113.31,0,151.26,0,350,0,350,8763.31,Bank Transfer,SAR
PAY-007418,EMP-0109,2026-06,27-06-2026,10900,2725,1090,0,7,476.88,15191.88,0,272.5,0,0,0,0,15191.88,Bank Transfer,SAR
PAY-007419,EMP-0110,2026-06,27-06-2026,6100,1525,610,0,0,0,8235,743.44,895.94,0,0,0,743.44,7491.56,Bank Transfer,SAR
PAY-007420,EMP-0111,2026-06,27-06-2026,11050,2763,1105,0,14,966.88,15884.88,1346.77,1623.03,0,0,0,1346.77,14538.11,Bank Transfer,SAR
PAY-007421,EMP-0112,2026-06,27-06-2026,17550,4388,1200,700,0,0,23838,0,438.76,0,0,0,0,23838,Bank Transfer,SAR
PAY-007422,EMP-0113,2026-06,27-06-2026,12550,3138,1200,0,0,0,16888,1529.58,1843.34,562.93,0,0,2092.51,14795.49,Bank Transfer,SAR
PAY-007423,EMP-0115,2026-06,27-06-2026,5200,1300,520,0,9.5,308.75,7328.75,0,130,0,0,0,0,7328.75,Bank Transfer,SAR
PAY-007424,EMP-0116,2026-06,27-06-2026,4550,1138,455,2050,2.5,71.09,8264.09,0,113.76,0,0,0,0,8264.09,Bank Transfer,SAR
PAY-007425,EMP-0117,2026-06,27-06-2026,22450,5613,1200,0,0,0,29263,2736.14,3297.4,0,0,0,2736.14,26526.86,Cheque,SAR
PAY-007426,EMP-0118,2026-06,27-06-2026,18200,4550,1200,0,20,2275,26225,2218.13,2673.13,3193.33,0,0,5411.46,20813.54,Bank Transfer,SAR
PAY-007427,EMP-0119,2026-06,27-06-2026,5300,1325,530,0,0,0,7155,0,132.5,0,0,0,0,7155,Bank Transfer,SAR
PAY-007428,EMP-0120,2026-06,27-06-2026,12250,3063,1200,0,18.5,1416.41,17929.41,1493.02,1799.28,0,0,80,1573.02,16356.39,Bank Transfer,SAR
PAY-007429,EMP-0121,2026-06,27-06-2026,4700,1175,470,0,0,0,6345,0,117.5,0,0,0,0,6345,Bank Transfer,SAR
PAY-007430,EMP-0122,2026-06,27-06-2026,5250,1313,525,0,19,623.44,7711.44,0,131.26,0,0,0,0,7711.44,Bank Transfer,SAR
PAY-007431,EMP-0123,2026-06,27-06-2026,5450,1363,545,0,12.5,425.78,7783.78,664.27,800.53,0,0,0,664.27,7119.51,Bank Transfer,SAR
PAY-007432,EMP-0124,2026-06,27-06-2026,28200,7050,1200,750,0,0,37200,3436.88,4141.88,0,0,0,3436.88,33763.12,Bank Transfer,SAR
PAY-007433,EMP-0125,2026-06,27-06-2026,16650,4163,1200,0,4,416.25,22429.25,2029.27,2445.53,0,0,0,2029.27,20399.98,Bank Transfer,SAR
PAY-007434,EMP-0126,2026-06,27-06-2026,6100,1525,610,350,10.5,400.31,8985.31,0,152.5,0,0,0,0,8985.31,Bank Transfer,SAR
PAY-007435,EMP-0127,2026-06,27-06-2026,9350,2338,935,0,14,818.13,13441.13,0,233.76,0,2350,0,2350,11091.13,Bank Transfer,SAR
PAY-007436,EMP-0128,2026-06,27-06-2026,21750,5438,1200,0,0,0,28388,2650.83,3194.59,0,0,570,3220.83,25167.17,Bank Transfer,SAR
PAY-007437,EMP-0129,2026-06,27-06-2026,4850,1213,485,0,10.5,318.28,6866.28,591.14,712.4,0,0,0,591.14,6275.14,WPS Transfer,SAR
PAY-007438,EMP-0130,2026-06,27-06-2026,6350,1588,635,0,6,238.13,8811.13,0,158.76,0,0,0,0,8811.13,Bank Transfer,SAR
PAY-007439,EMP-0132,2026-06,27-06-2026,5400,1350,540,0,0,0,7290,658.13,793.13,0,0,0,658.13,6631.87,Bank Transfer,SAR
PAY-007440,EMP-0133,2026-06,27-06-2026,11850,2963,1185,0,0,0,15998,0,296.26,0,0,0,0,15998,Bank Transfer,SAR
PAY-007441,EMP-0134,2026-06,27-06-2026,4750,1188,475,0,0,0,6413,0,118.76,0,0,0,0,6413,Bank Transfer,SAR
PAY-007442,EMP-0135,2026-06,27-06-2026,5700,1425,570,0,0,0,7695,0,142.5,0,0,0,0,7695,Bank Transfer,SAR
PAY-007443,EMP-0136,2026-06,27-06-2026,4850,1213,485,0,16.5,500.16,7048.16,0,121.26,0,0,0,0,7048.16,Bank Transfer,SAR
PAY-007444,EMP-0137,2026-06,27-06-2026,20100,5025,1200,0,0,0,26325,0,502.5,0,0,0,0,26325,Bank Transfer,SAR
PAY-007445,EMP-0138,2026-06,27-06-2026,17050,4263,1200,0,0,0,22513,0,426.26,0,0,0,0,22513,Bank Transfer,SAR
PAY-007446,EMP-0140,2026-06,27-06-2026,10050,2513,1005,0,0,0,13568,0,251.26,0,0,0,0,13568,Bank Transfer,SAR
PAY-007447,EMP-0141,2026-06,27-06-2026,6000,1500,600,0,19.5,731.25,8831.25,731.25,881.25,0,0,0,731.25,8100,Bank Transfer,SAR
PAY-007448,EMP-0142,2026-06,27-06-2026,4900,1225,490,0,0,0,6615,597.19,719.69,0,0,0,597.19,6017.81,Bank Transfer,SAR
PAY-007449,EMP-0143,2026-06,27-06-2026,5350,1338,535,0,9,300.94,7523.94,0,133.76,240.77,2350,0,2590.77,4933.17,Bank Transfer,SAR
PAY-007450,EMP-0144,2026-06,27-06-2026,11200,2800,1120,0,23,1610,16730,0,280,0,2050,0,2050,14680,Bank Transfer,SAR
PAY-007451,EMP-0145,2026-06,27-06-2026,5000,1250,500,800,7.5,234.38,7784.38,0,125,675,0,0,675,7109.38,Bank Transfer,SAR
PAY-007452,EMP-0146,2026-06,27-06-2026,17050,4263,1200,0,8,852.5,23365.5,2078.02,2504.28,0,0,0,2078.02,21287.48,WPS Transfer,SAR
PAY-007453,EMP-0147,2026-06,27-06-2026,4850,1213,485,0,5.5,166.72,6714.72,591.14,712.4,0,1600,0,2191.14,4523.58,Bank Transfer,SAR
PAY-007454,EMP-0149,2026-06,27-06-2026,20200,5050,1200,0,0,0,26450,2461.88,2966.88,2645,0,0,5106.88,21343.12,Bank Transfer,SAR
PAY-007455,EMP-0150,2026-06,27-06-2026,17050,4263,1200,0,13.5,1438.59,23951.59,2078.02,2504.28,0,0,0,2078.02,21873.57,Bank Transfer,SAR
PAY-007456,EMP-0151,2026-06,27-06-2026,16150,4038,1200,0,0,0,21388,1968.33,2372.09,0,0,510,2478.33,18909.67,Bank Transfer,SAR
PAY-007457,EMP-0152,2026-06,27-06-2026,21350,5338,1200,0,0,0,27888,0,533.76,0,0,0,0,27888,Bank Transfer,SAR
PAY-007458,EMP-0153,2026-06,27-06-2026,12500,3125,1200,0,0,0,16825,1523.44,1835.94,560.83,950,0,3034.27,13790.73,Cheque,SAR
PAY-007459,EMP-0154,2026-06,27-06-2026,6300,1575,630,0,0,0,8505,767.81,925.31,0,0,0,767.81,7737.19,Bank Transfer,SAR
PAY-007460,EMP-0155,2026-06,27-06-2026,28050,7013,1200,0,0,0,36263,0,701.26,0,0,0,0,36263,Bank Transfer,SAR
PAY-007461,EMP-0156,2026-06,27-06-2026,20850,5213,1200,0,23.5,3062.34,30325.34,0,521.26,0,0,0,0,30325.34,Bank Transfer,SAR
PAY-007462,EMP-0157,2026-06,27-06-2026,11300,2825,1130,0,22.5,1589.06,16844.06,0,282.5,1017,0,0,1017,15827.06,Bank Transfer,SAR
PAY-007463,EMP-0158,2026-06,27-06-2026,4550,1138,455,0,20,568.75,6711.75,0,113.76,0,0,390,390,6321.75,Bank Transfer,SAR
PAY-007464,EMP-0159,2026-06,27-06-2026,4650,1163,465,400,23.5,682.97,7360.97,566.77,683.03,0,0,0,566.77,6794.2,Bank Transfer,SAR
PAY-007465,EMP-0160,2026-06,27-06-2026,6000,1500,600,0,0,0,8100,731.25,881.25,0,0,0,731.25,7368.75,Bank Transfer,SAR
PAY-007466,EMP-0161,2026-06,27-06-2026,25100,6275,1200,0,0,0,32575,3059.06,3686.56,0,0,0,3059.06,29515.94,Bank Transfer,SAR
PAY-007467,EMP-0162,2026-06,27-06-2026,10350,2588,1035,2150,0,0,16123,0,258.76,1863.07,0,0,1863.07,14259.93,Bank Transfer,SAR
PAY-007468,EMP-0163,2026-06,27-06-2026,3850,963,385,0,0,0,5198,469.27,565.53,519.8,0,0,989.07,4208.93,Bank Transfer,SAR
PAY-007469,EMP-0164,2026-06,27-06-2026,6250,1563,625,0,16,625,9063,761.77,918.03,281.27,2050,0,3093.04,5969.96,Bank Transfer,SAR
PAY-007470,EMP-0165,2026-06,27-06-2026,4500,1125,450,0,0,0,6075,0,112.5,0,0,0,0,6075,Bank Transfer,SAR
PAY-007471,EMP-0166,2026-06,27-06-2026,7450,1863,745,0,13,605.31,10663.31,908.02,1094.28,0,0,0,908.02,9755.29,Bank Transfer,SAR
PAY-007472,EMP-0167,2026-06,27-06-2026,3450,863,345,0,0,0,4658,420.52,506.78,0,0,0,420.52,4237.48,Bank Transfer,SAR
PAY-007473,EMP-0168,2026-06,27-06-2026,11900,2975,1190,0,0,0,16065,0,297.5,0,0,0,0,16065,Bank Transfer,SAR
PAY-007474,EMP-0169,2026-06,27-06-2026,3250,813,325,0,0,0,4388,0,81.26,0,1900,0,1900,2488,Bank Transfer,SAR
PAY-007475,EMP-0170,2026-06,27-06-2026,7550,1888,755,0,18,849.38,11042.38,920.21,1108.96,0,2400,0,3320.21,7722.17,Bank Transfer,SAR
PAY-007476,EMP-0171,2026-06,27-06-2026,8550,2138,855,0,0,0,11543,0,213.76,0,0,0,0,11543,Bank Transfer,SAR
PAY-007477,EMP-0172,2026-06,27-06-2026,7650,1913,765,0,12,573.75,10901.75,932.39,1123.65,0,0,0,932.39,9969.36,Bank Transfer,SAR
PAY-007478,EMP-0173,2026-06,27-06-2026,8850,2213,885,0,0,0,11948,0,221.26,0,0,0,0,11948,Bank Transfer,SAR
PAY-007479,EMP-0174,2026-06,27-06-2026,6300,1575,630,1650,6.5,255.94,10410.94,767.81,925.31,0,0,0,767.81,9643.13,Bank Transfer,SAR
PAY-007480,EMP-0175,2026-06,27-06-2026,4500,1125,450,0,0,0,6075,548.44,660.94,0,0,480,1028.44,5046.56,Bank Transfer,SAR
PAY-007481,EMP-0176,2026-06,27-06-2026,6100,1525,610,0,13.5,514.69,8749.69,743.44,895.94,0,0,280,1023.44,7726.25,Bank Transfer,SAR
PAY-007482,EMP-0177,2026-06,27-06-2026,4400,1100,440,750,0,0,6690,0,110,0,0,0,0,6690,Bank Transfer,SAR
PAY-007483,EMP-0178,2026-06,27-06-2026,4600,1150,460,0,4,115,6325,560.63,675.63,0,0,0,560.63,5764.37,Bank Transfer,SAR
PAY-007484,EMP-0180,2026-06,27-06-2026,4600,1150,460,0,0,0,6210,0,115,0,1200,0,1200,5010,Bank Transfer,SAR
PAY-007485,EMP-0181,2026-06,27-06-2026,6450,1613,645,0,0,0,8708,786.14,947.4,0,0,0,786.14,7921.86,Bank Transfer,SAR
PAY-007486,EMP-0182,2026-06,27-06-2026,7450,1863,745,2200,0,0,12258,0,186.26,0,0,0,0,12258,Bank Transfer,SAR
PAY-007487,EMP-0183,2026-06,27-06-2026,4700,1175,470,0,0,0,6345,572.81,690.31,0,0,0,572.81,5772.19,Bank Transfer,SAR
PAY-007488,EMP-0184,2026-06,27-06-2026,8900,2225,890,0,0,0,12015,0,222.5,0,0,370,370,11645,Bank Transfer,SAR
PAY-007489,EMP-0185,2026-06,27-06-2026,7000,1750,700,0,0,0,9450,853.13,1028.13,0,0,0,853.13,8596.87,Bank Transfer,SAR
PAY-007490,EMP-0186,2026-06,27-06-2026,3250,813,325,0,0,0,4388,396.14,477.4,146.27,0,0,542.41,3845.59,Bank Transfer,SAR
PAY-007491,EMP-0187,2026-06,27-06-2026,7150,1788,715,0,21,938.44,10591.44,0,178.76,0,0,0,0,10591.44,Bank Transfer,SAR
PAY-007492,EMP-0188,2026-06,27-06-2026,8550,2138,855,0,0,0,11543,1042.08,1255.84,0,500,0,1542.08,10000.92,Bank Transfer,SAR
PAY-007493,EMP-0189,2026-06,27-06-2026,3450,863,345,0,0,0,4658,0,86.26,0,0,0,0,4658,Bank Transfer,SAR
PAY-007494,EMP-0190,2026-06,27-06-2026,4750,1188,475,0,0,0,6413,0,118.76,0,0,0,0,6413,Bank Transfer,SAR
PAY-007495,EMP-0191,2026-06,27-06-2026,3800,950,380,0,0,0,5130,0,95,0,0,0,0,5130,Bank Transfer,SAR
PAY-007496,EMP-0192,2026-06,27-06-2026,3750,938,375,1500,11.5,269.53,6832.53,0,93.76,0,0,0,0,6832.53,Bank Transfer,SAR
PAY-007497,EMP-0193,2026-06,27-06-2026,3650,913,365,0,0,0,4928,0,91.26,0,1950,0,1950,2978,Bank Transfer,SAR
PAY-007498,EMP-0194,2026-06,27-06-2026,4750,1188,475,0,0,0,6413,0,118.76,0,0,0,0,6413,Bank Transfer,SAR
PAY-007499,EMP-0195,2026-06,27-06-2026,6150,1538,615,0,0,0,8303,0,153.76,0,0,0,0,8303,Bank Transfer,SAR
PAY-007500,EMP-0196,2026-06,27-06-2026,8550,2138,855,2250,5,267.19,14060.19,0,213.76,0,0,0,0,14060.19,WPS Transfer,SAR
PAY-007501,EMP-0197,2026-06,27-06-2026,12000,3000,1200,0,11.5,862.5,17062.5,0,300,0,0,0,0,17062.5,Bank Transfer,SAR
PAY-007502,EMP-0198,2026-06,27-06-2026,3400,850,340,0,4,85,4675,0,85,0,0,420,420,4255,WPS Transfer,SAR
PAY-007503,EMP-0199,2026-06,27-06-2026,7700,1925,770,0,0,0,10395,0,192.5,0,0,0,0,10395,Bank Transfer,SAR
PAY-007504,EMP-0200,2026-06,27-06-2026,11500,2875,1150,0,14.5,1042.19,16567.19,0,287.5,1035,0,0,1035,15532.19,Bank Transfer,SAR
PAY-007505,EMP-0201,2026-06,27-06-2026,3700,925,370,0,0,0,4995,0,92.5,0,0,0,0,4995,Bank Transfer,SAR
PAY-007506,EMP-0202,2026-06,27-06-2026,8800,2200,880,0,18.5,1017.5,12897.5,1072.5,1292.5,0,0,0,1072.5,11825,Bank Transfer,SAR
PAY-007507,EMP-0203,2026-06,27-06-2026,4150,1038,415,0,0,0,5603,505.83,609.59,0,0,0,505.83,5097.17,Bank Transfer,SAR
PAY-007508,EMP-0205,2026-06,27-06-2026,4450,1113,445,0,0,0,6008,542.39,653.65,0,0,190,732.39,5275.61,Bank Transfer,SAR
PAY-007509,EMP-0206,2026-06,27-06-2026,4350,1088,435,2300,0,0,8173,0,108.76,0,0,0,0,8173,Bank Transfer,SAR
PAY-007510,EMP-0207,2026-06,27-06-2026,4450,1113,445,0,0,0,6008,0,111.26,0,800,0,800,5208,Bank Transfer,SAR
PAY-007511,EMP-0208,2026-06,27-06-2026,4300,1075,430,0,25,671.88,6476.88,0,107.5,0,0,0,0,6476.88,Bank Transfer,SAR
PAY-007512,EMP-0209,2026-06,27-06-2026,3500,875,350,0,0,0,4725,0,87.5,0,2200,0,2200,2525,Bank Transfer,SAR
PAY-007513,EMP-0210,2026-06,27-06-2026,6850,1713,685,0,0,0,9248,834.89,1006.15,0,2000,0,2834.89,6413.11,Bank Transfer,SAR
PAY-007514,EMP-0211,2026-06,27-06-2026,4450,1113,445,0,0,0,6008,0,111.26,0,0,0,0,6008,Bank Transfer,SAR
PAY-007515,EMP-0212,2026-06,27-06-2026,8700,2175,870,1600,0,0,13345,1060.31,1277.81,391.5,0,0,1451.81,11893.19,Bank Transfer,SAR
PAY-007516,EMP-0213,2026-06,27-06-2026,3650,913,365,0,25.5,581.72,5509.72,444.89,536.15,0,0,0,444.89,5064.83,Bank Transfer,SAR
PAY-007517,EMP-0214,2026-06,27-06-2026,3250,813,325,0,0,0,4388,396.14,477.4,0,0,70,466.14,3921.86,Bank Transfer,SAR
PAY-007518,EMP-0215,2026-06,27-06-2026,3300,825,330,0,0,0,4455,0,82.5,0,0,400,400,4055,Bank Transfer,SAR
PAY-007519,EMP-0216,2026-06,27-06-2026,7650,1913,765,0,24,1147.5,11475.5,932.39,1123.65,0,0,0,932.39,10543.11,Bank Transfer,SAR
PAY-007520,EMP-0217,2026-06,27-06-2026,3450,863,345,0,0,0,4658,0,86.26,0,0,0,0,4658,Bank Transfer,SAR
PAY-007521,EMP-0218,2026-06,27-06-2026,4200,1050,420,0,13,341.25,6011.25,0,105,189,0,470,659,5352.25,Bank Transfer,SAR
PAY-007522,EMP-0219,2026-06,27-06-2026,3500,875,350,0,3,65.63,4790.63,426.56,514.06,0,0,0,426.56,4364.07,Bank Transfer,SAR
PAY-007523,EMP-0220,2026-06,27-06-2026,3950,988,395,0,0,0,5333,481.46,580.21,177.77,0,0,659.23,4673.77,Bank Transfer,SAR
PAY-007524,EMP-0221,2026-06,27-06-2026,25950,6488,1200,1200,0,0,34838,3162.71,3811.46,0,0,0,3162.71,31675.29,Bank Transfer,SAR
PAY-007525,EMP-0222,2026-06,27-06-2026,3700,925,370,0,0,0,4995,0,92.5,166.5,0,0,166.5,4828.5,Bank Transfer,SAR
PAY-007526,EMP-0223,2026-06,27-06-2026,7500,1875,750,2150,9,421.88,12696.88,0,187.5,0,0,0,0,12696.88,Bank Transfer,SAR
PAY-007527,EMP-0224,2026-06,27-06-2026,7900,1975,790,0,21.5,1061.56,11726.56,962.81,1160.31,0,0,0,962.81,10763.75,Bank Transfer,SAR
PAY-007528,EMP-0225,2026-06,27-06-2026,11800,2950,1180,0,0,0,15930,1438.13,1733.13,0,0,0,1438.13,14491.87,Bank Transfer,SAR
PAY-007529,EMP-0226,2026-06,27-06-2026,3350,838,335,1050,20.5,429.22,6002.22,0,83.76,0,0,0,0,6002.22,Bank Transfer,SAR
PAY-007530,EMP-0228,2026-06,27-06-2026,4400,1100,440,500,0,0,6440,0,110,0,0,0,0,6440,Bank Transfer,SAR
PAY-007531,EMP-0229,2026-06,27-06-2026,3550,888,355,0,9.5,210.78,5003.78,0,88.76,0,0,0,0,5003.78,Bank Transfer,SAR
PAY-007532,EMP-0230,2026-06,27-06-2026,4650,1163,465,0,0,0,6278,566.77,683.03,209.27,0,0,776.04,5501.96,Bank Transfer,SAR
PAY-007533,EMP-0231,2026-06,27-06-2026,4450,1113,445,0,20,556.25,6564.25,0,111.26,0,0,0,0,6564.25,Bank Transfer,SAR
PAY-007534,EMP-0232,2026-06,27-06-2026,4300,1075,430,0,14.5,389.69,6194.69,0,107.5,0,0,0,0,6194.69,Bank Transfer,SAR
PAY-007535,EMP-0233,2026-06,27-06-2026,4300,1075,430,1250,17,456.88,7511.88,0,107.5,0,0,0,0,7511.88,WPS Transfer,SAR
PAY-007536,EMP-0234,2026-06,27-06-2026,10700,2675,1070,1950,5.5,367.81,16762.81,0,267.5,0,0,0,0,16762.81,Bank Transfer,SAR
PAY-007537,EMP-0236,2026-06,27-06-2026,3250,813,325,0,0,0,4388,0,81.26,0,0,0,0,4388,Bank Transfer,SAR
PAY-007538,EMP-0237,2026-06,27-06-2026,4050,1013,405,0,0,0,5468,493.64,594.9,0,800,0,1293.64,4174.36,Bank Transfer,SAR
PAY-007539,EMP-0238,2026-06,27-06-2026,8750,2188,875,0,0,0,11813,0,218.76,0,0,0,0,11813,Bank Transfer,SAR
PAY-007540,EMP-0239,2026-06,27-06-2026,8650,2163,865,1950,0,0,13628,0,216.26,0,1900,0,1900,11728,Bank Transfer,SAR
PAY-007541,EMP-0240,2026-06,27-06-2026,3550,888,355,500,8.5,188.59,5481.59,0,88.76,0,0,0,0,5481.59,Bank Transfer,SAR
PAY-007542,EMP-0241,2026-06,27-06-2026,11250,2813,1125,2300,18,1265.63,18753.63,1371.14,1652.4,0,0,0,1371.14,17382.49,WPS Transfer,SAR
PAY-007543,EMP-0242,2026-06,27-06-2026,3500,875,350,0,0,0,4725,426.56,514.06,315,0,0,741.56,3983.44,WPS Transfer,SAR
PAY-007544,EMP-0243,2026-06,27-06-2026,3350,838,335,0,0,0,4523,0,83.76,0,0,0,0,4523,Bank Transfer,SAR
PAY-007545,EMP-0244,2026-06,27-06-2026,8550,2138,855,0,0,0,11543,1042.08,1255.84,0,0,0,1042.08,10500.92,Bank Transfer,SAR
PAY-007546,EMP-0245,2026-06,27-06-2026,4100,1025,410,2300,0,0,7835,499.69,602.19,0,0,0,499.69,7335.31,Bank Transfer,SAR
PAY-007547,EMP-0246,2026-06,27-06-2026,4600,1150,460,0,23.5,675.63,6885.63,560.63,675.63,0,0,0,560.63,6325,Bank Transfer,SAR
PAY-007548,EMP-0247,2026-06,27-06-2026,3850,963,385,0,0,0,5198,0,96.26,0,700,0,700,4498,Bank Transfer,SAR
PAY-007549,EMP-0248,2026-06,27-06-2026,8500,2125,850,1900,22.5,1195.31,14570.31,1035.94,1248.44,0,0,0,1035.94,13534.37,Bank Transfer,SAR
PAY-007550,EMP-0249,2026-06,27-06-2026,8600,2150,860,2350,0,0,13960,0,215,0,0,0,0,13960,Bank Transfer,SAR
PAY-007551,EMP-0250,2026-06,27-06-2026,3950,988,395,0,0,0,5333,0,98.76,0,0,140,140,5193,Bank Transfer,SAR
PAY-007552,EMP-0251,2026-06,27-06-2026,4500,1125,450,0,0,0,6075,548.44,660.94,0,0,0,548.44,5526.56,Bank Transfer,SAR
PAY-007553,EMP-0252,2026-06,27-06-2026,7200,1800,720,0,0,0,9720,877.5,1057.5,0,0,0,877.5,8842.5,Bank Transfer,SAR
PAY-007554,EMP-0253,2026-06,27-06-2026,4350,1088,435,0,21.5,584.53,6457.53,530.21,638.96,0,0,0,530.21,5927.32,Bank Transfer,SAR
PAY-007555,EMP-0254,2026-06,27-06-2026,3200,800,320,2150,15,300,6770,390,470,0,0,0,390,6380,Bank Transfer,SAR
PAY-007556,EMP-0255,2026-06,27-06-2026,9650,2413,965,600,0,0,13628,1176.14,1417.4,0,0,0,1176.14,12451.86,Bank Transfer,SAR
PAY-007557,EMP-0256,2026-06,27-06-2026,3400,850,340,2300,0,0,6890,0,85,0,0,340,340,6550,Bank Transfer,SAR
PAY-007558,EMP-0257,2026-06,27-06-2026,9150,2288,915,0,0,0,12353,0,228.76,0,0,0,0,12353,Bank Transfer,SAR
PAY-007559,EMP-0258,2026-06,27-06-2026,4400,1100,440,1900,12,330,8170,0,110,0,0,0,0,8170,Bank Transfer,SAR
PAY-007560,EMP-0259,2026-06,27-06-2026,3600,900,360,700,0,0,5560,438.75,528.75,0,0,0,438.75,5121.25,Bank Transfer,SAR
PAY-007561,EMP-0260,2026-06,27-06-2026,10550,2638,1055,1200,0,0,15443,0,263.76,0,0,0,0,15443,Bank Transfer,SAR
PAY-007562,EMP-0261,2026-06,27-06-2026,7450,1863,745,0,4,186.25,10244.25,0,186.26,0,0,0,0,10244.25,Bank Transfer,SAR
PAY-007563,EMP-0262,2026-06,27-06-2026,4450,1113,445,0,0,0,6008,542.39,653.65,0,0,0,542.39,5465.61,Bank Transfer,SAR
PAY-007564,EMP-0263,2026-06,27-06-2026,11700,2925,1170,0,0,0,15795,1425.94,1718.44,0,0,0,1425.94,14369.06,Bank Transfer,SAR
PAY-007565,EMP-0264,2026-06,27-06-2026,4500,1125,450,0,0,0,6075,548.44,660.94,0,0,0,548.44,5526.56,Bank Transfer,SAR
PAY-007566,EMP-0265,2026-06,27-06-2026,8850,2213,885,0,23,1272.19,13220.19,0,221.26,0,0,0,0,13220.19,WPS Transfer,SAR
PAY-007567,EMP-0266,2026-06,27-06-2026,8900,2225,890,250,25.5,1418.44,13683.44,1084.69,1307.19,0,0,0,1084.69,12598.75,Bank Transfer,SAR
PAY-007568,EMP-0267,2026-06,27-06-2026,9150,2288,915,1450,0,0,13803,0,228.76,0,0,0,0,13803,Bank Transfer,SAR
PAY-007569,EMP-0268,2026-06,27-06-2026,4300,1075,430,2400,0,0,8205,0,107.5,0,0,0,0,8205,Bank Transfer,SAR
PAY-007570,EMP-0269,2026-06,27-06-2026,4450,1113,445,0,19.5,542.34,6550.34,0,111.26,0,0,0,0,6550.34,WPS Transfer,SAR
PAY-007571,EMP-0270,2026-06,27-06-2026,4550,1138,455,0,0,0,6143,554.58,668.34,0,0,0,554.58,5588.42,Bank Transfer,SAR
PAY-007572,EMP-0271,2026-06,27-06-2026,26350,6588,1200,0,0,0,34138,0,658.76,0,1000,0,1000,33138,Bank Transfer,SAR
PAY-007573,EMP-0272,2026-06,27-06-2026,4200,1050,420,0,0,0,5670,0,105,0,0,0,0,5670,Bank Transfer,SAR
PAY-007574,EMP-0274,2026-06,27-06-2026,10550,2638,1055,0,0,0,14243,0,263.76,474.77,0,0,474.77,13768.23,Bank Transfer,SAR
PAY-007575,EMP-0275,2026-06,27-06-2026,13900,3475,1200,0,0,0,18575,1694.06,2041.56,0,0,0,1694.06,16880.94,Bank Transfer,SAR
PAY-007576,EMP-0276,2026-06,27-06-2026,13450,3363,1200,0,17,1429.06,19442.06,0,336.26,0,0,0,0,19442.06,WPS Transfer,SAR
PAY-007577,EMP-0277,2026-06,27-06-2026,8700,2175,870,0,0,0,11745,1060.31,1277.81,0,0,0,1060.31,10684.69,Bank Transfer,SAR
PAY-007578,EMP-0278,2026-06,27-06-2026,10350,2588,1035,0,20.5,1326.09,15299.09,1261.46,1520.22,0,0,0,1261.46,14037.63,Bank Transfer,SAR
PAY-007579,EMP-0279,2026-06,27-06-2026,10300,2575,1030,0,7,450.63,14355.63,1255.31,1512.81,0,0,0,1255.31,13100.32,Bank Transfer,SAR
PAY-007580,EMP-0280,2026-06,27-06-2026,4350,1088,435,0,0,0,5873,0,108.76,0,0,0,0,5873,Bank Transfer,SAR
PAY-007581,EMP-0281,2026-06,27-06-2026,4350,1088,435,0,13,353.44,6226.44,0,108.76,0,1200,0,1200,5026.44,Bank Transfer,SAR
PAY-007582,EMP-0282,2026-06,27-06-2026,8750,2188,875,0,18.5,1011.72,12824.72,1066.46,1285.21,0,350,0,1416.46,11408.26,Bank Transfer,SAR
PAY-007583,EMP-0283,2026-06,27-06-2026,3650,913,365,2000,19.5,444.84,7372.84,0,91.26,0,0,0,0,7372.84,Bank Transfer,SAR
PAY-007584,EMP-0284,2026-06,27-06-2026,3400,850,340,0,0,0,4590,0,85,0,0,0,0,4590,Bank Transfer,SAR
PAY-007585,EMP-0285,2026-06,27-06-2026,8900,2225,890,0,0,0,12015,0,222.5,0,0,0,0,12015,Bank Transfer,SAR
PAY-007586,EMP-0286,2026-06,27-06-2026,3900,975,390,0,0,0,5265,0,97.5,0,0,140,140,5125,Bank Transfer,SAR
PAY-007587,EMP-0287,2026-06,27-06-2026,8850,2213,885,0,6,331.88,12279.88,0,221.26,0,0,0,0,12279.88,Bank Transfer,SAR
PAY-007588,EMP-0290,2026-06,27-06-2026,3950,988,395,600,15.5,382.66,6315.66,481.46,580.21,355.53,0,0,836.99,5478.67,Bank Transfer,SAR
PAY-007589,EMP-0292,2026-06,27-06-2026,4750,1188,475,0,8.5,252.34,6665.34,578.96,697.71,0,0,0,578.96,6086.38,Bank Transfer,SAR
PAY-007590,EMP-0293,2026-06,27-06-2026,8500,2125,850,1400,16.5,876.56,13751.56,1035.94,1248.44,0,0,0,1035.94,12715.62,Bank Transfer,SAR
PAY-007591,EMP-0294,2026-06,27-06-2026,4400,1100,440,0,23.5,646.25,6586.25,536.25,646.25,0,0,0,536.25,6050,Bank Transfer,SAR
PAY-007592,EMP-0295,2026-06,27-06-2026,11000,2750,1100,0,0,0,14850,0,275,0,0,0,0,14850,Bank Transfer,SAR
PAY-007593,EMP-0296,2026-06,27-06-2026,15050,3763,1200,0,0,0,20013,1834.27,2210.53,0,0,0,1834.27,18178.73,Bank Transfer,SAR
PAY-007594,EMP-0297,2026-06,27-06-2026,4400,1100,440,0,3,82.5,6022.5,536.25,646.25,396,0,0,932.25,5090.25,Bank Transfer,SAR
PAY-007595,EMP-0298,2026-06,27-06-2026,4650,1163,465,0,0,0,6278,0,116.26,0,2250,0,2250,4028,Bank Transfer,SAR
PAY-007596,EMP-0299,2026-06,27-06-2026,4600,1150,460,0,0,0,6210,0,115,0,0,0,0,6210,WPS Transfer,SAR
PAY-007597,EMP-0301,2026-06,27-06-2026,8700,2175,870,1050,0,0,12795,0,217.5,0,0,0,0,12795,Bank Transfer,SAR
PAY-007598,EMP-0302,2026-06,27-06-2026,10200,2550,1020,450,0,0,14220,0,255,0,0,0,0,14220,Bank Transfer,SAR
PAY-007599,EMP-0303,2026-06,27-06-2026,9200,2300,920,700,0,0,13120,0,230,0,0,0,0,13120,Bank Transfer,SAR
PAY-007600,EMP-0305,2026-06,27-06-2026,3850,963,385,0,0,0,5198,469.27,565.53,0,0,0,469.27,4728.73,Bank Transfer,SAR
PAY-007601,EMP-0306,2026-06,27-06-2026,4800,1200,480,0,19,570,7050,0,120,0,700,500,1200,5850,Bank Transfer,SAR
PAY-007602,EMP-0307,2026-06,27-06-2026,9450,2363,945,0,0,0,12758,0,236.26,0,0,0,0,12758,Bank Transfer,SAR
PAY-007603,EMP-0308,2026-06,27-06-2026,10900,2725,1090,0,0,0,14715,0,272.5,0,0,0,0,14715,Bank Transfer,SAR
PAY-007604,EMP-0309,2026-06,27-06-2026,3800,950,380,0,0,0,5130,0,95,0,0,0,0,5130,Bank Transfer,SAR
PAY-007605,EMP-0310,2026-06,27-06-2026,10450,2613,1045,0,0,0,14108,0,261.26,0,0,0,0,14108,Bank Transfer,SAR
PAY-007606,EMP-0311,2026-06,27-06-2026,15900,3975,1200,0,0,0,21075,0,397.5,0,0,0,0,21075,Bank Transfer,SAR
PAY-007607,EMP-0312,2026-06,27-06-2026,14350,3588,1200,0,0,0,19138,0,358.76,0,0,0,0,19138,Bank Transfer,SAR
PAY-007608,EMP-0313,2026-06,27-06-2026,11900,2975,1190,0,0,0,16065,0,297.5,0,0,0,0,16065,Bank Transfer,SAR
PAY-007609,EMP-0314,2026-06,27-06-2026,3650,913,365,400,0,0,5328,444.89,536.15,0,0,0,444.89,4883.11,Bank Transfer,SAR
PAY-007610,EMP-0315,2026-06,27-06-2026,11600,2900,1160,0,0,0,15660,1413.75,1703.75,0,1550,0,2963.75,12696.25,Bank Transfer,SAR
PAY-007611,EMP-0316,2026-06,27-06-2026,15200,3800,1200,0,0,0,20200,0,380,0,0,0,0,20200,Bank Transfer,SAR
PAY-007612,EMP-0317,2026-06,27-06-2026,4250,1063,425,2200,25.5,677.34,8615.34,518.02,624.28,0,0,0,518.02,8097.32,Bank Transfer,SAR
PAY-007613,EMP-0318,2026-06,27-06-2026,4100,1025,410,0,0,0,5535,499.69,602.19,0,0,0,499.69,5035.31,Bank Transfer,SAR
PAY-007614,EMP-0319,2026-06,27-06-2026,4300,1075,430,1800,11.5,309.06,7914.06,0,107.5,0,0,0,0,7914.06,Bank Transfer,SAR
PAY-007615,EMP-0320,2026-06,27-06-2026,8750,2188,875,0,10.5,574.22,12387.22,0,218.76,0,0,0,0,12387.22,Bank Transfer,SAR
PAY-007616,EMP-0321,2026-06,27-06-2026,21300,5325,1200,0,0,0,27825,2595.94,3128.44,0,0,0,2595.94,25229.06,WPS Transfer,SAR
PAY-007617,EMP-0322,2026-06,27-06-2026,8700,2175,870,1600,0,0,13345,1060.31,1277.81,0,0,0,1060.31,12284.69,Bank Transfer,SAR
PAY-007618,EMP-0323,2026-06,27-06-2026,12050,3013,1200,0,17,1280.31,17543.31,0,301.26,1084.2,0,0,1084.2,16459.11,WPS Transfer,SAR
PAY-007619,EMP-0324,2026-06,27-06-2026,6100,1525,610,0,25,953.13,9188.13,0,152.5,0,0,0,0,9188.13,Bank Transfer,SAR
PAY-007620,EMP-0325,2026-06,27-06-2026,11300,2825,1130,0,0,0,15255,0,282.5,0,0,0,0,15255,Bank Transfer,SAR
PAY-007621,EMP-0326,2026-06,27-06-2026,5000,1250,500,2250,10.5,328.13,9328.13,0,125,0,2350,0,2350,6978.13,Bank Transfer,SAR
PAY-007622,EMP-0327,2026-06,27-06-2026,9400,2350,940,0,0,0,12690,0,235,0,0,0,0,12690,Bank Transfer,SAR
PAY-007623,EMP-0328,2026-06,27-06-2026,10850,2713,1085,0,0,0,14648,1322.39,1593.65,0,0,0,1322.39,13325.61,Bank Transfer,SAR
PAY-007624,EMP-0329,2026-06,27-06-2026,10700,2675,1070,0,0,0,14445,0,267.5,0,0,0,0,14445,Bank Transfer,SAR
PAY-007625,EMP-0330,2026-06,27-06-2026,6500,1625,650,2250,17.5,710.94,11735.94,0,162.5,292.5,0,0,292.5,11443.44,Bank Transfer,SAR
PAY-007626,EMP-0332,2026-06,27-06-2026,5350,1338,535,0,4,133.75,7356.75,652.08,785.84,0,0,0,652.08,6704.67,Bank Transfer,SAR
PAY-007627,EMP-0333,2026-06,27-06-2026,4700,1175,470,0,26,763.75,7108.75,0,117.5,0,900,0,900,6208.75,Bank Transfer,SAR
PAY-007628,EMP-0334,2026-06,27-06-2026,15550,3888,1200,0,0,0,20638,0,388.76,687.93,0,0,687.93,19950.07,Bank Transfer,SAR
PAY-007629,EMP-0335,2026-06,27-06-2026,12650,3163,1200,0,14,1106.88,18119.88,0,316.26,0,0,0,0,18119.88,Bank Transfer,SAR
PAY-007630,EMP-0336,2026-06,27-06-2026,5000,1250,500,0,20,625,7375,0,125,0,0,0,0,7375,Bank Transfer,SAR
PAY-007631,EMP-0337,2026-06,27-06-2026,8750,2188,875,1700,0,0,13513,1066.46,1285.21,0,0,0,1066.46,12446.54,Bank Transfer,SAR
PAY-007632,EMP-0338,2026-06,27-06-2026,11550,2888,1155,0,11,794.06,16387.06,0,288.76,0,0,0,0,16387.06,Bank Transfer,SAR
PAY-007633,EMP-0339,2026-06,27-06-2026,12400,3100,1200,300,15,1162.5,18162.5,1511.25,1821.25,0,0,0,1511.25,16651.25,Bank Transfer,SAR
PAY-007634,EMP-0340,2026-06,27-06-2026,11200,2800,1120,0,0,0,15120,0,280,0,0,0,0,15120,Bank Transfer,SAR
PAY-007635,EMP-0341,2026-06,27-06-2026,4900,1225,490,0,0,0,6615,0,122.5,0,0,0,0,6615,Bank Transfer,SAR
PAY-007636,EMP-0342,2026-06,27-06-2026,8500,2125,850,0,0,0,11475,1035.94,1248.44,765,0,0,1800.94,9674.06,Bank Transfer,SAR
PAY-007637,EMP-0344,2026-06,27-06-2026,11000,2750,1100,0,0,0,14850,0,275,0,0,0,0,14850,WPS Transfer,SAR
PAY-007638,EMP-0346,2026-06,27-06-2026,4850,1213,485,1150,13,394.06,8092.06,591.14,712.4,0,0,0,591.14,7500.92,Bank Transfer,SAR
PAY-007639,EMP-0347,2026-06,27-06-2026,5550,1388,555,2300,5,173.44,9966.44,0,138.76,0,0,0,0,9966.44,Bank Transfer,SAR
PAY-007640,EMP-0348,2026-06,27-06-2026,11200,2800,1120,550,0,0,15670,1365,1645,0,950,0,2315,13355,Bank Transfer,SAR
PAY-007641,EMP-0349,2026-06,27-06-2026,10850,2713,1085,0,3,203.44,14851.44,0,271.26,0,0,0,0,14851.44,Bank Transfer,SAR
PAY-007642,EMP-0352,2026-06,27-06-2026,10200,2550,1020,0,10,637.5,14407.5,0,255,0,0,0,0,14407.5,Bank Transfer,SAR
PAY-007643,EMP-0353,2026-06,27-06-2026,10650,2663,1065,0,20,1331.25,15709.25,1298.02,1564.28,0,0,0,1298.02,14411.23,Bank Transfer,SAR
PAY-007644,EMP-0355,2026-06,27-06-2026,4700,1175,470,0,0,0,6345,0,117.5,0,0,0,0,6345,Bank Transfer,SAR
PAY-007645,EMP-0356,2026-06,27-06-2026,5700,1425,570,0,0,0,7695,694.69,837.19,0,450,0,1144.69,6550.31,Bank Transfer,SAR
PAY-007646,EMP-0357,2026-06,27-06-2026,12700,3175,1200,0,0,0,17075,0,317.5,0,0,0,0,17075,Bank Transfer,SAR
PAY-007647,EMP-0358,2026-06,27-06-2026,6500,1625,650,1950,0,0,10725,792.19,954.69,0,0,0,792.19,9932.81,Bank Transfer,SAR
PAY-007648,EMP-0359,2026-06,27-06-2026,4550,1138,455,0,9.5,270.16,6413.16,554.58,668.34,0,1050,0,1604.58,4808.58,Bank Transfer,SAR
PAY-007649,EMP-0360,2026-06,27-06-2026,15300,3825,1200,0,0,0,20325,0,382.5,0,0,0,0,20325,Bank Transfer,SAR
PAY-007650,EMP-0361,2026-06,27-06-2026,28350,7088,1200,0,0,0,36638,0,708.76,0,900,0,900,35738,Bank Transfer,SAR
PAY-007651,EMP-0363,2026-06,27-06-2026,6900,1725,690,400,0,0,9715,840.94,1013.44,0,0,0,840.94,8874.06,Bank Transfer,SAR
PAY-007652,EMP-0364,2026-06,27-06-2026,6050,1513,605,0,0,0,8168,737.39,888.65,272.27,1100,0,2109.66,6058.34,Bank Transfer,SAR
PAY-007653,EMP-0365,2026-06,27-06-2026,20850,5213,1200,0,0,0,27263,0,521.26,908.77,0,0,908.77,26354.23,Bank Transfer,SAR
PAY-007654,EMP-0366,2026-06,27-06-2026,12100,3025,1200,0,20.5,1550.31,17875.31,1474.69,1777.19,544.17,0,0,2018.86,15856.45,Bank Transfer,SAR
PAY-007655,EMP-0367,2026-06,27-06-2026,8500,2125,850,750,0,0,12225,0,212.5,0,0,0,0,12225,Bank Transfer,SAR
PAY-007656,EMP-0368,2026-06,27-06-2026,26850,6713,1200,0,0,0,34763,0,671.26,2317.53,0,0,2317.53,32445.47,Bank Transfer,SAR
PAY-007657,EMP-0369,2026-06,27-06-2026,7050,1763,705,2100,0,0,11618,859.27,1035.53,0,0,0,859.27,10758.73,Bank Transfer,SAR
PAY-007658,EMP-0370,2026-06,27-06-2026,7150,1788,715,0,21.5,960.78,10613.78,871.46,1050.21,0,800,0,1671.46,8942.32,WPS Transfer,SAR
PAY-007659,EMP-0371,2026-06,27-06-2026,11150,2788,1115,0,14.5,1010.47,16063.47,0,278.76,0,0,0,0,16063.47,Bank Transfer,SAR
PAY-007660,EMP-0373,2026-06,27-06-2026,26000,6500,1200,0,0,0,33700,3168.75,3818.75,0,0,0,3168.75,30531.25,Bank Transfer,SAR
PAY-007661,EMP-0374,2026-06,27-06-2026,8650,2163,865,0,12,648.75,12326.75,0,216.26,0,0,0,0,12326.75,Bank Transfer,SAR
PAY-007662,EMP-0375,2026-06,27-06-2026,9600,2400,960,0,23,1380,14340,0,240,0,0,0,0,14340,Bank Transfer,SAR
PAY-007663,EMP-0377,2026-06,27-06-2026,15650,3913,1200,0,0,0,20763,0,391.26,0,0,270,270,20493,Bank Transfer,SAR
PAY-007664,EMP-0378,2026-06,27-06-2026,12300,3075,1200,2500,14.5,1114.69,20189.69,0,307.5,0,0,0,0,20189.69,Bank Transfer,SAR
PAY-007665,EMP-0379,2026-06,27-06-2026,16750,4188,1200,0,0,0,22138,2041.46,2460.21,1475.87,0,0,3517.33,18620.67,WPS Transfer,SAR
PAY-007666,EMP-0380,2026-06,27-06-2026,12150,3038,1200,0,0,0,16388,1480.83,1784.59,0,800,0,2280.83,14107.17,Bank Transfer,SAR
PAY-007667,EMP-0381,2026-06,27-06-2026,8300,2075,830,0,0,0,11205,1011.56,1219.06,0,0,0,1011.56,10193.44,Bank Transfer,SAR
PAY-007668,EMP-0382,2026-06,27-06-2026,12900,3225,1200,0,0,0,17325,1572.19,1894.69,0,0,0,1572.19,15752.81,Bank Transfer,SAR
PAY-007669,EMP-0383,2026-06,27-06-2026,8250,2063,825,0,0,0,11138,1005.52,1211.78,0,0,0,1005.52,10132.48,Bank Transfer,SAR
PAY-007670,EMP-0384,2026-06,27-06-2026,13550,3388,1200,0,5,423.44,18561.44,0,338.76,0,0,0,0,18561.44,Bank Transfer,SAR
PAY-007671,EMP-0385,2026-06,27-06-2026,6650,1663,665,1550,10.5,436.41,10964.41,810.52,976.78,0,0,0,810.52,10153.89,Bank Transfer,SAR
PAY-007672,EMP-0386,2026-06,27-06-2026,7800,1950,780,0,10.5,511.88,11041.88,950.63,1145.63,0,0,0,950.63,10091.25,Bank Transfer,SAR
PAY-007673,EMP-0387,2026-06,27-06-2026,7700,1925,770,0,0,0,10395,938.44,1130.94,346.5,0,0,1284.94,9110.06,Bank Transfer,SAR
PAY-007674,EMP-0388,2026-06,27-06-2026,8300,2075,830,0,13.5,700.31,11905.31,1011.56,1219.06,0,0,0,1011.56,10893.75,Bank Transfer,SAR
PAY-007675,EMP-0389,2026-06,27-06-2026,8650,2163,865,1800,12,648.75,14126.75,0,216.26,1557.07,0,0,1557.07,12569.68,Bank Transfer,SAR
PAY-007676,EMP-0390,2026-06,27-06-2026,6250,1563,625,0,0,0,8438,0,156.26,0,0,0,0,8438,Bank Transfer,SAR
PAY-007677,EMP-0391,2026-06,27-06-2026,11600,2900,1160,0,8,580,16240,1413.75,1703.75,0,0,0,1413.75,14826.25,Bank Transfer,SAR
PAY-007678,EMP-0393,2026-06,27-06-2026,8700,2175,870,0,0,0,11745,0,217.5,0,0,0,0,11745,Bank Transfer,SAR
PAY-007679,EMP-0394,2026-06,27-06-2026,11350,2838,1135,0,0,0,15323,0,283.76,0,0,350,350,14973,Bank Transfer,SAR
PAY-007680,EMP-0395,2026-06,27-06-2026,26050,6513,1200,0,0,0,33763,0,651.26,0,0,0,0,33763,Bank Transfer,SAR
PAY-007681,EMP-0396,2026-06,27-06-2026,28150,7038,1200,0,0,0,36388,3430.83,4134.59,0,0,0,3430.83,32957.17,Bank Transfer,SAR
PAY-007682,EMP-0397,2026-06,27-06-2026,19150,4788,1200,0,23.5,2812.66,27950.66,0,478.76,0,0,0,0,27950.66,Bank Transfer,SAR
PAY-007683,EMP-0398,2026-06,27-06-2026,12000,3000,1200,0,0,0,16200,1462.5,1762.5,0,0,0,1462.5,14737.5,Bank Transfer,SAR
PAY-007684,EMP-0399,2026-06,27-06-2026,5350,1338,535,0,0,0,7223,0,133.76,0,1850,0,1850,5373,Bank Transfer,SAR
PAY-007685,EMP-0400,2026-06,27-06-2026,5050,1263,505,0,0,0,6818,0,126.26,0,0,0,0,6818,Bank Transfer,SAR
PAY-007686,EMP-0401,2026-06,27-06-2026,5000,1250,500,450,8.5,265.63,7465.63,0,125,225,0,50,275,7190.63,Bank Transfer,SAR
PAY-007687,EMP-0402,2026-06,27-06-2026,13000,3250,1200,1300,0,0,18750,0,325,0,0,0,0,18750,Bank Transfer,SAR
PAY-007688,EMP-0403,2026-06,27-06-2026,8750,2188,875,0,0,0,11813,1066.46,1285.21,0,0,0,1066.46,10746.54,Bank Transfer,SAR
PAY-007689,EMP-0404,2026-06,27-06-2026,4900,1225,490,0,19.5,597.19,7212.19,597.19,719.69,0,0,0,597.19,6615,Bank Transfer,SAR
PAY-007690,EMP-0406,2026-06,27-06-2026,12400,3100,1200,0,9.5,736.25,17436.25,1511.25,1821.25,0,0,0,1511.25,15925,Bank Transfer,SAR
PAY-007691,EMP-0407,2026-06,27-06-2026,6150,1538,615,0,13.5,518.91,8821.91,0,153.76,0,0,0,0,8821.91,Bank Transfer,SAR
PAY-007692,EMP-0409,2026-06,27-06-2026,5450,1363,545,0,0,0,7358,664.27,800.53,0,0,0,664.27,6693.73,Bank Transfer,SAR
PAY-007693,EMP-0410,2026-06,27-06-2026,6300,1575,630,0,0,0,8505,767.81,925.31,0,0,0,767.81,7737.19,Bank Transfer,SAR
PAY-007694,EMP-0411,2026-06,27-06-2026,9350,2338,935,0,26,1519.38,14142.38,1139.58,1373.34,0,0,0,1139.58,13002.8,Bank Transfer,SAR
PAY-007695,EMP-0414,2026-06,27-06-2026,6300,1575,630,0,0,0,8505,0,157.5,0,0,0,0,8505,Bank Transfer,SAR
PAY-007696,EMP-0415,2026-06,27-06-2026,5800,1450,580,0,0,0,7830,706.88,851.88,0,800,470,1976.88,5853.12,Bank Transfer,SAR
PAY-007697,EMP-0416,2026-06,27-06-2026,4600,1150,460,0,0,0,6210,560.63,675.63,207,0,0,767.63,5442.37,Bank Transfer,SAR
PAY-007698,EMP-0417,2026-06,27-06-2026,5900,1475,590,0,17.5,645.31,8610.31,719.06,866.56,0,0,0,719.06,7891.25,Bank Transfer,SAR
PAY-007699,EMP-0418,2026-06,27-06-2026,9950,2488,995,0,7,435.31,13868.31,1212.71,1461.47,0,1000,0,2212.71,11655.6,Bank Transfer,SAR
PAY-007700,EMP-0419,2026-06,27-06-2026,5850,1463,585,0,0,0,7898,713.02,859.28,0,0,0,713.02,7184.98,Bank Transfer,SAR
PAY-007701,EMP-0420,2026-06,27-06-2026,4700,1175,470,0,7.5,220.31,6565.31,572.81,690.31,423,350,0,1345.81,5219.5,Bank Transfer,SAR
PAY-007702,EMP-0422,2026-06,27-06-2026,9200,2300,920,2350,0,0,14770,1121.25,1351.25,0,0,0,1121.25,13648.75,Bank Transfer,SAR
PAY-007703,EMP-0424,2026-06,27-06-2026,17650,4413,1200,0,0,0,23263,2151.14,2592.4,0,800,0,2951.14,20311.86,Bank Transfer,SAR
PAY-007704,EMP-0425,2026-06,27-06-2026,5950,1488,595,0,7,260.31,8293.31,0,148.76,0,0,0,0,8293.31,Bank Transfer,SAR
PAY-007705,EMP-0426,2026-06,27-06-2026,29150,7288,1200,0,0,0,37638,0,728.76,0,0,0,0,37638,Bank Transfer,SAR
PAY-007706,EMP-0427,2026-06,27-06-2026,7750,1938,775,1600,4,193.75,12256.75,0,193.76,0,1550,0,1550,10706.75,WPS Transfer,SAR
PAY-007707,EMP-0428,2026-06,27-06-2026,10850,2713,1085,0,0,0,14648,0,271.26,0,0,0,0,14648,Bank Transfer,SAR
PAY-007708,EMP-0429,2026-06,27-06-2026,8300,2075,830,0,13,674.38,11879.38,0,207.5,0,0,0,0,11879.38,Bank Transfer,SAR
PAY-007709,EMP-0430,2026-06,27-06-2026,6400,1600,640,0,13.5,540,9180,0,160,0,0,0,0,9180,Bank Transfer,SAR
PAY-007710,EMP-0431,2026-06,27-06-2026,8450,2113,845,0,0,0,11408,0,211.26,0,0,0,0,11408,Bank Transfer,SAR
PAY-007711,EMP-0432,2026-06,27-06-2026,8650,2163,865,0,3.5,189.22,11867.22,1054.27,1270.53,0,0,0,1054.27,10812.95,WPS Transfer,SAR
PAY-007712,EMP-0433,2026-06,27-06-2026,16100,4025,1200,0,7.5,754.69,22079.69,0,402.5,710.83,0,0,710.83,21368.86,Bank Transfer,SAR
PAY-007713,EMP-0434,2026-06,27-06-2026,12250,3063,1200,0,0,0,16513,0,306.26,0,0,0,0,16513,Bank Transfer,SAR
PAY-007714,EMP-0435,2026-06,27-06-2026,8750,2188,875,0,0,0,11813,1066.46,1285.21,0,0,0,1066.46,10746.54,WPS Transfer,SAR
PAY-007715,EMP-0436,2026-06,27-06-2026,7450,1863,745,0,0,0,10058,0,186.26,0,1700,0,1700,8358,Bank Transfer,SAR
PAY-007716,EMP-0437,2026-06,27-06-2026,6950,1738,695,1150,0,0,10533,0,173.76,0,0,0,0,10533,WPS Transfer,SAR
PAY-007717,EMP-0438,2026-06,27-06-2026,8900,2225,890,0,20,1112.5,13127.5,0,222.5,0,0,0,0,13127.5,Bank Transfer,SAR
PAY-007718,EMP-0439,2026-06,27-06-2026,6250,1563,625,0,0,0,8438,0,156.26,0,0,0,0,8438,Bank Transfer,SAR
PAY-007719,EMP-0440,2026-06,27-06-2026,6800,1700,680,0,0,0,9180,0,170,0,0,0,0,9180,Bank Transfer,SAR
PAY-007720,EMP-0441,2026-06,27-06-2026,16850,4213,1200,0,0,0,22263,2053.64,2474.9,0,0,0,2053.64,20209.36,Bank Transfer,SAR
PAY-007721,EMP-0442,2026-06,27-06-2026,7800,1950,780,0,0,0,10530,950.63,1145.63,0,0,0,950.63,9579.37,Bank Transfer,SAR
PAY-007722,EMP-0443,2026-06,27-06-2026,9850,2463,985,2400,0,0,15698,0,246.26,0,0,0,0,15698,Bank Transfer,SAR
PAY-007723,EMP-0444,2026-06,27-06-2026,8500,2125,850,0,0,0,11475,1035.94,1248.44,0,0,0,1035.94,10439.06,Bank Transfer,SAR
PAY-007724,EMP-0445,2026-06,27-06-2026,10900,2725,1090,0,24.5,1669.06,16384.06,0,272.5,0,0,0,0,16384.06,Bank Transfer,SAR
PAY-007725,EMP-0446,2026-06,27-06-2026,11600,2900,1160,0,0,0,15660,1413.75,1703.75,0,0,0,1413.75,14246.25,Bank Transfer,SAR
PAY-007726,EMP-0447,2026-06,27-06-2026,7750,1938,775,0,0,0,10463,0,193.76,0,2150,0,2150,8313,Bank Transfer,SAR
PAY-007727,EMP-0448,2026-06,27-06-2026,12400,3100,1200,0,0,0,16700,1511.25,1821.25,0,0,0,1511.25,15188.75,Bank Transfer,SAR
PAY-007728,EMP-0449,2026-06,27-06-2026,6350,1588,635,0,0,0,8573,773.96,932.71,285.77,0,0,1059.73,7513.27,Bank Transfer,SAR
PAY-007729,EMP-0451,2026-06,27-06-2026,26850,6713,1200,0,0,0,34763,0,671.26,0,0,0,0,34763,Bank Transfer,SAR
PAY-007730,EMP-0452,2026-06,27-06-2026,6500,1625,650,750,23,934.38,10459.38,792.19,954.69,0,0,0,792.19,9667.19,WPS Transfer,SAR
PAY-007731,EMP-0453,2026-06,27-06-2026,6300,1575,630,2200,0,0,10705,767.81,925.31,850.5,0,0,1618.31,9086.69,Bank Transfer,SAR
PAY-007732,EMP-0454,2026-06,27-06-2026,5300,1325,530,0,0,0,7155,645.94,778.44,0,0,0,645.94,6509.06,Bank Transfer,SAR
PAY-007733,EMP-0456,2026-06,27-06-2026,5900,1475,590,0,10.5,387.19,8352.19,719.06,866.56,0,0,0,719.06,7633.13,Bank Transfer,SAR
PAY-007734,EMP-0457,2026-06,27-06-2026,5050,1263,505,0,0,0,6818,615.52,741.78,0,0,0,615.52,6202.48,Bank Transfer,SAR
PAY-007735,EMP-0459,2026-06,27-06-2026,6400,1600,640,0,16,640,9280,780,940,0,0,0,780,8500,Bank Transfer,SAR
PAY-007736,EMP-0460,2026-06,27-06-2026,10050,2513,1005,0,0,0,13568,0,251.26,0,0,0,0,13568,Cheque,SAR
PAY-007737,EMP-0461,2026-06,27-06-2026,4900,1225,490,0,0,0,6615,597.19,719.69,0,0,0,597.19,6017.81,Bank Transfer,SAR
PAY-007738,EMP-0463,2026-06,27-06-2026,5850,1463,585,2100,0,0,9998,0,146.26,0,0,0,0,9998,Bank Transfer,SAR
PAY-007739,EMP-0464,2026-06,27-06-2026,5800,1450,580,0,0,0,7830,706.88,851.88,0,0,0,706.88,7123.12,Bank Transfer,SAR
PAY-007740,EMP-0465,2026-06,27-06-2026,11200,2800,1120,0,14,980,16100,0,280,0,0,0,0,16100,Bank Transfer,SAR
PAY-007741,EMP-0466,2026-06,27-06-2026,11900,2975,1190,0,0,0,16065,0,297.5,0,0,0,0,16065,Bank Transfer,SAR
PAY-007742,EMP-0467,2026-06,27-06-2026,4650,1163,465,0,0,0,6278,566.77,683.03,0,0,0,566.77,5711.23,Bank Transfer,SAR
PAY-007743,EMP-0468,2026-06,27-06-2026,11850,2963,1185,0,7,518.44,16516.44,0,296.26,0,0,0,0,16516.44,Bank Transfer,SAR
PAY-007744,EMP-0469,2026-06,27-06-2026,4600,1150,460,0,0,0,6210,0,115,0,0,0,0,6210,Bank Transfer,SAR
PAY-007745,EMP-0470,2026-06,27-06-2026,4600,1150,460,0,0,0,6210,0,115,0,0,530,530,5680,Bank Transfer,SAR
PAY-007746,EMP-0471,2026-06,27-06-2026,25000,6250,1200,0,0,0,32450,3046.88,3671.88,0,0,0,3046.88,29403.12,Bank Transfer,SAR
PAY-007747,EMP-0472,2026-06,27-06-2026,8600,2150,860,0,0,0,11610,1048.13,1263.13,0,0,0,1048.13,10561.87,Bank Transfer,SAR
PAY-007748,EMP-0473,2026-06,27-06-2026,8150,2038,815,0,17,865.94,11868.94,993.33,1197.09,0,1250,0,2243.33,9625.61,WPS Transfer,SAR
PAY-007749,EMP-0474,2026-06,27-06-2026,7700,1925,770,0,0,0,10395,938.44,1130.94,0,0,0,938.44,9456.56,Bank Transfer,SAR
PAY-007750,EMP-0475,2026-06,27-06-2026,12800,3200,1200,0,0,0,17200,0,320,1146.67,0,0,1146.67,16053.33,Bank Transfer,SAR
PAY-007751,EMP-0476,2026-06,27-06-2026,14600,3650,1200,0,9.5,866.88,20316.88,0,365,0,0,0,0,20316.88,Bank Transfer,SAR
PAY-007752,EMP-0477,2026-06,27-06-2026,13900,3475,1200,0,8,695,19270,0,347.5,0,0,0,0,19270,Bank Transfer,SAR
PAY-007753,EMP-0478,2026-06,27-06-2026,7500,1875,750,0,22.5,1054.69,11179.69,914.06,1101.56,0,1150,0,2064.06,9115.63,WPS Transfer,SAR
PAY-007754,EMP-0479,2026-06,27-06-2026,12950,3238,1200,850,7,566.56,18804.56,1578.33,1902.09,0,0,0,1578.33,17226.23,Bank Transfer,SAR
PAY-007755,EMP-0480,2026-06,27-06-2026,14150,3538,1200,0,0,0,18888,0,353.76,0,0,0,0,18888,WPS Transfer,SAR
PAY-007756,EMP-0481,2026-06,27-06-2026,15500,3875,1200,0,0,0,20575,0,387.5,0,0,0,0,20575,Bank Transfer,SAR
PAY-007757,EMP-0482,2026-06,27-06-2026,8400,2100,840,0,14.5,761.25,12101.25,0,210,0,0,0,0,12101.25,Bank Transfer,SAR
PAY-007758,EMP-0483,2026-06,27-06-2026,8800,2200,880,0,0,0,11880,1072.5,1292.5,0,0,0,1072.5,10807.5,Bank Transfer,SAR
PAY-007759,EMP-0484,2026-06,27-06-2026,10600,2650,1060,0,19,1258.75,15568.75,1291.88,1556.88,0,1800,0,3091.88,12476.87,Bank Transfer,SAR
PAY-007760,EMP-0485,2026-06,27-06-2026,10100,2525,1010,0,0,0,13635,0,252.5,0,0,0,0,13635,Bank Transfer,SAR
PAY-007761,EMP-0487,2026-06,27-06-2026,10850,2713,1085,0,11.5,779.84,15427.84,1322.39,1593.65,0,0,0,1322.39,14105.45,Bank Transfer,SAR
PAY-007762,EMP-0488,2026-06,27-06-2026,10850,2713,1085,0,0,0,14648,0,271.26,0,0,0,0,14648,Bank Transfer,SAR
PAY-007763,EMP-0489,2026-06,27-06-2026,11700,2925,1170,0,0,0,15795,0,292.5,0,2350,110,2460,13335,Bank Transfer,SAR
PAY-007764,EMP-0490,2026-06,27-06-2026,6250,1563,625,1050,0,0,9488,0,156.26,562.53,0,0,562.53,8925.47,Bank Transfer,SAR
PAY-007765,EMP-0491,2026-06,27-06-2026,37150,9288,1200,0,0,0,47638,4527.71,5456.46,0,1100,0,5627.71,42010.29,Bank Transfer,SAR
PAY-007766,EMP-0492,2026-06,27-06-2026,21700,5425,1200,0,0,0,28325,2644.69,3187.19,0,0,0,2644.69,25680.31,Bank Transfer,SAR
PAY-007767,EMP-0493,2026-06,27-06-2026,6300,1575,630,0,3.5,137.81,8642.81,0,157.5,0,1800,0,1800,6842.81,Bank Transfer,SAR
PAY-007768,EMP-0494,2026-06,27-06-2026,6500,1625,650,2500,0,0,11275,792.19,954.69,0,0,0,792.19,10482.81,Bank Transfer,SAR
PAY-007769,EMP-0495,2026-06,27-06-2026,16800,4200,1200,2300,23,2415,26915,0,420,0,0,0,0,26915,Bank Transfer,SAR
PAY-007770,EMP-0496,2026-06,27-06-2026,12600,3150,1200,0,25,1968.75,18918.75,0,315,0,0,0,0,18918.75,Bank Transfer,SAR
PAY-007771,EMP-0497,2026-06,27-06-2026,8700,2175,870,1650,16,870,14265,1060.31,1277.81,0,0,0,1060.31,13204.69,Bank Transfer,SAR
PAY-007772,EMP-0498,2026-06,27-06-2026,12050,3013,1200,0,0,0,16263,0,301.26,0,0,0,0,16263,Bank Transfer,SAR
PAY-007773,EMP-0499,2026-06,27-06-2026,14750,3688,1200,0,0,0,19638,1797.71,2166.46,654.6,0,0,2452.31,17185.69,Bank Transfer,SAR
PAY-007774,EMP-0500,2026-06,27-06-2026,22250,5563,1200,0,0,0,29013,0,556.26,0,0,0,0,29013,Bank Transfer,SAR
